sample_id,patient_id,fold,y_real,p_teacher_OOF
001_recortado_denoised__seg0,001,1,1,0.2887824341654778
001_recortado_denoised__seg1,001,1,1,0.2887824341654778
001_recortado_denoised__seg10,001,1,1,0.2887824341654778
001_recortado_denoised__seg11,001,1,1,0.2887824341654778
001_recortado_denoised__seg12,001,1,1,0.2887824341654778
001_recortado_denoised__seg13,001,1,1,0.2887824341654778
001_recortado_denoised__seg14,001,1,1,0.2887824341654778
001_recortado_denoised__seg15,001,1,1,0.2887824341654778
001_recortado_denoised__seg16,001,1,1,0.2887824341654778
001_recortado_denoised__seg17,001,1,1,0.2887824341654778
001_recortado_denoised__seg18,001,1,1,0.2887824341654778
001_recortado_denoised__seg19,001,1,1,0.2887824341654778
001_recortado_denoised__seg2,001,1,1,0.2887824341654778
001_recortado_denoised__seg20,001,1,1,0.2887824341654778
001_recortado_denoised__seg21,001,1,1,0.2887824341654778
001_recortado_denoised__seg22,001,1,1,0.2887824341654778
001_recortado_denoised__seg23,001,1,1,0.2887824341654778
001_recortado_denoised__seg24,001,1,1,0.2887824341654778
001_recortado_denoised__seg25,001,1,1,0.2887824341654778
001_recortado_denoised__seg26,001,1,1,0.2887824341654778
001_recortado_denoised__seg27,001,1,1,0.2887824341654778
001_recortado_denoised__seg28,001,1,1,0.2887824341654778
001_recortado_denoised__seg29,001,1,1,0.2887824341654778
001_recortado_denoised__seg3,001,1,1,0.2887824341654778
001_recortado_denoised__seg30,001,1,1,0.2887824341654778
001_recortado_denoised__seg31,001,1,1,0.2887824341654778
001_recortado_denoised__seg32,001,1,1,0.2887824341654778
001_recortado_denoised__seg33,001,1,1,0.2887824341654778
001_recortado_denoised__seg34,001,1,1,0.2887824341654778
001_recortado_denoised__seg35,001,1,1,0.2887824341654778
001_recortado_denoised__seg36,001,1,1,0.2887824341654778
001_recortado_denoised__seg37,001,1,1,0.2887824341654778
001_recortado_denoised__seg38,001,1,1,0.2887824341654778
001_recortado_denoised__seg39,001,1,1,0.2887824341654778
001_recortado_denoised__seg4,001,1,1,0.2887824341654778
001_recortado_denoised__seg40,001,1,1,0.2887824341654778
001_recortado_denoised__seg41,001,1,1,0.2887824341654778
001_recortado_denoised__seg42,001,1,1,0.2887824341654778
001_recortado_denoised__seg43,001,1,1,0.2887824341654778
001_recortado_denoised__seg44,001,1,1,0.2887824341654778
001_recortado_denoised__seg45,001,1,1,0.2887824341654778
001_recortado_denoised__seg46,001,1,1,0.2887824341654778
001_recortado_denoised__seg47,001,1,1,0.2887824341654778
001_recortado_denoised__seg48,001,1,1,0.2887824341654778
001_recortado_denoised__seg49,001,1,1,0.2887824341654778
001_recortado_denoised__seg5,001,1,1,0.2887824341654778
001_recortado_denoised__seg50,001,1,1,0.2887824341654778
001_recortado_denoised__seg51,001,1,1,0.2887824341654778
001_recortado_denoised__seg52,001,1,1,0.2887824341654778
001_recortado_denoised__seg53,001,1,1,0.2887824341654778
001_recortado_denoised__seg54,001,1,1,0.2887824341654778
001_recortado_denoised__seg55,001,1,1,0.2887824341654778
001_recortado_denoised__seg56,001,1,1,0.2887824341654778
001_recortado_denoised__seg57,001,1,1,0.2887824341654778
001_recortado_denoised__seg58,001,1,1,0.2887824341654778
001_recortado_denoised__seg59,001,1,1,0.2887824341654778
001_recortado_denoised__seg6,001,1,1,0.2887824341654778
001_recortado_denoised__seg60,001,1,1,0.2887824341654778
001_recortado_denoised__seg61,001,1,1,0.2887824341654778
001_recortado_denoised__seg62,001,1,1,0.2887824341654778
001_recortado_denoised__seg63,001,1,1,0.2887824341654778
001_recortado_denoised__seg64,001,1,1,0.2887824341654778
001_recortado_denoised__seg65,001,1,1,0.2887824341654778
001_recortado_denoised__seg66,001,1,1,0.2887824341654778
001_recortado_denoised__seg67,001,1,1,0.2887824341654778
001_recortado_denoised__seg68,001,1,1,0.2887824341654778
001_recortado_denoised__seg69,001,1,1,0.2887824341654778
001_recortado_denoised__seg7,001,1,1,0.2887824341654778
001_recortado_denoised__seg70,001,1,1,0.2887824341654778
001_recortado_denoised__seg71,001,1,1,0.2887824341654778
001_recortado_denoised__seg72,001,1,1,0.2887824341654778
001_recortado_denoised__seg73,001,1,1,0.2887824341654778
001_recortado_denoised__seg74,001,1,1,0.2887824341654778
001_recortado_denoised__seg75,001,1,1,0.2887824341654778
001_recortado_denoised__seg76,001,1,1,0.2887824341654778
001_recortado_denoised__seg77,001,1,1,0.2887824341654778
001_recortado_denoised__seg78,001,1,1,0.2887824341654778
001_recortado_denoised__seg79,001,1,1,0.2887824341654778
001_recortado_denoised__seg8,001,1,1,0.2887824341654778
001_recortado_denoised__seg80,001,1,1,0.2887824341654778
001_recortado_denoised__seg81,001,1,1,0.2887824341654778
001_recortado_denoised__seg82,001,1,1,0.2887824341654778
001_recortado_denoised__seg83,001,1,1,0.2887824341654778
001_recortado_denoised__seg84,001,1,1,0.2887824341654778
001_recortado_denoised__seg85,001,1,1,0.2887824341654778
001_recortado_denoised__seg86,001,1,1,0.2887824341654778
001_recortado_denoised__seg87,001,1,1,0.2887824341654778
001_recortado_denoised__seg88,001,1,1,0.2887824341654778
001_recortado_denoised__seg89,001,1,1,0.2887824341654778
001_recortado_denoised__seg9,001,1,1,0.2887824341654778
001_recortado_denoised__seg90,001,1,1,0.2887824341654778
001_recortado_denoised__seg91,001,1,1,0.2887824341654778
001_recortado_denoised__seg92,001,1,1,0.2887824341654778
001_recortado_denoised__seg93,001,1,1,0.2887824341654778
001_recortado_denoised__seg94,001,1,1,0.2887824341654778
001_recortado_denoised__seg95,001,1,1,0.2887824341654778
001_recortado_denoised__seg96,001,1,1,0.2887824341654778
001_recortado_denoised__seg97,001,1,1,0.2887824341654778
001_recortado_denoised__seg98,001,1,1,0.2887824341654778
002_recortado_denoised__seg0,002,1,0,0.21773386970162392
002_recortado_denoised__seg1,002,1,0,0.21773386970162392
002_recortado_denoised__seg10,002,1,0,0.21773386970162392
002_recortado_denoised__seg11,002,1,0,0.21773386970162392
002_recortado_denoised__seg12,002,1,0,0.21773386970162392
002_recortado_denoised__seg13,002,1,0,0.21773386970162392
002_recortado_denoised__seg14,002,1,0,0.21773386970162392
002_recortado_denoised__seg15,002,1,0,0.21773386970162392
002_recortado_denoised__seg16,002,1,0,0.21773386970162392
002_recortado_denoised__seg17,002,1,0,0.21773386970162392
002_recortado_denoised__seg18,002,1,0,0.21773386970162392
002_recortado_denoised__seg19,002,1,0,0.21773386970162392
002_recortado_denoised__seg2,002,1,0,0.21773386970162392
002_recortado_denoised__seg20,002,1,0,0.21773386970162392
002_recortado_denoised__seg21,002,1,0,0.21773386970162392
002_recortado_denoised__seg22,002,1,0,0.21773386970162392
002_recortado_denoised__seg23,002,1,0,0.21773386970162392
002_recortado_denoised__seg24,002,1,0,0.21773386970162392
002_recortado_denoised__seg25,002,1,0,0.21773386970162392
002_recortado_denoised__seg26,002,1,0,0.21773386970162392
002_recortado_denoised__seg27,002,1,0,0.21773386970162392
002_recortado_denoised__seg28,002,1,0,0.21773386970162392
002_recortado_denoised__seg29,002,1,0,0.21773386970162392
002_recortado_denoised__seg3,002,1,0,0.21773386970162392
002_recortado_denoised__seg30,002,1,0,0.21773386970162392
002_recortado_denoised__seg31,002,1,0,0.21773386970162392
002_recortado_denoised__seg32,002,1,0,0.21773386970162392
002_recortado_denoised__seg4,002,1,0,0.21773386970162392
002_recortado_denoised__seg5,002,1,0,0.21773386970162392
002_recortado_denoised__seg6,002,1,0,0.21773386970162392
002_recortado_denoised__seg7,002,1,0,0.21773386970162392
002_recortado_denoised__seg8,002,1,0,0.21773386970162392
002_recortado_denoised__seg9,002,1,0,0.21773386970162392
003_recortado_denoised__seg0,003,5,1,0.19190813452005387
003_recortado_denoised__seg1,003,5,1,0.19190813452005387
003_recortado_denoised__seg10,003,5,1,0.19190813452005387
003_recortado_denoised__seg11,003,5,1,0.19190813452005387
003_recortado_denoised__seg12,003,5,1,0.19190813452005387
003_recortado_denoised__seg13,003,5,1,0.19190813452005387
003_recortado_denoised__seg14,003,5,1,0.19190813452005387
003_recortado_denoised__seg15,003,5,1,0.19190813452005387
003_recortado_denoised__seg16,003,5,1,0.19190813452005387
003_recortado_denoised__seg17,003,5,1,0.19190813452005387
003_recortado_denoised__seg18,003,5,1,0.19190813452005387
003_recortado_denoised__seg19,003,5,1,0.19190813452005387
003_recortado_denoised__seg2,003,5,1,0.19190813452005387
003_recortado_denoised__seg20,003,5,1,0.19190813452005387
003_recortado_denoised__seg21,003,5,1,0.19190813452005387
003_recortado_denoised__seg22,003,5,1,0.19190813452005387
003_recortado_denoised__seg3,003,5,1,0.19190813452005387
003_recortado_denoised__seg4,003,5,1,0.19190813452005387
003_recortado_denoised__seg5,003,5,1,0.19190813452005387
003_recortado_denoised__seg6,003,5,1,0.19190813452005387
003_recortado_denoised__seg7,003,5,1,0.19190813452005387
003_recortado_denoised__seg8,003,5,1,0.19190813452005387
003_recortado_denoised__seg9,003,5,1,0.19190813452005387
004_recortado_denoised__seg0,004,5,0,0.2653146557509899
004_recortado_denoised__seg1,004,5,0,0.2653146557509899
004_recortado_denoised__seg10,004,5,0,0.2653146557509899
004_recortado_denoised__seg11,004,5,0,0.2653146557509899
004_recortado_denoised__seg12,004,5,0,0.2653146557509899
004_recortado_denoised__seg13,004,5,0,0.2653146557509899
004_recortado_denoised__seg14,004,5,0,0.2653146557509899
004_recortado_denoised__seg15,004,5,0,0.2653146557509899
004_recortado_denoised__seg16,004,5,0,0.2653146557509899
004_recortado_denoised__seg17,004,5,0,0.2653146557509899
004_recortado_denoised__seg18,004,5,0,0.2653146557509899
004_recortado_denoised__seg19,004,5,0,0.2653146557509899
004_recortado_denoised__seg2,004,5,0,0.2653146557509899
004_recortado_denoised__seg20,004,5,0,0.2653146557509899
004_recortado_denoised__seg21,004,5,0,0.2653146557509899
004_recortado_denoised__seg22,004,5,0,0.2653146557509899
004_recortado_denoised__seg23,004,5,0,0.2653146557509899
004_recortado_denoised__seg24,004,5,0,0.2653146557509899
004_recortado_denoised__seg25,004,5,0,0.2653146557509899
004_recortado_denoised__seg26,004,5,0,0.2653146557509899
004_recortado_denoised__seg27,004,5,0,0.2653146557509899
004_recortado_denoised__seg28,004,5,0,0.2653146557509899
004_recortado_denoised__seg29,004,5,0,0.2653146557509899
004_recortado_denoised__seg3,004,5,0,0.2653146557509899
004_recortado_denoised__seg30,004,5,0,0.2653146557509899
004_recortado_denoised__seg31,004,5,0,0.2653146557509899
004_recortado_denoised__seg32,004,5,0,0.2653146557509899
004_recortado_denoised__seg33,004,5,0,0.2653146557509899
004_recortado_denoised__seg34,004,5,0,0.2653146557509899
004_recortado_denoised__seg35,004,5,0,0.2653146557509899
004_recortado_denoised__seg36,004,5,0,0.2653146557509899
004_recortado_denoised__seg37,004,5,0,0.2653146557509899
004_recortado_denoised__seg38,004,5,0,0.2653146557509899
004_recortado_denoised__seg39,004,5,0,0.2653146557509899
004_recortado_denoised__seg4,004,5,0,0.2653146557509899
004_recortado_denoised__seg40,004,5,0,0.2653146557509899
004_recortado_denoised__seg41,004,5,0,0.2653146557509899
004_recortado_denoised__seg42,004,5,0,0.2653146557509899
004_recortado_denoised__seg43,004,5,0,0.2653146557509899
004_recortado_denoised__seg44,004,5,0,0.2653146557509899
004_recortado_denoised__seg45,004,5,0,0.2653146557509899
004_recortado_denoised__seg46,004,5,0,0.2653146557509899
004_recortado_denoised__seg47,004,5,0,0.2653146557509899
004_recortado_denoised__seg48,004,5,0,0.2653146557509899
004_recortado_denoised__seg49,004,5,0,0.2653146557509899
004_recortado_denoised__seg5,004,5,0,0.2653146557509899
004_recortado_denoised__seg50,004,5,0,0.2653146557509899
004_recortado_denoised__seg51,004,5,0,0.2653146557509899
004_recortado_denoised__seg52,004,5,0,0.2653146557509899
004_recortado_denoised__seg53,004,5,0,0.2653146557509899
004_recortado_denoised__seg54,004,5,0,0.2653146557509899
004_recortado_denoised__seg55,004,5,0,0.2653146557509899
004_recortado_denoised__seg56,004,5,0,0.2653146557509899
004_recortado_denoised__seg57,004,5,0,0.2653146557509899
004_recortado_denoised__seg58,004,5,0,0.2653146557509899
004_recortado_denoised__seg59,004,5,0,0.2653146557509899
004_recortado_denoised__seg6,004,5,0,0.2653146557509899
004_recortado_denoised__seg60,004,5,0,0.2653146557509899
004_recortado_denoised__seg61,004,5,0,0.2653146557509899
004_recortado_denoised__seg62,004,5,0,0.2653146557509899
004_recortado_denoised__seg7,004,5,0,0.2653146557509899
004_recortado_denoised__seg8,004,5,0,0.2653146557509899
004_recortado_denoised__seg9,004,5,0,0.2653146557509899
005_recortado_denoised__seg0,005,4,0,0.17663796097040177
005_recortado_denoised__seg1,005,4,0,0.17663796097040177
005_recortado_denoised__seg10,005,4,0,0.17663796097040177
005_recortado_denoised__seg11,005,4,0,0.17663796097040177
005_recortado_denoised__seg12,005,4,0,0.17663796097040177
005_recortado_denoised__seg13,005,4,0,0.17663796097040177
005_recortado_denoised__seg14,005,4,0,0.17663796097040177
005_recortado_denoised__seg15,005,4,0,0.17663796097040177
005_recortado_denoised__seg16,005,4,0,0.17663796097040177
005_recortado_denoised__seg17,005,4,0,0.17663796097040177
005_recortado_denoised__seg18,005,4,0,0.17663796097040177
005_recortado_denoised__seg19,005,4,0,0.17663796097040177
005_recortado_denoised__seg2,005,4,0,0.17663796097040177
005_recortado_denoised__seg20,005,4,0,0.17663796097040177
005_recortado_denoised__seg21,005,4,0,0.17663796097040177
005_recortado_denoised__seg22,005,4,0,0.17663796097040177
005_recortado_denoised__seg23,005,4,0,0.17663796097040177
005_recortado_denoised__seg24,005,4,0,0.17663796097040177
005_recortado_denoised__seg25,005,4,0,0.17663796097040177
005_recortado_denoised__seg26,005,4,0,0.17663796097040177
005_recortado_denoised__seg27,005,4,0,0.17663796097040177
005_recortado_denoised__seg28,005,4,0,0.17663796097040177
005_recortado_denoised__seg29,005,4,0,0.17663796097040177
005_recortado_denoised__seg3,005,4,0,0.17663796097040177
005_recortado_denoised__seg30,005,4,0,0.17663796097040177
005_recortado_denoised__seg31,005,4,0,0.17663796097040177
005_recortado_denoised__seg32,005,4,0,0.17663796097040177
005_recortado_denoised__seg33,005,4,0,0.17663796097040177
005_recortado_denoised__seg34,005,4,0,0.17663796097040177
005_recortado_denoised__seg35,005,4,0,0.17663796097040177
005_recortado_denoised__seg36,005,4,0,0.17663796097040177
005_recortado_denoised__seg37,005,4,0,0.17663796097040177
005_recortado_denoised__seg38,005,4,0,0.17663796097040177
005_recortado_denoised__seg39,005,4,0,0.17663796097040177
005_recortado_denoised__seg4,005,4,0,0.17663796097040177
005_recortado_denoised__seg40,005,4,0,0.17663796097040177
005_recortado_denoised__seg41,005,4,0,0.17663796097040177
005_recortado_denoised__seg42,005,4,0,0.17663796097040177
005_recortado_denoised__seg43,005,4,0,0.17663796097040177
005_recortado_denoised__seg44,005,4,0,0.17663796097040177
005_recortado_denoised__seg45,005,4,0,0.17663796097040177
005_recortado_denoised__seg46,005,4,0,0.17663796097040177
005_recortado_denoised__seg47,005,4,0,0.17663796097040177
005_recortado_denoised__seg48,005,4,0,0.17663796097040177
005_recortado_denoised__seg49,005,4,0,0.17663796097040177
005_recortado_denoised__seg5,005,4,0,0.17663796097040177
005_recortado_denoised__seg50,005,4,0,0.17663796097040177
005_recortado_denoised__seg51,005,4,0,0.17663796097040177
005_recortado_denoised__seg52,005,4,0,0.17663796097040177
005_recortado_denoised__seg53,005,4,0,0.17663796097040177
005_recortado_denoised__seg54,005,4,0,0.17663796097040177
005_recortado_denoised__seg55,005,4,0,0.17663796097040177
005_recortado_denoised__seg56,005,4,0,0.17663796097040177
005_recortado_denoised__seg57,005,4,0,0.17663796097040177
005_recortado_denoised__seg58,005,4,0,0.17663796097040177
005_recortado_denoised__seg59,005,4,0,0.17663796097040177
005_recortado_denoised__seg6,005,4,0,0.17663796097040177
005_recortado_denoised__seg60,005,4,0,0.17663796097040177
005_recortado_denoised__seg7,005,4,0,0.17663796097040177
005_recortado_denoised__seg8,005,4,0,0.17663796097040177
005_recortado_denoised__seg9,005,4,0,0.17663796097040177
006_recortado_denoised__seg0,006,2,0,0.2228663869202137
006_recortado_denoised__seg1,006,2,0,0.2228663869202137
006_recortado_denoised__seg10,006,2,0,0.2228663869202137
006_recortado_denoised__seg11,006,2,0,0.2228663869202137
006_recortado_denoised__seg12,006,2,0,0.2228663869202137
006_recortado_denoised__seg13,006,2,0,0.2228663869202137
006_recortado_denoised__seg14,006,2,0,0.2228663869202137
006_recortado_denoised__seg15,006,2,0,0.2228663869202137
006_recortado_denoised__seg16,006,2,0,0.2228663869202137
006_recortado_denoised__seg17,006,2,0,0.2228663869202137
006_recortado_denoised__seg18,006,2,0,0.2228663869202137
006_recortado_denoised__seg19,006,2,0,0.2228663869202137
006_recortado_denoised__seg2,006,2,0,0.2228663869202137
006_recortado_denoised__seg20,006,2,0,0.2228663869202137
006_recortado_denoised__seg21,006,2,0,0.2228663869202137
006_recortado_denoised__seg22,006,2,0,0.2228663869202137
006_recortado_denoised__seg23,006,2,0,0.2228663869202137
006_recortado_denoised__seg24,006,2,0,0.2228663869202137
006_recortado_denoised__seg25,006,2,0,0.2228663869202137
006_recortado_denoised__seg26,006,2,0,0.2228663869202137
006_recortado_denoised__seg27,006,2,0,0.2228663869202137
006_recortado_denoised__seg28,006,2,0,0.2228663869202137
006_recortado_denoised__seg29,006,2,0,0.2228663869202137
006_recortado_denoised__seg3,006,2,0,0.2228663869202137
006_recortado_denoised__seg30,006,2,0,0.2228663869202137
006_recortado_denoised__seg31,006,2,0,0.2228663869202137
006_recortado_denoised__seg32,006,2,0,0.2228663869202137
006_recortado_denoised__seg33,006,2,0,0.2228663869202137
006_recortado_denoised__seg34,006,2,0,0.2228663869202137
006_recortado_denoised__seg35,006,2,0,0.2228663869202137
006_recortado_denoised__seg36,006,2,0,0.2228663869202137
006_recortado_denoised__seg37,006,2,0,0.2228663869202137
006_recortado_denoised__seg38,006,2,0,0.2228663869202137
006_recortado_denoised__seg39,006,2,0,0.2228663869202137
006_recortado_denoised__seg4,006,2,0,0.2228663869202137
006_recortado_denoised__seg40,006,2,0,0.2228663869202137
006_recortado_denoised__seg41,006,2,0,0.2228663869202137
006_recortado_denoised__seg42,006,2,0,0.2228663869202137
006_recortado_denoised__seg43,006,2,0,0.2228663869202137
006_recortado_denoised__seg44,006,2,0,0.2228663869202137
006_recortado_denoised__seg45,006,2,0,0.2228663869202137
006_recortado_denoised__seg46,006,2,0,0.2228663869202137
006_recortado_denoised__seg47,006,2,0,0.2228663869202137
006_recortado_denoised__seg48,006,2,0,0.2228663869202137
006_recortado_denoised__seg49,006,2,0,0.2228663869202137
006_recortado_denoised__seg5,006,2,0,0.2228663869202137
006_recortado_denoised__seg50,006,2,0,0.2228663869202137
006_recortado_denoised__seg51,006,2,0,0.2228663869202137
006_recortado_denoised__seg52,006,2,0,0.2228663869202137
006_recortado_denoised__seg53,006,2,0,0.2228663869202137
006_recortado_denoised__seg54,006,2,0,0.2228663869202137
006_recortado_denoised__seg55,006,2,0,0.2228663869202137
006_recortado_denoised__seg56,006,2,0,0.2228663869202137
006_recortado_denoised__seg57,006,2,0,0.2228663869202137
006_recortado_denoised__seg58,006,2,0,0.2228663869202137
006_recortado_denoised__seg59,006,2,0,0.2228663869202137
006_recortado_denoised__seg6,006,2,0,0.2228663869202137
006_recortado_denoised__seg60,006,2,0,0.2228663869202137
006_recortado_denoised__seg61,006,2,0,0.2228663869202137
006_recortado_denoised__seg62,006,2,0,0.2228663869202137
006_recortado_denoised__seg63,006,2,0,0.2228663869202137
006_recortado_denoised__seg64,006,2,0,0.2228663869202137
006_recortado_denoised__seg65,006,2,0,0.2228663869202137
006_recortado_denoised__seg66,006,2,0,0.2228663869202137
006_recortado_denoised__seg67,006,2,0,0.2228663869202137
006_recortado_denoised__seg68,006,2,0,0.2228663869202137
006_recortado_denoised__seg69,006,2,0,0.2228663869202137
006_recortado_denoised__seg7,006,2,0,0.2228663869202137
006_recortado_denoised__seg70,006,2,0,0.2228663869202137
006_recortado_denoised__seg71,006,2,0,0.2228663869202137
006_recortado_denoised__seg72,006,2,0,0.2228663869202137
006_recortado_denoised__seg73,006,2,0,0.2228663869202137
006_recortado_denoised__seg74,006,2,0,0.2228663869202137
006_recortado_denoised__seg75,006,2,0,0.2228663869202137
006_recortado_denoised__seg76,006,2,0,0.2228663869202137
006_recortado_denoised__seg77,006,2,0,0.2228663869202137
006_recortado_denoised__seg78,006,2,0,0.2228663869202137
006_recortado_denoised__seg79,006,2,0,0.2228663869202137
006_recortado_denoised__seg8,006,2,0,0.2228663869202137
006_recortado_denoised__seg80,006,2,0,0.2228663869202137
006_recortado_denoised__seg81,006,2,0,0.2228663869202137
006_recortado_denoised__seg82,006,2,0,0.2228663869202137
006_recortado_denoised__seg83,006,2,0,0.2228663869202137
006_recortado_denoised__seg9,006,2,0,0.2228663869202137
007_recortado_denoised__seg0,007,1,0,0.19862338416278363
007_recortado_denoised__seg1,007,1,0,0.19862338416278363
007_recortado_denoised__seg10,007,1,0,0.19862338416278363
007_recortado_denoised__seg11,007,1,0,0.19862338416278363
007_recortado_denoised__seg12,007,1,0,0.19862338416278363
007_recortado_denoised__seg13,007,1,0,0.19862338416278363
007_recortado_denoised__seg14,007,1,0,0.19862338416278363
007_recortado_denoised__seg15,007,1,0,0.19862338416278363
007_recortado_denoised__seg16,007,1,0,0.19862338416278363
007_recortado_denoised__seg17,007,1,0,0.19862338416278363
007_recortado_denoised__seg18,007,1,0,0.19862338416278363
007_recortado_denoised__seg19,007,1,0,0.19862338416278363
007_recortado_denoised__seg2,007,1,0,0.19862338416278363
007_recortado_denoised__seg20,007,1,0,0.19862338416278363
007_recortado_denoised__seg21,007,1,0,0.19862338416278363
007_recortado_denoised__seg22,007,1,0,0.19862338416278363
007_recortado_denoised__seg23,007,1,0,0.19862338416278363
007_recortado_denoised__seg24,007,1,0,0.19862338416278363
007_recortado_denoised__seg25,007,1,0,0.19862338416278363
007_recortado_denoised__seg26,007,1,0,0.19862338416278363
007_recortado_denoised__seg27,007,1,0,0.19862338416278363
007_recortado_denoised__seg28,007,1,0,0.19862338416278363
007_recortado_denoised__seg29,007,1,0,0.19862338416278363
007_recortado_denoised__seg3,007,1,0,0.19862338416278363
007_recortado_denoised__seg30,007,1,0,0.19862338416278363
007_recortado_denoised__seg31,007,1,0,0.19862338416278363
007_recortado_denoised__seg32,007,1,0,0.19862338416278363
007_recortado_denoised__seg33,007,1,0,0.19862338416278363
007_recortado_denoised__seg34,007,1,0,0.19862338416278363
007_recortado_denoised__seg35,007,1,0,0.19862338416278363
007_recortado_denoised__seg36,007,1,0,0.19862338416278363
007_recortado_denoised__seg37,007,1,0,0.19862338416278363
007_recortado_denoised__seg38,007,1,0,0.19862338416278363
007_recortado_denoised__seg39,007,1,0,0.19862338416278363
007_recortado_denoised__seg4,007,1,0,0.19862338416278363
007_recortado_denoised__seg40,007,1,0,0.19862338416278363
007_recortado_denoised__seg41,007,1,0,0.19862338416278363
007_recortado_denoised__seg42,007,1,0,0.19862338416278363
007_recortado_denoised__seg43,007,1,0,0.19862338416278363
007_recortado_denoised__seg44,007,1,0,0.19862338416278363
007_recortado_denoised__seg45,007,1,0,0.19862338416278363
007_recortado_denoised__seg46,007,1,0,0.19862338416278363
007_recortado_denoised__seg47,007,1,0,0.19862338416278363
007_recortado_denoised__seg48,007,1,0,0.19862338416278363
007_recortado_denoised__seg49,007,1,0,0.19862338416278363
007_recortado_denoised__seg5,007,1,0,0.19862338416278363
007_recortado_denoised__seg50,007,1,0,0.19862338416278363
007_recortado_denoised__seg51,007,1,0,0.19862338416278363
007_recortado_denoised__seg52,007,1,0,0.19862338416278363
007_recortado_denoised__seg53,007,1,0,0.19862338416278363
007_recortado_denoised__seg54,007,1,0,0.19862338416278363
007_recortado_denoised__seg55,007,1,0,0.19862338416278363
007_recortado_denoised__seg56,007,1,0,0.19862338416278363
007_recortado_denoised__seg57,007,1,0,0.19862338416278363
007_recortado_denoised__seg58,007,1,0,0.19862338416278363
007_recortado_denoised__seg59,007,1,0,0.19862338416278363
007_recortado_denoised__seg6,007,1,0,0.19862338416278363
007_recortado_denoised__seg60,007,1,0,0.19862338416278363
007_recortado_denoised__seg61,007,1,0,0.19862338416278363
007_recortado_denoised__seg62,007,1,0,0.19862338416278363
007_recortado_denoised__seg63,007,1,0,0.19862338416278363
007_recortado_denoised__seg64,007,1,0,0.19862338416278363
007_recortado_denoised__seg65,007,1,0,0.19862338416278363
007_recortado_denoised__seg66,007,1,0,0.19862338416278363
007_recortado_denoised__seg67,007,1,0,0.19862338416278363
007_recortado_denoised__seg68,007,1,0,0.19862338416278363
007_recortado_denoised__seg69,007,1,0,0.19862338416278363
007_recortado_denoised__seg7,007,1,0,0.19862338416278363
007_recortado_denoised__seg70,007,1,0,0.19862338416278363
007_recortado_denoised__seg71,007,1,0,0.19862338416278363
007_recortado_denoised__seg72,007,1,0,0.19862338416278363
007_recortado_denoised__seg73,007,1,0,0.19862338416278363
007_recortado_denoised__seg74,007,1,0,0.19862338416278363
007_recortado_denoised__seg75,007,1,0,0.19862338416278363
007_recortado_denoised__seg76,007,1,0,0.19862338416278363
007_recortado_denoised__seg77,007,1,0,0.19862338416278363
007_recortado_denoised__seg78,007,1,0,0.19862338416278363
007_recortado_denoised__seg79,007,1,0,0.19862338416278363
007_recortado_denoised__seg8,007,1,0,0.19862338416278363
007_recortado_denoised__seg80,007,1,0,0.19862338416278363
007_recortado_denoised__seg81,007,1,0,0.19862338416278363
007_recortado_denoised__seg82,007,1,0,0.19862338416278363
007_recortado_denoised__seg83,007,1,0,0.19862338416278363
007_recortado_denoised__seg84,007,1,0,0.19862338416278363
007_recortado_denoised__seg85,007,1,0,0.19862338416278363
007_recortado_denoised__seg86,007,1,0,0.19862338416278363
007_recortado_denoised__seg87,007,1,0,0.19862338416278363
007_recortado_denoised__seg88,007,1,0,0.19862338416278363
007_recortado_denoised__seg89,007,1,0,0.19862338416278363
007_recortado_denoised__seg9,007,1,0,0.19862338416278363
007_recortado_denoised__seg90,007,1,0,0.19862338416278363
007_recortado_denoised__seg91,007,1,0,0.19862338416278363
007_recortado_denoised__seg92,007,1,0,0.19862338416278363
007_recortado_denoised__seg93,007,1,0,0.19862338416278363
007_recortado_denoised__seg94,007,1,0,0.19862338416278363
007_recortado_denoised__seg95,007,1,0,0.19862338416278363
007_recortado_denoised__seg96,007,1,0,0.19862338416278363
007_recortado_denoised__seg97,007,1,0,0.19862338416278363
008_recortado_denoised__seg0,008,2,0,0.1112070258706808
008_recortado_denoised__seg1,008,2,0,0.1112070258706808
008_recortado_denoised__seg10,008,2,0,0.1112070258706808
008_recortado_denoised__seg11,008,2,0,0.1112070258706808
008_recortado_denoised__seg12,008,2,0,0.1112070258706808
008_recortado_denoised__seg13,008,2,0,0.1112070258706808
008_recortado_denoised__seg14,008,2,0,0.1112070258706808
008_recortado_denoised__seg15,008,2,0,0.1112070258706808
008_recortado_denoised__seg16,008,2,0,0.1112070258706808
008_recortado_denoised__seg17,008,2,0,0.1112070258706808
008_recortado_denoised__seg18,008,2,0,0.1112070258706808
008_recortado_denoised__seg19,008,2,0,0.1112070258706808
008_recortado_denoised__seg2,008,2,0,0.1112070258706808
008_recortado_denoised__seg20,008,2,0,0.1112070258706808
008_recortado_denoised__seg21,008,2,0,0.1112070258706808
008_recortado_denoised__seg22,008,2,0,0.1112070258706808
008_recortado_denoised__seg23,008,2,0,0.1112070258706808
008_recortado_denoised__seg24,008,2,0,0.1112070258706808
008_recortado_denoised__seg25,008,2,0,0.1112070258706808
008_recortado_denoised__seg26,008,2,0,0.1112070258706808
008_recortado_denoised__seg27,008,2,0,0.1112070258706808
008_recortado_denoised__seg28,008,2,0,0.1112070258706808
008_recortado_denoised__seg29,008,2,0,0.1112070258706808
008_recortado_denoised__seg3,008,2,0,0.1112070258706808
008_recortado_denoised__seg30,008,2,0,0.1112070258706808
008_recortado_denoised__seg31,008,2,0,0.1112070258706808
008_recortado_denoised__seg32,008,2,0,0.1112070258706808
008_recortado_denoised__seg33,008,2,0,0.1112070258706808
008_recortado_denoised__seg34,008,2,0,0.1112070258706808
008_recortado_denoised__seg35,008,2,0,0.1112070258706808
008_recortado_denoised__seg36,008,2,0,0.1112070258706808
008_recortado_denoised__seg37,008,2,0,0.1112070258706808
008_recortado_denoised__seg38,008,2,0,0.1112070258706808
008_recortado_denoised__seg39,008,2,0,0.1112070258706808
008_recortado_denoised__seg4,008,2,0,0.1112070258706808
008_recortado_denoised__seg40,008,2,0,0.1112070258706808
008_recortado_denoised__seg41,008,2,0,0.1112070258706808
008_recortado_denoised__seg42,008,2,0,0.1112070258706808
008_recortado_denoised__seg43,008,2,0,0.1112070258706808
008_recortado_denoised__seg44,008,2,0,0.1112070258706808
008_recortado_denoised__seg45,008,2,0,0.1112070258706808
008_recortado_denoised__seg46,008,2,0,0.1112070258706808
008_recortado_denoised__seg47,008,2,0,0.1112070258706808
008_recortado_denoised__seg48,008,2,0,0.1112070258706808
008_recortado_denoised__seg49,008,2,0,0.1112070258706808
008_recortado_denoised__seg5,008,2,0,0.1112070258706808
008_recortado_denoised__seg50,008,2,0,0.1112070258706808
008_recortado_denoised__seg51,008,2,0,0.1112070258706808
008_recortado_denoised__seg52,008,2,0,0.1112070258706808
008_recortado_denoised__seg53,008,2,0,0.1112070258706808
008_recortado_denoised__seg54,008,2,0,0.1112070258706808
008_recortado_denoised__seg55,008,2,0,0.1112070258706808
008_recortado_denoised__seg56,008,2,0,0.1112070258706808
008_recortado_denoised__seg57,008,2,0,0.1112070258706808
008_recortado_denoised__seg58,008,2,0,0.1112070258706808
008_recortado_denoised__seg59,008,2,0,0.1112070258706808
008_recortado_denoised__seg6,008,2,0,0.1112070258706808
008_recortado_denoised__seg7,008,2,0,0.1112070258706808
008_recortado_denoised__seg8,008,2,0,0.1112070258706808
008_recortado_denoised__seg9,008,2,0,0.1112070258706808
009_recortado_denoised__seg0,009,2,0,0.15632319673895836
009_recortado_denoised__seg1,009,2,0,0.15632319673895836
009_recortado_denoised__seg10,009,2,0,0.15632319673895836
009_recortado_denoised__seg11,009,2,0,0.15632319673895836
009_recortado_denoised__seg12,009,2,0,0.15632319673895836
009_recortado_denoised__seg13,009,2,0,0.15632319673895836
009_recortado_denoised__seg14,009,2,0,0.15632319673895836
009_recortado_denoised__seg15,009,2,0,0.15632319673895836
009_recortado_denoised__seg16,009,2,0,0.15632319673895836
009_recortado_denoised__seg17,009,2,0,0.15632319673895836
009_recortado_denoised__seg18,009,2,0,0.15632319673895836
009_recortado_denoised__seg19,009,2,0,0.15632319673895836
009_recortado_denoised__seg2,009,2,0,0.15632319673895836
009_recortado_denoised__seg20,009,2,0,0.15632319673895836
009_recortado_denoised__seg21,009,2,0,0.15632319673895836
009_recortado_denoised__seg22,009,2,0,0.15632319673895836
009_recortado_denoised__seg23,009,2,0,0.15632319673895836
009_recortado_denoised__seg24,009,2,0,0.15632319673895836
009_recortado_denoised__seg25,009,2,0,0.15632319673895836
009_recortado_denoised__seg26,009,2,0,0.15632319673895836
009_recortado_denoised__seg27,009,2,0,0.15632319673895836
009_recortado_denoised__seg28,009,2,0,0.15632319673895836
009_recortado_denoised__seg29,009,2,0,0.15632319673895836
009_recortado_denoised__seg3,009,2,0,0.15632319673895836
009_recortado_denoised__seg30,009,2,0,0.15632319673895836
009_recortado_denoised__seg31,009,2,0,0.15632319673895836
009_recortado_denoised__seg32,009,2,0,0.15632319673895836
009_recortado_denoised__seg33,009,2,0,0.15632319673895836
009_recortado_denoised__seg34,009,2,0,0.15632319673895836
009_recortado_denoised__seg35,009,2,0,0.15632319673895836
009_recortado_denoised__seg36,009,2,0,0.15632319673895836
009_recortado_denoised__seg37,009,2,0,0.15632319673895836
009_recortado_denoised__seg38,009,2,0,0.15632319673895836
009_recortado_denoised__seg39,009,2,0,0.15632319673895836
009_recortado_denoised__seg4,009,2,0,0.15632319673895836
009_recortado_denoised__seg40,009,2,0,0.15632319673895836
009_recortado_denoised__seg41,009,2,0,0.15632319673895836
009_recortado_denoised__seg42,009,2,0,0.15632319673895836
009_recortado_denoised__seg43,009,2,0,0.15632319673895836
009_recortado_denoised__seg44,009,2,0,0.15632319673895836
009_recortado_denoised__seg45,009,2,0,0.15632319673895836
009_recortado_denoised__seg46,009,2,0,0.15632319673895836
009_recortado_denoised__seg47,009,2,0,0.15632319673895836
009_recortado_denoised__seg48,009,2,0,0.15632319673895836
009_recortado_denoised__seg49,009,2,0,0.15632319673895836
009_recortado_denoised__seg5,009,2,0,0.15632319673895836
009_recortado_denoised__seg50,009,2,0,0.15632319673895836
009_recortado_denoised__seg6,009,2,0,0.15632319673895836
009_recortado_denoised__seg7,009,2,0,0.15632319673895836
009_recortado_denoised__seg8,009,2,0,0.15632319673895836
009_recortado_denoised__seg9,009,2,0,0.15632319673895836
011_recortado_denoised__seg0,011,1,0,0.14726813435554503
011_recortado_denoised__seg1,011,1,0,0.14726813435554503
011_recortado_denoised__seg10,011,1,0,0.14726813435554503
011_recortado_denoised__seg11,011,1,0,0.14726813435554503
011_recortado_denoised__seg12,011,1,0,0.14726813435554503
011_recortado_denoised__seg13,011,1,0,0.14726813435554503
011_recortado_denoised__seg14,011,1,0,0.14726813435554503
011_recortado_denoised__seg15,011,1,0,0.14726813435554503
011_recortado_denoised__seg16,011,1,0,0.14726813435554503
011_recortado_denoised__seg17,011,1,0,0.14726813435554503
011_recortado_denoised__seg18,011,1,0,0.14726813435554503
011_recortado_denoised__seg19,011,1,0,0.14726813435554503
011_recortado_denoised__seg2,011,1,0,0.14726813435554503
011_recortado_denoised__seg20,011,1,0,0.14726813435554503
011_recortado_denoised__seg21,011,1,0,0.14726813435554503
011_recortado_denoised__seg22,011,1,0,0.14726813435554503
011_recortado_denoised__seg23,011,1,0,0.14726813435554503
011_recortado_denoised__seg24,011,1,0,0.14726813435554503
011_recortado_denoised__seg25,011,1,0,0.14726813435554503
011_recortado_denoised__seg26,011,1,0,0.14726813435554503
011_recortado_denoised__seg27,011,1,0,0.14726813435554503
011_recortado_denoised__seg28,011,1,0,0.14726813435554503
011_recortado_denoised__seg29,011,1,0,0.14726813435554503
011_recortado_denoised__seg3,011,1,0,0.14726813435554503
011_recortado_denoised__seg30,011,1,0,0.14726813435554503
011_recortado_denoised__seg31,011,1,0,0.14726813435554503
011_recortado_denoised__seg32,011,1,0,0.14726813435554503
011_recortado_denoised__seg33,011,1,0,0.14726813435554503
011_recortado_denoised__seg34,011,1,0,0.14726813435554503
011_recortado_denoised__seg35,011,1,0,0.14726813435554503
011_recortado_denoised__seg36,011,1,0,0.14726813435554503
011_recortado_denoised__seg37,011,1,0,0.14726813435554503
011_recortado_denoised__seg38,011,1,0,0.14726813435554503
011_recortado_denoised__seg39,011,1,0,0.14726813435554503
011_recortado_denoised__seg4,011,1,0,0.14726813435554503
011_recortado_denoised__seg40,011,1,0,0.14726813435554503
011_recortado_denoised__seg41,011,1,0,0.14726813435554503
011_recortado_denoised__seg42,011,1,0,0.14726813435554503
011_recortado_denoised__seg43,011,1,0,0.14726813435554503
011_recortado_denoised__seg44,011,1,0,0.14726813435554503
011_recortado_denoised__seg45,011,1,0,0.14726813435554503
011_recortado_denoised__seg46,011,1,0,0.14726813435554503
011_recortado_denoised__seg47,011,1,0,0.14726813435554503
011_recortado_denoised__seg48,011,1,0,0.14726813435554503
011_recortado_denoised__seg49,011,1,0,0.14726813435554503
011_recortado_denoised__seg5,011,1,0,0.14726813435554503
011_recortado_denoised__seg50,011,1,0,0.14726813435554503
011_recortado_denoised__seg51,011,1,0,0.14726813435554503
011_recortado_denoised__seg52,011,1,0,0.14726813435554503
011_recortado_denoised__seg53,011,1,0,0.14726813435554503
011_recortado_denoised__seg54,011,1,0,0.14726813435554503
011_recortado_denoised__seg55,011,1,0,0.14726813435554503
011_recortado_denoised__seg56,011,1,0,0.14726813435554503
011_recortado_denoised__seg57,011,1,0,0.14726813435554503
011_recortado_denoised__seg58,011,1,0,0.14726813435554503
011_recortado_denoised__seg59,011,1,0,0.14726813435554503
011_recortado_denoised__seg6,011,1,0,0.14726813435554503
011_recortado_denoised__seg60,011,1,0,0.14726813435554503
011_recortado_denoised__seg61,011,1,0,0.14726813435554503
011_recortado_denoised__seg62,011,1,0,0.14726813435554503
011_recortado_denoised__seg63,011,1,0,0.14726813435554503
011_recortado_denoised__seg64,011,1,0,0.14726813435554503
011_recortado_denoised__seg65,011,1,0,0.14726813435554503
011_recortado_denoised__seg7,011,1,0,0.14726813435554503
011_recortado_denoised__seg8,011,1,0,0.14726813435554503
011_recortado_denoised__seg9,011,1,0,0.14726813435554503
012_recortado_denoised__seg0,012,3,0,0.2246335670351982
012_recortado_denoised__seg1,012,3,0,0.2246335670351982
012_recortado_denoised__seg10,012,3,0,0.2246335670351982
012_recortado_denoised__seg11,012,3,0,0.2246335670351982
012_recortado_denoised__seg12,012,3,0,0.2246335670351982
012_recortado_denoised__seg13,012,3,0,0.2246335670351982
012_recortado_denoised__seg14,012,3,0,0.2246335670351982
012_recortado_denoised__seg15,012,3,0,0.2246335670351982
012_recortado_denoised__seg16,012,3,0,0.2246335670351982
012_recortado_denoised__seg17,012,3,0,0.2246335670351982
012_recortado_denoised__seg18,012,3,0,0.2246335670351982
012_recortado_denoised__seg19,012,3,0,0.2246335670351982
012_recortado_denoised__seg2,012,3,0,0.2246335670351982
012_recortado_denoised__seg20,012,3,0,0.2246335670351982
012_recortado_denoised__seg21,012,3,0,0.2246335670351982
012_recortado_denoised__seg22,012,3,0,0.2246335670351982
012_recortado_denoised__seg23,012,3,0,0.2246335670351982
012_recortado_denoised__seg24,012,3,0,0.2246335670351982
012_recortado_denoised__seg25,012,3,0,0.2246335670351982
012_recortado_denoised__seg26,012,3,0,0.2246335670351982
012_recortado_denoised__seg27,012,3,0,0.2246335670351982
012_recortado_denoised__seg28,012,3,0,0.2246335670351982
012_recortado_denoised__seg29,012,3,0,0.2246335670351982
012_recortado_denoised__seg3,012,3,0,0.2246335670351982
012_recortado_denoised__seg30,012,3,0,0.2246335670351982
012_recortado_denoised__seg31,012,3,0,0.2246335670351982
012_recortado_denoised__seg32,012,3,0,0.2246335670351982
012_recortado_denoised__seg33,012,3,0,0.2246335670351982
012_recortado_denoised__seg34,012,3,0,0.2246335670351982
012_recortado_denoised__seg4,012,3,0,0.2246335670351982
012_recortado_denoised__seg5,012,3,0,0.2246335670351982
012_recortado_denoised__seg6,012,3,0,0.2246335670351982
012_recortado_denoised__seg7,012,3,0,0.2246335670351982
012_recortado_denoised__seg8,012,3,0,0.2246335670351982
012_recortado_denoised__seg9,012,3,0,0.2246335670351982
014_recortado_denoised__seg0,014,5,0,0.13871812568977476
014_recortado_denoised__seg1,014,5,0,0.13871812568977476
014_recortado_denoised__seg10,014,5,0,0.13871812568977476
014_recortado_denoised__seg11,014,5,0,0.13871812568977476
014_recortado_denoised__seg12,014,5,0,0.13871812568977476
014_recortado_denoised__seg13,014,5,0,0.13871812568977476
014_recortado_denoised__seg14,014,5,0,0.13871812568977476
014_recortado_denoised__seg15,014,5,0,0.13871812568977476
014_recortado_denoised__seg16,014,5,0,0.13871812568977476
014_recortado_denoised__seg17,014,5,0,0.13871812568977476
014_recortado_denoised__seg18,014,5,0,0.13871812568977476
014_recortado_denoised__seg19,014,5,0,0.13871812568977476
014_recortado_denoised__seg2,014,5,0,0.13871812568977476
014_recortado_denoised__seg20,014,5,0,0.13871812568977476
014_recortado_denoised__seg21,014,5,0,0.13871812568977476
014_recortado_denoised__seg22,014,5,0,0.13871812568977476
014_recortado_denoised__seg23,014,5,0,0.13871812568977476
014_recortado_denoised__seg24,014,5,0,0.13871812568977476
014_recortado_denoised__seg25,014,5,0,0.13871812568977476
014_recortado_denoised__seg26,014,5,0,0.13871812568977476
014_recortado_denoised__seg27,014,5,0,0.13871812568977476
014_recortado_denoised__seg28,014,5,0,0.13871812568977476
014_recortado_denoised__seg29,014,5,0,0.13871812568977476
014_recortado_denoised__seg3,014,5,0,0.13871812568977476
014_recortado_denoised__seg30,014,5,0,0.13871812568977476
014_recortado_denoised__seg31,014,5,0,0.13871812568977476
014_recortado_denoised__seg32,014,5,0,0.13871812568977476
014_recortado_denoised__seg33,014,5,0,0.13871812568977476
014_recortado_denoised__seg34,014,5,0,0.13871812568977476
014_recortado_denoised__seg35,014,5,0,0.13871812568977476
014_recortado_denoised__seg36,014,5,0,0.13871812568977476
014_recortado_denoised__seg37,014,5,0,0.13871812568977476
014_recortado_denoised__seg38,014,5,0,0.13871812568977476
014_recortado_denoised__seg39,014,5,0,0.13871812568977476
014_recortado_denoised__seg4,014,5,0,0.13871812568977476
014_recortado_denoised__seg40,014,5,0,0.13871812568977476
014_recortado_denoised__seg41,014,5,0,0.13871812568977476
014_recortado_denoised__seg42,014,5,0,0.13871812568977476
014_recortado_denoised__seg43,014,5,0,0.13871812568977476
014_recortado_denoised__seg44,014,5,0,0.13871812568977476
014_recortado_denoised__seg45,014,5,0,0.13871812568977476
014_recortado_denoised__seg46,014,5,0,0.13871812568977476
014_recortado_denoised__seg47,014,5,0,0.13871812568977476
014_recortado_denoised__seg48,014,5,0,0.13871812568977476
014_recortado_denoised__seg49,014,5,0,0.13871812568977476
014_recortado_denoised__seg5,014,5,0,0.13871812568977476
014_recortado_denoised__seg50,014,5,0,0.13871812568977476
014_recortado_denoised__seg51,014,5,0,0.13871812568977476
014_recortado_denoised__seg52,014,5,0,0.13871812568977476
014_recortado_denoised__seg53,014,5,0,0.13871812568977476
014_recortado_denoised__seg54,014,5,0,0.13871812568977476
014_recortado_denoised__seg55,014,5,0,0.13871812568977476
014_recortado_denoised__seg56,014,5,0,0.13871812568977476
014_recortado_denoised__seg57,014,5,0,0.13871812568977476
014_recortado_denoised__seg58,014,5,0,0.13871812568977476
014_recortado_denoised__seg59,014,5,0,0.13871812568977476
014_recortado_denoised__seg6,014,5,0,0.13871812568977476
014_recortado_denoised__seg60,014,5,0,0.13871812568977476
014_recortado_denoised__seg61,014,5,0,0.13871812568977476
014_recortado_denoised__seg62,014,5,0,0.13871812568977476
014_recortado_denoised__seg63,014,5,0,0.13871812568977476
014_recortado_denoised__seg64,014,5,0,0.13871812568977476
014_recortado_denoised__seg65,014,5,0,0.13871812568977476
014_recortado_denoised__seg66,014,5,0,0.13871812568977476
014_recortado_denoised__seg67,014,5,0,0.13871812568977476
014_recortado_denoised__seg68,014,5,0,0.13871812568977476
014_recortado_denoised__seg69,014,5,0,0.13871812568977476
014_recortado_denoised__seg7,014,5,0,0.13871812568977476
014_recortado_denoised__seg70,014,5,0,0.13871812568977476
014_recortado_denoised__seg71,014,5,0,0.13871812568977476
014_recortado_denoised__seg72,014,5,0,0.13871812568977476
014_recortado_denoised__seg73,014,5,0,0.13871812568977476
014_recortado_denoised__seg74,014,5,0,0.13871812568977476
014_recortado_denoised__seg75,014,5,0,0.13871812568977476
014_recortado_denoised__seg76,014,5,0,0.13871812568977476
014_recortado_denoised__seg77,014,5,0,0.13871812568977476
014_recortado_denoised__seg78,014,5,0,0.13871812568977476
014_recortado_denoised__seg79,014,5,0,0.13871812568977476
014_recortado_denoised__seg8,014,5,0,0.13871812568977476
014_recortado_denoised__seg9,014,5,0,0.13871812568977476
015_recortado_denoised__seg0,015,5,0,0.3620833188295364
015_recortado_denoised__seg1,015,5,0,0.3620833188295364
015_recortado_denoised__seg10,015,5,0,0.3620833188295364
015_recortado_denoised__seg11,015,5,0,0.3620833188295364
015_recortado_denoised__seg12,015,5,0,0.3620833188295364
015_recortado_denoised__seg13,015,5,0,0.3620833188295364
015_recortado_denoised__seg14,015,5,0,0.3620833188295364
015_recortado_denoised__seg15,015,5,0,0.3620833188295364
015_recortado_denoised__seg16,015,5,0,0.3620833188295364
015_recortado_denoised__seg17,015,5,0,0.3620833188295364
015_recortado_denoised__seg18,015,5,0,0.3620833188295364
015_recortado_denoised__seg19,015,5,0,0.3620833188295364
015_recortado_denoised__seg2,015,5,0,0.3620833188295364
015_recortado_denoised__seg20,015,5,0,0.3620833188295364
015_recortado_denoised__seg21,015,5,0,0.3620833188295364
015_recortado_denoised__seg22,015,5,0,0.3620833188295364
015_recortado_denoised__seg23,015,5,0,0.3620833188295364
015_recortado_denoised__seg24,015,5,0,0.3620833188295364
015_recortado_denoised__seg25,015,5,0,0.3620833188295364
015_recortado_denoised__seg26,015,5,0,0.3620833188295364
015_recortado_denoised__seg27,015,5,0,0.3620833188295364
015_recortado_denoised__seg28,015,5,0,0.3620833188295364
015_recortado_denoised__seg29,015,5,0,0.3620833188295364
015_recortado_denoised__seg3,015,5,0,0.3620833188295364
015_recortado_denoised__seg30,015,5,0,0.3620833188295364
015_recortado_denoised__seg31,015,5,0,0.3620833188295364
015_recortado_denoised__seg32,015,5,0,0.3620833188295364
015_recortado_denoised__seg33,015,5,0,0.3620833188295364
015_recortado_denoised__seg34,015,5,0,0.3620833188295364
015_recortado_denoised__seg35,015,5,0,0.3620833188295364
015_recortado_denoised__seg36,015,5,0,0.3620833188295364
015_recortado_denoised__seg37,015,5,0,0.3620833188295364
015_recortado_denoised__seg4,015,5,0,0.3620833188295364
015_recortado_denoised__seg5,015,5,0,0.3620833188295364
015_recortado_denoised__seg6,015,5,0,0.3620833188295364
015_recortado_denoised__seg7,015,5,0,0.3620833188295364
015_recortado_denoised__seg8,015,5,0,0.3620833188295364
015_recortado_denoised__seg9,015,5,0,0.3620833188295364
016_recortado_denoised__seg0,016,2,0,0.3491224139928818
016_recortado_denoised__seg1,016,2,0,0.3491224139928818
016_recortado_denoised__seg10,016,2,0,0.3491224139928818
016_recortado_denoised__seg11,016,2,0,0.3491224139928818
016_recortado_denoised__seg12,016,2,0,0.3491224139928818
016_recortado_denoised__seg13,016,2,0,0.3491224139928818
016_recortado_denoised__seg14,016,2,0,0.3491224139928818
016_recortado_denoised__seg15,016,2,0,0.3491224139928818
016_recortado_denoised__seg16,016,2,0,0.3491224139928818
016_recortado_denoised__seg17,016,2,0,0.3491224139928818
016_recortado_denoised__seg18,016,2,0,0.3491224139928818
016_recortado_denoised__seg19,016,2,0,0.3491224139928818
016_recortado_denoised__seg2,016,2,0,0.3491224139928818
016_recortado_denoised__seg20,016,2,0,0.3491224139928818
016_recortado_denoised__seg21,016,2,0,0.3491224139928818
016_recortado_denoised__seg22,016,2,0,0.3491224139928818
016_recortado_denoised__seg23,016,2,0,0.3491224139928818
016_recortado_denoised__seg24,016,2,0,0.3491224139928818
016_recortado_denoised__seg25,016,2,0,0.3491224139928818
016_recortado_denoised__seg26,016,2,0,0.3491224139928818
016_recortado_denoised__seg27,016,2,0,0.3491224139928818
016_recortado_denoised__seg28,016,2,0,0.3491224139928818
016_recortado_denoised__seg29,016,2,0,0.3491224139928818
016_recortado_denoised__seg3,016,2,0,0.3491224139928818
016_recortado_denoised__seg30,016,2,0,0.3491224139928818
016_recortado_denoised__seg31,016,2,0,0.3491224139928818
016_recortado_denoised__seg32,016,2,0,0.3491224139928818
016_recortado_denoised__seg33,016,2,0,0.3491224139928818
016_recortado_denoised__seg34,016,2,0,0.3491224139928818
016_recortado_denoised__seg35,016,2,0,0.3491224139928818
016_recortado_denoised__seg36,016,2,0,0.3491224139928818
016_recortado_denoised__seg37,016,2,0,0.3491224139928818
016_recortado_denoised__seg38,016,2,0,0.3491224139928818
016_recortado_denoised__seg39,016,2,0,0.3491224139928818
016_recortado_denoised__seg4,016,2,0,0.3491224139928818
016_recortado_denoised__seg40,016,2,0,0.3491224139928818
016_recortado_denoised__seg41,016,2,0,0.3491224139928818
016_recortado_denoised__seg42,016,2,0,0.3491224139928818
016_recortado_denoised__seg43,016,2,0,0.3491224139928818
016_recortado_denoised__seg44,016,2,0,0.3491224139928818
016_recortado_denoised__seg5,016,2,0,0.3491224139928818
016_recortado_denoised__seg6,016,2,0,0.3491224139928818
016_recortado_denoised__seg7,016,2,0,0.3491224139928818
016_recortado_denoised__seg8,016,2,0,0.3491224139928818
016_recortado_denoised__seg9,016,2,0,0.3491224139928818
018_recortado_denoised__seg0,018,2,0,0.2518067255616188
018_recortado_denoised__seg1,018,2,0,0.2518067255616188
018_recortado_denoised__seg10,018,2,0,0.2518067255616188
018_recortado_denoised__seg11,018,2,0,0.2518067255616188
018_recortado_denoised__seg12,018,2,0,0.2518067255616188
018_recortado_denoised__seg13,018,2,0,0.2518067255616188
018_recortado_denoised__seg14,018,2,0,0.2518067255616188
018_recortado_denoised__seg15,018,2,0,0.2518067255616188
018_recortado_denoised__seg16,018,2,0,0.2518067255616188
018_recortado_denoised__seg17,018,2,0,0.2518067255616188
018_recortado_denoised__seg18,018,2,0,0.2518067255616188
018_recortado_denoised__seg19,018,2,0,0.2518067255616188
018_recortado_denoised__seg2,018,2,0,0.2518067255616188
018_recortado_denoised__seg20,018,2,0,0.2518067255616188
018_recortado_denoised__seg21,018,2,0,0.2518067255616188
018_recortado_denoised__seg22,018,2,0,0.2518067255616188
018_recortado_denoised__seg23,018,2,0,0.2518067255616188
018_recortado_denoised__seg24,018,2,0,0.2518067255616188
018_recortado_denoised__seg25,018,2,0,0.2518067255616188
018_recortado_denoised__seg26,018,2,0,0.2518067255616188
018_recortado_denoised__seg27,018,2,0,0.2518067255616188
018_recortado_denoised__seg28,018,2,0,0.2518067255616188
018_recortado_denoised__seg29,018,2,0,0.2518067255616188
018_recortado_denoised__seg3,018,2,0,0.2518067255616188
018_recortado_denoised__seg30,018,2,0,0.2518067255616188
018_recortado_denoised__seg31,018,2,0,0.2518067255616188
018_recortado_denoised__seg32,018,2,0,0.2518067255616188
018_recortado_denoised__seg33,018,2,0,0.2518067255616188
018_recortado_denoised__seg34,018,2,0,0.2518067255616188
018_recortado_denoised__seg35,018,2,0,0.2518067255616188
018_recortado_denoised__seg36,018,2,0,0.2518067255616188
018_recortado_denoised__seg37,018,2,0,0.2518067255616188
018_recortado_denoised__seg38,018,2,0,0.2518067255616188
018_recortado_denoised__seg39,018,2,0,0.2518067255616188
018_recortado_denoised__seg4,018,2,0,0.2518067255616188
018_recortado_denoised__seg40,018,2,0,0.2518067255616188
018_recortado_denoised__seg41,018,2,0,0.2518067255616188
018_recortado_denoised__seg42,018,2,0,0.2518067255616188
018_recortado_denoised__seg43,018,2,0,0.2518067255616188
018_recortado_denoised__seg44,018,2,0,0.2518067255616188
018_recortado_denoised__seg45,018,2,0,0.2518067255616188
018_recortado_denoised__seg46,018,2,0,0.2518067255616188
018_recortado_denoised__seg47,018,2,0,0.2518067255616188
018_recortado_denoised__seg48,018,2,0,0.2518067255616188
018_recortado_denoised__seg49,018,2,0,0.2518067255616188
018_recortado_denoised__seg5,018,2,0,0.2518067255616188
018_recortado_denoised__seg50,018,2,0,0.2518067255616188
018_recortado_denoised__seg51,018,2,0,0.2518067255616188
018_recortado_denoised__seg52,018,2,0,0.2518067255616188
018_recortado_denoised__seg53,018,2,0,0.2518067255616188
018_recortado_denoised__seg54,018,2,0,0.2518067255616188
018_recortado_denoised__seg55,018,2,0,0.2518067255616188
018_recortado_denoised__seg56,018,2,0,0.2518067255616188
018_recortado_denoised__seg57,018,2,0,0.2518067255616188
018_recortado_denoised__seg58,018,2,0,0.2518067255616188
018_recortado_denoised__seg59,018,2,0,0.2518067255616188
018_recortado_denoised__seg6,018,2,0,0.2518067255616188
018_recortado_denoised__seg60,018,2,0,0.2518067255616188
018_recortado_denoised__seg61,018,2,0,0.2518067255616188
018_recortado_denoised__seg62,018,2,0,0.2518067255616188
018_recortado_denoised__seg63,018,2,0,0.2518067255616188
018_recortado_denoised__seg64,018,2,0,0.2518067255616188
018_recortado_denoised__seg65,018,2,0,0.2518067255616188
018_recortado_denoised__seg66,018,2,0,0.2518067255616188
018_recortado_denoised__seg67,018,2,0,0.2518067255616188
018_recortado_denoised__seg68,018,2,0,0.2518067255616188
018_recortado_denoised__seg69,018,2,0,0.2518067255616188
018_recortado_denoised__seg7,018,2,0,0.2518067255616188
018_recortado_denoised__seg70,018,2,0,0.2518067255616188
018_recortado_denoised__seg71,018,2,0,0.2518067255616188
018_recortado_denoised__seg72,018,2,0,0.2518067255616188
018_recortado_denoised__seg73,018,2,0,0.2518067255616188
018_recortado_denoised__seg74,018,2,0,0.2518067255616188
018_recortado_denoised__seg75,018,2,0,0.2518067255616188
018_recortado_denoised__seg76,018,2,0,0.2518067255616188
018_recortado_denoised__seg8,018,2,0,0.2518067255616188
018_recortado_denoised__seg9,018,2,0,0.2518067255616188
019_recortado_denoised__seg0,019,3,0,0.2195671334862709
019_recortado_denoised__seg1,019,3,0,0.2195671334862709
019_recortado_denoised__seg10,019,3,0,0.2195671334862709
019_recortado_denoised__seg11,019,3,0,0.2195671334862709
019_recortado_denoised__seg12,019,3,0,0.2195671334862709
019_recortado_denoised__seg13,019,3,0,0.2195671334862709
019_recortado_denoised__seg14,019,3,0,0.2195671334862709
019_recortado_denoised__seg15,019,3,0,0.2195671334862709
019_recortado_denoised__seg16,019,3,0,0.2195671334862709
019_recortado_denoised__seg17,019,3,0,0.2195671334862709
019_recortado_denoised__seg18,019,3,0,0.2195671334862709
019_recortado_denoised__seg19,019,3,0,0.2195671334862709
019_recortado_denoised__seg2,019,3,0,0.2195671334862709
019_recortado_denoised__seg20,019,3,0,0.2195671334862709
019_recortado_denoised__seg21,019,3,0,0.2195671334862709
019_recortado_denoised__seg22,019,3,0,0.2195671334862709
019_recortado_denoised__seg23,019,3,0,0.2195671334862709
019_recortado_denoised__seg24,019,3,0,0.2195671334862709
019_recortado_denoised__seg25,019,3,0,0.2195671334862709
019_recortado_denoised__seg26,019,3,0,0.2195671334862709
019_recortado_denoised__seg27,019,3,0,0.2195671334862709
019_recortado_denoised__seg28,019,3,0,0.2195671334862709
019_recortado_denoised__seg29,019,3,0,0.2195671334862709
019_recortado_denoised__seg3,019,3,0,0.2195671334862709
019_recortado_denoised__seg30,019,3,0,0.2195671334862709
019_recortado_denoised__seg31,019,3,0,0.2195671334862709
019_recortado_denoised__seg32,019,3,0,0.2195671334862709
019_recortado_denoised__seg33,019,3,0,0.2195671334862709
019_recortado_denoised__seg34,019,3,0,0.2195671334862709
019_recortado_denoised__seg35,019,3,0,0.2195671334862709
019_recortado_denoised__seg36,019,3,0,0.2195671334862709
019_recortado_denoised__seg37,019,3,0,0.2195671334862709
019_recortado_denoised__seg38,019,3,0,0.2195671334862709
019_recortado_denoised__seg39,019,3,0,0.2195671334862709
019_recortado_denoised__seg4,019,3,0,0.2195671334862709
019_recortado_denoised__seg40,019,3,0,0.2195671334862709
019_recortado_denoised__seg41,019,3,0,0.2195671334862709
019_recortado_denoised__seg42,019,3,0,0.2195671334862709
019_recortado_denoised__seg43,019,3,0,0.2195671334862709
019_recortado_denoised__seg44,019,3,0,0.2195671334862709
019_recortado_denoised__seg45,019,3,0,0.2195671334862709
019_recortado_denoised__seg46,019,3,0,0.2195671334862709
019_recortado_denoised__seg47,019,3,0,0.2195671334862709
019_recortado_denoised__seg48,019,3,0,0.2195671334862709
019_recortado_denoised__seg49,019,3,0,0.2195671334862709
019_recortado_denoised__seg5,019,3,0,0.2195671334862709
019_recortado_denoised__seg50,019,3,0,0.2195671334862709
019_recortado_denoised__seg51,019,3,0,0.2195671334862709
019_recortado_denoised__seg52,019,3,0,0.2195671334862709
019_recortado_denoised__seg53,019,3,0,0.2195671334862709
019_recortado_denoised__seg54,019,3,0,0.2195671334862709
019_recortado_denoised__seg55,019,3,0,0.2195671334862709
019_recortado_denoised__seg56,019,3,0,0.2195671334862709
019_recortado_denoised__seg57,019,3,0,0.2195671334862709
019_recortado_denoised__seg58,019,3,0,0.2195671334862709
019_recortado_denoised__seg59,019,3,0,0.2195671334862709
019_recortado_denoised__seg6,019,3,0,0.2195671334862709
019_recortado_denoised__seg60,019,3,0,0.2195671334862709
019_recortado_denoised__seg61,019,3,0,0.2195671334862709
019_recortado_denoised__seg7,019,3,0,0.2195671334862709
019_recortado_denoised__seg8,019,3,0,0.2195671334862709
019_recortado_denoised__seg9,019,3,0,0.2195671334862709
020_recortado_denoised__seg0,020,2,1,0.20914762727916242
020_recortado_denoised__seg1,020,2,1,0.20914762727916242
020_recortado_denoised__seg10,020,2,1,0.20914762727916242
020_recortado_denoised__seg11,020,2,1,0.20914762727916242
020_recortado_denoised__seg12,020,2,1,0.20914762727916242
020_recortado_denoised__seg13,020,2,1,0.20914762727916242
020_recortado_denoised__seg14,020,2,1,0.20914762727916242
020_recortado_denoised__seg15,020,2,1,0.20914762727916242
020_recortado_denoised__seg16,020,2,1,0.20914762727916242
020_recortado_denoised__seg17,020,2,1,0.20914762727916242
020_recortado_denoised__seg18,020,2,1,0.20914762727916242
020_recortado_denoised__seg19,020,2,1,0.20914762727916242
020_recortado_denoised__seg2,020,2,1,0.20914762727916242
020_recortado_denoised__seg20,020,2,1,0.20914762727916242
020_recortado_denoised__seg21,020,2,1,0.20914762727916242
020_recortado_denoised__seg22,020,2,1,0.20914762727916242
020_recortado_denoised__seg23,020,2,1,0.20914762727916242
020_recortado_denoised__seg24,020,2,1,0.20914762727916242
020_recortado_denoised__seg25,020,2,1,0.20914762727916242
020_recortado_denoised__seg26,020,2,1,0.20914762727916242
020_recortado_denoised__seg27,020,2,1,0.20914762727916242
020_recortado_denoised__seg28,020,2,1,0.20914762727916242
020_recortado_denoised__seg29,020,2,1,0.20914762727916242
020_recortado_denoised__seg3,020,2,1,0.20914762727916242
020_recortado_denoised__seg30,020,2,1,0.20914762727916242
020_recortado_denoised__seg31,020,2,1,0.20914762727916242
020_recortado_denoised__seg32,020,2,1,0.20914762727916242
020_recortado_denoised__seg33,020,2,1,0.20914762727916242
020_recortado_denoised__seg34,020,2,1,0.20914762727916242
020_recortado_denoised__seg35,020,2,1,0.20914762727916242
020_recortado_denoised__seg36,020,2,1,0.20914762727916242
020_recortado_denoised__seg37,020,2,1,0.20914762727916242
020_recortado_denoised__seg38,020,2,1,0.20914762727916242
020_recortado_denoised__seg39,020,2,1,0.20914762727916242
020_recortado_denoised__seg4,020,2,1,0.20914762727916242
020_recortado_denoised__seg40,020,2,1,0.20914762727916242
020_recortado_denoised__seg41,020,2,1,0.20914762727916242
020_recortado_denoised__seg42,020,2,1,0.20914762727916242
020_recortado_denoised__seg43,020,2,1,0.20914762727916242
020_recortado_denoised__seg44,020,2,1,0.20914762727916242
020_recortado_denoised__seg45,020,2,1,0.20914762727916242
020_recortado_denoised__seg46,020,2,1,0.20914762727916242
020_recortado_denoised__seg47,020,2,1,0.20914762727916242
020_recortado_denoised__seg48,020,2,1,0.20914762727916242
020_recortado_denoised__seg49,020,2,1,0.20914762727916242
020_recortado_denoised__seg5,020,2,1,0.20914762727916242
020_recortado_denoised__seg50,020,2,1,0.20914762727916242
020_recortado_denoised__seg51,020,2,1,0.20914762727916242
020_recortado_denoised__seg52,020,2,1,0.20914762727916242
020_recortado_denoised__seg53,020,2,1,0.20914762727916242
020_recortado_denoised__seg6,020,2,1,0.20914762727916242
020_recortado_denoised__seg7,020,2,1,0.20914762727916242
020_recortado_denoised__seg8,020,2,1,0.20914762727916242
020_recortado_denoised__seg9,020,2,1,0.20914762727916242
021_recortado_denoised__seg0,021,4,0,0.15595800280570984
021_recortado_denoised__seg1,021,4,0,0.15595800280570984
021_recortado_denoised__seg10,021,4,0,0.15595800280570984
021_recortado_denoised__seg100,021,4,0,0.15595800280570984
021_recortado_denoised__seg101,021,4,0,0.15595800280570984
021_recortado_denoised__seg102,021,4,0,0.15595800280570984
021_recortado_denoised__seg103,021,4,0,0.15595800280570984
021_recortado_denoised__seg104,021,4,0,0.15595800280570984
021_recortado_denoised__seg105,021,4,0,0.15595800280570984
021_recortado_denoised__seg106,021,4,0,0.15595800280570984
021_recortado_denoised__seg107,021,4,0,0.15595800280570984
021_recortado_denoised__seg11,021,4,0,0.15595800280570984
021_recortado_denoised__seg12,021,4,0,0.15595800280570984
021_recortado_denoised__seg13,021,4,0,0.15595800280570984
021_recortado_denoised__seg14,021,4,0,0.15595800280570984
021_recortado_denoised__seg15,021,4,0,0.15595800280570984
021_recortado_denoised__seg16,021,4,0,0.15595800280570984
021_recortado_denoised__seg17,021,4,0,0.15595800280570984
021_recortado_denoised__seg18,021,4,0,0.15595800280570984
021_recortado_denoised__seg19,021,4,0,0.15595800280570984
021_recortado_denoised__seg2,021,4,0,0.15595800280570984
021_recortado_denoised__seg20,021,4,0,0.15595800280570984
021_recortado_denoised__seg21,021,4,0,0.15595800280570984
021_recortado_denoised__seg22,021,4,0,0.15595800280570984
021_recortado_denoised__seg23,021,4,0,0.15595800280570984
021_recortado_denoised__seg24,021,4,0,0.15595800280570984
021_recortado_denoised__seg25,021,4,0,0.15595800280570984
021_recortado_denoised__seg26,021,4,0,0.15595800280570984
021_recortado_denoised__seg27,021,4,0,0.15595800280570984
021_recortado_denoised__seg28,021,4,0,0.15595800280570984
021_recortado_denoised__seg29,021,4,0,0.15595800280570984
021_recortado_denoised__seg3,021,4,0,0.15595800280570984
021_recortado_denoised__seg30,021,4,0,0.15595800280570984
021_recortado_denoised__seg31,021,4,0,0.15595800280570984
021_recortado_denoised__seg32,021,4,0,0.15595800280570984
021_recortado_denoised__seg33,021,4,0,0.15595800280570984
021_recortado_denoised__seg34,021,4,0,0.15595800280570984
021_recortado_denoised__seg35,021,4,0,0.15595800280570984
021_recortado_denoised__seg36,021,4,0,0.15595800280570984
021_recortado_denoised__seg37,021,4,0,0.15595800280570984
021_recortado_denoised__seg38,021,4,0,0.15595800280570984
021_recortado_denoised__seg39,021,4,0,0.15595800280570984
021_recortado_denoised__seg4,021,4,0,0.15595800280570984
021_recortado_denoised__seg40,021,4,0,0.15595800280570984
021_recortado_denoised__seg41,021,4,0,0.15595800280570984
021_recortado_denoised__seg42,021,4,0,0.15595800280570984
021_recortado_denoised__seg43,021,4,0,0.15595800280570984
021_recortado_denoised__seg44,021,4,0,0.15595800280570984
021_recortado_denoised__seg45,021,4,0,0.15595800280570984
021_recortado_denoised__seg46,021,4,0,0.15595800280570984
021_recortado_denoised__seg47,021,4,0,0.15595800280570984
021_recortado_denoised__seg48,021,4,0,0.15595800280570984
021_recortado_denoised__seg49,021,4,0,0.15595800280570984
021_recortado_denoised__seg5,021,4,0,0.15595800280570984
021_recortado_denoised__seg50,021,4,0,0.15595800280570984
021_recortado_denoised__seg51,021,4,0,0.15595800280570984
021_recortado_denoised__seg52,021,4,0,0.15595800280570984
021_recortado_denoised__seg53,021,4,0,0.15595800280570984
021_recortado_denoised__seg54,021,4,0,0.15595800280570984
021_recortado_denoised__seg55,021,4,0,0.15595800280570984
021_recortado_denoised__seg56,021,4,0,0.15595800280570984
021_recortado_denoised__seg57,021,4,0,0.15595800280570984
021_recortado_denoised__seg58,021,4,0,0.15595800280570984
021_recortado_denoised__seg59,021,4,0,0.15595800280570984
021_recortado_denoised__seg6,021,4,0,0.15595800280570984
021_recortado_denoised__seg60,021,4,0,0.15595800280570984
021_recortado_denoised__seg61,021,4,0,0.15595800280570984
021_recortado_denoised__seg62,021,4,0,0.15595800280570984
021_recortado_denoised__seg63,021,4,0,0.15595800280570984
021_recortado_denoised__seg64,021,4,0,0.15595800280570984
021_recortado_denoised__seg65,021,4,0,0.15595800280570984
021_recortado_denoised__seg66,021,4,0,0.15595800280570984
021_recortado_denoised__seg67,021,4,0,0.15595800280570984
021_recortado_denoised__seg68,021,4,0,0.15595800280570984
021_recortado_denoised__seg69,021,4,0,0.15595800280570984
021_recortado_denoised__seg7,021,4,0,0.15595800280570984
021_recortado_denoised__seg70,021,4,0,0.15595800280570984
021_recortado_denoised__seg71,021,4,0,0.15595800280570984
021_recortado_denoised__seg72,021,4,0,0.15595800280570984
021_recortado_denoised__seg73,021,4,0,0.15595800280570984
021_recortado_denoised__seg74,021,4,0,0.15595800280570984
021_recortado_denoised__seg75,021,4,0,0.15595800280570984
021_recortado_denoised__seg76,021,4,0,0.15595800280570984
021_recortado_denoised__seg77,021,4,0,0.15595800280570984
021_recortado_denoised__seg78,021,4,0,0.15595800280570984
021_recortado_denoised__seg79,021,4,0,0.15595800280570984
021_recortado_denoised__seg8,021,4,0,0.15595800280570984
021_recortado_denoised__seg80,021,4,0,0.15595800280570984
021_recortado_denoised__seg81,021,4,0,0.15595800280570984
021_recortado_denoised__seg82,021,4,0,0.15595800280570984
021_recortado_denoised__seg83,021,4,0,0.15595800280570984
021_recortado_denoised__seg84,021,4,0,0.15595800280570984
021_recortado_denoised__seg85,021,4,0,0.15595800280570984
021_recortado_denoised__seg86,021,4,0,0.15595800280570984
021_recortado_denoised__seg87,021,4,0,0.15595800280570984
021_recortado_denoised__seg88,021,4,0,0.15595800280570984
021_recortado_denoised__seg89,021,4,0,0.15595800280570984
021_recortado_denoised__seg9,021,4,0,0.15595800280570984
021_recortado_denoised__seg90,021,4,0,0.15595800280570984
021_recortado_denoised__seg91,021,4,0,0.15595800280570984
021_recortado_denoised__seg92,021,4,0,0.15595800280570984
021_recortado_denoised__seg93,021,4,0,0.15595800280570984
021_recortado_denoised__seg94,021,4,0,0.15595800280570984
021_recortado_denoised__seg95,021,4,0,0.15595800280570984
021_recortado_denoised__seg96,021,4,0,0.15595800280570984
021_recortado_denoised__seg97,021,4,0,0.15595800280570984
021_recortado_denoised__seg98,021,4,0,0.15595800280570984
021_recortado_denoised__seg99,021,4,0,0.15595800280570984
023_recortado_denoised__seg0,023,2,0,0.21235259920358657
023_recortado_denoised__seg1,023,2,0,0.21235259920358657
023_recortado_denoised__seg10,023,2,0,0.21235259920358657
023_recortado_denoised__seg11,023,2,0,0.21235259920358657
023_recortado_denoised__seg12,023,2,0,0.21235259920358657
023_recortado_denoised__seg13,023,2,0,0.21235259920358657
023_recortado_denoised__seg14,023,2,0,0.21235259920358657
023_recortado_denoised__seg15,023,2,0,0.21235259920358657
023_recortado_denoised__seg16,023,2,0,0.21235259920358657
023_recortado_denoised__seg17,023,2,0,0.21235259920358657
023_recortado_denoised__seg18,023,2,0,0.21235259920358657
023_recortado_denoised__seg19,023,2,0,0.21235259920358657
023_recortado_denoised__seg2,023,2,0,0.21235259920358657
023_recortado_denoised__seg20,023,2,0,0.21235259920358657
023_recortado_denoised__seg21,023,2,0,0.21235259920358657
023_recortado_denoised__seg22,023,2,0,0.21235259920358657
023_recortado_denoised__seg23,023,2,0,0.21235259920358657
023_recortado_denoised__seg24,023,2,0,0.21235259920358657
023_recortado_denoised__seg25,023,2,0,0.21235259920358657
023_recortado_denoised__seg26,023,2,0,0.21235259920358657
023_recortado_denoised__seg27,023,2,0,0.21235259920358657
023_recortado_denoised__seg28,023,2,0,0.21235259920358657
023_recortado_denoised__seg29,023,2,0,0.21235259920358657
023_recortado_denoised__seg3,023,2,0,0.21235259920358657
023_recortado_denoised__seg30,023,2,0,0.21235259920358657
023_recortado_denoised__seg31,023,2,0,0.21235259920358657
023_recortado_denoised__seg32,023,2,0,0.21235259920358657
023_recortado_denoised__seg33,023,2,0,0.21235259920358657
023_recortado_denoised__seg34,023,2,0,0.21235259920358657
023_recortado_denoised__seg35,023,2,0,0.21235259920358657
023_recortado_denoised__seg36,023,2,0,0.21235259920358657
023_recortado_denoised__seg37,023,2,0,0.21235259920358657
023_recortado_denoised__seg38,023,2,0,0.21235259920358657
023_recortado_denoised__seg39,023,2,0,0.21235259920358657
023_recortado_denoised__seg4,023,2,0,0.21235259920358657
023_recortado_denoised__seg40,023,2,0,0.21235259920358657
023_recortado_denoised__seg41,023,2,0,0.21235259920358657
023_recortado_denoised__seg42,023,2,0,0.21235259920358657
023_recortado_denoised__seg43,023,2,0,0.21235259920358657
023_recortado_denoised__seg44,023,2,0,0.21235259920358657
023_recortado_denoised__seg45,023,2,0,0.21235259920358657
023_recortado_denoised__seg46,023,2,0,0.21235259920358657
023_recortado_denoised__seg47,023,2,0,0.21235259920358657
023_recortado_denoised__seg48,023,2,0,0.21235259920358657
023_recortado_denoised__seg49,023,2,0,0.21235259920358657
023_recortado_denoised__seg5,023,2,0,0.21235259920358657
023_recortado_denoised__seg50,023,2,0,0.21235259920358657
023_recortado_denoised__seg51,023,2,0,0.21235259920358657
023_recortado_denoised__seg52,023,2,0,0.21235259920358657
023_recortado_denoised__seg53,023,2,0,0.21235259920358657
023_recortado_denoised__seg54,023,2,0,0.21235259920358657
023_recortado_denoised__seg55,023,2,0,0.21235259920358657
023_recortado_denoised__seg56,023,2,0,0.21235259920358657
023_recortado_denoised__seg57,023,2,0,0.21235259920358657
023_recortado_denoised__seg58,023,2,0,0.21235259920358657
023_recortado_denoised__seg59,023,2,0,0.21235259920358657
023_recortado_denoised__seg6,023,2,0,0.21235259920358657
023_recortado_denoised__seg60,023,2,0,0.21235259920358657
023_recortado_denoised__seg61,023,2,0,0.21235259920358657
023_recortado_denoised__seg62,023,2,0,0.21235259920358657
023_recortado_denoised__seg63,023,2,0,0.21235259920358657
023_recortado_denoised__seg64,023,2,0,0.21235259920358657
023_recortado_denoised__seg65,023,2,0,0.21235259920358657
023_recortado_denoised__seg66,023,2,0,0.21235259920358657
023_recortado_denoised__seg67,023,2,0,0.21235259920358657
023_recortado_denoised__seg68,023,2,0,0.21235259920358657
023_recortado_denoised__seg69,023,2,0,0.21235259920358657
023_recortado_denoised__seg7,023,2,0,0.21235259920358657
023_recortado_denoised__seg70,023,2,0,0.21235259920358657
023_recortado_denoised__seg71,023,2,0,0.21235259920358657
023_recortado_denoised__seg72,023,2,0,0.21235259920358657
023_recortado_denoised__seg73,023,2,0,0.21235259920358657
023_recortado_denoised__seg74,023,2,0,0.21235259920358657
023_recortado_denoised__seg75,023,2,0,0.21235259920358657
023_recortado_denoised__seg76,023,2,0,0.21235259920358657
023_recortado_denoised__seg77,023,2,0,0.21235259920358657
023_recortado_denoised__seg78,023,2,0,0.21235259920358657
023_recortado_denoised__seg79,023,2,0,0.21235259920358657
023_recortado_denoised__seg8,023,2,0,0.21235259920358657
023_recortado_denoised__seg80,023,2,0,0.21235259920358657
023_recortado_denoised__seg81,023,2,0,0.21235259920358657
023_recortado_denoised__seg82,023,2,0,0.21235259920358657
023_recortado_denoised__seg83,023,2,0,0.21235259920358657
023_recortado_denoised__seg84,023,2,0,0.21235259920358657
023_recortado_denoised__seg85,023,2,0,0.21235259920358657
023_recortado_denoised__seg86,023,2,0,0.21235259920358657
023_recortado_denoised__seg87,023,2,0,0.21235259920358657
023_recortado_denoised__seg88,023,2,0,0.21235259920358657
023_recortado_denoised__seg89,023,2,0,0.21235259920358657
023_recortado_denoised__seg9,023,2,0,0.21235259920358657
023_recortado_denoised__seg90,023,2,0,0.21235259920358657
023_recortado_denoised__seg91,023,2,0,0.21235259920358657
023_recortado_denoised__seg92,023,2,0,0.21235259920358657
023_recortado_denoised__seg93,023,2,0,0.21235259920358657
023_recortado_denoised__seg94,023,2,0,0.21235259920358657
023_recortado_denoised__seg95,023,2,0,0.21235259920358657
023_recortado_denoised__seg96,023,2,0,0.21235259920358657
023_recortado_denoised__seg97,023,2,0,0.21235259920358657
023_recortado_denoised__seg98,023,2,0,0.21235259920358657
025_recortado_denoised__seg0,025,4,0,0.2091292254626751
025_recortado_denoised__seg1,025,4,0,0.2091292254626751
025_recortado_denoised__seg10,025,4,0,0.2091292254626751
025_recortado_denoised__seg11,025,4,0,0.2091292254626751
025_recortado_denoised__seg12,025,4,0,0.2091292254626751
025_recortado_denoised__seg13,025,4,0,0.2091292254626751
025_recortado_denoised__seg14,025,4,0,0.2091292254626751
025_recortado_denoised__seg15,025,4,0,0.2091292254626751
025_recortado_denoised__seg16,025,4,0,0.2091292254626751
025_recortado_denoised__seg17,025,4,0,0.2091292254626751
025_recortado_denoised__seg18,025,4,0,0.2091292254626751
025_recortado_denoised__seg19,025,4,0,0.2091292254626751
025_recortado_denoised__seg2,025,4,0,0.2091292254626751
025_recortado_denoised__seg20,025,4,0,0.2091292254626751
025_recortado_denoised__seg21,025,4,0,0.2091292254626751
025_recortado_denoised__seg22,025,4,0,0.2091292254626751
025_recortado_denoised__seg23,025,4,0,0.2091292254626751
025_recortado_denoised__seg24,025,4,0,0.2091292254626751
025_recortado_denoised__seg25,025,4,0,0.2091292254626751
025_recortado_denoised__seg26,025,4,0,0.2091292254626751
025_recortado_denoised__seg27,025,4,0,0.2091292254626751
025_recortado_denoised__seg28,025,4,0,0.2091292254626751
025_recortado_denoised__seg29,025,4,0,0.2091292254626751
025_recortado_denoised__seg3,025,4,0,0.2091292254626751
025_recortado_denoised__seg30,025,4,0,0.2091292254626751
025_recortado_denoised__seg31,025,4,0,0.2091292254626751
025_recortado_denoised__seg32,025,4,0,0.2091292254626751
025_recortado_denoised__seg33,025,4,0,0.2091292254626751
025_recortado_denoised__seg34,025,4,0,0.2091292254626751
025_recortado_denoised__seg35,025,4,0,0.2091292254626751
025_recortado_denoised__seg36,025,4,0,0.2091292254626751
025_recortado_denoised__seg37,025,4,0,0.2091292254626751
025_recortado_denoised__seg38,025,4,0,0.2091292254626751
025_recortado_denoised__seg39,025,4,0,0.2091292254626751
025_recortado_denoised__seg4,025,4,0,0.2091292254626751
025_recortado_denoised__seg40,025,4,0,0.2091292254626751
025_recortado_denoised__seg41,025,4,0,0.2091292254626751
025_recortado_denoised__seg42,025,4,0,0.2091292254626751
025_recortado_denoised__seg43,025,4,0,0.2091292254626751
025_recortado_denoised__seg44,025,4,0,0.2091292254626751
025_recortado_denoised__seg45,025,4,0,0.2091292254626751
025_recortado_denoised__seg46,025,4,0,0.2091292254626751
025_recortado_denoised__seg47,025,4,0,0.2091292254626751
025_recortado_denoised__seg48,025,4,0,0.2091292254626751
025_recortado_denoised__seg49,025,4,0,0.2091292254626751
025_recortado_denoised__seg5,025,4,0,0.2091292254626751
025_recortado_denoised__seg50,025,4,0,0.2091292254626751
025_recortado_denoised__seg51,025,4,0,0.2091292254626751
025_recortado_denoised__seg52,025,4,0,0.2091292254626751
025_recortado_denoised__seg53,025,4,0,0.2091292254626751
025_recortado_denoised__seg54,025,4,0,0.2091292254626751
025_recortado_denoised__seg55,025,4,0,0.2091292254626751
025_recortado_denoised__seg56,025,4,0,0.2091292254626751
025_recortado_denoised__seg57,025,4,0,0.2091292254626751
025_recortado_denoised__seg58,025,4,0,0.2091292254626751
025_recortado_denoised__seg59,025,4,0,0.2091292254626751
025_recortado_denoised__seg6,025,4,0,0.2091292254626751
025_recortado_denoised__seg60,025,4,0,0.2091292254626751
025_recortado_denoised__seg61,025,4,0,0.2091292254626751
025_recortado_denoised__seg62,025,4,0,0.2091292254626751
025_recortado_denoised__seg63,025,4,0,0.2091292254626751
025_recortado_denoised__seg64,025,4,0,0.2091292254626751
025_recortado_denoised__seg65,025,4,0,0.2091292254626751
025_recortado_denoised__seg66,025,4,0,0.2091292254626751
025_recortado_denoised__seg67,025,4,0,0.2091292254626751
025_recortado_denoised__seg68,025,4,0,0.2091292254626751
025_recortado_denoised__seg69,025,4,0,0.2091292254626751
025_recortado_denoised__seg7,025,4,0,0.2091292254626751
025_recortado_denoised__seg70,025,4,0,0.2091292254626751
025_recortado_denoised__seg71,025,4,0,0.2091292254626751
025_recortado_denoised__seg72,025,4,0,0.2091292254626751
025_recortado_denoised__seg73,025,4,0,0.2091292254626751
025_recortado_denoised__seg74,025,4,0,0.2091292254626751
025_recortado_denoised__seg75,025,4,0,0.2091292254626751
025_recortado_denoised__seg76,025,4,0,0.2091292254626751
025_recortado_denoised__seg77,025,4,0,0.2091292254626751
025_recortado_denoised__seg78,025,4,0,0.2091292254626751
025_recortado_denoised__seg79,025,4,0,0.2091292254626751
025_recortado_denoised__seg8,025,4,0,0.2091292254626751
025_recortado_denoised__seg80,025,4,0,0.2091292254626751
025_recortado_denoised__seg9,025,4,0,0.2091292254626751
027_recortado_denoised__seg0,027,4,1,0.23432948738336562
027_recortado_denoised__seg1,027,4,1,0.23432948738336562
027_recortado_denoised__seg10,027,4,1,0.23432948738336562
027_recortado_denoised__seg11,027,4,1,0.23432948738336562
027_recortado_denoised__seg12,027,4,1,0.23432948738336562
027_recortado_denoised__seg13,027,4,1,0.23432948738336562
027_recortado_denoised__seg14,027,4,1,0.23432948738336562
027_recortado_denoised__seg15,027,4,1,0.23432948738336562
027_recortado_denoised__seg16,027,4,1,0.23432948738336562
027_recortado_denoised__seg17,027,4,1,0.23432948738336562
027_recortado_denoised__seg18,027,4,1,0.23432948738336562
027_recortado_denoised__seg19,027,4,1,0.23432948738336562
027_recortado_denoised__seg2,027,4,1,0.23432948738336562
027_recortado_denoised__seg20,027,4,1,0.23432948738336562
027_recortado_denoised__seg21,027,4,1,0.23432948738336562
027_recortado_denoised__seg22,027,4,1,0.23432948738336562
027_recortado_denoised__seg23,027,4,1,0.23432948738336562
027_recortado_denoised__seg24,027,4,1,0.23432948738336562
027_recortado_denoised__seg25,027,4,1,0.23432948738336562
027_recortado_denoised__seg26,027,4,1,0.23432948738336562
027_recortado_denoised__seg27,027,4,1,0.23432948738336562
027_recortado_denoised__seg28,027,4,1,0.23432948738336562
027_recortado_denoised__seg29,027,4,1,0.23432948738336562
027_recortado_denoised__seg3,027,4,1,0.23432948738336562
027_recortado_denoised__seg30,027,4,1,0.23432948738336562
027_recortado_denoised__seg31,027,4,1,0.23432948738336562
027_recortado_denoised__seg32,027,4,1,0.23432948738336562
027_recortado_denoised__seg33,027,4,1,0.23432948738336562
027_recortado_denoised__seg34,027,4,1,0.23432948738336562
027_recortado_denoised__seg35,027,4,1,0.23432948738336562
027_recortado_denoised__seg36,027,4,1,0.23432948738336562
027_recortado_denoised__seg37,027,4,1,0.23432948738336562
027_recortado_denoised__seg38,027,4,1,0.23432948738336562
027_recortado_denoised__seg39,027,4,1,0.23432948738336562
027_recortado_denoised__seg4,027,4,1,0.23432948738336562
027_recortado_denoised__seg40,027,4,1,0.23432948738336562
027_recortado_denoised__seg41,027,4,1,0.23432948738336562
027_recortado_denoised__seg42,027,4,1,0.23432948738336562
027_recortado_denoised__seg43,027,4,1,0.23432948738336562
027_recortado_denoised__seg44,027,4,1,0.23432948738336562
027_recortado_denoised__seg45,027,4,1,0.23432948738336562
027_recortado_denoised__seg46,027,4,1,0.23432948738336562
027_recortado_denoised__seg47,027,4,1,0.23432948738336562
027_recortado_denoised__seg48,027,4,1,0.23432948738336562
027_recortado_denoised__seg49,027,4,1,0.23432948738336562
027_recortado_denoised__seg5,027,4,1,0.23432948738336562
027_recortado_denoised__seg50,027,4,1,0.23432948738336562
027_recortado_denoised__seg51,027,4,1,0.23432948738336562
027_recortado_denoised__seg52,027,4,1,0.23432948738336562
027_recortado_denoised__seg53,027,4,1,0.23432948738336562
027_recortado_denoised__seg54,027,4,1,0.23432948738336562
027_recortado_denoised__seg55,027,4,1,0.23432948738336562
027_recortado_denoised__seg56,027,4,1,0.23432948738336562
027_recortado_denoised__seg57,027,4,1,0.23432948738336562
027_recortado_denoised__seg58,027,4,1,0.23432948738336562
027_recortado_denoised__seg59,027,4,1,0.23432948738336562
027_recortado_denoised__seg6,027,4,1,0.23432948738336562
027_recortado_denoised__seg60,027,4,1,0.23432948738336562
027_recortado_denoised__seg61,027,4,1,0.23432948738336562
027_recortado_denoised__seg62,027,4,1,0.23432948738336562
027_recortado_denoised__seg63,027,4,1,0.23432948738336562
027_recortado_denoised__seg64,027,4,1,0.23432948738336562
027_recortado_denoised__seg65,027,4,1,0.23432948738336562
027_recortado_denoised__seg66,027,4,1,0.23432948738336562
027_recortado_denoised__seg67,027,4,1,0.23432948738336562
027_recortado_denoised__seg68,027,4,1,0.23432948738336562
027_recortado_denoised__seg69,027,4,1,0.23432948738336562
027_recortado_denoised__seg7,027,4,1,0.23432948738336562
027_recortado_denoised__seg70,027,4,1,0.23432948738336562
027_recortado_denoised__seg71,027,4,1,0.23432948738336562
027_recortado_denoised__seg72,027,4,1,0.23432948738336562
027_recortado_denoised__seg73,027,4,1,0.23432948738336562
027_recortado_denoised__seg8,027,4,1,0.23432948738336562
027_recortado_denoised__seg9,027,4,1,0.23432948738336562
028_recortado_denoised__seg0,028,1,0,0.23264937549829484
028_recortado_denoised__seg1,028,1,0,0.23264937549829484
028_recortado_denoised__seg10,028,1,0,0.23264937549829484
028_recortado_denoised__seg11,028,1,0,0.23264937549829484
028_recortado_denoised__seg12,028,1,0,0.23264937549829484
028_recortado_denoised__seg13,028,1,0,0.23264937549829484
028_recortado_denoised__seg14,028,1,0,0.23264937549829484
028_recortado_denoised__seg15,028,1,0,0.23264937549829484
028_recortado_denoised__seg16,028,1,0,0.23264937549829484
028_recortado_denoised__seg17,028,1,0,0.23264937549829484
028_recortado_denoised__seg18,028,1,0,0.23264937549829484
028_recortado_denoised__seg19,028,1,0,0.23264937549829484
028_recortado_denoised__seg2,028,1,0,0.23264937549829484
028_recortado_denoised__seg20,028,1,0,0.23264937549829484
028_recortado_denoised__seg21,028,1,0,0.23264937549829484
028_recortado_denoised__seg22,028,1,0,0.23264937549829484
028_recortado_denoised__seg23,028,1,0,0.23264937549829484
028_recortado_denoised__seg24,028,1,0,0.23264937549829484
028_recortado_denoised__seg25,028,1,0,0.23264937549829484
028_recortado_denoised__seg26,028,1,0,0.23264937549829484
028_recortado_denoised__seg27,028,1,0,0.23264937549829484
028_recortado_denoised__seg28,028,1,0,0.23264937549829484
028_recortado_denoised__seg29,028,1,0,0.23264937549829484
028_recortado_denoised__seg3,028,1,0,0.23264937549829484
028_recortado_denoised__seg30,028,1,0,0.23264937549829484
028_recortado_denoised__seg31,028,1,0,0.23264937549829484
028_recortado_denoised__seg32,028,1,0,0.23264937549829484
028_recortado_denoised__seg33,028,1,0,0.23264937549829484
028_recortado_denoised__seg34,028,1,0,0.23264937549829484
028_recortado_denoised__seg35,028,1,0,0.23264937549829484
028_recortado_denoised__seg36,028,1,0,0.23264937549829484
028_recortado_denoised__seg37,028,1,0,0.23264937549829484
028_recortado_denoised__seg38,028,1,0,0.23264937549829484
028_recortado_denoised__seg4,028,1,0,0.23264937549829484
028_recortado_denoised__seg5,028,1,0,0.23264937549829484
028_recortado_denoised__seg6,028,1,0,0.23264937549829484
028_recortado_denoised__seg7,028,1,0,0.23264937549829484
028_recortado_denoised__seg8,028,1,0,0.23264937549829484
028_recortado_denoised__seg9,028,1,0,0.23264937549829484
029_recortado_denoised__seg0,029,2,0,0.24816231280565262
029_recortado_denoised__seg1,029,2,0,0.24816231280565262
029_recortado_denoised__seg10,029,2,0,0.24816231280565262
029_recortado_denoised__seg100,029,2,0,0.24816231280565262
029_recortado_denoised__seg101,029,2,0,0.24816231280565262
029_recortado_denoised__seg102,029,2,0,0.24816231280565262
029_recortado_denoised__seg103,029,2,0,0.24816231280565262
029_recortado_denoised__seg104,029,2,0,0.24816231280565262
029_recortado_denoised__seg105,029,2,0,0.24816231280565262
029_recortado_denoised__seg106,029,2,0,0.24816231280565262
029_recortado_denoised__seg107,029,2,0,0.24816231280565262
029_recortado_denoised__seg11,029,2,0,0.24816231280565262
029_recortado_denoised__seg12,029,2,0,0.24816231280565262
029_recortado_denoised__seg13,029,2,0,0.24816231280565262
029_recortado_denoised__seg14,029,2,0,0.24816231280565262
029_recortado_denoised__seg15,029,2,0,0.24816231280565262
029_recortado_denoised__seg16,029,2,0,0.24816231280565262
029_recortado_denoised__seg17,029,2,0,0.24816231280565262
029_recortado_denoised__seg18,029,2,0,0.24816231280565262
029_recortado_denoised__seg19,029,2,0,0.24816231280565262
029_recortado_denoised__seg2,029,2,0,0.24816231280565262
029_recortado_denoised__seg20,029,2,0,0.24816231280565262
029_recortado_denoised__seg21,029,2,0,0.24816231280565262
029_recortado_denoised__seg22,029,2,0,0.24816231280565262
029_recortado_denoised__seg23,029,2,0,0.24816231280565262
029_recortado_denoised__seg24,029,2,0,0.24816231280565262
029_recortado_denoised__seg25,029,2,0,0.24816231280565262
029_recortado_denoised__seg26,029,2,0,0.24816231280565262
029_recortado_denoised__seg27,029,2,0,0.24816231280565262
029_recortado_denoised__seg28,029,2,0,0.24816231280565262
029_recortado_denoised__seg29,029,2,0,0.24816231280565262
029_recortado_denoised__seg3,029,2,0,0.24816231280565262
029_recortado_denoised__seg30,029,2,0,0.24816231280565262
029_recortado_denoised__seg31,029,2,0,0.24816231280565262
029_recortado_denoised__seg32,029,2,0,0.24816231280565262
029_recortado_denoised__seg33,029,2,0,0.24816231280565262
029_recortado_denoised__seg34,029,2,0,0.24816231280565262
029_recortado_denoised__seg35,029,2,0,0.24816231280565262
029_recortado_denoised__seg36,029,2,0,0.24816231280565262
029_recortado_denoised__seg37,029,2,0,0.24816231280565262
029_recortado_denoised__seg38,029,2,0,0.24816231280565262
029_recortado_denoised__seg39,029,2,0,0.24816231280565262
029_recortado_denoised__seg4,029,2,0,0.24816231280565262
029_recortado_denoised__seg40,029,2,0,0.24816231280565262
029_recortado_denoised__seg41,029,2,0,0.24816231280565262
029_recortado_denoised__seg42,029,2,0,0.24816231280565262
029_recortado_denoised__seg43,029,2,0,0.24816231280565262
029_recortado_denoised__seg44,029,2,0,0.24816231280565262
029_recortado_denoised__seg45,029,2,0,0.24816231280565262
029_recortado_denoised__seg46,029,2,0,0.24816231280565262
029_recortado_denoised__seg47,029,2,0,0.24816231280565262
029_recortado_denoised__seg48,029,2,0,0.24816231280565262
029_recortado_denoised__seg49,029,2,0,0.24816231280565262
029_recortado_denoised__seg5,029,2,0,0.24816231280565262
029_recortado_denoised__seg50,029,2,0,0.24816231280565262
029_recortado_denoised__seg51,029,2,0,0.24816231280565262
029_recortado_denoised__seg52,029,2,0,0.24816231280565262
029_recortado_denoised__seg53,029,2,0,0.24816231280565262
029_recortado_denoised__seg54,029,2,0,0.24816231280565262
029_recortado_denoised__seg55,029,2,0,0.24816231280565262
029_recortado_denoised__seg56,029,2,0,0.24816231280565262
029_recortado_denoised__seg57,029,2,0,0.24816231280565262
029_recortado_denoised__seg58,029,2,0,0.24816231280565262
029_recortado_denoised__seg59,029,2,0,0.24816231280565262
029_recortado_denoised__seg6,029,2,0,0.24816231280565262
029_recortado_denoised__seg60,029,2,0,0.24816231280565262
029_recortado_denoised__seg61,029,2,0,0.24816231280565262
029_recortado_denoised__seg62,029,2,0,0.24816231280565262
029_recortado_denoised__seg63,029,2,0,0.24816231280565262
029_recortado_denoised__seg64,029,2,0,0.24816231280565262
029_recortado_denoised__seg65,029,2,0,0.24816231280565262
029_recortado_denoised__seg66,029,2,0,0.24816231280565262
029_recortado_denoised__seg67,029,2,0,0.24816231280565262
029_recortado_denoised__seg68,029,2,0,0.24816231280565262
029_recortado_denoised__seg69,029,2,0,0.24816231280565262
029_recortado_denoised__seg7,029,2,0,0.24816231280565262
029_recortado_denoised__seg70,029,2,0,0.24816231280565262
029_recortado_denoised__seg71,029,2,0,0.24816231280565262
029_recortado_denoised__seg72,029,2,0,0.24816231280565262
029_recortado_denoised__seg73,029,2,0,0.24816231280565262
029_recortado_denoised__seg74,029,2,0,0.24816231280565262
029_recortado_denoised__seg75,029,2,0,0.24816231280565262
029_recortado_denoised__seg76,029,2,0,0.24816231280565262
029_recortado_denoised__seg77,029,2,0,0.24816231280565262
029_recortado_denoised__seg78,029,2,0,0.24816231280565262
029_recortado_denoised__seg79,029,2,0,0.24816231280565262
029_recortado_denoised__seg8,029,2,0,0.24816231280565262
029_recortado_denoised__seg80,029,2,0,0.24816231280565262
029_recortado_denoised__seg81,029,2,0,0.24816231280565262
029_recortado_denoised__seg82,029,2,0,0.24816231280565262
029_recortado_denoised__seg83,029,2,0,0.24816231280565262
029_recortado_denoised__seg84,029,2,0,0.24816231280565262
029_recortado_denoised__seg85,029,2,0,0.24816231280565262
029_recortado_denoised__seg86,029,2,0,0.24816231280565262
029_recortado_denoised__seg87,029,2,0,0.24816231280565262
029_recortado_denoised__seg88,029,2,0,0.24816231280565262
029_recortado_denoised__seg89,029,2,0,0.24816231280565262
029_recortado_denoised__seg9,029,2,0,0.24816231280565262
029_recortado_denoised__seg90,029,2,0,0.24816231280565262
029_recortado_denoised__seg91,029,2,0,0.24816231280565262
029_recortado_denoised__seg92,029,2,0,0.24816231280565262
029_recortado_denoised__seg93,029,2,0,0.24816231280565262
029_recortado_denoised__seg94,029,2,0,0.24816231280565262
029_recortado_denoised__seg95,029,2,0,0.24816231280565262
029_recortado_denoised__seg96,029,2,0,0.24816231280565262
029_recortado_denoised__seg97,029,2,0,0.24816231280565262
029_recortado_denoised__seg98,029,2,0,0.24816231280565262
029_recortado_denoised__seg99,029,2,0,0.24816231280565262
030_recortado_denoised__seg0,030,1,0,0.13734993189573289
030_recortado_denoised__seg1,030,1,0,0.13734993189573289
030_recortado_denoised__seg10,030,1,0,0.13734993189573289
030_recortado_denoised__seg11,030,1,0,0.13734993189573289
030_recortado_denoised__seg12,030,1,0,0.13734993189573289
030_recortado_denoised__seg13,030,1,0,0.13734993189573289
030_recortado_denoised__seg14,030,1,0,0.13734993189573289
030_recortado_denoised__seg15,030,1,0,0.13734993189573289
030_recortado_denoised__seg16,030,1,0,0.13734993189573289
030_recortado_denoised__seg17,030,1,0,0.13734993189573289
030_recortado_denoised__seg18,030,1,0,0.13734993189573289
030_recortado_denoised__seg19,030,1,0,0.13734993189573289
030_recortado_denoised__seg2,030,1,0,0.13734993189573289
030_recortado_denoised__seg20,030,1,0,0.13734993189573289
030_recortado_denoised__seg21,030,1,0,0.13734993189573289
030_recortado_denoised__seg22,030,1,0,0.13734993189573289
030_recortado_denoised__seg23,030,1,0,0.13734993189573289
030_recortado_denoised__seg24,030,1,0,0.13734993189573289
030_recortado_denoised__seg25,030,1,0,0.13734993189573289
030_recortado_denoised__seg26,030,1,0,0.13734993189573289
030_recortado_denoised__seg27,030,1,0,0.13734993189573289
030_recortado_denoised__seg28,030,1,0,0.13734993189573289
030_recortado_denoised__seg29,030,1,0,0.13734993189573289
030_recortado_denoised__seg3,030,1,0,0.13734993189573289
030_recortado_denoised__seg30,030,1,0,0.13734993189573289
030_recortado_denoised__seg31,030,1,0,0.13734993189573289
030_recortado_denoised__seg32,030,1,0,0.13734993189573289
030_recortado_denoised__seg33,030,1,0,0.13734993189573289
030_recortado_denoised__seg34,030,1,0,0.13734993189573289
030_recortado_denoised__seg35,030,1,0,0.13734993189573289
030_recortado_denoised__seg36,030,1,0,0.13734993189573289
030_recortado_denoised__seg37,030,1,0,0.13734993189573289
030_recortado_denoised__seg38,030,1,0,0.13734993189573289
030_recortado_denoised__seg39,030,1,0,0.13734993189573289
030_recortado_denoised__seg4,030,1,0,0.13734993189573289
030_recortado_denoised__seg40,030,1,0,0.13734993189573289
030_recortado_denoised__seg41,030,1,0,0.13734993189573289
030_recortado_denoised__seg42,030,1,0,0.13734993189573289
030_recortado_denoised__seg43,030,1,0,0.13734993189573289
030_recortado_denoised__seg44,030,1,0,0.13734993189573289
030_recortado_denoised__seg45,030,1,0,0.13734993189573289
030_recortado_denoised__seg46,030,1,0,0.13734993189573289
030_recortado_denoised__seg47,030,1,0,0.13734993189573289
030_recortado_denoised__seg5,030,1,0,0.13734993189573289
030_recortado_denoised__seg6,030,1,0,0.13734993189573289
030_recortado_denoised__seg7,030,1,0,0.13734993189573289
030_recortado_denoised__seg8,030,1,0,0.13734993189573289
030_recortado_denoised__seg9,030,1,0,0.13734993189573289
031_recortado_denoised__seg0,031,3,0,0.493749363720417
031_recortado_denoised__seg1,031,3,0,0.493749363720417
031_recortado_denoised__seg10,031,3,0,0.493749363720417
031_recortado_denoised__seg11,031,3,0,0.493749363720417
031_recortado_denoised__seg12,031,3,0,0.493749363720417
031_recortado_denoised__seg13,031,3,0,0.493749363720417
031_recortado_denoised__seg14,031,3,0,0.493749363720417
031_recortado_denoised__seg15,031,3,0,0.493749363720417
031_recortado_denoised__seg16,031,3,0,0.493749363720417
031_recortado_denoised__seg17,031,3,0,0.493749363720417
031_recortado_denoised__seg18,031,3,0,0.493749363720417
031_recortado_denoised__seg19,031,3,0,0.493749363720417
031_recortado_denoised__seg2,031,3,0,0.493749363720417
031_recortado_denoised__seg20,031,3,0,0.493749363720417
031_recortado_denoised__seg21,031,3,0,0.493749363720417
031_recortado_denoised__seg22,031,3,0,0.493749363720417
031_recortado_denoised__seg23,031,3,0,0.493749363720417
031_recortado_denoised__seg24,031,3,0,0.493749363720417
031_recortado_denoised__seg25,031,3,0,0.493749363720417
031_recortado_denoised__seg26,031,3,0,0.493749363720417
031_recortado_denoised__seg27,031,3,0,0.493749363720417
031_recortado_denoised__seg28,031,3,0,0.493749363720417
031_recortado_denoised__seg29,031,3,0,0.493749363720417
031_recortado_denoised__seg3,031,3,0,0.493749363720417
031_recortado_denoised__seg30,031,3,0,0.493749363720417
031_recortado_denoised__seg31,031,3,0,0.493749363720417
031_recortado_denoised__seg32,031,3,0,0.493749363720417
031_recortado_denoised__seg33,031,3,0,0.493749363720417
031_recortado_denoised__seg34,031,3,0,0.493749363720417
031_recortado_denoised__seg35,031,3,0,0.493749363720417
031_recortado_denoised__seg36,031,3,0,0.493749363720417
031_recortado_denoised__seg37,031,3,0,0.493749363720417
031_recortado_denoised__seg38,031,3,0,0.493749363720417
031_recortado_denoised__seg39,031,3,0,0.493749363720417
031_recortado_denoised__seg4,031,3,0,0.493749363720417
031_recortado_denoised__seg40,031,3,0,0.493749363720417
031_recortado_denoised__seg41,031,3,0,0.493749363720417
031_recortado_denoised__seg42,031,3,0,0.493749363720417
031_recortado_denoised__seg43,031,3,0,0.493749363720417
031_recortado_denoised__seg44,031,3,0,0.493749363720417
031_recortado_denoised__seg45,031,3,0,0.493749363720417
031_recortado_denoised__seg46,031,3,0,0.493749363720417
031_recortado_denoised__seg47,031,3,0,0.493749363720417
031_recortado_denoised__seg48,031,3,0,0.493749363720417
031_recortado_denoised__seg49,031,3,0,0.493749363720417
031_recortado_denoised__seg5,031,3,0,0.493749363720417
031_recortado_denoised__seg50,031,3,0,0.493749363720417
031_recortado_denoised__seg51,031,3,0,0.493749363720417
031_recortado_denoised__seg52,031,3,0,0.493749363720417
031_recortado_denoised__seg53,031,3,0,0.493749363720417
031_recortado_denoised__seg54,031,3,0,0.493749363720417
031_recortado_denoised__seg55,031,3,0,0.493749363720417
031_recortado_denoised__seg56,031,3,0,0.493749363720417
031_recortado_denoised__seg57,031,3,0,0.493749363720417
031_recortado_denoised__seg58,031,3,0,0.493749363720417
031_recortado_denoised__seg59,031,3,0,0.493749363720417
031_recortado_denoised__seg6,031,3,0,0.493749363720417
031_recortado_denoised__seg60,031,3,0,0.493749363720417
031_recortado_denoised__seg61,031,3,0,0.493749363720417
031_recortado_denoised__seg62,031,3,0,0.493749363720417
031_recortado_denoised__seg63,031,3,0,0.493749363720417
031_recortado_denoised__seg64,031,3,0,0.493749363720417
031_recortado_denoised__seg65,031,3,0,0.493749363720417
031_recortado_denoised__seg66,031,3,0,0.493749363720417
031_recortado_denoised__seg67,031,3,0,0.493749363720417
031_recortado_denoised__seg68,031,3,0,0.493749363720417
031_recortado_denoised__seg69,031,3,0,0.493749363720417
031_recortado_denoised__seg7,031,3,0,0.493749363720417
031_recortado_denoised__seg70,031,3,0,0.493749363720417
031_recortado_denoised__seg71,031,3,0,0.493749363720417
031_recortado_denoised__seg72,031,3,0,0.493749363720417
031_recortado_denoised__seg73,031,3,0,0.493749363720417
031_recortado_denoised__seg74,031,3,0,0.493749363720417
031_recortado_denoised__seg75,031,3,0,0.493749363720417
031_recortado_denoised__seg76,031,3,0,0.493749363720417
031_recortado_denoised__seg77,031,3,0,0.493749363720417
031_recortado_denoised__seg78,031,3,0,0.493749363720417
031_recortado_denoised__seg79,031,3,0,0.493749363720417
031_recortado_denoised__seg8,031,3,0,0.493749363720417
031_recortado_denoised__seg80,031,3,0,0.493749363720417
031_recortado_denoised__seg81,031,3,0,0.493749363720417
031_recortado_denoised__seg82,031,3,0,0.493749363720417
031_recortado_denoised__seg83,031,3,0,0.493749363720417
031_recortado_denoised__seg84,031,3,0,0.493749363720417
031_recortado_denoised__seg85,031,3,0,0.493749363720417
031_recortado_denoised__seg86,031,3,0,0.493749363720417
031_recortado_denoised__seg87,031,3,0,0.493749363720417
031_recortado_denoised__seg88,031,3,0,0.493749363720417
031_recortado_denoised__seg89,031,3,0,0.493749363720417
031_recortado_denoised__seg9,031,3,0,0.493749363720417
031_recortado_denoised__seg90,031,3,0,0.493749363720417
031_recortado_denoised__seg91,031,3,0,0.493749363720417
031_recortado_denoised__seg92,031,3,0,0.493749363720417
031_recortado_denoised__seg93,031,3,0,0.493749363720417
031_recortado_denoised__seg94,031,3,0,0.493749363720417
031_recortado_denoised__seg95,031,3,0,0.493749363720417
031_recortado_denoised__seg96,031,3,0,0.493749363720417
031_recortado_denoised__seg97,031,3,0,0.493749363720417
031_recortado_denoised__seg98,031,3,0,0.493749363720417
032_recortado_denoised__seg0,032,1,1,0.2507805660367012
032_recortado_denoised__seg1,032,1,1,0.2507805660367012
032_recortado_denoised__seg10,032,1,1,0.2507805660367012
032_recortado_denoised__seg100,032,1,1,0.2507805660367012
032_recortado_denoised__seg101,032,1,1,0.2507805660367012
032_recortado_denoised__seg102,032,1,1,0.2507805660367012
032_recortado_denoised__seg11,032,1,1,0.2507805660367012
032_recortado_denoised__seg12,032,1,1,0.2507805660367012
032_recortado_denoised__seg13,032,1,1,0.2507805660367012
032_recortado_denoised__seg14,032,1,1,0.2507805660367012
032_recortado_denoised__seg15,032,1,1,0.2507805660367012
032_recortado_denoised__seg16,032,1,1,0.2507805660367012
032_recortado_denoised__seg17,032,1,1,0.2507805660367012
032_recortado_denoised__seg18,032,1,1,0.2507805660367012
032_recortado_denoised__seg19,032,1,1,0.2507805660367012
032_recortado_denoised__seg2,032,1,1,0.2507805660367012
032_recortado_denoised__seg20,032,1,1,0.2507805660367012
032_recortado_denoised__seg21,032,1,1,0.2507805660367012
032_recortado_denoised__seg22,032,1,1,0.2507805660367012
032_recortado_denoised__seg23,032,1,1,0.2507805660367012
032_recortado_denoised__seg24,032,1,1,0.2507805660367012
032_recortado_denoised__seg25,032,1,1,0.2507805660367012
032_recortado_denoised__seg26,032,1,1,0.2507805660367012
032_recortado_denoised__seg27,032,1,1,0.2507805660367012
032_recortado_denoised__seg28,032,1,1,0.2507805660367012
032_recortado_denoised__seg29,032,1,1,0.2507805660367012
032_recortado_denoised__seg3,032,1,1,0.2507805660367012
032_recortado_denoised__seg30,032,1,1,0.2507805660367012
032_recortado_denoised__seg31,032,1,1,0.2507805660367012
032_recortado_denoised__seg32,032,1,1,0.2507805660367012
032_recortado_denoised__seg33,032,1,1,0.2507805660367012
032_recortado_denoised__seg34,032,1,1,0.2507805660367012
032_recortado_denoised__seg35,032,1,1,0.2507805660367012
032_recortado_denoised__seg36,032,1,1,0.2507805660367012
032_recortado_denoised__seg37,032,1,1,0.2507805660367012
032_recortado_denoised__seg38,032,1,1,0.2507805660367012
032_recortado_denoised__seg39,032,1,1,0.2507805660367012
032_recortado_denoised__seg4,032,1,1,0.2507805660367012
032_recortado_denoised__seg40,032,1,1,0.2507805660367012
032_recortado_denoised__seg41,032,1,1,0.2507805660367012
032_recortado_denoised__seg42,032,1,1,0.2507805660367012
032_recortado_denoised__seg43,032,1,1,0.2507805660367012
032_recortado_denoised__seg44,032,1,1,0.2507805660367012
032_recortado_denoised__seg45,032,1,1,0.2507805660367012
032_recortado_denoised__seg46,032,1,1,0.2507805660367012
032_recortado_denoised__seg47,032,1,1,0.2507805660367012
032_recortado_denoised__seg48,032,1,1,0.2507805660367012
032_recortado_denoised__seg49,032,1,1,0.2507805660367012
032_recortado_denoised__seg5,032,1,1,0.2507805660367012
032_recortado_denoised__seg50,032,1,1,0.2507805660367012
032_recortado_denoised__seg51,032,1,1,0.2507805660367012
032_recortado_denoised__seg52,032,1,1,0.2507805660367012
032_recortado_denoised__seg53,032,1,1,0.2507805660367012
032_recortado_denoised__seg54,032,1,1,0.2507805660367012
032_recortado_denoised__seg55,032,1,1,0.2507805660367012
032_recortado_denoised__seg56,032,1,1,0.2507805660367012
032_recortado_denoised__seg57,032,1,1,0.2507805660367012
032_recortado_denoised__seg58,032,1,1,0.2507805660367012
032_recortado_denoised__seg59,032,1,1,0.2507805660367012
032_recortado_denoised__seg6,032,1,1,0.2507805660367012
032_recortado_denoised__seg60,032,1,1,0.2507805660367012
032_recortado_denoised__seg61,032,1,1,0.2507805660367012
032_recortado_denoised__seg62,032,1,1,0.2507805660367012
032_recortado_denoised__seg63,032,1,1,0.2507805660367012
032_recortado_denoised__seg64,032,1,1,0.2507805660367012
032_recortado_denoised__seg65,032,1,1,0.2507805660367012
032_recortado_denoised__seg66,032,1,1,0.2507805660367012
032_recortado_denoised__seg67,032,1,1,0.2507805660367012
032_recortado_denoised__seg68,032,1,1,0.2507805660367012
032_recortado_denoised__seg69,032,1,1,0.2507805660367012
032_recortado_denoised__seg7,032,1,1,0.2507805660367012
032_recortado_denoised__seg70,032,1,1,0.2507805660367012
032_recortado_denoised__seg71,032,1,1,0.2507805660367012
032_recortado_denoised__seg72,032,1,1,0.2507805660367012
032_recortado_denoised__seg73,032,1,1,0.2507805660367012
032_recortado_denoised__seg74,032,1,1,0.2507805660367012
032_recortado_denoised__seg75,032,1,1,0.2507805660367012
032_recortado_denoised__seg76,032,1,1,0.2507805660367012
032_recortado_denoised__seg77,032,1,1,0.2507805660367012
032_recortado_denoised__seg78,032,1,1,0.2507805660367012
032_recortado_denoised__seg79,032,1,1,0.2507805660367012
032_recortado_denoised__seg8,032,1,1,0.2507805660367012
032_recortado_denoised__seg80,032,1,1,0.2507805660367012
032_recortado_denoised__seg81,032,1,1,0.2507805660367012
032_recortado_denoised__seg82,032,1,1,0.2507805660367012
032_recortado_denoised__seg83,032,1,1,0.2507805660367012
032_recortado_denoised__seg84,032,1,1,0.2507805660367012
032_recortado_denoised__seg85,032,1,1,0.2507805660367012
032_recortado_denoised__seg86,032,1,1,0.2507805660367012
032_recortado_denoised__seg87,032,1,1,0.2507805660367012
032_recortado_denoised__seg88,032,1,1,0.2507805660367012
032_recortado_denoised__seg89,032,1,1,0.2507805660367012
032_recortado_denoised__seg9,032,1,1,0.2507805660367012
032_recortado_denoised__seg90,032,1,1,0.2507805660367012
032_recortado_denoised__seg91,032,1,1,0.2507805660367012
032_recortado_denoised__seg92,032,1,1,0.2507805660367012
032_recortado_denoised__seg93,032,1,1,0.2507805660367012
032_recortado_denoised__seg94,032,1,1,0.2507805660367012
032_recortado_denoised__seg95,032,1,1,0.2507805660367012
032_recortado_denoised__seg96,032,1,1,0.2507805660367012
032_recortado_denoised__seg97,032,1,1,0.2507805660367012
032_recortado_denoised__seg98,032,1,1,0.2507805660367012
032_recortado_denoised__seg99,032,1,1,0.2507805660367012
033_recortado_denoised__seg0,033,3,1,0.25881041437387464
033_recortado_denoised__seg1,033,3,1,0.25881041437387464
033_recortado_denoised__seg10,033,3,1,0.25881041437387464
033_recortado_denoised__seg11,033,3,1,0.25881041437387464
033_recortado_denoised__seg12,033,3,1,0.25881041437387464
033_recortado_denoised__seg13,033,3,1,0.25881041437387464
033_recortado_denoised__seg14,033,3,1,0.25881041437387464
033_recortado_denoised__seg15,033,3,1,0.25881041437387464
033_recortado_denoised__seg16,033,3,1,0.25881041437387464
033_recortado_denoised__seg17,033,3,1,0.25881041437387464
033_recortado_denoised__seg18,033,3,1,0.25881041437387464
033_recortado_denoised__seg19,033,3,1,0.25881041437387464
033_recortado_denoised__seg2,033,3,1,0.25881041437387464
033_recortado_denoised__seg20,033,3,1,0.25881041437387464
033_recortado_denoised__seg21,033,3,1,0.25881041437387464
033_recortado_denoised__seg22,033,3,1,0.25881041437387464
033_recortado_denoised__seg23,033,3,1,0.25881041437387464
033_recortado_denoised__seg24,033,3,1,0.25881041437387464
033_recortado_denoised__seg25,033,3,1,0.25881041437387464
033_recortado_denoised__seg26,033,3,1,0.25881041437387464
033_recortado_denoised__seg27,033,3,1,0.25881041437387464
033_recortado_denoised__seg28,033,3,1,0.25881041437387464
033_recortado_denoised__seg29,033,3,1,0.25881041437387464
033_recortado_denoised__seg3,033,3,1,0.25881041437387464
033_recortado_denoised__seg30,033,3,1,0.25881041437387464
033_recortado_denoised__seg31,033,3,1,0.25881041437387464
033_recortado_denoised__seg32,033,3,1,0.25881041437387464
033_recortado_denoised__seg33,033,3,1,0.25881041437387464
033_recortado_denoised__seg34,033,3,1,0.25881041437387464
033_recortado_denoised__seg35,033,3,1,0.25881041437387464
033_recortado_denoised__seg36,033,3,1,0.25881041437387464
033_recortado_denoised__seg37,033,3,1,0.25881041437387464
033_recortado_denoised__seg38,033,3,1,0.25881041437387464
033_recortado_denoised__seg39,033,3,1,0.25881041437387464
033_recortado_denoised__seg4,033,3,1,0.25881041437387464
033_recortado_denoised__seg40,033,3,1,0.25881041437387464
033_recortado_denoised__seg41,033,3,1,0.25881041437387464
033_recortado_denoised__seg42,033,3,1,0.25881041437387464
033_recortado_denoised__seg43,033,3,1,0.25881041437387464
033_recortado_denoised__seg44,033,3,1,0.25881041437387464
033_recortado_denoised__seg5,033,3,1,0.25881041437387464
033_recortado_denoised__seg6,033,3,1,0.25881041437387464
033_recortado_denoised__seg7,033,3,1,0.25881041437387464
033_recortado_denoised__seg8,033,3,1,0.25881041437387464
033_recortado_denoised__seg9,033,3,1,0.25881041437387464
034_recortado_denoised__seg0,034,3,0,0.20045628771185875
034_recortado_denoised__seg1,034,3,0,0.20045628771185875
034_recortado_denoised__seg10,034,3,0,0.20045628771185875
034_recortado_denoised__seg100,034,3,0,0.20045628771185875
034_recortado_denoised__seg101,034,3,0,0.20045628771185875
034_recortado_denoised__seg102,034,3,0,0.20045628771185875
034_recortado_denoised__seg103,034,3,0,0.20045628771185875
034_recortado_denoised__seg104,034,3,0,0.20045628771185875
034_recortado_denoised__seg105,034,3,0,0.20045628771185875
034_recortado_denoised__seg106,034,3,0,0.20045628771185875
034_recortado_denoised__seg107,034,3,0,0.20045628771185875
034_recortado_denoised__seg11,034,3,0,0.20045628771185875
034_recortado_denoised__seg12,034,3,0,0.20045628771185875
034_recortado_denoised__seg13,034,3,0,0.20045628771185875
034_recortado_denoised__seg14,034,3,0,0.20045628771185875
034_recortado_denoised__seg15,034,3,0,0.20045628771185875
034_recortado_denoised__seg16,034,3,0,0.20045628771185875
034_recortado_denoised__seg17,034,3,0,0.20045628771185875
034_recortado_denoised__seg18,034,3,0,0.20045628771185875
034_recortado_denoised__seg19,034,3,0,0.20045628771185875
034_recortado_denoised__seg2,034,3,0,0.20045628771185875
034_recortado_denoised__seg20,034,3,0,0.20045628771185875
034_recortado_denoised__seg21,034,3,0,0.20045628771185875
034_recortado_denoised__seg22,034,3,0,0.20045628771185875
034_recortado_denoised__seg23,034,3,0,0.20045628771185875
034_recortado_denoised__seg24,034,3,0,0.20045628771185875
034_recortado_denoised__seg25,034,3,0,0.20045628771185875
034_recortado_denoised__seg26,034,3,0,0.20045628771185875
034_recortado_denoised__seg27,034,3,0,0.20045628771185875
034_recortado_denoised__seg28,034,3,0,0.20045628771185875
034_recortado_denoised__seg29,034,3,0,0.20045628771185875
034_recortado_denoised__seg3,034,3,0,0.20045628771185875
034_recortado_denoised__seg30,034,3,0,0.20045628771185875
034_recortado_denoised__seg31,034,3,0,0.20045628771185875
034_recortado_denoised__seg32,034,3,0,0.20045628771185875
034_recortado_denoised__seg33,034,3,0,0.20045628771185875
034_recortado_denoised__seg34,034,3,0,0.20045628771185875
034_recortado_denoised__seg35,034,3,0,0.20045628771185875
034_recortado_denoised__seg36,034,3,0,0.20045628771185875
034_recortado_denoised__seg37,034,3,0,0.20045628771185875
034_recortado_denoised__seg38,034,3,0,0.20045628771185875
034_recortado_denoised__seg39,034,3,0,0.20045628771185875
034_recortado_denoised__seg4,034,3,0,0.20045628771185875
034_recortado_denoised__seg40,034,3,0,0.20045628771185875
034_recortado_denoised__seg41,034,3,0,0.20045628771185875
034_recortado_denoised__seg42,034,3,0,0.20045628771185875
034_recortado_denoised__seg43,034,3,0,0.20045628771185875
034_recortado_denoised__seg44,034,3,0,0.20045628771185875
034_recortado_denoised__seg45,034,3,0,0.20045628771185875
034_recortado_denoised__seg46,034,3,0,0.20045628771185875
034_recortado_denoised__seg47,034,3,0,0.20045628771185875
034_recortado_denoised__seg48,034,3,0,0.20045628771185875
034_recortado_denoised__seg49,034,3,0,0.20045628771185875
034_recortado_denoised__seg5,034,3,0,0.20045628771185875
034_recortado_denoised__seg50,034,3,0,0.20045628771185875
034_recortado_denoised__seg51,034,3,0,0.20045628771185875
034_recortado_denoised__seg52,034,3,0,0.20045628771185875
034_recortado_denoised__seg53,034,3,0,0.20045628771185875
034_recortado_denoised__seg54,034,3,0,0.20045628771185875
034_recortado_denoised__seg55,034,3,0,0.20045628771185875
034_recortado_denoised__seg56,034,3,0,0.20045628771185875
034_recortado_denoised__seg57,034,3,0,0.20045628771185875
034_recortado_denoised__seg58,034,3,0,0.20045628771185875
034_recortado_denoised__seg59,034,3,0,0.20045628771185875
034_recortado_denoised__seg6,034,3,0,0.20045628771185875
034_recortado_denoised__seg60,034,3,0,0.20045628771185875
034_recortado_denoised__seg61,034,3,0,0.20045628771185875
034_recortado_denoised__seg62,034,3,0,0.20045628771185875
034_recortado_denoised__seg63,034,3,0,0.20045628771185875
034_recortado_denoised__seg64,034,3,0,0.20045628771185875
034_recortado_denoised__seg65,034,3,0,0.20045628771185875
034_recortado_denoised__seg66,034,3,0,0.20045628771185875
034_recortado_denoised__seg67,034,3,0,0.20045628771185875
034_recortado_denoised__seg68,034,3,0,0.20045628771185875
034_recortado_denoised__seg69,034,3,0,0.20045628771185875
034_recortado_denoised__seg7,034,3,0,0.20045628771185875
034_recortado_denoised__seg70,034,3,0,0.20045628771185875
034_recortado_denoised__seg71,034,3,0,0.20045628771185875
034_recortado_denoised__seg72,034,3,0,0.20045628771185875
034_recortado_denoised__seg73,034,3,0,0.20045628771185875
034_recortado_denoised__seg74,034,3,0,0.20045628771185875
034_recortado_denoised__seg75,034,3,0,0.20045628771185875
034_recortado_denoised__seg76,034,3,0,0.20045628771185875
034_recortado_denoised__seg77,034,3,0,0.20045628771185875
034_recortado_denoised__seg78,034,3,0,0.20045628771185875
034_recortado_denoised__seg79,034,3,0,0.20045628771185875
034_recortado_denoised__seg8,034,3,0,0.20045628771185875
034_recortado_denoised__seg80,034,3,0,0.20045628771185875
034_recortado_denoised__seg81,034,3,0,0.20045628771185875
034_recortado_denoised__seg82,034,3,0,0.20045628771185875
034_recortado_denoised__seg83,034,3,0,0.20045628771185875
034_recortado_denoised__seg84,034,3,0,0.20045628771185875
034_recortado_denoised__seg85,034,3,0,0.20045628771185875
034_recortado_denoised__seg86,034,3,0,0.20045628771185875
034_recortado_denoised__seg87,034,3,0,0.20045628771185875
034_recortado_denoised__seg88,034,3,0,0.20045628771185875
034_recortado_denoised__seg89,034,3,0,0.20045628771185875
034_recortado_denoised__seg9,034,3,0,0.20045628771185875
034_recortado_denoised__seg90,034,3,0,0.20045628771185875
034_recortado_denoised__seg91,034,3,0,0.20045628771185875
034_recortado_denoised__seg92,034,3,0,0.20045628771185875
034_recortado_denoised__seg93,034,3,0,0.20045628771185875
034_recortado_denoised__seg94,034,3,0,0.20045628771185875
034_recortado_denoised__seg95,034,3,0,0.20045628771185875
034_recortado_denoised__seg96,034,3,0,0.20045628771185875
034_recortado_denoised__seg97,034,3,0,0.20045628771185875
034_recortado_denoised__seg98,034,3,0,0.20045628771185875
034_recortado_denoised__seg99,034,3,0,0.20045628771185875
036_recortado_denoised__seg0,036,5,0,0.16667964905500413
036_recortado_denoised__seg1,036,5,0,0.16667964905500413
036_recortado_denoised__seg10,036,5,0,0.16667964905500413
036_recortado_denoised__seg11,036,5,0,0.16667964905500413
036_recortado_denoised__seg12,036,5,0,0.16667964905500413
036_recortado_denoised__seg13,036,5,0,0.16667964905500413
036_recortado_denoised__seg14,036,5,0,0.16667964905500413
036_recortado_denoised__seg15,036,5,0,0.16667964905500413
036_recortado_denoised__seg16,036,5,0,0.16667964905500413
036_recortado_denoised__seg17,036,5,0,0.16667964905500413
036_recortado_denoised__seg18,036,5,0,0.16667964905500413
036_recortado_denoised__seg19,036,5,0,0.16667964905500413
036_recortado_denoised__seg2,036,5,0,0.16667964905500413
036_recortado_denoised__seg20,036,5,0,0.16667964905500413
036_recortado_denoised__seg21,036,5,0,0.16667964905500413
036_recortado_denoised__seg22,036,5,0,0.16667964905500413
036_recortado_denoised__seg23,036,5,0,0.16667964905500413
036_recortado_denoised__seg24,036,5,0,0.16667964905500413
036_recortado_denoised__seg25,036,5,0,0.16667964905500413
036_recortado_denoised__seg26,036,5,0,0.16667964905500413
036_recortado_denoised__seg27,036,5,0,0.16667964905500413
036_recortado_denoised__seg28,036,5,0,0.16667964905500413
036_recortado_denoised__seg29,036,5,0,0.16667964905500413
036_recortado_denoised__seg3,036,5,0,0.16667964905500413
036_recortado_denoised__seg30,036,5,0,0.16667964905500413
036_recortado_denoised__seg31,036,5,0,0.16667964905500413
036_recortado_denoised__seg32,036,5,0,0.16667964905500413
036_recortado_denoised__seg33,036,5,0,0.16667964905500413
036_recortado_denoised__seg34,036,5,0,0.16667964905500413
036_recortado_denoised__seg35,036,5,0,0.16667964905500413
036_recortado_denoised__seg36,036,5,0,0.16667964905500413
036_recortado_denoised__seg37,036,5,0,0.16667964905500413
036_recortado_denoised__seg38,036,5,0,0.16667964905500413
036_recortado_denoised__seg39,036,5,0,0.16667964905500413
036_recortado_denoised__seg4,036,5,0,0.16667964905500413
036_recortado_denoised__seg40,036,5,0,0.16667964905500413
036_recortado_denoised__seg41,036,5,0,0.16667964905500413
036_recortado_denoised__seg42,036,5,0,0.16667964905500413
036_recortado_denoised__seg43,036,5,0,0.16667964905500413
036_recortado_denoised__seg44,036,5,0,0.16667964905500413
036_recortado_denoised__seg45,036,5,0,0.16667964905500413
036_recortado_denoised__seg46,036,5,0,0.16667964905500413
036_recortado_denoised__seg47,036,5,0,0.16667964905500413
036_recortado_denoised__seg5,036,5,0,0.16667964905500413
036_recortado_denoised__seg6,036,5,0,0.16667964905500413
036_recortado_denoised__seg7,036,5,0,0.16667964905500413
036_recortado_denoised__seg8,036,5,0,0.16667964905500413
036_recortado_denoised__seg9,036,5,0,0.16667964905500413
037_recortado_denoised__seg0,037,3,0,0.17435256987810135
037_recortado_denoised__seg1,037,3,0,0.17435256987810135
037_recortado_denoised__seg10,037,3,0,0.17435256987810135
037_recortado_denoised__seg11,037,3,0,0.17435256987810135
037_recortado_denoised__seg12,037,3,0,0.17435256987810135
037_recortado_denoised__seg13,037,3,0,0.17435256987810135
037_recortado_denoised__seg14,037,3,0,0.17435256987810135
037_recortado_denoised__seg15,037,3,0,0.17435256987810135
037_recortado_denoised__seg16,037,3,0,0.17435256987810135
037_recortado_denoised__seg17,037,3,0,0.17435256987810135
037_recortado_denoised__seg18,037,3,0,0.17435256987810135
037_recortado_denoised__seg19,037,3,0,0.17435256987810135
037_recortado_denoised__seg2,037,3,0,0.17435256987810135
037_recortado_denoised__seg20,037,3,0,0.17435256987810135
037_recortado_denoised__seg21,037,3,0,0.17435256987810135
037_recortado_denoised__seg22,037,3,0,0.17435256987810135
037_recortado_denoised__seg23,037,3,0,0.17435256987810135
037_recortado_denoised__seg24,037,3,0,0.17435256987810135
037_recortado_denoised__seg25,037,3,0,0.17435256987810135
037_recortado_denoised__seg26,037,3,0,0.17435256987810135
037_recortado_denoised__seg27,037,3,0,0.17435256987810135
037_recortado_denoised__seg28,037,3,0,0.17435256987810135
037_recortado_denoised__seg29,037,3,0,0.17435256987810135
037_recortado_denoised__seg3,037,3,0,0.17435256987810135
037_recortado_denoised__seg30,037,3,0,0.17435256987810135
037_recortado_denoised__seg31,037,3,0,0.17435256987810135
037_recortado_denoised__seg32,037,3,0,0.17435256987810135
037_recortado_denoised__seg33,037,3,0,0.17435256987810135
037_recortado_denoised__seg34,037,3,0,0.17435256987810135
037_recortado_denoised__seg35,037,3,0,0.17435256987810135
037_recortado_denoised__seg36,037,3,0,0.17435256987810135
037_recortado_denoised__seg37,037,3,0,0.17435256987810135
037_recortado_denoised__seg38,037,3,0,0.17435256987810135
037_recortado_denoised__seg39,037,3,0,0.17435256987810135
037_recortado_denoised__seg4,037,3,0,0.17435256987810135
037_recortado_denoised__seg40,037,3,0,0.17435256987810135
037_recortado_denoised__seg41,037,3,0,0.17435256987810135
037_recortado_denoised__seg42,037,3,0,0.17435256987810135
037_recortado_denoised__seg43,037,3,0,0.17435256987810135
037_recortado_denoised__seg44,037,3,0,0.17435256987810135
037_recortado_denoised__seg45,037,3,0,0.17435256987810135
037_recortado_denoised__seg5,037,3,0,0.17435256987810135
037_recortado_denoised__seg6,037,3,0,0.17435256987810135
037_recortado_denoised__seg7,037,3,0,0.17435256987810135
037_recortado_denoised__seg8,037,3,0,0.17435256987810135
037_recortado_denoised__seg9,037,3,0,0.17435256987810135
038_recortado_denoised__seg0,038,4,0,0.15419966466724871
038_recortado_denoised__seg1,038,4,0,0.15419966466724871
038_recortado_denoised__seg10,038,4,0,0.15419966466724871
038_recortado_denoised__seg11,038,4,0,0.15419966466724871
038_recortado_denoised__seg12,038,4,0,0.15419966466724871
038_recortado_denoised__seg13,038,4,0,0.15419966466724871
038_recortado_denoised__seg14,038,4,0,0.15419966466724871
038_recortado_denoised__seg15,038,4,0,0.15419966466724871
038_recortado_denoised__seg16,038,4,0,0.15419966466724871
038_recortado_denoised__seg17,038,4,0,0.15419966466724871
038_recortado_denoised__seg18,038,4,0,0.15419966466724871
038_recortado_denoised__seg19,038,4,0,0.15419966466724871
038_recortado_denoised__seg2,038,4,0,0.15419966466724871
038_recortado_denoised__seg20,038,4,0,0.15419966466724871
038_recortado_denoised__seg21,038,4,0,0.15419966466724871
038_recortado_denoised__seg22,038,4,0,0.15419966466724871
038_recortado_denoised__seg23,038,4,0,0.15419966466724871
038_recortado_denoised__seg24,038,4,0,0.15419966466724871
038_recortado_denoised__seg25,038,4,0,0.15419966466724871
038_recortado_denoised__seg26,038,4,0,0.15419966466724871
038_recortado_denoised__seg27,038,4,0,0.15419966466724871
038_recortado_denoised__seg28,038,4,0,0.15419966466724871
038_recortado_denoised__seg29,038,4,0,0.15419966466724871
038_recortado_denoised__seg3,038,4,0,0.15419966466724871
038_recortado_denoised__seg30,038,4,0,0.15419966466724871
038_recortado_denoised__seg31,038,4,0,0.15419966466724871
038_recortado_denoised__seg32,038,4,0,0.15419966466724871
038_recortado_denoised__seg33,038,4,0,0.15419966466724871
038_recortado_denoised__seg34,038,4,0,0.15419966466724871
038_recortado_denoised__seg35,038,4,0,0.15419966466724871
038_recortado_denoised__seg36,038,4,0,0.15419966466724871
038_recortado_denoised__seg37,038,4,0,0.15419966466724871
038_recortado_denoised__seg38,038,4,0,0.15419966466724871
038_recortado_denoised__seg39,038,4,0,0.15419966466724871
038_recortado_denoised__seg4,038,4,0,0.15419966466724871
038_recortado_denoised__seg40,038,4,0,0.15419966466724871
038_recortado_denoised__seg41,038,4,0,0.15419966466724871
038_recortado_denoised__seg42,038,4,0,0.15419966466724871
038_recortado_denoised__seg43,038,4,0,0.15419966466724871
038_recortado_denoised__seg44,038,4,0,0.15419966466724871
038_recortado_denoised__seg45,038,4,0,0.15419966466724871
038_recortado_denoised__seg46,038,4,0,0.15419966466724871
038_recortado_denoised__seg47,038,4,0,0.15419966466724871
038_recortado_denoised__seg48,038,4,0,0.15419966466724871
038_recortado_denoised__seg49,038,4,0,0.15419966466724871
038_recortado_denoised__seg5,038,4,0,0.15419966466724871
038_recortado_denoised__seg50,038,4,0,0.15419966466724871
038_recortado_denoised__seg51,038,4,0,0.15419966466724871
038_recortado_denoised__seg52,038,4,0,0.15419966466724871
038_recortado_denoised__seg53,038,4,0,0.15419966466724871
038_recortado_denoised__seg54,038,4,0,0.15419966466724871
038_recortado_denoised__seg55,038,4,0,0.15419966466724871
038_recortado_denoised__seg56,038,4,0,0.15419966466724871
038_recortado_denoised__seg57,038,4,0,0.15419966466724871
038_recortado_denoised__seg58,038,4,0,0.15419966466724871
038_recortado_denoised__seg59,038,4,0,0.15419966466724871
038_recortado_denoised__seg6,038,4,0,0.15419966466724871
038_recortado_denoised__seg60,038,4,0,0.15419966466724871
038_recortado_denoised__seg61,038,4,0,0.15419966466724871
038_recortado_denoised__seg62,038,4,0,0.15419966466724871
038_recortado_denoised__seg63,038,4,0,0.15419966466724871
038_recortado_denoised__seg64,038,4,0,0.15419966466724871
038_recortado_denoised__seg65,038,4,0,0.15419966466724871
038_recortado_denoised__seg66,038,4,0,0.15419966466724871
038_recortado_denoised__seg67,038,4,0,0.15419966466724871
038_recortado_denoised__seg68,038,4,0,0.15419966466724871
038_recortado_denoised__seg69,038,4,0,0.15419966466724871
038_recortado_denoised__seg7,038,4,0,0.15419966466724871
038_recortado_denoised__seg70,038,4,0,0.15419966466724871
038_recortado_denoised__seg71,038,4,0,0.15419966466724871
038_recortado_denoised__seg72,038,4,0,0.15419966466724871
038_recortado_denoised__seg73,038,4,0,0.15419966466724871
038_recortado_denoised__seg74,038,4,0,0.15419966466724871
038_recortado_denoised__seg75,038,4,0,0.15419966466724871
038_recortado_denoised__seg76,038,4,0,0.15419966466724871
038_recortado_denoised__seg8,038,4,0,0.15419966466724871
038_recortado_denoised__seg9,038,4,0,0.15419966466724871
039_recortado_denoised__seg0,039,4,0,0.25924275666475294
039_recortado_denoised__seg1,039,4,0,0.25924275666475294
039_recortado_denoised__seg10,039,4,0,0.25924275666475294
039_recortado_denoised__seg11,039,4,0,0.25924275666475294
039_recortado_denoised__seg12,039,4,0,0.25924275666475294
039_recortado_denoised__seg13,039,4,0,0.25924275666475294
039_recortado_denoised__seg14,039,4,0,0.25924275666475294
039_recortado_denoised__seg15,039,4,0,0.25924275666475294
039_recortado_denoised__seg16,039,4,0,0.25924275666475294
039_recortado_denoised__seg17,039,4,0,0.25924275666475294
039_recortado_denoised__seg18,039,4,0,0.25924275666475294
039_recortado_denoised__seg19,039,4,0,0.25924275666475294
039_recortado_denoised__seg2,039,4,0,0.25924275666475294
039_recortado_denoised__seg20,039,4,0,0.25924275666475294
039_recortado_denoised__seg21,039,4,0,0.25924275666475294
039_recortado_denoised__seg22,039,4,0,0.25924275666475294
039_recortado_denoised__seg23,039,4,0,0.25924275666475294
039_recortado_denoised__seg24,039,4,0,0.25924275666475294
039_recortado_denoised__seg25,039,4,0,0.25924275666475294
039_recortado_denoised__seg26,039,4,0,0.25924275666475294
039_recortado_denoised__seg27,039,4,0,0.25924275666475294
039_recortado_denoised__seg28,039,4,0,0.25924275666475294
039_recortado_denoised__seg29,039,4,0,0.25924275666475294
039_recortado_denoised__seg3,039,4,0,0.25924275666475294
039_recortado_denoised__seg30,039,4,0,0.25924275666475294
039_recortado_denoised__seg31,039,4,0,0.25924275666475294
039_recortado_denoised__seg32,039,4,0,0.25924275666475294
039_recortado_denoised__seg4,039,4,0,0.25924275666475294
039_recortado_denoised__seg5,039,4,0,0.25924275666475294
039_recortado_denoised__seg6,039,4,0,0.25924275666475294
039_recortado_denoised__seg7,039,4,0,0.25924275666475294
039_recortado_denoised__seg8,039,4,0,0.25924275666475294
039_recortado_denoised__seg9,039,4,0,0.25924275666475294
040_recortado_denoised__seg0,040,5,0,0.09702377542853355
040_recortado_denoised__seg1,040,5,0,0.09702377542853355
040_recortado_denoised__seg10,040,5,0,0.09702377542853355
040_recortado_denoised__seg11,040,5,0,0.09702377542853355
040_recortado_denoised__seg12,040,5,0,0.09702377542853355
040_recortado_denoised__seg13,040,5,0,0.09702377542853355
040_recortado_denoised__seg14,040,5,0,0.09702377542853355
040_recortado_denoised__seg15,040,5,0,0.09702377542853355
040_recortado_denoised__seg16,040,5,0,0.09702377542853355
040_recortado_denoised__seg17,040,5,0,0.09702377542853355
040_recortado_denoised__seg18,040,5,0,0.09702377542853355
040_recortado_denoised__seg19,040,5,0,0.09702377542853355
040_recortado_denoised__seg2,040,5,0,0.09702377542853355
040_recortado_denoised__seg20,040,5,0,0.09702377542853355
040_recortado_denoised__seg21,040,5,0,0.09702377542853355
040_recortado_denoised__seg22,040,5,0,0.09702377542853355
040_recortado_denoised__seg23,040,5,0,0.09702377542853355
040_recortado_denoised__seg24,040,5,0,0.09702377542853355
040_recortado_denoised__seg25,040,5,0,0.09702377542853355
040_recortado_denoised__seg26,040,5,0,0.09702377542853355
040_recortado_denoised__seg27,040,5,0,0.09702377542853355
040_recortado_denoised__seg28,040,5,0,0.09702377542853355
040_recortado_denoised__seg29,040,5,0,0.09702377542853355
040_recortado_denoised__seg3,040,5,0,0.09702377542853355
040_recortado_denoised__seg30,040,5,0,0.09702377542853355
040_recortado_denoised__seg31,040,5,0,0.09702377542853355
040_recortado_denoised__seg32,040,5,0,0.09702377542853355
040_recortado_denoised__seg33,040,5,0,0.09702377542853355
040_recortado_denoised__seg34,040,5,0,0.09702377542853355
040_recortado_denoised__seg35,040,5,0,0.09702377542853355
040_recortado_denoised__seg36,040,5,0,0.09702377542853355
040_recortado_denoised__seg37,040,5,0,0.09702377542853355
040_recortado_denoised__seg38,040,5,0,0.09702377542853355
040_recortado_denoised__seg39,040,5,0,0.09702377542853355
040_recortado_denoised__seg4,040,5,0,0.09702377542853355
040_recortado_denoised__seg5,040,5,0,0.09702377542853355
040_recortado_denoised__seg6,040,5,0,0.09702377542853355
040_recortado_denoised__seg7,040,5,0,0.09702377542853355
040_recortado_denoised__seg8,040,5,0,0.09702377542853355
040_recortado_denoised__seg9,040,5,0,0.09702377542853355
041_recortado_denoised__seg0,041,2,0,0.2008442036807537
041_recortado_denoised__seg1,041,2,0,0.2008442036807537
041_recortado_denoised__seg10,041,2,0,0.2008442036807537
041_recortado_denoised__seg11,041,2,0,0.2008442036807537
041_recortado_denoised__seg12,041,2,0,0.2008442036807537
041_recortado_denoised__seg13,041,2,0,0.2008442036807537
041_recortado_denoised__seg14,041,2,0,0.2008442036807537
041_recortado_denoised__seg15,041,2,0,0.2008442036807537
041_recortado_denoised__seg16,041,2,0,0.2008442036807537
041_recortado_denoised__seg17,041,2,0,0.2008442036807537
041_recortado_denoised__seg18,041,2,0,0.2008442036807537
041_recortado_denoised__seg19,041,2,0,0.2008442036807537
041_recortado_denoised__seg2,041,2,0,0.2008442036807537
041_recortado_denoised__seg20,041,2,0,0.2008442036807537
041_recortado_denoised__seg21,041,2,0,0.2008442036807537
041_recortado_denoised__seg22,041,2,0,0.2008442036807537
041_recortado_denoised__seg23,041,2,0,0.2008442036807537
041_recortado_denoised__seg24,041,2,0,0.2008442036807537
041_recortado_denoised__seg25,041,2,0,0.2008442036807537
041_recortado_denoised__seg26,041,2,0,0.2008442036807537
041_recortado_denoised__seg27,041,2,0,0.2008442036807537
041_recortado_denoised__seg28,041,2,0,0.2008442036807537
041_recortado_denoised__seg3,041,2,0,0.2008442036807537
041_recortado_denoised__seg4,041,2,0,0.2008442036807537
041_recortado_denoised__seg5,041,2,0,0.2008442036807537
041_recortado_denoised__seg6,041,2,0,0.2008442036807537
041_recortado_denoised__seg7,041,2,0,0.2008442036807537
041_recortado_denoised__seg8,041,2,0,0.2008442036807537
041_recortado_denoised__seg9,041,2,0,0.2008442036807537
044_recortado_denoised__seg0,044,3,0,0.23997870087623596
044_recortado_denoised__seg1,044,3,0,0.23997870087623596
044_recortado_denoised__seg10,044,3,0,0.23997870087623596
044_recortado_denoised__seg11,044,3,0,0.23997870087623596
044_recortado_denoised__seg12,044,3,0,0.23997870087623596
044_recortado_denoised__seg13,044,3,0,0.23997870087623596
044_recortado_denoised__seg14,044,3,0,0.23997870087623596
044_recortado_denoised__seg15,044,3,0,0.23997870087623596
044_recortado_denoised__seg16,044,3,0,0.23997870087623596
044_recortado_denoised__seg17,044,3,0,0.23997870087623596
044_recortado_denoised__seg18,044,3,0,0.23997870087623596
044_recortado_denoised__seg19,044,3,0,0.23997870087623596
044_recortado_denoised__seg2,044,3,0,0.23997870087623596
044_recortado_denoised__seg20,044,3,0,0.23997870087623596
044_recortado_denoised__seg21,044,3,0,0.23997870087623596
044_recortado_denoised__seg22,044,3,0,0.23997870087623596
044_recortado_denoised__seg23,044,3,0,0.23997870087623596
044_recortado_denoised__seg24,044,3,0,0.23997870087623596
044_recortado_denoised__seg25,044,3,0,0.23997870087623596
044_recortado_denoised__seg26,044,3,0,0.23997870087623596
044_recortado_denoised__seg27,044,3,0,0.23997870087623596
044_recortado_denoised__seg28,044,3,0,0.23997870087623596
044_recortado_denoised__seg29,044,3,0,0.23997870087623596
044_recortado_denoised__seg3,044,3,0,0.23997870087623596
044_recortado_denoised__seg4,044,3,0,0.23997870087623596
044_recortado_denoised__seg5,044,3,0,0.23997870087623596
044_recortado_denoised__seg6,044,3,0,0.23997870087623596
044_recortado_denoised__seg7,044,3,0,0.23997870087623596
044_recortado_denoised__seg8,044,3,0,0.23997870087623596
044_recortado_denoised__seg9,044,3,0,0.23997870087623596
045_recortado_denoised__seg0,045,4,0,0.1123571615666151
045_recortado_denoised__seg1,045,4,0,0.1123571615666151
045_recortado_denoised__seg10,045,4,0,0.1123571615666151
045_recortado_denoised__seg11,045,4,0,0.1123571615666151
045_recortado_denoised__seg12,045,4,0,0.1123571615666151
045_recortado_denoised__seg13,045,4,0,0.1123571615666151
045_recortado_denoised__seg14,045,4,0,0.1123571615666151
045_recortado_denoised__seg15,045,4,0,0.1123571615666151
045_recortado_denoised__seg16,045,4,0,0.1123571615666151
045_recortado_denoised__seg17,045,4,0,0.1123571615666151
045_recortado_denoised__seg18,045,4,0,0.1123571615666151
045_recortado_denoised__seg19,045,4,0,0.1123571615666151
045_recortado_denoised__seg2,045,4,0,0.1123571615666151
045_recortado_denoised__seg20,045,4,0,0.1123571615666151
045_recortado_denoised__seg21,045,4,0,0.1123571615666151
045_recortado_denoised__seg22,045,4,0,0.1123571615666151
045_recortado_denoised__seg23,045,4,0,0.1123571615666151
045_recortado_denoised__seg24,045,4,0,0.1123571615666151
045_recortado_denoised__seg25,045,4,0,0.1123571615666151
045_recortado_denoised__seg26,045,4,0,0.1123571615666151
045_recortado_denoised__seg27,045,4,0,0.1123571615666151
045_recortado_denoised__seg28,045,4,0,0.1123571615666151
045_recortado_denoised__seg29,045,4,0,0.1123571615666151
045_recortado_denoised__seg3,045,4,0,0.1123571615666151
045_recortado_denoised__seg30,045,4,0,0.1123571615666151
045_recortado_denoised__seg31,045,4,0,0.1123571615666151
045_recortado_denoised__seg4,045,4,0,0.1123571615666151
045_recortado_denoised__seg5,045,4,0,0.1123571615666151
045_recortado_denoised__seg6,045,4,0,0.1123571615666151
045_recortado_denoised__seg7,045,4,0,0.1123571615666151
045_recortado_denoised__seg8,045,4,0,0.1123571615666151
045_recortado_denoised__seg9,045,4,0,0.1123571615666151
046_recortado_denoised__seg0,046,2,0,0.15855448842048644
046_recortado_denoised__seg1,046,2,0,0.15855448842048644
046_recortado_denoised__seg10,046,2,0,0.15855448842048644
046_recortado_denoised__seg11,046,2,0,0.15855448842048644
046_recortado_denoised__seg12,046,2,0,0.15855448842048644
046_recortado_denoised__seg13,046,2,0,0.15855448842048644
046_recortado_denoised__seg14,046,2,0,0.15855448842048644
046_recortado_denoised__seg15,046,2,0,0.15855448842048644
046_recortado_denoised__seg16,046,2,0,0.15855448842048644
046_recortado_denoised__seg17,046,2,0,0.15855448842048644
046_recortado_denoised__seg18,046,2,0,0.15855448842048644
046_recortado_denoised__seg19,046,2,0,0.15855448842048644
046_recortado_denoised__seg2,046,2,0,0.15855448842048644
046_recortado_denoised__seg20,046,2,0,0.15855448842048644
046_recortado_denoised__seg21,046,2,0,0.15855448842048644
046_recortado_denoised__seg22,046,2,0,0.15855448842048644
046_recortado_denoised__seg23,046,2,0,0.15855448842048644
046_recortado_denoised__seg24,046,2,0,0.15855448842048644
046_recortado_denoised__seg25,046,2,0,0.15855448842048644
046_recortado_denoised__seg26,046,2,0,0.15855448842048644
046_recortado_denoised__seg27,046,2,0,0.15855448842048644
046_recortado_denoised__seg28,046,2,0,0.15855448842048644
046_recortado_denoised__seg29,046,2,0,0.15855448842048644
046_recortado_denoised__seg3,046,2,0,0.15855448842048644
046_recortado_denoised__seg30,046,2,0,0.15855448842048644
046_recortado_denoised__seg31,046,2,0,0.15855448842048644
046_recortado_denoised__seg32,046,2,0,0.15855448842048644
046_recortado_denoised__seg33,046,2,0,0.15855448842048644
046_recortado_denoised__seg34,046,2,0,0.15855448842048644
046_recortado_denoised__seg35,046,2,0,0.15855448842048644
046_recortado_denoised__seg36,046,2,0,0.15855448842048644
046_recortado_denoised__seg37,046,2,0,0.15855448842048644
046_recortado_denoised__seg38,046,2,0,0.15855448842048644
046_recortado_denoised__seg39,046,2,0,0.15855448842048644
046_recortado_denoised__seg4,046,2,0,0.15855448842048644
046_recortado_denoised__seg40,046,2,0,0.15855448842048644
046_recortado_denoised__seg5,046,2,0,0.15855448842048644
046_recortado_denoised__seg6,046,2,0,0.15855448842048644
046_recortado_denoised__seg7,046,2,0,0.15855448842048644
046_recortado_denoised__seg8,046,2,0,0.15855448842048644
046_recortado_denoised__seg9,046,2,0,0.15855448842048644
048_recortado_denoised__seg0,048,3,0,0.13334587216377258
048_recortado_denoised__seg1,048,3,0,0.13334587216377258
048_recortado_denoised__seg10,048,3,0,0.13334587216377258
048_recortado_denoised__seg11,048,3,0,0.13334587216377258
048_recortado_denoised__seg12,048,3,0,0.13334587216377258
048_recortado_denoised__seg13,048,3,0,0.13334587216377258
048_recortado_denoised__seg14,048,3,0,0.13334587216377258
048_recortado_denoised__seg15,048,3,0,0.13334587216377258
048_recortado_denoised__seg16,048,3,0,0.13334587216377258
048_recortado_denoised__seg17,048,3,0,0.13334587216377258
048_recortado_denoised__seg18,048,3,0,0.13334587216377258
048_recortado_denoised__seg19,048,3,0,0.13334587216377258
048_recortado_denoised__seg2,048,3,0,0.13334587216377258
048_recortado_denoised__seg20,048,3,0,0.13334587216377258
048_recortado_denoised__seg21,048,3,0,0.13334587216377258
048_recortado_denoised__seg22,048,3,0,0.13334587216377258
048_recortado_denoised__seg23,048,3,0,0.13334587216377258
048_recortado_denoised__seg24,048,3,0,0.13334587216377258
048_recortado_denoised__seg25,048,3,0,0.13334587216377258
048_recortado_denoised__seg26,048,3,0,0.13334587216377258
048_recortado_denoised__seg27,048,3,0,0.13334587216377258
048_recortado_denoised__seg28,048,3,0,0.13334587216377258
048_recortado_denoised__seg29,048,3,0,0.13334587216377258
048_recortado_denoised__seg3,048,3,0,0.13334587216377258
048_recortado_denoised__seg30,048,3,0,0.13334587216377258
048_recortado_denoised__seg31,048,3,0,0.13334587216377258
048_recortado_denoised__seg32,048,3,0,0.13334587216377258
048_recortado_denoised__seg33,048,3,0,0.13334587216377258
048_recortado_denoised__seg34,048,3,0,0.13334587216377258
048_recortado_denoised__seg35,048,3,0,0.13334587216377258
048_recortado_denoised__seg36,048,3,0,0.13334587216377258
048_recortado_denoised__seg37,048,3,0,0.13334587216377258
048_recortado_denoised__seg38,048,3,0,0.13334587216377258
048_recortado_denoised__seg39,048,3,0,0.13334587216377258
048_recortado_denoised__seg4,048,3,0,0.13334587216377258
048_recortado_denoised__seg40,048,3,0,0.13334587216377258
048_recortado_denoised__seg5,048,3,0,0.13334587216377258
048_recortado_denoised__seg6,048,3,0,0.13334587216377258
048_recortado_denoised__seg7,048,3,0,0.13334587216377258
048_recortado_denoised__seg8,048,3,0,0.13334587216377258
048_recortado_denoised__seg9,048,3,0,0.13334587216377258
049_recortado_denoised__seg0,049,4,1,0.14898407869040967
049_recortado_denoised__seg1,049,4,1,0.14898407869040967
049_recortado_denoised__seg10,049,4,1,0.14898407869040967
049_recortado_denoised__seg11,049,4,1,0.14898407869040967
049_recortado_denoised__seg12,049,4,1,0.14898407869040967
049_recortado_denoised__seg13,049,4,1,0.14898407869040967
049_recortado_denoised__seg14,049,4,1,0.14898407869040967
049_recortado_denoised__seg15,049,4,1,0.14898407869040967
049_recortado_denoised__seg16,049,4,1,0.14898407869040967
049_recortado_denoised__seg17,049,4,1,0.14898407869040967
049_recortado_denoised__seg18,049,4,1,0.14898407869040967
049_recortado_denoised__seg19,049,4,1,0.14898407869040967
049_recortado_denoised__seg2,049,4,1,0.14898407869040967
049_recortado_denoised__seg20,049,4,1,0.14898407869040967
049_recortado_denoised__seg21,049,4,1,0.14898407869040967
049_recortado_denoised__seg22,049,4,1,0.14898407869040967
049_recortado_denoised__seg23,049,4,1,0.14898407869040967
049_recortado_denoised__seg24,049,4,1,0.14898407869040967
049_recortado_denoised__seg25,049,4,1,0.14898407869040967
049_recortado_denoised__seg26,049,4,1,0.14898407869040967
049_recortado_denoised__seg27,049,4,1,0.14898407869040967
049_recortado_denoised__seg28,049,4,1,0.14898407869040967
049_recortado_denoised__seg29,049,4,1,0.14898407869040967
049_recortado_denoised__seg3,049,4,1,0.14898407869040967
049_recortado_denoised__seg30,049,4,1,0.14898407869040967
049_recortado_denoised__seg31,049,4,1,0.14898407869040967
049_recortado_denoised__seg32,049,4,1,0.14898407869040967
049_recortado_denoised__seg33,049,4,1,0.14898407869040967
049_recortado_denoised__seg34,049,4,1,0.14898407869040967
049_recortado_denoised__seg35,049,4,1,0.14898407869040967
049_recortado_denoised__seg36,049,4,1,0.14898407869040967
049_recortado_denoised__seg37,049,4,1,0.14898407869040967
049_recortado_denoised__seg38,049,4,1,0.14898407869040967
049_recortado_denoised__seg39,049,4,1,0.14898407869040967
049_recortado_denoised__seg4,049,4,1,0.14898407869040967
049_recortado_denoised__seg5,049,4,1,0.14898407869040967
049_recortado_denoised__seg6,049,4,1,0.14898407869040967
049_recortado_denoised__seg7,049,4,1,0.14898407869040967
049_recortado_denoised__seg8,049,4,1,0.14898407869040967
049_recortado_denoised__seg9,049,4,1,0.14898407869040967
050_recortado_denoised__seg0,050,5,0,0.06383546777069568
050_recortado_denoised__seg1,050,5,0,0.06383546777069568
050_recortado_denoised__seg10,050,5,0,0.06383546777069568
050_recortado_denoised__seg11,050,5,0,0.06383546777069568
050_recortado_denoised__seg12,050,5,0,0.06383546777069568
050_recortado_denoised__seg13,050,5,0,0.06383546777069568
050_recortado_denoised__seg14,050,5,0,0.06383546777069568
050_recortado_denoised__seg15,050,5,0,0.06383546777069568
050_recortado_denoised__seg16,050,5,0,0.06383546777069568
050_recortado_denoised__seg17,050,5,0,0.06383546777069568
050_recortado_denoised__seg18,050,5,0,0.06383546777069568
050_recortado_denoised__seg19,050,5,0,0.06383546777069568
050_recortado_denoised__seg2,050,5,0,0.06383546777069568
050_recortado_denoised__seg20,050,5,0,0.06383546777069568
050_recortado_denoised__seg21,050,5,0,0.06383546777069568
050_recortado_denoised__seg22,050,5,0,0.06383546777069568
050_recortado_denoised__seg23,050,5,0,0.06383546777069568
050_recortado_denoised__seg24,050,5,0,0.06383546777069568
050_recortado_denoised__seg25,050,5,0,0.06383546777069568
050_recortado_denoised__seg26,050,5,0,0.06383546777069568
050_recortado_denoised__seg27,050,5,0,0.06383546777069568
050_recortado_denoised__seg28,050,5,0,0.06383546777069568
050_recortado_denoised__seg29,050,5,0,0.06383546777069568
050_recortado_denoised__seg3,050,5,0,0.06383546777069568
050_recortado_denoised__seg30,050,5,0,0.06383546777069568
050_recortado_denoised__seg31,050,5,0,0.06383546777069568
050_recortado_denoised__seg32,050,5,0,0.06383546777069568
050_recortado_denoised__seg33,050,5,0,0.06383546777069568
050_recortado_denoised__seg34,050,5,0,0.06383546777069568
050_recortado_denoised__seg35,050,5,0,0.06383546777069568
050_recortado_denoised__seg36,050,5,0,0.06383546777069568
050_recortado_denoised__seg37,050,5,0,0.06383546777069568
050_recortado_denoised__seg38,050,5,0,0.06383546777069568
050_recortado_denoised__seg39,050,5,0,0.06383546777069568
050_recortado_denoised__seg4,050,5,0,0.06383546777069568
050_recortado_denoised__seg40,050,5,0,0.06383546777069568
050_recortado_denoised__seg41,050,5,0,0.06383546777069568
050_recortado_denoised__seg42,050,5,0,0.06383546777069568
050_recortado_denoised__seg43,050,5,0,0.06383546777069568
050_recortado_denoised__seg44,050,5,0,0.06383546777069568
050_recortado_denoised__seg45,050,5,0,0.06383546777069568
050_recortado_denoised__seg46,050,5,0,0.06383546777069568
050_recortado_denoised__seg47,050,5,0,0.06383546777069568
050_recortado_denoised__seg48,050,5,0,0.06383546777069568
050_recortado_denoised__seg49,050,5,0,0.06383546777069568
050_recortado_denoised__seg5,050,5,0,0.06383546777069568
050_recortado_denoised__seg50,050,5,0,0.06383546777069568
050_recortado_denoised__seg51,050,5,0,0.06383546777069568
050_recortado_denoised__seg52,050,5,0,0.06383546777069568
050_recortado_denoised__seg53,050,5,0,0.06383546777069568
050_recortado_denoised__seg54,050,5,0,0.06383546777069568
050_recortado_denoised__seg6,050,5,0,0.06383546777069568
050_recortado_denoised__seg7,050,5,0,0.06383546777069568
050_recortado_denoised__seg8,050,5,0,0.06383546777069568
050_recortado_denoised__seg9,050,5,0,0.06383546777069568
051_recortado_denoised__seg0,051,2,1,0.2009730465710163
051_recortado_denoised__seg1,051,2,1,0.2009730465710163
051_recortado_denoised__seg10,051,2,1,0.2009730465710163
051_recortado_denoised__seg11,051,2,1,0.2009730465710163
051_recortado_denoised__seg12,051,2,1,0.2009730465710163
051_recortado_denoised__seg13,051,2,1,0.2009730465710163
051_recortado_denoised__seg14,051,2,1,0.2009730465710163
051_recortado_denoised__seg15,051,2,1,0.2009730465710163
051_recortado_denoised__seg16,051,2,1,0.2009730465710163
051_recortado_denoised__seg17,051,2,1,0.2009730465710163
051_recortado_denoised__seg18,051,2,1,0.2009730465710163
051_recortado_denoised__seg19,051,2,1,0.2009730465710163
051_recortado_denoised__seg2,051,2,1,0.2009730465710163
051_recortado_denoised__seg20,051,2,1,0.2009730465710163
051_recortado_denoised__seg21,051,2,1,0.2009730465710163
051_recortado_denoised__seg22,051,2,1,0.2009730465710163
051_recortado_denoised__seg23,051,2,1,0.2009730465710163
051_recortado_denoised__seg24,051,2,1,0.2009730465710163
051_recortado_denoised__seg25,051,2,1,0.2009730465710163
051_recortado_denoised__seg26,051,2,1,0.2009730465710163
051_recortado_denoised__seg27,051,2,1,0.2009730465710163
051_recortado_denoised__seg28,051,2,1,0.2009730465710163
051_recortado_denoised__seg29,051,2,1,0.2009730465710163
051_recortado_denoised__seg3,051,2,1,0.2009730465710163
051_recortado_denoised__seg30,051,2,1,0.2009730465710163
051_recortado_denoised__seg31,051,2,1,0.2009730465710163
051_recortado_denoised__seg32,051,2,1,0.2009730465710163
051_recortado_denoised__seg33,051,2,1,0.2009730465710163
051_recortado_denoised__seg34,051,2,1,0.2009730465710163
051_recortado_denoised__seg35,051,2,1,0.2009730465710163
051_recortado_denoised__seg36,051,2,1,0.2009730465710163
051_recortado_denoised__seg37,051,2,1,0.2009730465710163
051_recortado_denoised__seg38,051,2,1,0.2009730465710163
051_recortado_denoised__seg39,051,2,1,0.2009730465710163
051_recortado_denoised__seg4,051,2,1,0.2009730465710163
051_recortado_denoised__seg40,051,2,1,0.2009730465710163
051_recortado_denoised__seg41,051,2,1,0.2009730465710163
051_recortado_denoised__seg42,051,2,1,0.2009730465710163
051_recortado_denoised__seg43,051,2,1,0.2009730465710163
051_recortado_denoised__seg44,051,2,1,0.2009730465710163
051_recortado_denoised__seg45,051,2,1,0.2009730465710163
051_recortado_denoised__seg5,051,2,1,0.2009730465710163
051_recortado_denoised__seg6,051,2,1,0.2009730465710163
051_recortado_denoised__seg7,051,2,1,0.2009730465710163
051_recortado_denoised__seg8,051,2,1,0.2009730465710163
051_recortado_denoised__seg9,051,2,1,0.2009730465710163
052_recortado_denoised__seg0,052,4,0,0.27392586395144464
052_recortado_denoised__seg1,052,4,0,0.27392586395144464
052_recortado_denoised__seg10,052,4,0,0.27392586395144464
052_recortado_denoised__seg11,052,4,0,0.27392586395144464
052_recortado_denoised__seg12,052,4,0,0.27392586395144464
052_recortado_denoised__seg13,052,4,0,0.27392586395144464
052_recortado_denoised__seg14,052,4,0,0.27392586395144464
052_recortado_denoised__seg15,052,4,0,0.27392586395144464
052_recortado_denoised__seg16,052,4,0,0.27392586395144464
052_recortado_denoised__seg17,052,4,0,0.27392586395144464
052_recortado_denoised__seg18,052,4,0,0.27392586395144464
052_recortado_denoised__seg19,052,4,0,0.27392586395144464
052_recortado_denoised__seg2,052,4,0,0.27392586395144464
052_recortado_denoised__seg20,052,4,0,0.27392586395144464
052_recortado_denoised__seg21,052,4,0,0.27392586395144464
052_recortado_denoised__seg22,052,4,0,0.27392586395144464
052_recortado_denoised__seg23,052,4,0,0.27392586395144464
052_recortado_denoised__seg24,052,4,0,0.27392586395144464
052_recortado_denoised__seg25,052,4,0,0.27392586395144464
052_recortado_denoised__seg26,052,4,0,0.27392586395144464
052_recortado_denoised__seg27,052,4,0,0.27392586395144464
052_recortado_denoised__seg28,052,4,0,0.27392586395144464
052_recortado_denoised__seg29,052,4,0,0.27392586395144464
052_recortado_denoised__seg3,052,4,0,0.27392586395144464
052_recortado_denoised__seg30,052,4,0,0.27392586395144464
052_recortado_denoised__seg31,052,4,0,0.27392586395144464
052_recortado_denoised__seg32,052,4,0,0.27392586395144464
052_recortado_denoised__seg33,052,4,0,0.27392586395144464
052_recortado_denoised__seg34,052,4,0,0.27392586395144464
052_recortado_denoised__seg35,052,4,0,0.27392586395144464
052_recortado_denoised__seg36,052,4,0,0.27392586395144464
052_recortado_denoised__seg37,052,4,0,0.27392586395144464
052_recortado_denoised__seg38,052,4,0,0.27392586395144464
052_recortado_denoised__seg39,052,4,0,0.27392586395144464
052_recortado_denoised__seg4,052,4,0,0.27392586395144464
052_recortado_denoised__seg40,052,4,0,0.27392586395144464
052_recortado_denoised__seg41,052,4,0,0.27392586395144464
052_recortado_denoised__seg42,052,4,0,0.27392586395144464
052_recortado_denoised__seg5,052,4,0,0.27392586395144464
052_recortado_denoised__seg6,052,4,0,0.27392586395144464
052_recortado_denoised__seg7,052,4,0,0.27392586395144464
052_recortado_denoised__seg8,052,4,0,0.27392586395144464
052_recortado_denoised__seg9,052,4,0,0.27392586395144464
054_recortado_denoised__seg0,054,4,0,0.1748044140636921
054_recortado_denoised__seg1,054,4,0,0.1748044140636921
054_recortado_denoised__seg10,054,4,0,0.1748044140636921
054_recortado_denoised__seg11,054,4,0,0.1748044140636921
054_recortado_denoised__seg12,054,4,0,0.1748044140636921
054_recortado_denoised__seg13,054,4,0,0.1748044140636921
054_recortado_denoised__seg14,054,4,0,0.1748044140636921
054_recortado_denoised__seg15,054,4,0,0.1748044140636921
054_recortado_denoised__seg16,054,4,0,0.1748044140636921
054_recortado_denoised__seg17,054,4,0,0.1748044140636921
054_recortado_denoised__seg18,054,4,0,0.1748044140636921
054_recortado_denoised__seg19,054,4,0,0.1748044140636921
054_recortado_denoised__seg2,054,4,0,0.1748044140636921
054_recortado_denoised__seg20,054,4,0,0.1748044140636921
054_recortado_denoised__seg21,054,4,0,0.1748044140636921
054_recortado_denoised__seg22,054,4,0,0.1748044140636921
054_recortado_denoised__seg23,054,4,0,0.1748044140636921
054_recortado_denoised__seg24,054,4,0,0.1748044140636921
054_recortado_denoised__seg25,054,4,0,0.1748044140636921
054_recortado_denoised__seg26,054,4,0,0.1748044140636921
054_recortado_denoised__seg27,054,4,0,0.1748044140636921
054_recortado_denoised__seg28,054,4,0,0.1748044140636921
054_recortado_denoised__seg29,054,4,0,0.1748044140636921
054_recortado_denoised__seg3,054,4,0,0.1748044140636921
054_recortado_denoised__seg30,054,4,0,0.1748044140636921
054_recortado_denoised__seg31,054,4,0,0.1748044140636921
054_recortado_denoised__seg32,054,4,0,0.1748044140636921
054_recortado_denoised__seg33,054,4,0,0.1748044140636921
054_recortado_denoised__seg34,054,4,0,0.1748044140636921
054_recortado_denoised__seg35,054,4,0,0.1748044140636921
054_recortado_denoised__seg36,054,4,0,0.1748044140636921
054_recortado_denoised__seg37,054,4,0,0.1748044140636921
054_recortado_denoised__seg38,054,4,0,0.1748044140636921
054_recortado_denoised__seg39,054,4,0,0.1748044140636921
054_recortado_denoised__seg4,054,4,0,0.1748044140636921
054_recortado_denoised__seg40,054,4,0,0.1748044140636921
054_recortado_denoised__seg41,054,4,0,0.1748044140636921
054_recortado_denoised__seg5,054,4,0,0.1748044140636921
054_recortado_denoised__seg6,054,4,0,0.1748044140636921
054_recortado_denoised__seg7,054,4,0,0.1748044140636921
054_recortado_denoised__seg8,054,4,0,0.1748044140636921
054_recortado_denoised__seg9,054,4,0,0.1748044140636921
055_recortado_denoised__seg0,055,5,1,0.29231288507580755
055_recortado_denoised__seg1,055,5,1,0.29231288507580755
055_recortado_denoised__seg10,055,5,1,0.29231288507580755
055_recortado_denoised__seg100,055,5,1,0.29231288507580755
055_recortado_denoised__seg101,055,5,1,0.29231288507580755
055_recortado_denoised__seg102,055,5,1,0.29231288507580755
055_recortado_denoised__seg103,055,5,1,0.29231288507580755
055_recortado_denoised__seg104,055,5,1,0.29231288507580755
055_recortado_denoised__seg105,055,5,1,0.29231288507580755
055_recortado_denoised__seg106,055,5,1,0.29231288507580755
055_recortado_denoised__seg107,055,5,1,0.29231288507580755
055_recortado_denoised__seg108,055,5,1,0.29231288507580755
055_recortado_denoised__seg109,055,5,1,0.29231288507580755
055_recortado_denoised__seg11,055,5,1,0.29231288507580755
055_recortado_denoised__seg110,055,5,1,0.29231288507580755
055_recortado_denoised__seg12,055,5,1,0.29231288507580755
055_recortado_denoised__seg13,055,5,1,0.29231288507580755
055_recortado_denoised__seg14,055,5,1,0.29231288507580755
055_recortado_denoised__seg15,055,5,1,0.29231288507580755
055_recortado_denoised__seg16,055,5,1,0.29231288507580755
055_recortado_denoised__seg17,055,5,1,0.29231288507580755
055_recortado_denoised__seg18,055,5,1,0.29231288507580755
055_recortado_denoised__seg19,055,5,1,0.29231288507580755
055_recortado_denoised__seg2,055,5,1,0.29231288507580755
055_recortado_denoised__seg20,055,5,1,0.29231288507580755
055_recortado_denoised__seg21,055,5,1,0.29231288507580755
055_recortado_denoised__seg22,055,5,1,0.29231288507580755
055_recortado_denoised__seg23,055,5,1,0.29231288507580755
055_recortado_denoised__seg24,055,5,1,0.29231288507580755
055_recortado_denoised__seg25,055,5,1,0.29231288507580755
055_recortado_denoised__seg26,055,5,1,0.29231288507580755
055_recortado_denoised__seg27,055,5,1,0.29231288507580755
055_recortado_denoised__seg28,055,5,1,0.29231288507580755
055_recortado_denoised__seg29,055,5,1,0.29231288507580755
055_recortado_denoised__seg3,055,5,1,0.29231288507580755
055_recortado_denoised__seg30,055,5,1,0.29231288507580755
055_recortado_denoised__seg31,055,5,1,0.29231288507580755
055_recortado_denoised__seg32,055,5,1,0.29231288507580755
055_recortado_denoised__seg33,055,5,1,0.29231288507580755
055_recortado_denoised__seg34,055,5,1,0.29231288507580755
055_recortado_denoised__seg35,055,5,1,0.29231288507580755
055_recortado_denoised__seg36,055,5,1,0.29231288507580755
055_recortado_denoised__seg37,055,5,1,0.29231288507580755
055_recortado_denoised__seg38,055,5,1,0.29231288507580755
055_recortado_denoised__seg39,055,5,1,0.29231288507580755
055_recortado_denoised__seg4,055,5,1,0.29231288507580755
055_recortado_denoised__seg40,055,5,1,0.29231288507580755
055_recortado_denoised__seg41,055,5,1,0.29231288507580755
055_recortado_denoised__seg42,055,5,1,0.29231288507580755
055_recortado_denoised__seg43,055,5,1,0.29231288507580755
055_recortado_denoised__seg44,055,5,1,0.29231288507580755
055_recortado_denoised__seg45,055,5,1,0.29231288507580755
055_recortado_denoised__seg46,055,5,1,0.29231288507580755
055_recortado_denoised__seg47,055,5,1,0.29231288507580755
055_recortado_denoised__seg48,055,5,1,0.29231288507580755
055_recortado_denoised__seg49,055,5,1,0.29231288507580755
055_recortado_denoised__seg5,055,5,1,0.29231288507580755
055_recortado_denoised__seg50,055,5,1,0.29231288507580755
055_recortado_denoised__seg51,055,5,1,0.29231288507580755
055_recortado_denoised__seg52,055,5,1,0.29231288507580755
055_recortado_denoised__seg53,055,5,1,0.29231288507580755
055_recortado_denoised__seg54,055,5,1,0.29231288507580755
055_recortado_denoised__seg55,055,5,1,0.29231288507580755
055_recortado_denoised__seg56,055,5,1,0.29231288507580755
055_recortado_denoised__seg57,055,5,1,0.29231288507580755
055_recortado_denoised__seg58,055,5,1,0.29231288507580755
055_recortado_denoised__seg59,055,5,1,0.29231288507580755
055_recortado_denoised__seg6,055,5,1,0.29231288507580755
055_recortado_denoised__seg60,055,5,1,0.29231288507580755
055_recortado_denoised__seg61,055,5,1,0.29231288507580755
055_recortado_denoised__seg62,055,5,1,0.29231288507580755
055_recortado_denoised__seg63,055,5,1,0.29231288507580755
055_recortado_denoised__seg64,055,5,1,0.29231288507580755
055_recortado_denoised__seg65,055,5,1,0.29231288507580755
055_recortado_denoised__seg66,055,5,1,0.29231288507580755
055_recortado_denoised__seg67,055,5,1,0.29231288507580755
055_recortado_denoised__seg68,055,5,1,0.29231288507580755
055_recortado_denoised__seg69,055,5,1,0.29231288507580755
055_recortado_denoised__seg7,055,5,1,0.29231288507580755
055_recortado_denoised__seg70,055,5,1,0.29231288507580755
055_recortado_denoised__seg71,055,5,1,0.29231288507580755
055_recortado_denoised__seg72,055,5,1,0.29231288507580755
055_recortado_denoised__seg73,055,5,1,0.29231288507580755
055_recortado_denoised__seg74,055,5,1,0.29231288507580755
055_recortado_denoised__seg75,055,5,1,0.29231288507580755
055_recortado_denoised__seg76,055,5,1,0.29231288507580755
055_recortado_denoised__seg77,055,5,1,0.29231288507580755
055_recortado_denoised__seg78,055,5,1,0.29231288507580755
055_recortado_denoised__seg79,055,5,1,0.29231288507580755
055_recortado_denoised__seg8,055,5,1,0.29231288507580755
055_recortado_denoised__seg80,055,5,1,0.29231288507580755
055_recortado_denoised__seg81,055,5,1,0.29231288507580755
055_recortado_denoised__seg82,055,5,1,0.29231288507580755
055_recortado_denoised__seg83,055,5,1,0.29231288507580755
055_recortado_denoised__seg84,055,5,1,0.29231288507580755
055_recortado_denoised__seg85,055,5,1,0.29231288507580755
055_recortado_denoised__seg86,055,5,1,0.29231288507580755
055_recortado_denoised__seg87,055,5,1,0.29231288507580755
055_recortado_denoised__seg88,055,5,1,0.29231288507580755
055_recortado_denoised__seg89,055,5,1,0.29231288507580755
055_recortado_denoised__seg9,055,5,1,0.29231288507580755
055_recortado_denoised__seg90,055,5,1,0.29231288507580755
055_recortado_denoised__seg91,055,5,1,0.29231288507580755
055_recortado_denoised__seg92,055,5,1,0.29231288507580755
055_recortado_denoised__seg93,055,5,1,0.29231288507580755
055_recortado_denoised__seg94,055,5,1,0.29231288507580755
055_recortado_denoised__seg95,055,5,1,0.29231288507580755
055_recortado_denoised__seg96,055,5,1,0.29231288507580755
055_recortado_denoised__seg97,055,5,1,0.29231288507580755
055_recortado_denoised__seg98,055,5,1,0.29231288507580755
055_recortado_denoised__seg99,055,5,1,0.29231288507580755
057_recortado_denoised__seg0,057,5,0,0.21282118335366249
057_recortado_denoised__seg1,057,5,0,0.21282118335366249
057_recortado_denoised__seg10,057,5,0,0.21282118335366249
057_recortado_denoised__seg11,057,5,0,0.21282118335366249
057_recortado_denoised__seg12,057,5,0,0.21282118335366249
057_recortado_denoised__seg13,057,5,0,0.21282118335366249
057_recortado_denoised__seg14,057,5,0,0.21282118335366249
057_recortado_denoised__seg15,057,5,0,0.21282118335366249
057_recortado_denoised__seg16,057,5,0,0.21282118335366249
057_recortado_denoised__seg17,057,5,0,0.21282118335366249
057_recortado_denoised__seg18,057,5,0,0.21282118335366249
057_recortado_denoised__seg19,057,5,0,0.21282118335366249
057_recortado_denoised__seg2,057,5,0,0.21282118335366249
057_recortado_denoised__seg20,057,5,0,0.21282118335366249
057_recortado_denoised__seg21,057,5,0,0.21282118335366249
057_recortado_denoised__seg22,057,5,0,0.21282118335366249
057_recortado_denoised__seg23,057,5,0,0.21282118335366249
057_recortado_denoised__seg24,057,5,0,0.21282118335366249
057_recortado_denoised__seg25,057,5,0,0.21282118335366249
057_recortado_denoised__seg26,057,5,0,0.21282118335366249
057_recortado_denoised__seg27,057,5,0,0.21282118335366249
057_recortado_denoised__seg28,057,5,0,0.21282118335366249
057_recortado_denoised__seg29,057,5,0,0.21282118335366249
057_recortado_denoised__seg3,057,5,0,0.21282118335366249
057_recortado_denoised__seg30,057,5,0,0.21282118335366249
057_recortado_denoised__seg31,057,5,0,0.21282118335366249
057_recortado_denoised__seg32,057,5,0,0.21282118335366249
057_recortado_denoised__seg33,057,5,0,0.21282118335366249
057_recortado_denoised__seg34,057,5,0,0.21282118335366249
057_recortado_denoised__seg35,057,5,0,0.21282118335366249
057_recortado_denoised__seg36,057,5,0,0.21282118335366249
057_recortado_denoised__seg37,057,5,0,0.21282118335366249
057_recortado_denoised__seg38,057,5,0,0.21282118335366249
057_recortado_denoised__seg39,057,5,0,0.21282118335366249
057_recortado_denoised__seg4,057,5,0,0.21282118335366249
057_recortado_denoised__seg40,057,5,0,0.21282118335366249
057_recortado_denoised__seg41,057,5,0,0.21282118335366249
057_recortado_denoised__seg42,057,5,0,0.21282118335366249
057_recortado_denoised__seg43,057,5,0,0.21282118335366249
057_recortado_denoised__seg44,057,5,0,0.21282118335366249
057_recortado_denoised__seg45,057,5,0,0.21282118335366249
057_recortado_denoised__seg46,057,5,0,0.21282118335366249
057_recortado_denoised__seg47,057,5,0,0.21282118335366249
057_recortado_denoised__seg48,057,5,0,0.21282118335366249
057_recortado_denoised__seg49,057,5,0,0.21282118335366249
057_recortado_denoised__seg5,057,5,0,0.21282118335366249
057_recortado_denoised__seg50,057,5,0,0.21282118335366249
057_recortado_denoised__seg51,057,5,0,0.21282118335366249
057_recortado_denoised__seg52,057,5,0,0.21282118335366249
057_recortado_denoised__seg53,057,5,0,0.21282118335366249
057_recortado_denoised__seg54,057,5,0,0.21282118335366249
057_recortado_denoised__seg55,057,5,0,0.21282118335366249
057_recortado_denoised__seg56,057,5,0,0.21282118335366249
057_recortado_denoised__seg57,057,5,0,0.21282118335366249
057_recortado_denoised__seg58,057,5,0,0.21282118335366249
057_recortado_denoised__seg59,057,5,0,0.21282118335366249
057_recortado_denoised__seg6,057,5,0,0.21282118335366249
057_recortado_denoised__seg60,057,5,0,0.21282118335366249
057_recortado_denoised__seg61,057,5,0,0.21282118335366249
057_recortado_denoised__seg62,057,5,0,0.21282118335366249
057_recortado_denoised__seg63,057,5,0,0.21282118335366249
057_recortado_denoised__seg64,057,5,0,0.21282118335366249
057_recortado_denoised__seg65,057,5,0,0.21282118335366249
057_recortado_denoised__seg66,057,5,0,0.21282118335366249
057_recortado_denoised__seg67,057,5,0,0.21282118335366249
057_recortado_denoised__seg7,057,5,0,0.21282118335366249
057_recortado_denoised__seg8,057,5,0,0.21282118335366249
057_recortado_denoised__seg9,057,5,0,0.21282118335366249
058_recortado_denoised__seg0,058,3,0,0.3546907901763916
058_recortado_denoised__seg1,058,3,0,0.3546907901763916
058_recortado_denoised__seg10,058,3,0,0.3546907901763916
058_recortado_denoised__seg11,058,3,0,0.3546907901763916
058_recortado_denoised__seg12,058,3,0,0.3546907901763916
058_recortado_denoised__seg13,058,3,0,0.3546907901763916
058_recortado_denoised__seg14,058,3,0,0.3546907901763916
058_recortado_denoised__seg15,058,3,0,0.3546907901763916
058_recortado_denoised__seg16,058,3,0,0.3546907901763916
058_recortado_denoised__seg17,058,3,0,0.3546907901763916
058_recortado_denoised__seg18,058,3,0,0.3546907901763916
058_recortado_denoised__seg19,058,3,0,0.3546907901763916
058_recortado_denoised__seg2,058,3,0,0.3546907901763916
058_recortado_denoised__seg20,058,3,0,0.3546907901763916
058_recortado_denoised__seg21,058,3,0,0.3546907901763916
058_recortado_denoised__seg22,058,3,0,0.3546907901763916
058_recortado_denoised__seg23,058,3,0,0.3546907901763916
058_recortado_denoised__seg24,058,3,0,0.3546907901763916
058_recortado_denoised__seg25,058,3,0,0.3546907901763916
058_recortado_denoised__seg26,058,3,0,0.3546907901763916
058_recortado_denoised__seg27,058,3,0,0.3546907901763916
058_recortado_denoised__seg28,058,3,0,0.3546907901763916
058_recortado_denoised__seg29,058,3,0,0.3546907901763916
058_recortado_denoised__seg3,058,3,0,0.3546907901763916
058_recortado_denoised__seg30,058,3,0,0.3546907901763916
058_recortado_denoised__seg31,058,3,0,0.3546907901763916
058_recortado_denoised__seg32,058,3,0,0.3546907901763916
058_recortado_denoised__seg33,058,3,0,0.3546907901763916
058_recortado_denoised__seg34,058,3,0,0.3546907901763916
058_recortado_denoised__seg35,058,3,0,0.3546907901763916
058_recortado_denoised__seg36,058,3,0,0.3546907901763916
058_recortado_denoised__seg37,058,3,0,0.3546907901763916
058_recortado_denoised__seg38,058,3,0,0.3546907901763916
058_recortado_denoised__seg39,058,3,0,0.3546907901763916
058_recortado_denoised__seg4,058,3,0,0.3546907901763916
058_recortado_denoised__seg40,058,3,0,0.3546907901763916
058_recortado_denoised__seg41,058,3,0,0.3546907901763916
058_recortado_denoised__seg42,058,3,0,0.3546907901763916
058_recortado_denoised__seg43,058,3,0,0.3546907901763916
058_recortado_denoised__seg44,058,3,0,0.3546907901763916
058_recortado_denoised__seg45,058,3,0,0.3546907901763916
058_recortado_denoised__seg46,058,3,0,0.3546907901763916
058_recortado_denoised__seg47,058,3,0,0.3546907901763916
058_recortado_denoised__seg48,058,3,0,0.3546907901763916
058_recortado_denoised__seg49,058,3,0,0.3546907901763916
058_recortado_denoised__seg5,058,3,0,0.3546907901763916
058_recortado_denoised__seg50,058,3,0,0.3546907901763916
058_recortado_denoised__seg51,058,3,0,0.3546907901763916
058_recortado_denoised__seg52,058,3,0,0.3546907901763916
058_recortado_denoised__seg53,058,3,0,0.3546907901763916
058_recortado_denoised__seg6,058,3,0,0.3546907901763916
058_recortado_denoised__seg7,058,3,0,0.3546907901763916
058_recortado_denoised__seg8,058,3,0,0.3546907901763916
058_recortado_denoised__seg9,058,3,0,0.3546907901763916
059_recortado_denoised__seg0,059,2,0,0.23744412362575532
059_recortado_denoised__seg1,059,2,0,0.23744412362575532
059_recortado_denoised__seg10,059,2,0,0.23744412362575532
059_recortado_denoised__seg11,059,2,0,0.23744412362575532
059_recortado_denoised__seg12,059,2,0,0.23744412362575532
059_recortado_denoised__seg13,059,2,0,0.23744412362575532
059_recortado_denoised__seg14,059,2,0,0.23744412362575532
059_recortado_denoised__seg15,059,2,0,0.23744412362575532
059_recortado_denoised__seg16,059,2,0,0.23744412362575532
059_recortado_denoised__seg17,059,2,0,0.23744412362575532
059_recortado_denoised__seg18,059,2,0,0.23744412362575532
059_recortado_denoised__seg19,059,2,0,0.23744412362575532
059_recortado_denoised__seg2,059,2,0,0.23744412362575532
059_recortado_denoised__seg20,059,2,0,0.23744412362575532
059_recortado_denoised__seg21,059,2,0,0.23744412362575532
059_recortado_denoised__seg22,059,2,0,0.23744412362575532
059_recortado_denoised__seg23,059,2,0,0.23744412362575532
059_recortado_denoised__seg24,059,2,0,0.23744412362575532
059_recortado_denoised__seg25,059,2,0,0.23744412362575532
059_recortado_denoised__seg26,059,2,0,0.23744412362575532
059_recortado_denoised__seg27,059,2,0,0.23744412362575532
059_recortado_denoised__seg28,059,2,0,0.23744412362575532
059_recortado_denoised__seg29,059,2,0,0.23744412362575532
059_recortado_denoised__seg3,059,2,0,0.23744412362575532
059_recortado_denoised__seg30,059,2,0,0.23744412362575532
059_recortado_denoised__seg31,059,2,0,0.23744412362575532
059_recortado_denoised__seg32,059,2,0,0.23744412362575532
059_recortado_denoised__seg33,059,2,0,0.23744412362575532
059_recortado_denoised__seg34,059,2,0,0.23744412362575532
059_recortado_denoised__seg35,059,2,0,0.23744412362575532
059_recortado_denoised__seg36,059,2,0,0.23744412362575532
059_recortado_denoised__seg4,059,2,0,0.23744412362575532
059_recortado_denoised__seg5,059,2,0,0.23744412362575532
059_recortado_denoised__seg6,059,2,0,0.23744412362575532
059_recortado_denoised__seg7,059,2,0,0.23744412362575532
059_recortado_denoised__seg8,059,2,0,0.23744412362575532
059_recortado_denoised__seg9,059,2,0,0.23744412362575532
060_recortado_denoised__seg0,060,1,1,0.2861039645969868
060_recortado_denoised__seg1,060,1,1,0.2861039645969868
060_recortado_denoised__seg10,060,1,1,0.2861039645969868
060_recortado_denoised__seg11,060,1,1,0.2861039645969868
060_recortado_denoised__seg12,060,1,1,0.2861039645969868
060_recortado_denoised__seg13,060,1,1,0.2861039645969868
060_recortado_denoised__seg14,060,1,1,0.2861039645969868
060_recortado_denoised__seg15,060,1,1,0.2861039645969868
060_recortado_denoised__seg16,060,1,1,0.2861039645969868
060_recortado_denoised__seg17,060,1,1,0.2861039645969868
060_recortado_denoised__seg18,060,1,1,0.2861039645969868
060_recortado_denoised__seg19,060,1,1,0.2861039645969868
060_recortado_denoised__seg2,060,1,1,0.2861039645969868
060_recortado_denoised__seg20,060,1,1,0.2861039645969868
060_recortado_denoised__seg21,060,1,1,0.2861039645969868
060_recortado_denoised__seg22,060,1,1,0.2861039645969868
060_recortado_denoised__seg23,060,1,1,0.2861039645969868
060_recortado_denoised__seg24,060,1,1,0.2861039645969868
060_recortado_denoised__seg25,060,1,1,0.2861039645969868
060_recortado_denoised__seg26,060,1,1,0.2861039645969868
060_recortado_denoised__seg3,060,1,1,0.2861039645969868
060_recortado_denoised__seg4,060,1,1,0.2861039645969868
060_recortado_denoised__seg5,060,1,1,0.2861039645969868
060_recortado_denoised__seg6,060,1,1,0.2861039645969868
060_recortado_denoised__seg7,060,1,1,0.2861039645969868
060_recortado_denoised__seg8,060,1,1,0.2861039645969868
060_recortado_denoised__seg9,060,1,1,0.2861039645969868
061_recortado_denoised__seg0,061,4,1,0.2490054652094841
061_recortado_denoised__seg1,061,4,1,0.2490054652094841
061_recortado_denoised__seg10,061,4,1,0.2490054652094841
061_recortado_denoised__seg100,061,4,1,0.2490054652094841
061_recortado_denoised__seg101,061,4,1,0.2490054652094841
061_recortado_denoised__seg102,061,4,1,0.2490054652094841
061_recortado_denoised__seg103,061,4,1,0.2490054652094841
061_recortado_denoised__seg104,061,4,1,0.2490054652094841
061_recortado_denoised__seg105,061,4,1,0.2490054652094841
061_recortado_denoised__seg106,061,4,1,0.2490054652094841
061_recortado_denoised__seg107,061,4,1,0.2490054652094841
061_recortado_denoised__seg108,061,4,1,0.2490054652094841
061_recortado_denoised__seg109,061,4,1,0.2490054652094841
061_recortado_denoised__seg11,061,4,1,0.2490054652094841
061_recortado_denoised__seg110,061,4,1,0.2490054652094841
061_recortado_denoised__seg111,061,4,1,0.2490054652094841
061_recortado_denoised__seg112,061,4,1,0.2490054652094841
061_recortado_denoised__seg12,061,4,1,0.2490054652094841
061_recortado_denoised__seg13,061,4,1,0.2490054652094841
061_recortado_denoised__seg14,061,4,1,0.2490054652094841
061_recortado_denoised__seg15,061,4,1,0.2490054652094841
061_recortado_denoised__seg16,061,4,1,0.2490054652094841
061_recortado_denoised__seg17,061,4,1,0.2490054652094841
061_recortado_denoised__seg18,061,4,1,0.2490054652094841
061_recortado_denoised__seg19,061,4,1,0.2490054652094841
061_recortado_denoised__seg2,061,4,1,0.2490054652094841
061_recortado_denoised__seg20,061,4,1,0.2490054652094841
061_recortado_denoised__seg21,061,4,1,0.2490054652094841
061_recortado_denoised__seg22,061,4,1,0.2490054652094841
061_recortado_denoised__seg23,061,4,1,0.2490054652094841
061_recortado_denoised__seg24,061,4,1,0.2490054652094841
061_recortado_denoised__seg25,061,4,1,0.2490054652094841
061_recortado_denoised__seg26,061,4,1,0.2490054652094841
061_recortado_denoised__seg27,061,4,1,0.2490054652094841
061_recortado_denoised__seg28,061,4,1,0.2490054652094841
061_recortado_denoised__seg29,061,4,1,0.2490054652094841
061_recortado_denoised__seg3,061,4,1,0.2490054652094841
061_recortado_denoised__seg30,061,4,1,0.2490054652094841
061_recortado_denoised__seg31,061,4,1,0.2490054652094841
061_recortado_denoised__seg32,061,4,1,0.2490054652094841
061_recortado_denoised__seg33,061,4,1,0.2490054652094841
061_recortado_denoised__seg34,061,4,1,0.2490054652094841
061_recortado_denoised__seg35,061,4,1,0.2490054652094841
061_recortado_denoised__seg36,061,4,1,0.2490054652094841
061_recortado_denoised__seg37,061,4,1,0.2490054652094841
061_recortado_denoised__seg38,061,4,1,0.2490054652094841
061_recortado_denoised__seg39,061,4,1,0.2490054652094841
061_recortado_denoised__seg4,061,4,1,0.2490054652094841
061_recortado_denoised__seg40,061,4,1,0.2490054652094841
061_recortado_denoised__seg41,061,4,1,0.2490054652094841
061_recortado_denoised__seg42,061,4,1,0.2490054652094841
061_recortado_denoised__seg43,061,4,1,0.2490054652094841
061_recortado_denoised__seg44,061,4,1,0.2490054652094841
061_recortado_denoised__seg45,061,4,1,0.2490054652094841
061_recortado_denoised__seg46,061,4,1,0.2490054652094841
061_recortado_denoised__seg47,061,4,1,0.2490054652094841
061_recortado_denoised__seg48,061,4,1,0.2490054652094841
061_recortado_denoised__seg49,061,4,1,0.2490054652094841
061_recortado_denoised__seg5,061,4,1,0.2490054652094841
061_recortado_denoised__seg50,061,4,1,0.2490054652094841
061_recortado_denoised__seg51,061,4,1,0.2490054652094841
061_recortado_denoised__seg52,061,4,1,0.2490054652094841
061_recortado_denoised__seg53,061,4,1,0.2490054652094841
061_recortado_denoised__seg54,061,4,1,0.2490054652094841
061_recortado_denoised__seg55,061,4,1,0.2490054652094841
061_recortado_denoised__seg56,061,4,1,0.2490054652094841
061_recortado_denoised__seg57,061,4,1,0.2490054652094841
061_recortado_denoised__seg58,061,4,1,0.2490054652094841
061_recortado_denoised__seg59,061,4,1,0.2490054652094841
061_recortado_denoised__seg6,061,4,1,0.2490054652094841
061_recortado_denoised__seg60,061,4,1,0.2490054652094841
061_recortado_denoised__seg61,061,4,1,0.2490054652094841
061_recortado_denoised__seg62,061,4,1,0.2490054652094841
061_recortado_denoised__seg63,061,4,1,0.2490054652094841
061_recortado_denoised__seg64,061,4,1,0.2490054652094841
061_recortado_denoised__seg65,061,4,1,0.2490054652094841
061_recortado_denoised__seg66,061,4,1,0.2490054652094841
061_recortado_denoised__seg67,061,4,1,0.2490054652094841
061_recortado_denoised__seg68,061,4,1,0.2490054652094841
061_recortado_denoised__seg69,061,4,1,0.2490054652094841
061_recortado_denoised__seg7,061,4,1,0.2490054652094841
061_recortado_denoised__seg70,061,4,1,0.2490054652094841
061_recortado_denoised__seg71,061,4,1,0.2490054652094841
061_recortado_denoised__seg72,061,4,1,0.2490054652094841
061_recortado_denoised__seg73,061,4,1,0.2490054652094841
061_recortado_denoised__seg74,061,4,1,0.2490054652094841
061_recortado_denoised__seg75,061,4,1,0.2490054652094841
061_recortado_denoised__seg76,061,4,1,0.2490054652094841
061_recortado_denoised__seg77,061,4,1,0.2490054652094841
061_recortado_denoised__seg78,061,4,1,0.2490054652094841
061_recortado_denoised__seg79,061,4,1,0.2490054652094841
061_recortado_denoised__seg8,061,4,1,0.2490054652094841
061_recortado_denoised__seg80,061,4,1,0.2490054652094841
061_recortado_denoised__seg81,061,4,1,0.2490054652094841
061_recortado_denoised__seg82,061,4,1,0.2490054652094841
061_recortado_denoised__seg83,061,4,1,0.2490054652094841
061_recortado_denoised__seg84,061,4,1,0.2490054652094841
061_recortado_denoised__seg85,061,4,1,0.2490054652094841
061_recortado_denoised__seg86,061,4,1,0.2490054652094841
061_recortado_denoised__seg87,061,4,1,0.2490054652094841
061_recortado_denoised__seg88,061,4,1,0.2490054652094841
061_recortado_denoised__seg89,061,4,1,0.2490054652094841
061_recortado_denoised__seg9,061,4,1,0.2490054652094841
061_recortado_denoised__seg90,061,4,1,0.2490054652094841
061_recortado_denoised__seg91,061,4,1,0.2490054652094841
061_recortado_denoised__seg92,061,4,1,0.2490054652094841
061_recortado_denoised__seg93,061,4,1,0.2490054652094841
061_recortado_denoised__seg94,061,4,1,0.2490054652094841
061_recortado_denoised__seg95,061,4,1,0.2490054652094841
061_recortado_denoised__seg96,061,4,1,0.2490054652094841
061_recortado_denoised__seg97,061,4,1,0.2490054652094841
061_recortado_denoised__seg98,061,4,1,0.2490054652094841
061_recortado_denoised__seg99,061,4,1,0.2490054652094841
062_recortado_denoised__seg0,062,5,0,0.2746120676398277
062_recortado_denoised__seg1,062,5,0,0.2746120676398277
062_recortado_denoised__seg10,062,5,0,0.2746120676398277
062_recortado_denoised__seg100,062,5,0,0.2746120676398277
062_recortado_denoised__seg101,062,5,0,0.2746120676398277
062_recortado_denoised__seg102,062,5,0,0.2746120676398277
062_recortado_denoised__seg103,062,5,0,0.2746120676398277
062_recortado_denoised__seg104,062,5,0,0.2746120676398277
062_recortado_denoised__seg105,062,5,0,0.2746120676398277
062_recortado_denoised__seg106,062,5,0,0.2746120676398277
062_recortado_denoised__seg107,062,5,0,0.2746120676398277
062_recortado_denoised__seg11,062,5,0,0.2746120676398277
062_recortado_denoised__seg12,062,5,0,0.2746120676398277
062_recortado_denoised__seg13,062,5,0,0.2746120676398277
062_recortado_denoised__seg14,062,5,0,0.2746120676398277
062_recortado_denoised__seg15,062,5,0,0.2746120676398277
062_recortado_denoised__seg16,062,5,0,0.2746120676398277
062_recortado_denoised__seg17,062,5,0,0.2746120676398277
062_recortado_denoised__seg18,062,5,0,0.2746120676398277
062_recortado_denoised__seg19,062,5,0,0.2746120676398277
062_recortado_denoised__seg2,062,5,0,0.2746120676398277
062_recortado_denoised__seg20,062,5,0,0.2746120676398277
062_recortado_denoised__seg21,062,5,0,0.2746120676398277
062_recortado_denoised__seg22,062,5,0,0.2746120676398277
062_recortado_denoised__seg23,062,5,0,0.2746120676398277
062_recortado_denoised__seg24,062,5,0,0.2746120676398277
062_recortado_denoised__seg25,062,5,0,0.2746120676398277
062_recortado_denoised__seg26,062,5,0,0.2746120676398277
062_recortado_denoised__seg27,062,5,0,0.2746120676398277
062_recortado_denoised__seg28,062,5,0,0.2746120676398277
062_recortado_denoised__seg29,062,5,0,0.2746120676398277
062_recortado_denoised__seg3,062,5,0,0.2746120676398277
062_recortado_denoised__seg30,062,5,0,0.2746120676398277
062_recortado_denoised__seg31,062,5,0,0.2746120676398277
062_recortado_denoised__seg32,062,5,0,0.2746120676398277
062_recortado_denoised__seg33,062,5,0,0.2746120676398277
062_recortado_denoised__seg34,062,5,0,0.2746120676398277
062_recortado_denoised__seg35,062,5,0,0.2746120676398277
062_recortado_denoised__seg36,062,5,0,0.2746120676398277
062_recortado_denoised__seg37,062,5,0,0.2746120676398277
062_recortado_denoised__seg38,062,5,0,0.2746120676398277
062_recortado_denoised__seg39,062,5,0,0.2746120676398277
062_recortado_denoised__seg4,062,5,0,0.2746120676398277
062_recortado_denoised__seg40,062,5,0,0.2746120676398277
062_recortado_denoised__seg41,062,5,0,0.2746120676398277
062_recortado_denoised__seg42,062,5,0,0.2746120676398277
062_recortado_denoised__seg43,062,5,0,0.2746120676398277
062_recortado_denoised__seg44,062,5,0,0.2746120676398277
062_recortado_denoised__seg45,062,5,0,0.2746120676398277
062_recortado_denoised__seg46,062,5,0,0.2746120676398277
062_recortado_denoised__seg47,062,5,0,0.2746120676398277
062_recortado_denoised__seg48,062,5,0,0.2746120676398277
062_recortado_denoised__seg49,062,5,0,0.2746120676398277
062_recortado_denoised__seg5,062,5,0,0.2746120676398277
062_recortado_denoised__seg50,062,5,0,0.2746120676398277
062_recortado_denoised__seg51,062,5,0,0.2746120676398277
062_recortado_denoised__seg52,062,5,0,0.2746120676398277
062_recortado_denoised__seg53,062,5,0,0.2746120676398277
062_recortado_denoised__seg54,062,5,0,0.2746120676398277
062_recortado_denoised__seg55,062,5,0,0.2746120676398277
062_recortado_denoised__seg56,062,5,0,0.2746120676398277
062_recortado_denoised__seg57,062,5,0,0.2746120676398277
062_recortado_denoised__seg58,062,5,0,0.2746120676398277
062_recortado_denoised__seg59,062,5,0,0.2746120676398277
062_recortado_denoised__seg6,062,5,0,0.2746120676398277
062_recortado_denoised__seg60,062,5,0,0.2746120676398277
062_recortado_denoised__seg61,062,5,0,0.2746120676398277
062_recortado_denoised__seg62,062,5,0,0.2746120676398277
062_recortado_denoised__seg63,062,5,0,0.2746120676398277
062_recortado_denoised__seg64,062,5,0,0.2746120676398277
062_recortado_denoised__seg65,062,5,0,0.2746120676398277
062_recortado_denoised__seg66,062,5,0,0.2746120676398277
062_recortado_denoised__seg67,062,5,0,0.2746120676398277
062_recortado_denoised__seg68,062,5,0,0.2746120676398277
062_recortado_denoised__seg69,062,5,0,0.2746120676398277
062_recortado_denoised__seg7,062,5,0,0.2746120676398277
062_recortado_denoised__seg70,062,5,0,0.2746120676398277
062_recortado_denoised__seg71,062,5,0,0.2746120676398277
062_recortado_denoised__seg72,062,5,0,0.2746120676398277
062_recortado_denoised__seg73,062,5,0,0.2746120676398277
062_recortado_denoised__seg74,062,5,0,0.2746120676398277
062_recortado_denoised__seg75,062,5,0,0.2746120676398277
062_recortado_denoised__seg76,062,5,0,0.2746120676398277
062_recortado_denoised__seg77,062,5,0,0.2746120676398277
062_recortado_denoised__seg78,062,5,0,0.2746120676398277
062_recortado_denoised__seg79,062,5,0,0.2746120676398277
062_recortado_denoised__seg8,062,5,0,0.2746120676398277
062_recortado_denoised__seg80,062,5,0,0.2746120676398277
062_recortado_denoised__seg81,062,5,0,0.2746120676398277
062_recortado_denoised__seg82,062,5,0,0.2746120676398277
062_recortado_denoised__seg83,062,5,0,0.2746120676398277
062_recortado_denoised__seg84,062,5,0,0.2746120676398277
062_recortado_denoised__seg85,062,5,0,0.2746120676398277
062_recortado_denoised__seg86,062,5,0,0.2746120676398277
062_recortado_denoised__seg87,062,5,0,0.2746120676398277
062_recortado_denoised__seg88,062,5,0,0.2746120676398277
062_recortado_denoised__seg89,062,5,0,0.2746120676398277
062_recortado_denoised__seg9,062,5,0,0.2746120676398277
062_recortado_denoised__seg90,062,5,0,0.2746120676398277
062_recortado_denoised__seg91,062,5,0,0.2746120676398277
062_recortado_denoised__seg92,062,5,0,0.2746120676398277
062_recortado_denoised__seg93,062,5,0,0.2746120676398277
062_recortado_denoised__seg94,062,5,0,0.2746120676398277
062_recortado_denoised__seg95,062,5,0,0.2746120676398277
062_recortado_denoised__seg96,062,5,0,0.2746120676398277
062_recortado_denoised__seg97,062,5,0,0.2746120676398277
062_recortado_denoised__seg98,062,5,0,0.2746120676398277
062_recortado_denoised__seg99,062,5,0,0.2746120676398277
064_recortado_denoised__seg0,064,1,0,0.20458238646388055
064_recortado_denoised__seg1,064,1,0,0.20458238646388055
064_recortado_denoised__seg10,064,1,0,0.20458238646388055
064_recortado_denoised__seg11,064,1,0,0.20458238646388055
064_recortado_denoised__seg12,064,1,0,0.20458238646388055
064_recortado_denoised__seg13,064,1,0,0.20458238646388055
064_recortado_denoised__seg14,064,1,0,0.20458238646388055
064_recortado_denoised__seg15,064,1,0,0.20458238646388055
064_recortado_denoised__seg16,064,1,0,0.20458238646388055
064_recortado_denoised__seg17,064,1,0,0.20458238646388055
064_recortado_denoised__seg18,064,1,0,0.20458238646388055
064_recortado_denoised__seg19,064,1,0,0.20458238646388055
064_recortado_denoised__seg2,064,1,0,0.20458238646388055
064_recortado_denoised__seg20,064,1,0,0.20458238646388055
064_recortado_denoised__seg21,064,1,0,0.20458238646388055
064_recortado_denoised__seg22,064,1,0,0.20458238646388055
064_recortado_denoised__seg23,064,1,0,0.20458238646388055
064_recortado_denoised__seg24,064,1,0,0.20458238646388055
064_recortado_denoised__seg25,064,1,0,0.20458238646388055
064_recortado_denoised__seg26,064,1,0,0.20458238646388055
064_recortado_denoised__seg27,064,1,0,0.20458238646388055
064_recortado_denoised__seg28,064,1,0,0.20458238646388055
064_recortado_denoised__seg29,064,1,0,0.20458238646388055
064_recortado_denoised__seg3,064,1,0,0.20458238646388055
064_recortado_denoised__seg30,064,1,0,0.20458238646388055
064_recortado_denoised__seg31,064,1,0,0.20458238646388055
064_recortado_denoised__seg32,064,1,0,0.20458238646388055
064_recortado_denoised__seg33,064,1,0,0.20458238646388055
064_recortado_denoised__seg34,064,1,0,0.20458238646388055
064_recortado_denoised__seg35,064,1,0,0.20458238646388055
064_recortado_denoised__seg36,064,1,0,0.20458238646388055
064_recortado_denoised__seg37,064,1,0,0.20458238646388055
064_recortado_denoised__seg38,064,1,0,0.20458238646388055
064_recortado_denoised__seg39,064,1,0,0.20458238646388055
064_recortado_denoised__seg4,064,1,0,0.20458238646388055
064_recortado_denoised__seg40,064,1,0,0.20458238646388055
064_recortado_denoised__seg41,064,1,0,0.20458238646388055
064_recortado_denoised__seg42,064,1,0,0.20458238646388055
064_recortado_denoised__seg43,064,1,0,0.20458238646388055
064_recortado_denoised__seg44,064,1,0,0.20458238646388055
064_recortado_denoised__seg45,064,1,0,0.20458238646388055
064_recortado_denoised__seg46,064,1,0,0.20458238646388055
064_recortado_denoised__seg47,064,1,0,0.20458238646388055
064_recortado_denoised__seg48,064,1,0,0.20458238646388055
064_recortado_denoised__seg49,064,1,0,0.20458238646388055
064_recortado_denoised__seg5,064,1,0,0.20458238646388055
064_recortado_denoised__seg50,064,1,0,0.20458238646388055
064_recortado_denoised__seg51,064,1,0,0.20458238646388055
064_recortado_denoised__seg52,064,1,0,0.20458238646388055
064_recortado_denoised__seg53,064,1,0,0.20458238646388055
064_recortado_denoised__seg54,064,1,0,0.20458238646388055
064_recortado_denoised__seg55,064,1,0,0.20458238646388055
064_recortado_denoised__seg6,064,1,0,0.20458238646388055
064_recortado_denoised__seg7,064,1,0,0.20458238646388055
064_recortado_denoised__seg8,064,1,0,0.20458238646388055
064_recortado_denoised__seg9,064,1,0,0.20458238646388055
065_recortado_denoised__seg0,065,3,1,0.11409227028489113
065_recortado_denoised__seg1,065,3,1,0.11409227028489113
065_recortado_denoised__seg10,065,3,1,0.11409227028489113
065_recortado_denoised__seg100,065,3,1,0.11409227028489113
065_recortado_denoised__seg101,065,3,1,0.11409227028489113
065_recortado_denoised__seg102,065,3,1,0.11409227028489113
065_recortado_denoised__seg103,065,3,1,0.11409227028489113
065_recortado_denoised__seg104,065,3,1,0.11409227028489113
065_recortado_denoised__seg105,065,3,1,0.11409227028489113
065_recortado_denoised__seg106,065,3,1,0.11409227028489113
065_recortado_denoised__seg107,065,3,1,0.11409227028489113
065_recortado_denoised__seg108,065,3,1,0.11409227028489113
065_recortado_denoised__seg109,065,3,1,0.11409227028489113
065_recortado_denoised__seg11,065,3,1,0.11409227028489113
065_recortado_denoised__seg110,065,3,1,0.11409227028489113
065_recortado_denoised__seg111,065,3,1,0.11409227028489113
065_recortado_denoised__seg112,065,3,1,0.11409227028489113
065_recortado_denoised__seg113,065,3,1,0.11409227028489113
065_recortado_denoised__seg12,065,3,1,0.11409227028489113
065_recortado_denoised__seg13,065,3,1,0.11409227028489113
065_recortado_denoised__seg14,065,3,1,0.11409227028489113
065_recortado_denoised__seg15,065,3,1,0.11409227028489113
065_recortado_denoised__seg16,065,3,1,0.11409227028489113
065_recortado_denoised__seg17,065,3,1,0.11409227028489113
065_recortado_denoised__seg18,065,3,1,0.11409227028489113
065_recortado_denoised__seg19,065,3,1,0.11409227028489113
065_recortado_denoised__seg2,065,3,1,0.11409227028489113
065_recortado_denoised__seg20,065,3,1,0.11409227028489113
065_recortado_denoised__seg21,065,3,1,0.11409227028489113
065_recortado_denoised__seg22,065,3,1,0.11409227028489113
065_recortado_denoised__seg23,065,3,1,0.11409227028489113
065_recortado_denoised__seg24,065,3,1,0.11409227028489113
065_recortado_denoised__seg25,065,3,1,0.11409227028489113
065_recortado_denoised__seg26,065,3,1,0.11409227028489113
065_recortado_denoised__seg27,065,3,1,0.11409227028489113
065_recortado_denoised__seg28,065,3,1,0.11409227028489113
065_recortado_denoised__seg29,065,3,1,0.11409227028489113
065_recortado_denoised__seg3,065,3,1,0.11409227028489113
065_recortado_denoised__seg30,065,3,1,0.11409227028489113
065_recortado_denoised__seg31,065,3,1,0.11409227028489113
065_recortado_denoised__seg32,065,3,1,0.11409227028489113
065_recortado_denoised__seg33,065,3,1,0.11409227028489113
065_recortado_denoised__seg34,065,3,1,0.11409227028489113
065_recortado_denoised__seg35,065,3,1,0.11409227028489113
065_recortado_denoised__seg36,065,3,1,0.11409227028489113
065_recortado_denoised__seg37,065,3,1,0.11409227028489113
065_recortado_denoised__seg38,065,3,1,0.11409227028489113
065_recortado_denoised__seg39,065,3,1,0.11409227028489113
065_recortado_denoised__seg4,065,3,1,0.11409227028489113
065_recortado_denoised__seg40,065,3,1,0.11409227028489113
065_recortado_denoised__seg41,065,3,1,0.11409227028489113
065_recortado_denoised__seg42,065,3,1,0.11409227028489113
065_recortado_denoised__seg43,065,3,1,0.11409227028489113
065_recortado_denoised__seg44,065,3,1,0.11409227028489113
065_recortado_denoised__seg45,065,3,1,0.11409227028489113
065_recortado_denoised__seg46,065,3,1,0.11409227028489113
065_recortado_denoised__seg47,065,3,1,0.11409227028489113
065_recortado_denoised__seg48,065,3,1,0.11409227028489113
065_recortado_denoised__seg49,065,3,1,0.11409227028489113
065_recortado_denoised__seg5,065,3,1,0.11409227028489113
065_recortado_denoised__seg50,065,3,1,0.11409227028489113
065_recortado_denoised__seg51,065,3,1,0.11409227028489113
065_recortado_denoised__seg52,065,3,1,0.11409227028489113
065_recortado_denoised__seg53,065,3,1,0.11409227028489113
065_recortado_denoised__seg54,065,3,1,0.11409227028489113
065_recortado_denoised__seg55,065,3,1,0.11409227028489113
065_recortado_denoised__seg56,065,3,1,0.11409227028489113
065_recortado_denoised__seg57,065,3,1,0.11409227028489113
065_recortado_denoised__seg58,065,3,1,0.11409227028489113
065_recortado_denoised__seg59,065,3,1,0.11409227028489113
065_recortado_denoised__seg6,065,3,1,0.11409227028489113
065_recortado_denoised__seg60,065,3,1,0.11409227028489113
065_recortado_denoised__seg61,065,3,1,0.11409227028489113
065_recortado_denoised__seg62,065,3,1,0.11409227028489113
065_recortado_denoised__seg63,065,3,1,0.11409227028489113
065_recortado_denoised__seg64,065,3,1,0.11409227028489113
065_recortado_denoised__seg65,065,3,1,0.11409227028489113
065_recortado_denoised__seg66,065,3,1,0.11409227028489113
065_recortado_denoised__seg67,065,3,1,0.11409227028489113
065_recortado_denoised__seg68,065,3,1,0.11409227028489113
065_recortado_denoised__seg69,065,3,1,0.11409227028489113
065_recortado_denoised__seg7,065,3,1,0.11409227028489113
065_recortado_denoised__seg70,065,3,1,0.11409227028489113
065_recortado_denoised__seg71,065,3,1,0.11409227028489113
065_recortado_denoised__seg72,065,3,1,0.11409227028489113
065_recortado_denoised__seg73,065,3,1,0.11409227028489113
065_recortado_denoised__seg74,065,3,1,0.11409227028489113
065_recortado_denoised__seg75,065,3,1,0.11409227028489113
065_recortado_denoised__seg76,065,3,1,0.11409227028489113
065_recortado_denoised__seg77,065,3,1,0.11409227028489113
065_recortado_denoised__seg78,065,3,1,0.11409227028489113
065_recortado_denoised__seg79,065,3,1,0.11409227028489113
065_recortado_denoised__seg8,065,3,1,0.11409227028489113
065_recortado_denoised__seg80,065,3,1,0.11409227028489113
065_recortado_denoised__seg81,065,3,1,0.11409227028489113
065_recortado_denoised__seg82,065,3,1,0.11409227028489113
065_recortado_denoised__seg83,065,3,1,0.11409227028489113
065_recortado_denoised__seg84,065,3,1,0.11409227028489113
065_recortado_denoised__seg85,065,3,1,0.11409227028489113
065_recortado_denoised__seg86,065,3,1,0.11409227028489113
065_recortado_denoised__seg87,065,3,1,0.11409227028489113
065_recortado_denoised__seg88,065,3,1,0.11409227028489113
065_recortado_denoised__seg89,065,3,1,0.11409227028489113
065_recortado_denoised__seg9,065,3,1,0.11409227028489113
065_recortado_denoised__seg90,065,3,1,0.11409227028489113
065_recortado_denoised__seg91,065,3,1,0.11409227028489113
065_recortado_denoised__seg92,065,3,1,0.11409227028489113
065_recortado_denoised__seg93,065,3,1,0.11409227028489113
065_recortado_denoised__seg94,065,3,1,0.11409227028489113
065_recortado_denoised__seg95,065,3,1,0.11409227028489113
065_recortado_denoised__seg96,065,3,1,0.11409227028489113
065_recortado_denoised__seg97,065,3,1,0.11409227028489113
065_recortado_denoised__seg98,065,3,1,0.11409227028489113
065_recortado_denoised__seg99,065,3,1,0.11409227028489113
067_recortado_denoised__seg0,067,5,1,0.2518481656908989
067_recortado_denoised__seg1,067,5,1,0.2518481656908989
067_recortado_denoised__seg10,067,5,1,0.2518481656908989
067_recortado_denoised__seg11,067,5,1,0.2518481656908989
067_recortado_denoised__seg12,067,5,1,0.2518481656908989
067_recortado_denoised__seg13,067,5,1,0.2518481656908989
067_recortado_denoised__seg14,067,5,1,0.2518481656908989
067_recortado_denoised__seg15,067,5,1,0.2518481656908989
067_recortado_denoised__seg16,067,5,1,0.2518481656908989
067_recortado_denoised__seg17,067,5,1,0.2518481656908989
067_recortado_denoised__seg18,067,5,1,0.2518481656908989
067_recortado_denoised__seg19,067,5,1,0.2518481656908989
067_recortado_denoised__seg2,067,5,1,0.2518481656908989
067_recortado_denoised__seg20,067,5,1,0.2518481656908989
067_recortado_denoised__seg21,067,5,1,0.2518481656908989
067_recortado_denoised__seg22,067,5,1,0.2518481656908989
067_recortado_denoised__seg23,067,5,1,0.2518481656908989
067_recortado_denoised__seg24,067,5,1,0.2518481656908989
067_recortado_denoised__seg25,067,5,1,0.2518481656908989
067_recortado_denoised__seg26,067,5,1,0.2518481656908989
067_recortado_denoised__seg27,067,5,1,0.2518481656908989
067_recortado_denoised__seg28,067,5,1,0.2518481656908989
067_recortado_denoised__seg29,067,5,1,0.2518481656908989
067_recortado_denoised__seg3,067,5,1,0.2518481656908989
067_recortado_denoised__seg30,067,5,1,0.2518481656908989
067_recortado_denoised__seg31,067,5,1,0.2518481656908989
067_recortado_denoised__seg32,067,5,1,0.2518481656908989
067_recortado_denoised__seg33,067,5,1,0.2518481656908989
067_recortado_denoised__seg34,067,5,1,0.2518481656908989
067_recortado_denoised__seg35,067,5,1,0.2518481656908989
067_recortado_denoised__seg36,067,5,1,0.2518481656908989
067_recortado_denoised__seg37,067,5,1,0.2518481656908989
067_recortado_denoised__seg38,067,5,1,0.2518481656908989
067_recortado_denoised__seg39,067,5,1,0.2518481656908989
067_recortado_denoised__seg4,067,5,1,0.2518481656908989
067_recortado_denoised__seg40,067,5,1,0.2518481656908989
067_recortado_denoised__seg41,067,5,1,0.2518481656908989
067_recortado_denoised__seg42,067,5,1,0.2518481656908989
067_recortado_denoised__seg43,067,5,1,0.2518481656908989
067_recortado_denoised__seg44,067,5,1,0.2518481656908989
067_recortado_denoised__seg45,067,5,1,0.2518481656908989
067_recortado_denoised__seg46,067,5,1,0.2518481656908989
067_recortado_denoised__seg47,067,5,1,0.2518481656908989
067_recortado_denoised__seg48,067,5,1,0.2518481656908989
067_recortado_denoised__seg49,067,5,1,0.2518481656908989
067_recortado_denoised__seg5,067,5,1,0.2518481656908989
067_recortado_denoised__seg50,067,5,1,0.2518481656908989
067_recortado_denoised__seg51,067,5,1,0.2518481656908989
067_recortado_denoised__seg52,067,5,1,0.2518481656908989
067_recortado_denoised__seg53,067,5,1,0.2518481656908989
067_recortado_denoised__seg54,067,5,1,0.2518481656908989
067_recortado_denoised__seg55,067,5,1,0.2518481656908989
067_recortado_denoised__seg56,067,5,1,0.2518481656908989
067_recortado_denoised__seg57,067,5,1,0.2518481656908989
067_recortado_denoised__seg58,067,5,1,0.2518481656908989
067_recortado_denoised__seg59,067,5,1,0.2518481656908989
067_recortado_denoised__seg6,067,5,1,0.2518481656908989
067_recortado_denoised__seg60,067,5,1,0.2518481656908989
067_recortado_denoised__seg61,067,5,1,0.2518481656908989
067_recortado_denoised__seg62,067,5,1,0.2518481656908989
067_recortado_denoised__seg63,067,5,1,0.2518481656908989
067_recortado_denoised__seg64,067,5,1,0.2518481656908989
067_recortado_denoised__seg65,067,5,1,0.2518481656908989
067_recortado_denoised__seg66,067,5,1,0.2518481656908989
067_recortado_denoised__seg67,067,5,1,0.2518481656908989
067_recortado_denoised__seg68,067,5,1,0.2518481656908989
067_recortado_denoised__seg69,067,5,1,0.2518481656908989
067_recortado_denoised__seg7,067,5,1,0.2518481656908989
067_recortado_denoised__seg70,067,5,1,0.2518481656908989
067_recortado_denoised__seg71,067,5,1,0.2518481656908989
067_recortado_denoised__seg72,067,5,1,0.2518481656908989
067_recortado_denoised__seg73,067,5,1,0.2518481656908989
067_recortado_denoised__seg74,067,5,1,0.2518481656908989
067_recortado_denoised__seg75,067,5,1,0.2518481656908989
067_recortado_denoised__seg76,067,5,1,0.2518481656908989
067_recortado_denoised__seg77,067,5,1,0.2518481656908989
067_recortado_denoised__seg78,067,5,1,0.2518481656908989
067_recortado_denoised__seg79,067,5,1,0.2518481656908989
067_recortado_denoised__seg8,067,5,1,0.2518481656908989
067_recortado_denoised__seg80,067,5,1,0.2518481656908989
067_recortado_denoised__seg81,067,5,1,0.2518481656908989
067_recortado_denoised__seg82,067,5,1,0.2518481656908989
067_recortado_denoised__seg83,067,5,1,0.2518481656908989
067_recortado_denoised__seg84,067,5,1,0.2518481656908989
067_recortado_denoised__seg85,067,5,1,0.2518481656908989
067_recortado_denoised__seg86,067,5,1,0.2518481656908989
067_recortado_denoised__seg87,067,5,1,0.2518481656908989
067_recortado_denoised__seg88,067,5,1,0.2518481656908989
067_recortado_denoised__seg89,067,5,1,0.2518481656908989
067_recortado_denoised__seg9,067,5,1,0.2518481656908989
067_recortado_denoised__seg90,067,5,1,0.2518481656908989
067_recortado_denoised__seg91,067,5,1,0.2518481656908989
067_recortado_denoised__seg92,067,5,1,0.2518481656908989
067_recortado_denoised__seg93,067,5,1,0.2518481656908989
067_recortado_denoised__seg94,067,5,1,0.2518481656908989
069_recortado_denoised__seg0,069,4,0,0.2933230742812157
069_recortado_denoised__seg1,069,4,0,0.2933230742812157
069_recortado_denoised__seg10,069,4,0,0.2933230742812157
069_recortado_denoised__seg11,069,4,0,0.2933230742812157
069_recortado_denoised__seg12,069,4,0,0.2933230742812157
069_recortado_denoised__seg13,069,4,0,0.2933230742812157
069_recortado_denoised__seg14,069,4,0,0.2933230742812157
069_recortado_denoised__seg15,069,4,0,0.2933230742812157
069_recortado_denoised__seg16,069,4,0,0.2933230742812157
069_recortado_denoised__seg17,069,4,0,0.2933230742812157
069_recortado_denoised__seg18,069,4,0,0.2933230742812157
069_recortado_denoised__seg19,069,4,0,0.2933230742812157
069_recortado_denoised__seg2,069,4,0,0.2933230742812157
069_recortado_denoised__seg20,069,4,0,0.2933230742812157
069_recortado_denoised__seg21,069,4,0,0.2933230742812157
069_recortado_denoised__seg22,069,4,0,0.2933230742812157
069_recortado_denoised__seg23,069,4,0,0.2933230742812157
069_recortado_denoised__seg24,069,4,0,0.2933230742812157
069_recortado_denoised__seg25,069,4,0,0.2933230742812157
069_recortado_denoised__seg26,069,4,0,0.2933230742812157
069_recortado_denoised__seg27,069,4,0,0.2933230742812157
069_recortado_denoised__seg28,069,4,0,0.2933230742812157
069_recortado_denoised__seg29,069,4,0,0.2933230742812157
069_recortado_denoised__seg3,069,4,0,0.2933230742812157
069_recortado_denoised__seg30,069,4,0,0.2933230742812157
069_recortado_denoised__seg31,069,4,0,0.2933230742812157
069_recortado_denoised__seg32,069,4,0,0.2933230742812157
069_recortado_denoised__seg33,069,4,0,0.2933230742812157
069_recortado_denoised__seg34,069,4,0,0.2933230742812157
069_recortado_denoised__seg35,069,4,0,0.2933230742812157
069_recortado_denoised__seg36,069,4,0,0.2933230742812157
069_recortado_denoised__seg37,069,4,0,0.2933230742812157
069_recortado_denoised__seg38,069,4,0,0.2933230742812157
069_recortado_denoised__seg39,069,4,0,0.2933230742812157
069_recortado_denoised__seg4,069,4,0,0.2933230742812157
069_recortado_denoised__seg40,069,4,0,0.2933230742812157
069_recortado_denoised__seg41,069,4,0,0.2933230742812157
069_recortado_denoised__seg42,069,4,0,0.2933230742812157
069_recortado_denoised__seg43,069,4,0,0.2933230742812157
069_recortado_denoised__seg44,069,4,0,0.2933230742812157
069_recortado_denoised__seg45,069,4,0,0.2933230742812157
069_recortado_denoised__seg46,069,4,0,0.2933230742812157
069_recortado_denoised__seg47,069,4,0,0.2933230742812157
069_recortado_denoised__seg48,069,4,0,0.2933230742812157
069_recortado_denoised__seg49,069,4,0,0.2933230742812157
069_recortado_denoised__seg5,069,4,0,0.2933230742812157
069_recortado_denoised__seg50,069,4,0,0.2933230742812157
069_recortado_denoised__seg51,069,4,0,0.2933230742812157
069_recortado_denoised__seg52,069,4,0,0.2933230742812157
069_recortado_denoised__seg53,069,4,0,0.2933230742812157
069_recortado_denoised__seg54,069,4,0,0.2933230742812157
069_recortado_denoised__seg55,069,4,0,0.2933230742812157
069_recortado_denoised__seg56,069,4,0,0.2933230742812157
069_recortado_denoised__seg57,069,4,0,0.2933230742812157
069_recortado_denoised__seg58,069,4,0,0.2933230742812157
069_recortado_denoised__seg59,069,4,0,0.2933230742812157
069_recortado_denoised__seg6,069,4,0,0.2933230742812157
069_recortado_denoised__seg60,069,4,0,0.2933230742812157
069_recortado_denoised__seg61,069,4,0,0.2933230742812157
069_recortado_denoised__seg62,069,4,0,0.2933230742812157
069_recortado_denoised__seg63,069,4,0,0.2933230742812157
069_recortado_denoised__seg64,069,4,0,0.2933230742812157
069_recortado_denoised__seg65,069,4,0,0.2933230742812157
069_recortado_denoised__seg66,069,4,0,0.2933230742812157
069_recortado_denoised__seg67,069,4,0,0.2933230742812157
069_recortado_denoised__seg68,069,4,0,0.2933230742812157
069_recortado_denoised__seg69,069,4,0,0.2933230742812157
069_recortado_denoised__seg7,069,4,0,0.2933230742812157
069_recortado_denoised__seg70,069,4,0,0.2933230742812157
069_recortado_denoised__seg71,069,4,0,0.2933230742812157
069_recortado_denoised__seg72,069,4,0,0.2933230742812157
069_recortado_denoised__seg73,069,4,0,0.2933230742812157
069_recortado_denoised__seg74,069,4,0,0.2933230742812157
069_recortado_denoised__seg75,069,4,0,0.2933230742812157
069_recortado_denoised__seg76,069,4,0,0.2933230742812157
069_recortado_denoised__seg77,069,4,0,0.2933230742812157
069_recortado_denoised__seg78,069,4,0,0.2933230742812157
069_recortado_denoised__seg79,069,4,0,0.2933230742812157
069_recortado_denoised__seg8,069,4,0,0.2933230742812157
069_recortado_denoised__seg80,069,4,0,0.2933230742812157
069_recortado_denoised__seg81,069,4,0,0.2933230742812157
069_recortado_denoised__seg82,069,4,0,0.2933230742812157
069_recortado_denoised__seg83,069,4,0,0.2933230742812157
069_recortado_denoised__seg84,069,4,0,0.2933230742812157
069_recortado_denoised__seg85,069,4,0,0.2933230742812157
069_recortado_denoised__seg86,069,4,0,0.2933230742812157
069_recortado_denoised__seg87,069,4,0,0.2933230742812157
069_recortado_denoised__seg88,069,4,0,0.2933230742812157
069_recortado_denoised__seg89,069,4,0,0.2933230742812157
069_recortado_denoised__seg9,069,4,0,0.2933230742812157
069_recortado_denoised__seg90,069,4,0,0.2933230742812157
069_recortado_denoised__seg91,069,4,0,0.2933230742812157
069_recortado_denoised__seg92,069,4,0,0.2933230742812157
069_recortado_denoised__seg93,069,4,0,0.2933230742812157
069_recortado_denoised__seg94,069,4,0,0.2933230742812157
069_recortado_denoised__seg95,069,4,0,0.2933230742812157
069_recortado_denoised__seg96,069,4,0,0.2933230742812157
069_recortado_denoised__seg97,069,4,0,0.2933230742812157
069_recortado_denoised__seg98,069,4,0,0.2933230742812157
069_recortado_denoised__seg99,069,4,0,0.2933230742812157
071_recortado_denoised__seg0,071,1,0,0.25890184938907623
071_recortado_denoised__seg1,071,1,0,0.25890184938907623
071_recortado_denoised__seg10,071,1,0,0.25890184938907623
071_recortado_denoised__seg11,071,1,0,0.25890184938907623
071_recortado_denoised__seg12,071,1,0,0.25890184938907623
071_recortado_denoised__seg13,071,1,0,0.25890184938907623
071_recortado_denoised__seg14,071,1,0,0.25890184938907623
071_recortado_denoised__seg15,071,1,0,0.25890184938907623
071_recortado_denoised__seg16,071,1,0,0.25890184938907623
071_recortado_denoised__seg17,071,1,0,0.25890184938907623
071_recortado_denoised__seg18,071,1,0,0.25890184938907623
071_recortado_denoised__seg19,071,1,0,0.25890184938907623
071_recortado_denoised__seg2,071,1,0,0.25890184938907623
071_recortado_denoised__seg20,071,1,0,0.25890184938907623
071_recortado_denoised__seg21,071,1,0,0.25890184938907623
071_recortado_denoised__seg22,071,1,0,0.25890184938907623
071_recortado_denoised__seg23,071,1,0,0.25890184938907623
071_recortado_denoised__seg24,071,1,0,0.25890184938907623
071_recortado_denoised__seg25,071,1,0,0.25890184938907623
071_recortado_denoised__seg26,071,1,0,0.25890184938907623
071_recortado_denoised__seg27,071,1,0,0.25890184938907623
071_recortado_denoised__seg28,071,1,0,0.25890184938907623
071_recortado_denoised__seg29,071,1,0,0.25890184938907623
071_recortado_denoised__seg3,071,1,0,0.25890184938907623
071_recortado_denoised__seg30,071,1,0,0.25890184938907623
071_recortado_denoised__seg31,071,1,0,0.25890184938907623
071_recortado_denoised__seg32,071,1,0,0.25890184938907623
071_recortado_denoised__seg33,071,1,0,0.25890184938907623
071_recortado_denoised__seg34,071,1,0,0.25890184938907623
071_recortado_denoised__seg35,071,1,0,0.25890184938907623
071_recortado_denoised__seg36,071,1,0,0.25890184938907623
071_recortado_denoised__seg37,071,1,0,0.25890184938907623
071_recortado_denoised__seg38,071,1,0,0.25890184938907623
071_recortado_denoised__seg39,071,1,0,0.25890184938907623
071_recortado_denoised__seg4,071,1,0,0.25890184938907623
071_recortado_denoised__seg40,071,1,0,0.25890184938907623
071_recortado_denoised__seg41,071,1,0,0.25890184938907623
071_recortado_denoised__seg42,071,1,0,0.25890184938907623
071_recortado_denoised__seg43,071,1,0,0.25890184938907623
071_recortado_denoised__seg44,071,1,0,0.25890184938907623
071_recortado_denoised__seg45,071,1,0,0.25890184938907623
071_recortado_denoised__seg46,071,1,0,0.25890184938907623
071_recortado_denoised__seg47,071,1,0,0.25890184938907623
071_recortado_denoised__seg48,071,1,0,0.25890184938907623
071_recortado_denoised__seg49,071,1,0,0.25890184938907623
071_recortado_denoised__seg5,071,1,0,0.25890184938907623
071_recortado_denoised__seg50,071,1,0,0.25890184938907623
071_recortado_denoised__seg51,071,1,0,0.25890184938907623
071_recortado_denoised__seg52,071,1,0,0.25890184938907623
071_recortado_denoised__seg53,071,1,0,0.25890184938907623
071_recortado_denoised__seg54,071,1,0,0.25890184938907623
071_recortado_denoised__seg55,071,1,0,0.25890184938907623
071_recortado_denoised__seg56,071,1,0,0.25890184938907623
071_recortado_denoised__seg57,071,1,0,0.25890184938907623
071_recortado_denoised__seg58,071,1,0,0.25890184938907623
071_recortado_denoised__seg59,071,1,0,0.25890184938907623
071_recortado_denoised__seg6,071,1,0,0.25890184938907623
071_recortado_denoised__seg60,071,1,0,0.25890184938907623
071_recortado_denoised__seg61,071,1,0,0.25890184938907623
071_recortado_denoised__seg62,071,1,0,0.25890184938907623
071_recortado_denoised__seg63,071,1,0,0.25890184938907623
071_recortado_denoised__seg64,071,1,0,0.25890184938907623
071_recortado_denoised__seg65,071,1,0,0.25890184938907623
071_recortado_denoised__seg66,071,1,0,0.25890184938907623
071_recortado_denoised__seg67,071,1,0,0.25890184938907623
071_recortado_denoised__seg68,071,1,0,0.25890184938907623
071_recortado_denoised__seg69,071,1,0,0.25890184938907623
071_recortado_denoised__seg7,071,1,0,0.25890184938907623
071_recortado_denoised__seg70,071,1,0,0.25890184938907623
071_recortado_denoised__seg71,071,1,0,0.25890184938907623
071_recortado_denoised__seg72,071,1,0,0.25890184938907623
071_recortado_denoised__seg73,071,1,0,0.25890184938907623
071_recortado_denoised__seg74,071,1,0,0.25890184938907623
071_recortado_denoised__seg75,071,1,0,0.25890184938907623
071_recortado_denoised__seg76,071,1,0,0.25890184938907623
071_recortado_denoised__seg77,071,1,0,0.25890184938907623
071_recortado_denoised__seg8,071,1,0,0.25890184938907623
071_recortado_denoised__seg9,071,1,0,0.25890184938907623
072_recortado_denoised__seg0,072,3,0,0.2597160816192627
072_recortado_denoised__seg1,072,3,0,0.2597160816192627
072_recortado_denoised__seg10,072,3,0,0.2597160816192627
072_recortado_denoised__seg11,072,3,0,0.2597160816192627
072_recortado_denoised__seg12,072,3,0,0.2597160816192627
072_recortado_denoised__seg13,072,3,0,0.2597160816192627
072_recortado_denoised__seg14,072,3,0,0.2597160816192627
072_recortado_denoised__seg15,072,3,0,0.2597160816192627
072_recortado_denoised__seg16,072,3,0,0.2597160816192627
072_recortado_denoised__seg17,072,3,0,0.2597160816192627
072_recortado_denoised__seg18,072,3,0,0.2597160816192627
072_recortado_denoised__seg19,072,3,0,0.2597160816192627
072_recortado_denoised__seg2,072,3,0,0.2597160816192627
072_recortado_denoised__seg20,072,3,0,0.2597160816192627
072_recortado_denoised__seg21,072,3,0,0.2597160816192627
072_recortado_denoised__seg22,072,3,0,0.2597160816192627
072_recortado_denoised__seg23,072,3,0,0.2597160816192627
072_recortado_denoised__seg24,072,3,0,0.2597160816192627
072_recortado_denoised__seg25,072,3,0,0.2597160816192627
072_recortado_denoised__seg26,072,3,0,0.2597160816192627
072_recortado_denoised__seg27,072,3,0,0.2597160816192627
072_recortado_denoised__seg28,072,3,0,0.2597160816192627
072_recortado_denoised__seg29,072,3,0,0.2597160816192627
072_recortado_denoised__seg3,072,3,0,0.2597160816192627
072_recortado_denoised__seg30,072,3,0,0.2597160816192627
072_recortado_denoised__seg31,072,3,0,0.2597160816192627
072_recortado_denoised__seg32,072,3,0,0.2597160816192627
072_recortado_denoised__seg33,072,3,0,0.2597160816192627
072_recortado_denoised__seg34,072,3,0,0.2597160816192627
072_recortado_denoised__seg35,072,3,0,0.2597160816192627
072_recortado_denoised__seg36,072,3,0,0.2597160816192627
072_recortado_denoised__seg37,072,3,0,0.2597160816192627
072_recortado_denoised__seg38,072,3,0,0.2597160816192627
072_recortado_denoised__seg39,072,3,0,0.2597160816192627
072_recortado_denoised__seg4,072,3,0,0.2597160816192627
072_recortado_denoised__seg40,072,3,0,0.2597160816192627
072_recortado_denoised__seg41,072,3,0,0.2597160816192627
072_recortado_denoised__seg42,072,3,0,0.2597160816192627
072_recortado_denoised__seg43,072,3,0,0.2597160816192627
072_recortado_denoised__seg44,072,3,0,0.2597160816192627
072_recortado_denoised__seg45,072,3,0,0.2597160816192627
072_recortado_denoised__seg46,072,3,0,0.2597160816192627
072_recortado_denoised__seg47,072,3,0,0.2597160816192627
072_recortado_denoised__seg48,072,3,0,0.2597160816192627
072_recortado_denoised__seg49,072,3,0,0.2597160816192627
072_recortado_denoised__seg5,072,3,0,0.2597160816192627
072_recortado_denoised__seg50,072,3,0,0.2597160816192627
072_recortado_denoised__seg51,072,3,0,0.2597160816192627
072_recortado_denoised__seg52,072,3,0,0.2597160816192627
072_recortado_denoised__seg53,072,3,0,0.2597160816192627
072_recortado_denoised__seg54,072,3,0,0.2597160816192627
072_recortado_denoised__seg55,072,3,0,0.2597160816192627
072_recortado_denoised__seg56,072,3,0,0.2597160816192627
072_recortado_denoised__seg57,072,3,0,0.2597160816192627
072_recortado_denoised__seg58,072,3,0,0.2597160816192627
072_recortado_denoised__seg59,072,3,0,0.2597160816192627
072_recortado_denoised__seg6,072,3,0,0.2597160816192627
072_recortado_denoised__seg60,072,3,0,0.2597160816192627
072_recortado_denoised__seg61,072,3,0,0.2597160816192627
072_recortado_denoised__seg62,072,3,0,0.2597160816192627
072_recortado_denoised__seg63,072,3,0,0.2597160816192627
072_recortado_denoised__seg64,072,3,0,0.2597160816192627
072_recortado_denoised__seg65,072,3,0,0.2597160816192627
072_recortado_denoised__seg7,072,3,0,0.2597160816192627
072_recortado_denoised__seg8,072,3,0,0.2597160816192627
072_recortado_denoised__seg9,072,3,0,0.2597160816192627
073_recortado_denoised__seg0,073,2,1,0.2688851304352283
073_recortado_denoised__seg1,073,2,1,0.2688851304352283
073_recortado_denoised__seg10,073,2,1,0.2688851304352283
073_recortado_denoised__seg100,073,2,1,0.2688851304352283
073_recortado_denoised__seg101,073,2,1,0.2688851304352283
073_recortado_denoised__seg102,073,2,1,0.2688851304352283
073_recortado_denoised__seg103,073,2,1,0.2688851304352283
073_recortado_denoised__seg104,073,2,1,0.2688851304352283
073_recortado_denoised__seg105,073,2,1,0.2688851304352283
073_recortado_denoised__seg106,073,2,1,0.2688851304352283
073_recortado_denoised__seg107,073,2,1,0.2688851304352283
073_recortado_denoised__seg108,073,2,1,0.2688851304352283
073_recortado_denoised__seg109,073,2,1,0.2688851304352283
073_recortado_denoised__seg11,073,2,1,0.2688851304352283
073_recortado_denoised__seg110,073,2,1,0.2688851304352283
073_recortado_denoised__seg111,073,2,1,0.2688851304352283
073_recortado_denoised__seg112,073,2,1,0.2688851304352283
073_recortado_denoised__seg113,073,2,1,0.2688851304352283
073_recortado_denoised__seg114,073,2,1,0.2688851304352283
073_recortado_denoised__seg115,073,2,1,0.2688851304352283
073_recortado_denoised__seg116,073,2,1,0.2688851304352283
073_recortado_denoised__seg117,073,2,1,0.2688851304352283
073_recortado_denoised__seg12,073,2,1,0.2688851304352283
073_recortado_denoised__seg13,073,2,1,0.2688851304352283
073_recortado_denoised__seg14,073,2,1,0.2688851304352283
073_recortado_denoised__seg15,073,2,1,0.2688851304352283
073_recortado_denoised__seg16,073,2,1,0.2688851304352283
073_recortado_denoised__seg17,073,2,1,0.2688851304352283
073_recortado_denoised__seg18,073,2,1,0.2688851304352283
073_recortado_denoised__seg19,073,2,1,0.2688851304352283
073_recortado_denoised__seg2,073,2,1,0.2688851304352283
073_recortado_denoised__seg20,073,2,1,0.2688851304352283
073_recortado_denoised__seg21,073,2,1,0.2688851304352283
073_recortado_denoised__seg22,073,2,1,0.2688851304352283
073_recortado_denoised__seg23,073,2,1,0.2688851304352283
073_recortado_denoised__seg24,073,2,1,0.2688851304352283
073_recortado_denoised__seg25,073,2,1,0.2688851304352283
073_recortado_denoised__seg26,073,2,1,0.2688851304352283
073_recortado_denoised__seg27,073,2,1,0.2688851304352283
073_recortado_denoised__seg28,073,2,1,0.2688851304352283
073_recortado_denoised__seg29,073,2,1,0.2688851304352283
073_recortado_denoised__seg3,073,2,1,0.2688851304352283
073_recortado_denoised__seg30,073,2,1,0.2688851304352283
073_recortado_denoised__seg31,073,2,1,0.2688851304352283
073_recortado_denoised__seg32,073,2,1,0.2688851304352283
073_recortado_denoised__seg33,073,2,1,0.2688851304352283
073_recortado_denoised__seg34,073,2,1,0.2688851304352283
073_recortado_denoised__seg35,073,2,1,0.2688851304352283
073_recortado_denoised__seg36,073,2,1,0.2688851304352283
073_recortado_denoised__seg37,073,2,1,0.2688851304352283
073_recortado_denoised__seg38,073,2,1,0.2688851304352283
073_recortado_denoised__seg39,073,2,1,0.2688851304352283
073_recortado_denoised__seg4,073,2,1,0.2688851304352283
073_recortado_denoised__seg40,073,2,1,0.2688851304352283
073_recortado_denoised__seg41,073,2,1,0.2688851304352283
073_recortado_denoised__seg42,073,2,1,0.2688851304352283
073_recortado_denoised__seg43,073,2,1,0.2688851304352283
073_recortado_denoised__seg44,073,2,1,0.2688851304352283
073_recortado_denoised__seg45,073,2,1,0.2688851304352283
073_recortado_denoised__seg46,073,2,1,0.2688851304352283
073_recortado_denoised__seg47,073,2,1,0.2688851304352283
073_recortado_denoised__seg48,073,2,1,0.2688851304352283
073_recortado_denoised__seg49,073,2,1,0.2688851304352283
073_recortado_denoised__seg5,073,2,1,0.2688851304352283
073_recortado_denoised__seg50,073,2,1,0.2688851304352283
073_recortado_denoised__seg51,073,2,1,0.2688851304352283
073_recortado_denoised__seg52,073,2,1,0.2688851304352283
073_recortado_denoised__seg53,073,2,1,0.2688851304352283
073_recortado_denoised__seg54,073,2,1,0.2688851304352283
073_recortado_denoised__seg55,073,2,1,0.2688851304352283
073_recortado_denoised__seg56,073,2,1,0.2688851304352283
073_recortado_denoised__seg57,073,2,1,0.2688851304352283
073_recortado_denoised__seg58,073,2,1,0.2688851304352283
073_recortado_denoised__seg59,073,2,1,0.2688851304352283
073_recortado_denoised__seg6,073,2,1,0.2688851304352283
073_recortado_denoised__seg60,073,2,1,0.2688851304352283
073_recortado_denoised__seg61,073,2,1,0.2688851304352283
073_recortado_denoised__seg62,073,2,1,0.2688851304352283
073_recortado_denoised__seg63,073,2,1,0.2688851304352283
073_recortado_denoised__seg64,073,2,1,0.2688851304352283
073_recortado_denoised__seg65,073,2,1,0.2688851304352283
073_recortado_denoised__seg66,073,2,1,0.2688851304352283
073_recortado_denoised__seg67,073,2,1,0.2688851304352283
073_recortado_denoised__seg68,073,2,1,0.2688851304352283
073_recortado_denoised__seg69,073,2,1,0.2688851304352283
073_recortado_denoised__seg7,073,2,1,0.2688851304352283
073_recortado_denoised__seg70,073,2,1,0.2688851304352283
073_recortado_denoised__seg71,073,2,1,0.2688851304352283
073_recortado_denoised__seg72,073,2,1,0.2688851304352283
073_recortado_denoised__seg73,073,2,1,0.2688851304352283
073_recortado_denoised__seg74,073,2,1,0.2688851304352283
073_recortado_denoised__seg75,073,2,1,0.2688851304352283
073_recortado_denoised__seg76,073,2,1,0.2688851304352283
073_recortado_denoised__seg77,073,2,1,0.2688851304352283
073_recortado_denoised__seg78,073,2,1,0.2688851304352283
073_recortado_denoised__seg79,073,2,1,0.2688851304352283
073_recortado_denoised__seg8,073,2,1,0.2688851304352283
073_recortado_denoised__seg80,073,2,1,0.2688851304352283
073_recortado_denoised__seg81,073,2,1,0.2688851304352283
073_recortado_denoised__seg82,073,2,1,0.2688851304352283
073_recortado_denoised__seg83,073,2,1,0.2688851304352283
073_recortado_denoised__seg84,073,2,1,0.2688851304352283
073_recortado_denoised__seg85,073,2,1,0.2688851304352283
073_recortado_denoised__seg86,073,2,1,0.2688851304352283
073_recortado_denoised__seg87,073,2,1,0.2688851304352283
073_recortado_denoised__seg88,073,2,1,0.2688851304352283
073_recortado_denoised__seg89,073,2,1,0.2688851304352283
073_recortado_denoised__seg9,073,2,1,0.2688851304352283
073_recortado_denoised__seg90,073,2,1,0.2688851304352283
073_recortado_denoised__seg91,073,2,1,0.2688851304352283
073_recortado_denoised__seg92,073,2,1,0.2688851304352283
073_recortado_denoised__seg93,073,2,1,0.2688851304352283
073_recortado_denoised__seg94,073,2,1,0.2688851304352283
073_recortado_denoised__seg95,073,2,1,0.2688851304352283
073_recortado_denoised__seg96,073,2,1,0.2688851304352283
073_recortado_denoised__seg97,073,2,1,0.2688851304352283
073_recortado_denoised__seg98,073,2,1,0.2688851304352283
073_recortado_denoised__seg99,073,2,1,0.2688851304352283
074_recortado_denoised__seg0,074,3,0,0.2493465833365917
074_recortado_denoised__seg1,074,3,0,0.2493465833365917
074_recortado_denoised__seg10,074,3,0,0.2493465833365917
074_recortado_denoised__seg11,074,3,0,0.2493465833365917
074_recortado_denoised__seg12,074,3,0,0.2493465833365917
074_recortado_denoised__seg13,074,3,0,0.2493465833365917
074_recortado_denoised__seg14,074,3,0,0.2493465833365917
074_recortado_denoised__seg15,074,3,0,0.2493465833365917
074_recortado_denoised__seg16,074,3,0,0.2493465833365917
074_recortado_denoised__seg17,074,3,0,0.2493465833365917
074_recortado_denoised__seg18,074,3,0,0.2493465833365917
074_recortado_denoised__seg19,074,3,0,0.2493465833365917
074_recortado_denoised__seg2,074,3,0,0.2493465833365917
074_recortado_denoised__seg20,074,3,0,0.2493465833365917
074_recortado_denoised__seg21,074,3,0,0.2493465833365917
074_recortado_denoised__seg22,074,3,0,0.2493465833365917
074_recortado_denoised__seg23,074,3,0,0.2493465833365917
074_recortado_denoised__seg24,074,3,0,0.2493465833365917
074_recortado_denoised__seg25,074,3,0,0.2493465833365917
074_recortado_denoised__seg26,074,3,0,0.2493465833365917
074_recortado_denoised__seg27,074,3,0,0.2493465833365917
074_recortado_denoised__seg28,074,3,0,0.2493465833365917
074_recortado_denoised__seg29,074,3,0,0.2493465833365917
074_recortado_denoised__seg3,074,3,0,0.2493465833365917
074_recortado_denoised__seg30,074,3,0,0.2493465833365917
074_recortado_denoised__seg31,074,3,0,0.2493465833365917
074_recortado_denoised__seg32,074,3,0,0.2493465833365917
074_recortado_denoised__seg33,074,3,0,0.2493465833365917
074_recortado_denoised__seg34,074,3,0,0.2493465833365917
074_recortado_denoised__seg35,074,3,0,0.2493465833365917
074_recortado_denoised__seg36,074,3,0,0.2493465833365917
074_recortado_denoised__seg37,074,3,0,0.2493465833365917
074_recortado_denoised__seg38,074,3,0,0.2493465833365917
074_recortado_denoised__seg39,074,3,0,0.2493465833365917
074_recortado_denoised__seg4,074,3,0,0.2493465833365917
074_recortado_denoised__seg40,074,3,0,0.2493465833365917
074_recortado_denoised__seg41,074,3,0,0.2493465833365917
074_recortado_denoised__seg42,074,3,0,0.2493465833365917
074_recortado_denoised__seg43,074,3,0,0.2493465833365917
074_recortado_denoised__seg44,074,3,0,0.2493465833365917
074_recortado_denoised__seg45,074,3,0,0.2493465833365917
074_recortado_denoised__seg46,074,3,0,0.2493465833365917
074_recortado_denoised__seg47,074,3,0,0.2493465833365917
074_recortado_denoised__seg48,074,3,0,0.2493465833365917
074_recortado_denoised__seg49,074,3,0,0.2493465833365917
074_recortado_denoised__seg5,074,3,0,0.2493465833365917
074_recortado_denoised__seg50,074,3,0,0.2493465833365917
074_recortado_denoised__seg51,074,3,0,0.2493465833365917
074_recortado_denoised__seg52,074,3,0,0.2493465833365917
074_recortado_denoised__seg53,074,3,0,0.2493465833365917
074_recortado_denoised__seg54,074,3,0,0.2493465833365917
074_recortado_denoised__seg55,074,3,0,0.2493465833365917
074_recortado_denoised__seg56,074,3,0,0.2493465833365917
074_recortado_denoised__seg57,074,3,0,0.2493465833365917
074_recortado_denoised__seg58,074,3,0,0.2493465833365917
074_recortado_denoised__seg59,074,3,0,0.2493465833365917
074_recortado_denoised__seg6,074,3,0,0.2493465833365917
074_recortado_denoised__seg60,074,3,0,0.2493465833365917
074_recortado_denoised__seg61,074,3,0,0.2493465833365917
074_recortado_denoised__seg62,074,3,0,0.2493465833365917
074_recortado_denoised__seg63,074,3,0,0.2493465833365917
074_recortado_denoised__seg64,074,3,0,0.2493465833365917
074_recortado_denoised__seg65,074,3,0,0.2493465833365917
074_recortado_denoised__seg66,074,3,0,0.2493465833365917
074_recortado_denoised__seg67,074,3,0,0.2493465833365917
074_recortado_denoised__seg68,074,3,0,0.2493465833365917
074_recortado_denoised__seg69,074,3,0,0.2493465833365917
074_recortado_denoised__seg7,074,3,0,0.2493465833365917
074_recortado_denoised__seg70,074,3,0,0.2493465833365917
074_recortado_denoised__seg71,074,3,0,0.2493465833365917
074_recortado_denoised__seg72,074,3,0,0.2493465833365917
074_recortado_denoised__seg73,074,3,0,0.2493465833365917
074_recortado_denoised__seg74,074,3,0,0.2493465833365917
074_recortado_denoised__seg75,074,3,0,0.2493465833365917
074_recortado_denoised__seg76,074,3,0,0.2493465833365917
074_recortado_denoised__seg77,074,3,0,0.2493465833365917
074_recortado_denoised__seg78,074,3,0,0.2493465833365917
074_recortado_denoised__seg79,074,3,0,0.2493465833365917
074_recortado_denoised__seg8,074,3,0,0.2493465833365917
074_recortado_denoised__seg80,074,3,0,0.2493465833365917
074_recortado_denoised__seg81,074,3,0,0.2493465833365917
074_recortado_denoised__seg82,074,3,0,0.2493465833365917
074_recortado_denoised__seg83,074,3,0,0.2493465833365917
074_recortado_denoised__seg84,074,3,0,0.2493465833365917
074_recortado_denoised__seg85,074,3,0,0.2493465833365917
074_recortado_denoised__seg86,074,3,0,0.2493465833365917
074_recortado_denoised__seg87,074,3,0,0.2493465833365917
074_recortado_denoised__seg88,074,3,0,0.2493465833365917
074_recortado_denoised__seg9,074,3,0,0.2493465833365917
075_recortado_denoised__seg0,075,1,0,0.272038447111845
075_recortado_denoised__seg1,075,1,0,0.272038447111845
075_recortado_denoised__seg10,075,1,0,0.272038447111845
075_recortado_denoised__seg100,075,1,0,0.272038447111845
075_recortado_denoised__seg101,075,1,0,0.272038447111845
075_recortado_denoised__seg102,075,1,0,0.272038447111845
075_recortado_denoised__seg103,075,1,0,0.272038447111845
075_recortado_denoised__seg104,075,1,0,0.272038447111845
075_recortado_denoised__seg105,075,1,0,0.272038447111845
075_recortado_denoised__seg106,075,1,0,0.272038447111845
075_recortado_denoised__seg107,075,1,0,0.272038447111845
075_recortado_denoised__seg108,075,1,0,0.272038447111845
075_recortado_denoised__seg109,075,1,0,0.272038447111845
075_recortado_denoised__seg11,075,1,0,0.272038447111845
075_recortado_denoised__seg110,075,1,0,0.272038447111845
075_recortado_denoised__seg111,075,1,0,0.272038447111845
075_recortado_denoised__seg112,075,1,0,0.272038447111845
075_recortado_denoised__seg113,075,1,0,0.272038447111845
075_recortado_denoised__seg114,075,1,0,0.272038447111845
075_recortado_denoised__seg115,075,1,0,0.272038447111845
075_recortado_denoised__seg116,075,1,0,0.272038447111845
075_recortado_denoised__seg117,075,1,0,0.272038447111845
075_recortado_denoised__seg118,075,1,0,0.272038447111845
075_recortado_denoised__seg119,075,1,0,0.272038447111845
075_recortado_denoised__seg12,075,1,0,0.272038447111845
075_recortado_denoised__seg120,075,1,0,0.272038447111845
075_recortado_denoised__seg121,075,1,0,0.272038447111845
075_recortado_denoised__seg122,075,1,0,0.272038447111845
075_recortado_denoised__seg123,075,1,0,0.272038447111845
075_recortado_denoised__seg124,075,1,0,0.272038447111845
075_recortado_denoised__seg125,075,1,0,0.272038447111845
075_recortado_denoised__seg126,075,1,0,0.272038447111845
075_recortado_denoised__seg127,075,1,0,0.272038447111845
075_recortado_denoised__seg128,075,1,0,0.272038447111845
075_recortado_denoised__seg129,075,1,0,0.272038447111845
075_recortado_denoised__seg13,075,1,0,0.272038447111845
075_recortado_denoised__seg130,075,1,0,0.272038447111845
075_recortado_denoised__seg131,075,1,0,0.272038447111845
075_recortado_denoised__seg132,075,1,0,0.272038447111845
075_recortado_denoised__seg133,075,1,0,0.272038447111845
075_recortado_denoised__seg134,075,1,0,0.272038447111845
075_recortado_denoised__seg135,075,1,0,0.272038447111845
075_recortado_denoised__seg136,075,1,0,0.272038447111845
075_recortado_denoised__seg137,075,1,0,0.272038447111845
075_recortado_denoised__seg138,075,1,0,0.272038447111845
075_recortado_denoised__seg139,075,1,0,0.272038447111845
075_recortado_denoised__seg14,075,1,0,0.272038447111845
075_recortado_denoised__seg140,075,1,0,0.272038447111845
075_recortado_denoised__seg141,075,1,0,0.272038447111845
075_recortado_denoised__seg142,075,1,0,0.272038447111845
075_recortado_denoised__seg143,075,1,0,0.272038447111845
075_recortado_denoised__seg144,075,1,0,0.272038447111845
075_recortado_denoised__seg145,075,1,0,0.272038447111845
075_recortado_denoised__seg146,075,1,0,0.272038447111845
075_recortado_denoised__seg147,075,1,0,0.272038447111845
075_recortado_denoised__seg148,075,1,0,0.272038447111845
075_recortado_denoised__seg149,075,1,0,0.272038447111845
075_recortado_denoised__seg15,075,1,0,0.272038447111845
075_recortado_denoised__seg150,075,1,0,0.272038447111845
075_recortado_denoised__seg151,075,1,0,0.272038447111845
075_recortado_denoised__seg152,075,1,0,0.272038447111845
075_recortado_denoised__seg153,075,1,0,0.272038447111845
075_recortado_denoised__seg154,075,1,0,0.272038447111845
075_recortado_denoised__seg155,075,1,0,0.272038447111845
075_recortado_denoised__seg156,075,1,0,0.272038447111845
075_recortado_denoised__seg16,075,1,0,0.272038447111845
075_recortado_denoised__seg17,075,1,0,0.272038447111845
075_recortado_denoised__seg18,075,1,0,0.272038447111845
075_recortado_denoised__seg19,075,1,0,0.272038447111845
075_recortado_denoised__seg2,075,1,0,0.272038447111845
075_recortado_denoised__seg20,075,1,0,0.272038447111845
075_recortado_denoised__seg21,075,1,0,0.272038447111845
075_recortado_denoised__seg22,075,1,0,0.272038447111845
075_recortado_denoised__seg23,075,1,0,0.272038447111845
075_recortado_denoised__seg24,075,1,0,0.272038447111845
075_recortado_denoised__seg25,075,1,0,0.272038447111845
075_recortado_denoised__seg26,075,1,0,0.272038447111845
075_recortado_denoised__seg27,075,1,0,0.272038447111845
075_recortado_denoised__seg28,075,1,0,0.272038447111845
075_recortado_denoised__seg29,075,1,0,0.272038447111845
075_recortado_denoised__seg3,075,1,0,0.272038447111845
075_recortado_denoised__seg30,075,1,0,0.272038447111845
075_recortado_denoised__seg31,075,1,0,0.272038447111845
075_recortado_denoised__seg32,075,1,0,0.272038447111845
075_recortado_denoised__seg33,075,1,0,0.272038447111845
075_recortado_denoised__seg34,075,1,0,0.272038447111845
075_recortado_denoised__seg35,075,1,0,0.272038447111845
075_recortado_denoised__seg36,075,1,0,0.272038447111845
075_recortado_denoised__seg37,075,1,0,0.272038447111845
075_recortado_denoised__seg38,075,1,0,0.272038447111845
075_recortado_denoised__seg39,075,1,0,0.272038447111845
075_recortado_denoised__seg4,075,1,0,0.272038447111845
075_recortado_denoised__seg40,075,1,0,0.272038447111845
075_recortado_denoised__seg41,075,1,0,0.272038447111845
075_recortado_denoised__seg42,075,1,0,0.272038447111845
075_recortado_denoised__seg43,075,1,0,0.272038447111845
075_recortado_denoised__seg44,075,1,0,0.272038447111845
075_recortado_denoised__seg45,075,1,0,0.272038447111845
075_recortado_denoised__seg46,075,1,0,0.272038447111845
075_recortado_denoised__seg47,075,1,0,0.272038447111845
075_recortado_denoised__seg48,075,1,0,0.272038447111845
075_recortado_denoised__seg49,075,1,0,0.272038447111845
075_recortado_denoised__seg5,075,1,0,0.272038447111845
075_recortado_denoised__seg50,075,1,0,0.272038447111845
075_recortado_denoised__seg51,075,1,0,0.272038447111845
075_recortado_denoised__seg52,075,1,0,0.272038447111845
075_recortado_denoised__seg53,075,1,0,0.272038447111845
075_recortado_denoised__seg54,075,1,0,0.272038447111845
075_recortado_denoised__seg55,075,1,0,0.272038447111845
075_recortado_denoised__seg56,075,1,0,0.272038447111845
075_recortado_denoised__seg57,075,1,0,0.272038447111845
075_recortado_denoised__seg58,075,1,0,0.272038447111845
075_recortado_denoised__seg59,075,1,0,0.272038447111845
075_recortado_denoised__seg6,075,1,0,0.272038447111845
075_recortado_denoised__seg60,075,1,0,0.272038447111845
075_recortado_denoised__seg61,075,1,0,0.272038447111845
075_recortado_denoised__seg62,075,1,0,0.272038447111845
075_recortado_denoised__seg63,075,1,0,0.272038447111845
075_recortado_denoised__seg64,075,1,0,0.272038447111845
075_recortado_denoised__seg65,075,1,0,0.272038447111845
075_recortado_denoised__seg66,075,1,0,0.272038447111845
075_recortado_denoised__seg67,075,1,0,0.272038447111845
075_recortado_denoised__seg68,075,1,0,0.272038447111845
075_recortado_denoised__seg69,075,1,0,0.272038447111845
075_recortado_denoised__seg7,075,1,0,0.272038447111845
075_recortado_denoised__seg70,075,1,0,0.272038447111845
075_recortado_denoised__seg71,075,1,0,0.272038447111845
075_recortado_denoised__seg72,075,1,0,0.272038447111845
075_recortado_denoised__seg73,075,1,0,0.272038447111845
075_recortado_denoised__seg74,075,1,0,0.272038447111845
075_recortado_denoised__seg75,075,1,0,0.272038447111845
075_recortado_denoised__seg76,075,1,0,0.272038447111845
075_recortado_denoised__seg77,075,1,0,0.272038447111845
075_recortado_denoised__seg78,075,1,0,0.272038447111845
075_recortado_denoised__seg79,075,1,0,0.272038447111845
075_recortado_denoised__seg8,075,1,0,0.272038447111845
075_recortado_denoised__seg80,075,1,0,0.272038447111845
075_recortado_denoised__seg81,075,1,0,0.272038447111845
075_recortado_denoised__seg82,075,1,0,0.272038447111845
075_recortado_denoised__seg83,075,1,0,0.272038447111845
075_recortado_denoised__seg84,075,1,0,0.272038447111845
075_recortado_denoised__seg85,075,1,0,0.272038447111845
075_recortado_denoised__seg86,075,1,0,0.272038447111845
075_recortado_denoised__seg87,075,1,0,0.272038447111845
075_recortado_denoised__seg88,075,1,0,0.272038447111845
075_recortado_denoised__seg89,075,1,0,0.272038447111845
075_recortado_denoised__seg9,075,1,0,0.272038447111845
075_recortado_denoised__seg90,075,1,0,0.272038447111845
075_recortado_denoised__seg91,075,1,0,0.272038447111845
075_recortado_denoised__seg92,075,1,0,0.272038447111845
075_recortado_denoised__seg93,075,1,0,0.272038447111845
075_recortado_denoised__seg94,075,1,0,0.272038447111845
075_recortado_denoised__seg95,075,1,0,0.272038447111845
075_recortado_denoised__seg96,075,1,0,0.272038447111845
075_recortado_denoised__seg97,075,1,0,0.272038447111845
075_recortado_denoised__seg98,075,1,0,0.272038447111845
075_recortado_denoised__seg99,075,1,0,0.272038447111845
076_recortado_denoised__seg0,076,4,0,0.5591775938868523
076_recortado_denoised__seg1,076,4,0,0.5591775938868523
076_recortado_denoised__seg10,076,4,0,0.5591775938868523
076_recortado_denoised__seg11,076,4,0,0.5591775938868523
076_recortado_denoised__seg12,076,4,0,0.5591775938868523
076_recortado_denoised__seg13,076,4,0,0.5591775938868523
076_recortado_denoised__seg14,076,4,0,0.5591775938868523
076_recortado_denoised__seg15,076,4,0,0.5591775938868523
076_recortado_denoised__seg16,076,4,0,0.5591775938868523
076_recortado_denoised__seg17,076,4,0,0.5591775938868523
076_recortado_denoised__seg18,076,4,0,0.5591775938868523
076_recortado_denoised__seg19,076,4,0,0.5591775938868523
076_recortado_denoised__seg2,076,4,0,0.5591775938868523
076_recortado_denoised__seg20,076,4,0,0.5591775938868523
076_recortado_denoised__seg21,076,4,0,0.5591775938868523
076_recortado_denoised__seg22,076,4,0,0.5591775938868523
076_recortado_denoised__seg23,076,4,0,0.5591775938868523
076_recortado_denoised__seg24,076,4,0,0.5591775938868523
076_recortado_denoised__seg25,076,4,0,0.5591775938868523
076_recortado_denoised__seg26,076,4,0,0.5591775938868523
076_recortado_denoised__seg27,076,4,0,0.5591775938868523
076_recortado_denoised__seg28,076,4,0,0.5591775938868523
076_recortado_denoised__seg29,076,4,0,0.5591775938868523
076_recortado_denoised__seg3,076,4,0,0.5591775938868523
076_recortado_denoised__seg30,076,4,0,0.5591775938868523
076_recortado_denoised__seg31,076,4,0,0.5591775938868523
076_recortado_denoised__seg32,076,4,0,0.5591775938868523
076_recortado_denoised__seg33,076,4,0,0.5591775938868523
076_recortado_denoised__seg34,076,4,0,0.5591775938868523
076_recortado_denoised__seg35,076,4,0,0.5591775938868523
076_recortado_denoised__seg36,076,4,0,0.5591775938868523
076_recortado_denoised__seg37,076,4,0,0.5591775938868523
076_recortado_denoised__seg38,076,4,0,0.5591775938868523
076_recortado_denoised__seg39,076,4,0,0.5591775938868523
076_recortado_denoised__seg4,076,4,0,0.5591775938868523
076_recortado_denoised__seg40,076,4,0,0.5591775938868523
076_recortado_denoised__seg41,076,4,0,0.5591775938868523
076_recortado_denoised__seg42,076,4,0,0.5591775938868523
076_recortado_denoised__seg43,076,4,0,0.5591775938868523
076_recortado_denoised__seg44,076,4,0,0.5591775938868523
076_recortado_denoised__seg45,076,4,0,0.5591775938868523
076_recortado_denoised__seg46,076,4,0,0.5591775938868523
076_recortado_denoised__seg47,076,4,0,0.5591775938868523
076_recortado_denoised__seg48,076,4,0,0.5591775938868523
076_recortado_denoised__seg49,076,4,0,0.5591775938868523
076_recortado_denoised__seg5,076,4,0,0.5591775938868523
076_recortado_denoised__seg50,076,4,0,0.5591775938868523
076_recortado_denoised__seg51,076,4,0,0.5591775938868523
076_recortado_denoised__seg52,076,4,0,0.5591775938868523
076_recortado_denoised__seg6,076,4,0,0.5591775938868523
076_recortado_denoised__seg7,076,4,0,0.5591775938868523
076_recortado_denoised__seg8,076,4,0,0.5591775938868523
076_recortado_denoised__seg9,076,4,0,0.5591775938868523
077_recortado_denoised__seg0,077,3,1,0.3735488533973694
077_recortado_denoised__seg1,077,3,1,0.3735488533973694
077_recortado_denoised__seg10,077,3,1,0.3735488533973694
077_recortado_denoised__seg11,077,3,1,0.3735488533973694
077_recortado_denoised__seg12,077,3,1,0.3735488533973694
077_recortado_denoised__seg13,077,3,1,0.3735488533973694
077_recortado_denoised__seg14,077,3,1,0.3735488533973694
077_recortado_denoised__seg15,077,3,1,0.3735488533973694
077_recortado_denoised__seg16,077,3,1,0.3735488533973694
077_recortado_denoised__seg17,077,3,1,0.3735488533973694
077_recortado_denoised__seg18,077,3,1,0.3735488533973694
077_recortado_denoised__seg19,077,3,1,0.3735488533973694
077_recortado_denoised__seg2,077,3,1,0.3735488533973694
077_recortado_denoised__seg20,077,3,1,0.3735488533973694
077_recortado_denoised__seg21,077,3,1,0.3735488533973694
077_recortado_denoised__seg22,077,3,1,0.3735488533973694
077_recortado_denoised__seg23,077,3,1,0.3735488533973694
077_recortado_denoised__seg24,077,3,1,0.3735488533973694
077_recortado_denoised__seg25,077,3,1,0.3735488533973694
077_recortado_denoised__seg26,077,3,1,0.3735488533973694
077_recortado_denoised__seg27,077,3,1,0.3735488533973694
077_recortado_denoised__seg28,077,3,1,0.3735488533973694
077_recortado_denoised__seg29,077,3,1,0.3735488533973694
077_recortado_denoised__seg3,077,3,1,0.3735488533973694
077_recortado_denoised__seg30,077,3,1,0.3735488533973694
077_recortado_denoised__seg31,077,3,1,0.3735488533973694
077_recortado_denoised__seg32,077,3,1,0.3735488533973694
077_recortado_denoised__seg33,077,3,1,0.3735488533973694
077_recortado_denoised__seg34,077,3,1,0.3735488533973694
077_recortado_denoised__seg35,077,3,1,0.3735488533973694
077_recortado_denoised__seg36,077,3,1,0.3735488533973694
077_recortado_denoised__seg37,077,3,1,0.3735488533973694
077_recortado_denoised__seg38,077,3,1,0.3735488533973694
077_recortado_denoised__seg39,077,3,1,0.3735488533973694
077_recortado_denoised__seg4,077,3,1,0.3735488533973694
077_recortado_denoised__seg40,077,3,1,0.3735488533973694
077_recortado_denoised__seg41,077,3,1,0.3735488533973694
077_recortado_denoised__seg42,077,3,1,0.3735488533973694
077_recortado_denoised__seg43,077,3,1,0.3735488533973694
077_recortado_denoised__seg44,077,3,1,0.3735488533973694
077_recortado_denoised__seg45,077,3,1,0.3735488533973694
077_recortado_denoised__seg46,077,3,1,0.3735488533973694
077_recortado_denoised__seg47,077,3,1,0.3735488533973694
077_recortado_denoised__seg48,077,3,1,0.3735488533973694
077_recortado_denoised__seg49,077,3,1,0.3735488533973694
077_recortado_denoised__seg5,077,3,1,0.3735488533973694
077_recortado_denoised__seg50,077,3,1,0.3735488533973694
077_recortado_denoised__seg51,077,3,1,0.3735488533973694
077_recortado_denoised__seg52,077,3,1,0.3735488533973694
077_recortado_denoised__seg53,077,3,1,0.3735488533973694
077_recortado_denoised__seg54,077,3,1,0.3735488533973694
077_recortado_denoised__seg55,077,3,1,0.3735488533973694
077_recortado_denoised__seg56,077,3,1,0.3735488533973694
077_recortado_denoised__seg57,077,3,1,0.3735488533973694
077_recortado_denoised__seg58,077,3,1,0.3735488533973694
077_recortado_denoised__seg59,077,3,1,0.3735488533973694
077_recortado_denoised__seg6,077,3,1,0.3735488533973694
077_recortado_denoised__seg60,077,3,1,0.3735488533973694
077_recortado_denoised__seg61,077,3,1,0.3735488533973694
077_recortado_denoised__seg62,077,3,1,0.3735488533973694
077_recortado_denoised__seg63,077,3,1,0.3735488533973694
077_recortado_denoised__seg7,077,3,1,0.3735488533973694
077_recortado_denoised__seg8,077,3,1,0.3735488533973694
077_recortado_denoised__seg9,077,3,1,0.3735488533973694
078_recortado_denoised__seg0,078,5,0,0.4198523208498955
078_recortado_denoised__seg1,078,5,0,0.4198523208498955
078_recortado_denoised__seg10,078,5,0,0.4198523208498955
078_recortado_denoised__seg100,078,5,0,0.4198523208498955
078_recortado_denoised__seg101,078,5,0,0.4198523208498955
078_recortado_denoised__seg102,078,5,0,0.4198523208498955
078_recortado_denoised__seg11,078,5,0,0.4198523208498955
078_recortado_denoised__seg12,078,5,0,0.4198523208498955
078_recortado_denoised__seg13,078,5,0,0.4198523208498955
078_recortado_denoised__seg14,078,5,0,0.4198523208498955
078_recortado_denoised__seg15,078,5,0,0.4198523208498955
078_recortado_denoised__seg16,078,5,0,0.4198523208498955
078_recortado_denoised__seg17,078,5,0,0.4198523208498955
078_recortado_denoised__seg18,078,5,0,0.4198523208498955
078_recortado_denoised__seg19,078,5,0,0.4198523208498955
078_recortado_denoised__seg2,078,5,0,0.4198523208498955
078_recortado_denoised__seg20,078,5,0,0.4198523208498955
078_recortado_denoised__seg21,078,5,0,0.4198523208498955
078_recortado_denoised__seg22,078,5,0,0.4198523208498955
078_recortado_denoised__seg23,078,5,0,0.4198523208498955
078_recortado_denoised__seg24,078,5,0,0.4198523208498955
078_recortado_denoised__seg25,078,5,0,0.4198523208498955
078_recortado_denoised__seg26,078,5,0,0.4198523208498955
078_recortado_denoised__seg27,078,5,0,0.4198523208498955
078_recortado_denoised__seg28,078,5,0,0.4198523208498955
078_recortado_denoised__seg29,078,5,0,0.4198523208498955
078_recortado_denoised__seg3,078,5,0,0.4198523208498955
078_recortado_denoised__seg30,078,5,0,0.4198523208498955
078_recortado_denoised__seg31,078,5,0,0.4198523208498955
078_recortado_denoised__seg32,078,5,0,0.4198523208498955
078_recortado_denoised__seg33,078,5,0,0.4198523208498955
078_recortado_denoised__seg34,078,5,0,0.4198523208498955
078_recortado_denoised__seg35,078,5,0,0.4198523208498955
078_recortado_denoised__seg36,078,5,0,0.4198523208498955
078_recortado_denoised__seg37,078,5,0,0.4198523208498955
078_recortado_denoised__seg38,078,5,0,0.4198523208498955
078_recortado_denoised__seg39,078,5,0,0.4198523208498955
078_recortado_denoised__seg4,078,5,0,0.4198523208498955
078_recortado_denoised__seg40,078,5,0,0.4198523208498955
078_recortado_denoised__seg41,078,5,0,0.4198523208498955
078_recortado_denoised__seg42,078,5,0,0.4198523208498955
078_recortado_denoised__seg43,078,5,0,0.4198523208498955
078_recortado_denoised__seg44,078,5,0,0.4198523208498955
078_recortado_denoised__seg45,078,5,0,0.4198523208498955
078_recortado_denoised__seg46,078,5,0,0.4198523208498955
078_recortado_denoised__seg47,078,5,0,0.4198523208498955
078_recortado_denoised__seg48,078,5,0,0.4198523208498955
078_recortado_denoised__seg49,078,5,0,0.4198523208498955
078_recortado_denoised__seg5,078,5,0,0.4198523208498955
078_recortado_denoised__seg50,078,5,0,0.4198523208498955
078_recortado_denoised__seg51,078,5,0,0.4198523208498955
078_recortado_denoised__seg52,078,5,0,0.4198523208498955
078_recortado_denoised__seg53,078,5,0,0.4198523208498955
078_recortado_denoised__seg54,078,5,0,0.4198523208498955
078_recortado_denoised__seg55,078,5,0,0.4198523208498955
078_recortado_denoised__seg56,078,5,0,0.4198523208498955
078_recortado_denoised__seg57,078,5,0,0.4198523208498955
078_recortado_denoised__seg58,078,5,0,0.4198523208498955
078_recortado_denoised__seg59,078,5,0,0.4198523208498955
078_recortado_denoised__seg6,078,5,0,0.4198523208498955
078_recortado_denoised__seg60,078,5,0,0.4198523208498955
078_recortado_denoised__seg61,078,5,0,0.4198523208498955
078_recortado_denoised__seg62,078,5,0,0.4198523208498955
078_recortado_denoised__seg63,078,5,0,0.4198523208498955
078_recortado_denoised__seg64,078,5,0,0.4198523208498955
078_recortado_denoised__seg65,078,5,0,0.4198523208498955
078_recortado_denoised__seg66,078,5,0,0.4198523208498955
078_recortado_denoised__seg67,078,5,0,0.4198523208498955
078_recortado_denoised__seg68,078,5,0,0.4198523208498955
078_recortado_denoised__seg69,078,5,0,0.4198523208498955
078_recortado_denoised__seg7,078,5,0,0.4198523208498955
078_recortado_denoised__seg70,078,5,0,0.4198523208498955
078_recortado_denoised__seg71,078,5,0,0.4198523208498955
078_recortado_denoised__seg72,078,5,0,0.4198523208498955
078_recortado_denoised__seg73,078,5,0,0.4198523208498955
078_recortado_denoised__seg74,078,5,0,0.4198523208498955
078_recortado_denoised__seg75,078,5,0,0.4198523208498955
078_recortado_denoised__seg76,078,5,0,0.4198523208498955
078_recortado_denoised__seg77,078,5,0,0.4198523208498955
078_recortado_denoised__seg78,078,5,0,0.4198523208498955
078_recortado_denoised__seg79,078,5,0,0.4198523208498955
078_recortado_denoised__seg8,078,5,0,0.4198523208498955
078_recortado_denoised__seg80,078,5,0,0.4198523208498955
078_recortado_denoised__seg81,078,5,0,0.4198523208498955
078_recortado_denoised__seg82,078,5,0,0.4198523208498955
078_recortado_denoised__seg83,078,5,0,0.4198523208498955
078_recortado_denoised__seg84,078,5,0,0.4198523208498955
078_recortado_denoised__seg85,078,5,0,0.4198523208498955
078_recortado_denoised__seg86,078,5,0,0.4198523208498955
078_recortado_denoised__seg87,078,5,0,0.4198523208498955
078_recortado_denoised__seg88,078,5,0,0.4198523208498955
078_recortado_denoised__seg89,078,5,0,0.4198523208498955
078_recortado_denoised__seg9,078,5,0,0.4198523208498955
078_recortado_denoised__seg90,078,5,0,0.4198523208498955
078_recortado_denoised__seg91,078,5,0,0.4198523208498955
078_recortado_denoised__seg92,078,5,0,0.4198523208498955
078_recortado_denoised__seg93,078,5,0,0.4198523208498955
078_recortado_denoised__seg94,078,5,0,0.4198523208498955
078_recortado_denoised__seg95,078,5,0,0.4198523208498955
078_recortado_denoised__seg96,078,5,0,0.4198523208498955
078_recortado_denoised__seg97,078,5,0,0.4198523208498955
078_recortado_denoised__seg98,078,5,0,0.4198523208498955
078_recortado_denoised__seg99,078,5,0,0.4198523208498955
079_recortado_denoised__seg0,079,1,0,0.2936330012977123
079_recortado_denoised__seg1,079,1,0,0.2936330012977123
079_recortado_denoised__seg10,079,1,0,0.2936330012977123
079_recortado_denoised__seg11,079,1,0,0.2936330012977123
079_recortado_denoised__seg12,079,1,0,0.2936330012977123
079_recortado_denoised__seg13,079,1,0,0.2936330012977123
079_recortado_denoised__seg14,079,1,0,0.2936330012977123
079_recortado_denoised__seg15,079,1,0,0.2936330012977123
079_recortado_denoised__seg16,079,1,0,0.2936330012977123
079_recortado_denoised__seg17,079,1,0,0.2936330012977123
079_recortado_denoised__seg18,079,1,0,0.2936330012977123
079_recortado_denoised__seg19,079,1,0,0.2936330012977123
079_recortado_denoised__seg2,079,1,0,0.2936330012977123
079_recortado_denoised__seg20,079,1,0,0.2936330012977123
079_recortado_denoised__seg21,079,1,0,0.2936330012977123
079_recortado_denoised__seg22,079,1,0,0.2936330012977123
079_recortado_denoised__seg23,079,1,0,0.2936330012977123
079_recortado_denoised__seg24,079,1,0,0.2936330012977123
079_recortado_denoised__seg25,079,1,0,0.2936330012977123
079_recortado_denoised__seg26,079,1,0,0.2936330012977123
079_recortado_denoised__seg27,079,1,0,0.2936330012977123
079_recortado_denoised__seg28,079,1,0,0.2936330012977123
079_recortado_denoised__seg29,079,1,0,0.2936330012977123
079_recortado_denoised__seg3,079,1,0,0.2936330012977123
079_recortado_denoised__seg30,079,1,0,0.2936330012977123
079_recortado_denoised__seg31,079,1,0,0.2936330012977123
079_recortado_denoised__seg32,079,1,0,0.2936330012977123
079_recortado_denoised__seg33,079,1,0,0.2936330012977123
079_recortado_denoised__seg34,079,1,0,0.2936330012977123
079_recortado_denoised__seg35,079,1,0,0.2936330012977123
079_recortado_denoised__seg36,079,1,0,0.2936330012977123
079_recortado_denoised__seg37,079,1,0,0.2936330012977123
079_recortado_denoised__seg38,079,1,0,0.2936330012977123
079_recortado_denoised__seg39,079,1,0,0.2936330012977123
079_recortado_denoised__seg4,079,1,0,0.2936330012977123
079_recortado_denoised__seg40,079,1,0,0.2936330012977123
079_recortado_denoised__seg41,079,1,0,0.2936330012977123
079_recortado_denoised__seg42,079,1,0,0.2936330012977123
079_recortado_denoised__seg5,079,1,0,0.2936330012977123
079_recortado_denoised__seg6,079,1,0,0.2936330012977123
079_recortado_denoised__seg7,079,1,0,0.2936330012977123
079_recortado_denoised__seg8,079,1,0,0.2936330012977123
079_recortado_denoised__seg9,079,1,0,0.2936330012977123
