sample_id,patient_id,audio_id,seg_idx,path,label
002_recortado_denoised__seg0,002,002_recortado_denoised.wav,0,/home/ci2dt2-ai/Proyectos/Psiquiatria/Clasificación Final/Ansiedad/wav/0/002_recortado_denoised.wav,0
002_recortado_denoised__seg1,002,002_recortado_denoised.wav,1,/home/ci2dt2-ai/Proyectos/Psiquiatria/Clasificación Final/Ansiedad/wav/0/002_recortado_denoised.wav,0
002_recortado_denoised__seg2,002,002_recortado_denoised.wav,2,/home/ci2dt2-ai/Proyectos/Psiquiatria/Clasificación Final/Ansiedad/wav/0/002_recortado_denoised.wav,0
002_recortado_denoised__seg3,002,002_recortado_denoised.wav,3,/home/ci2dt2-ai/Proyectos/Psiquiatria/Clasificación Final/Ansiedad/wav/0/002_recortado_denoised.wav,0
002_recortado_denoised__seg4,002,002_recortado_denoised.wav,4,/home/ci2dt2-ai/Proyectos/Psiquiatria/Clasificación Final/Ansiedad/wav/0/002_recortado_denoised.wav,0
002_recortado_denoised__seg5,002,002_recortado_denoised.wav,5,/home/ci2dt2-ai/Proyectos/Psiquiatria/Clasificación Final/Ansiedad/wav/0/002_recortado_denoised.wav,0
002_recortado_denoised__seg6,002,002_recortado_denoised.wav,6,/home/ci2dt2-ai/Proyectos/Psiquiatria/Clasificación Final/Ansiedad/wav/0/002_recortado_denoised.wav,0
002_recortado_denoised__seg7,002,002_recortado_denoised.wav,7,/home/ci2dt2-ai/Proyectos/Psiquiatria/Clasificación Final/Ansiedad/wav/0/002_recortado_denoised.wav,0
002_recortado_denoised__seg8,002,002_recortado_denoised.wav,8,/home/ci2dt2-ai/Proyectos/Psiquiatria/Clasificación Final/Ansiedad/wav/0/002_recortado_denoised.wav,0
002_recortado_denoised__seg9,002,002_recortado_denoised.wav,9,/home/ci2dt2-ai/Proyectos/Psiquiatria/Clasificación Final/Ansiedad/wav/0/002_recortado_denoised.wav,0
002_recortado_denoised__seg10,002,002_recortado_denoised.wav,10,/home/ci2dt2-ai/Proyectos/Psiquiatria/Clasificación Final/Ansiedad/wav/0/002_recortado_denoised.wav,0
002_recortado_denoised__seg11,002,002_recortado_denoised.wav,11,/home/ci2dt2-ai/Proyectos/Psiquiatria/Clasificación Final/Ansiedad/wav/0/002_recortado_denoised.wav,0
002_recortado_denoised__seg12,002,002_recortado_denoised.wav,12,/home/ci2dt2-ai/Proyectos/Psiquiatria/Clasificación Final/Ansiedad/wav/0/002_recortado_denoised.wav,0
002_recortado_denoised__seg13,002,002_recortado_denoised.wav,13,/home/ci2dt2-ai/Proyectos/Psiquiatria/Clasificación Final/Ansiedad/wav/0/002_recortado_denoised.wav,0
002_recortado_denoised__seg14,002,002_recortado_denoised.wav,14,/home/ci2dt2-ai/Proyectos/Psiquiatria/Clasificación Final/Ansiedad/wav/0/002_recortado_denoised.wav,0
002_recortado_denoised__seg15,002,002_recortado_denoised.wav,15,/home/ci2dt2-ai/Proyectos/Psiquiatria/Clasificación Final/Ansiedad/wav/0/002_recortado_denoised.wav,0
002_recortado_denoised__seg16,002,002_recortado_denoised.wav,16,/home/ci2dt2-ai/Proyectos/Psiquiatria/Clasificación Final/Ansiedad/wav/0/002_recortado_denoised.wav,0
002_recortado_denoised__seg17,002,002_recortado_denoised.wav,17,/home/ci2dt2-ai/Proyectos/Psiquiatria/Clasificación Final/Ansiedad/wav/0/002_recortado_denoised.wav,0
002_recortado_denoised__seg18,002,002_recortado_denoised.wav,18,/home/ci2dt2-ai/Proyectos/Psiquiatria/Clasificación Final/Ansiedad/wav/0/002_recortado_denoised.wav,0
002_recortado_denoised__seg19,002,002_recortado_denoised.wav,19,/home/ci2dt2-ai/Proyectos/Psiquiatria/Clasificación Final/Ansiedad/wav/0/002_recortado_denoised.wav,0
002_recortado_denoised__seg20,002,002_recortado_denoised.wav,20,/home/ci2dt2-ai/Proyectos/Psiquiatria/Clasificación Final/Ansiedad/wav/0/002_recortado_denoised.wav,0
002_recortado_denoised__seg21,002,002_recortado_denoised.wav,21,/home/ci2dt2-ai/Proyectos/Psiquiatria/Clasificación Final/Ansiedad/wav/0/002_recortado_denoised.wav,0
002_recortado_denoised__seg22,002,002_recortado_denoised.wav,22,/home/ci2dt2-ai/Proyectos/Psiquiatria/Clasificación Final/Ansiedad/wav/0/002_recortado_denoised.wav,0
002_recortado_denoised__seg23,002,002_recortado_denoised.wav,23,/home/ci2dt2-ai/Proyectos/Psiquiatria/Clasificación Final/Ansiedad/wav/0/002_recortado_denoised.wav,0
002_recortado_denoised__seg24,002,002_recortado_denoised.wav,24,/home/ci2dt2-ai/Proyectos/Psiquiatria/Clasificación Final/Ansiedad/wav/0/002_recortado_denoised.wav,0
002_recortado_denoised__seg25,002,002_recortado_denoised.wav,25,/home/ci2dt2-ai/Proyectos/Psiquiatria/Clasificación Final/Ansiedad/wav/0/002_recortado_denoised.wav,0
002_recortado_denoised__seg26,002,002_recortado_denoised.wav,26,/home/ci2dt2-ai/Proyectos/Psiquiatria/Clasificación Final/Ansiedad/wav/0/002_recortado_denoised.wav,0
002_recortado_denoised__seg27,002,002_recortado_denoised.wav,27,/home/ci2dt2-ai/Proyectos/Psiquiatria/Clasificación Final/Ansiedad/wav/0/002_recortado_denoised.wav,0
002_recortado_denoised__seg28,002,002_recortado_denoised.wav,28,/home/ci2dt2-ai/Proyectos/Psiquiatria/Clasificación Final/Ansiedad/wav/0/002_recortado_denoised.wav,0
002_recortado_denoised__seg29,002,002_recortado_denoised.wav,29,/home/ci2dt2-ai/Proyectos/Psiquiatria/Clasificación Final/Ansiedad/wav/0/002_recortado_denoised.wav,0
002_recortado_denoised__seg30,002,002_recortado_denoised.wav,30,/home/ci2dt2-ai/Proyectos/Psiquiatria/Clasificación Final/Ansiedad/wav/0/002_recortado_denoised.wav,0
002_recortado_denoised__seg31,002,002_recortado_denoised.wav,31,/home/ci2dt2-ai/Proyectos/Psiquiatria/Clasificación Final/Ansiedad/wav/0/002_recortado_denoised.wav,0
002_recortado_denoised__seg32,002,002_recortado_denoised.wav,32,/home/ci2dt2-ai/Proyectos/Psiquiatria/Clasificación Final/Ansiedad/wav/0/002_recortado_denoised.wav,0
004_recortado_denoised__seg0,004,004_recortado_denoised.wav,0,/home/ci2dt2-ai/Proyectos/Psiquiatria/Clasificación Final/Ansiedad/wav/0/004_recortado_denoised.wav,0
004_recortado_denoised__seg1,004,004_recortado_denoised.wav,1,/home/ci2dt2-ai/Proyectos/Psiquiatria/Clasificación Final/Ansiedad/wav/0/004_recortado_denoised.wav,0
004_recortado_denoised__seg2,004,004_recortado_denoised.wav,2,/home/ci2dt2-ai/Proyectos/Psiquiatria/Clasificación Final/Ansiedad/wav/0/004_recortado_denoised.wav,0
004_recortado_denoised__seg3,004,004_recortado_denoised.wav,3,/home/ci2dt2-ai/Proyectos/Psiquiatria/Clasificación Final/Ansiedad/wav/0/004_recortado_denoised.wav,0
004_recortado_denoised__seg4,004,004_recortado_denoised.wav,4,/home/ci2dt2-ai/Proyectos/Psiquiatria/Clasificación Final/Ansiedad/wav/0/004_recortado_denoised.wav,0
004_recortado_denoised__seg5,004,004_recortado_denoised.wav,5,/home/ci2dt2-ai/Proyectos/Psiquiatria/Clasificación Final/Ansiedad/wav/0/004_recortado_denoised.wav,0
004_recortado_denoised__seg6,004,004_recortado_denoised.wav,6,/home/ci2dt2-ai/Proyectos/Psiquiatria/Clasificación Final/Ansiedad/wav/0/004_recortado_denoised.wav,0
004_recortado_denoised__seg7,004,004_recortado_denoised.wav,7,/home/ci2dt2-ai/Proyectos/Psiquiatria/Clasificación Final/Ansiedad/wav/0/004_recortado_denoised.wav,0
004_recortado_denoised__seg8,004,004_recortado_denoised.wav,8,/home/ci2dt2-ai/Proyectos/Psiquiatria/Clasificación Final/Ansiedad/wav/0/004_recortado_denoised.wav,0
004_recortado_denoised__seg9,004,004_recortado_denoised.wav,9,/home/ci2dt2-ai/Proyectos/Psiquiatria/Clasificación Final/Ansiedad/wav/0/004_recortado_denoised.wav,0
004_recortado_denoised__seg10,004,004_recortado_denoised.wav,10,/home/ci2dt2-ai/Proyectos/Psiquiatria/Clasificación Final/Ansiedad/wav/0/004_recortado_denoised.wav,0
004_recortado_denoised__seg11,004,004_recortado_denoised.wav,11,/home/ci2dt2-ai/Proyectos/Psiquiatria/Clasificación Final/Ansiedad/wav/0/004_recortado_denoised.wav,0
004_recortado_denoised__seg12,004,004_recortado_denoised.wav,12,/home/ci2dt2-ai/Proyectos/Psiquiatria/Clasificación Final/Ansiedad/wav/0/004_recortado_denoised.wav,0
004_recortado_denoised__seg13,004,004_recortado_denoised.wav,13,/home/ci2dt2-ai/Proyectos/Psiquiatria/Clasificación Final/Ansiedad/wav/0/004_recortado_denoised.wav,0
004_recortado_denoised__seg14,004,004_recortado_denoised.wav,14,/home/ci2dt2-ai/Proyectos/Psiquiatria/Clasificación Final/Ansiedad/wav/0/004_recortado_denoised.wav,0
004_recortado_denoised__seg15,004,004_recortado_denoised.wav,15,/home/ci2dt2-ai/Proyectos/Psiquiatria/Clasificación Final/Ansiedad/wav/0/004_recortado_denoised.wav,0
004_recortado_denoised__seg16,004,004_recortado_denoised.wav,16,/home/ci2dt2-ai/Proyectos/Psiquiatria/Clasificación Final/Ansiedad/wav/0/004_recortado_denoised.wav,0
004_recortado_denoised__seg17,004,004_recortado_denoised.wav,17,/home/ci2dt2-ai/Proyectos/Psiquiatria/Clasificación Final/Ansiedad/wav/0/004_recortado_denoised.wav,0
004_recortado_denoised__seg18,004,004_recortado_denoised.wav,18,/home/ci2dt2-ai/Proyectos/Psiquiatria/Clasificación Final/Ansiedad/wav/0/004_recortado_denoised.wav,0
004_recortado_denoised__seg19,004,004_recortado_denoised.wav,19,/home/ci2dt2-ai/Proyectos/Psiquiatria/Clasificación Final/Ansiedad/wav/0/004_recortado_denoised.wav,0
004_recortado_denoised__seg20,004,004_recortado_denoised.wav,20,/home/ci2dt2-ai/Proyectos/Psiquiatria/Clasificación Final/Ansiedad/wav/0/004_recortado_denoised.wav,0
004_recortado_denoised__seg21,004,004_recortado_denoised.wav,21,/home/ci2dt2-ai/Proyectos/Psiquiatria/Clasificación Final/Ansiedad/wav/0/004_recortado_denoised.wav,0
004_recortado_denoised__seg22,004,004_recortado_denoised.wav,22,/home/ci2dt2-ai/Proyectos/Psiquiatria/Clasificación Final/Ansiedad/wav/0/004_recortado_denoised.wav,0
004_recortado_denoised__seg23,004,004_recortado_denoised.wav,23,/home/ci2dt2-ai/Proyectos/Psiquiatria/Clasificación Final/Ansiedad/wav/0/004_recortado_denoised.wav,0
004_recortado_denoised__seg24,004,004_recortado_denoised.wav,24,/home/ci2dt2-ai/Proyectos/Psiquiatria/Clasificación Final/Ansiedad/wav/0/004_recortado_denoised.wav,0
004_recortado_denoised__seg25,004,004_recortado_denoised.wav,25,/home/ci2dt2-ai/Proyectos/Psiquiatria/Clasificación Final/Ansiedad/wav/0/004_recortado_denoised.wav,0
004_recortado_denoised__seg26,004,004_recortado_denoised.wav,26,/home/ci2dt2-ai/Proyectos/Psiquiatria/Clasificación Final/Ansiedad/wav/0/004_recortado_denoised.wav,0
004_recortado_denoised__seg27,004,004_recortado_denoised.wav,27,/home/ci2dt2-ai/Proyectos/Psiquiatria/Clasificación Final/Ansiedad/wav/0/004_recortado_denoised.wav,0
004_recortado_denoised__seg28,004,004_recortado_denoised.wav,28,/home/ci2dt2-ai/Proyectos/Psiquiatria/Clasificación Final/Ansiedad/wav/0/004_recortado_denoised.wav,0
004_recortado_denoised__seg29,004,004_recortado_denoised.wav,29,/home/ci2dt2-ai/Proyectos/Psiquiatria/Clasificación Final/Ansiedad/wav/0/004_recortado_denoised.wav,0
004_recortado_denoised__seg30,004,004_recortado_denoised.wav,30,/home/ci2dt2-ai/Proyectos/Psiquiatria/Clasificación Final/Ansiedad/wav/0/004_recortado_denoised.wav,0
004_recortado_denoised__seg31,004,004_recortado_denoised.wav,31,/home/ci2dt2-ai/Proyectos/Psiquiatria/Clasificación Final/Ansiedad/wav/0/004_recortado_denoised.wav,0
004_recortado_denoised__seg32,004,004_recortado_denoised.wav,32,/home/ci2dt2-ai/Proyectos/Psiquiatria/Clasificación Final/Ansiedad/wav/0/004_recortado_denoised.wav,0
004_recortado_denoised__seg33,004,004_recortado_denoised.wav,33,/home/ci2dt2-ai/Proyectos/Psiquiatria/Clasificación Final/Ansiedad/wav/0/004_recortado_denoised.wav,0
004_recortado_denoised__seg34,004,004_recortado_denoised.wav,34,/home/ci2dt2-ai/Proyectos/Psiquiatria/Clasificación Final/Ansiedad/wav/0/004_recortado_denoised.wav,0
004_recortado_denoised__seg35,004,004_recortado_denoised.wav,35,/home/ci2dt2-ai/Proyectos/Psiquiatria/Clasificación Final/Ansiedad/wav/0/004_recortado_denoised.wav,0
004_recortado_denoised__seg36,004,004_recortado_denoised.wav,36,/home/ci2dt2-ai/Proyectos/Psiquiatria/Clasificación Final/Ansiedad/wav/0/004_recortado_denoised.wav,0
004_recortado_denoised__seg37,004,004_recortado_denoised.wav,37,/home/ci2dt2-ai/Proyectos/Psiquiatria/Clasificación Final/Ansiedad/wav/0/004_recortado_denoised.wav,0
004_recortado_denoised__seg38,004,004_recortado_denoised.wav,38,/home/ci2dt2-ai/Proyectos/Psiquiatria/Clasificación Final/Ansiedad/wav/0/004_recortado_denoised.wav,0
004_recortado_denoised__seg39,004,004_recortado_denoised.wav,39,/home/ci2dt2-ai/Proyectos/Psiquiatria/Clasificación Final/Ansiedad/wav/0/004_recortado_denoised.wav,0
004_recortado_denoised__seg40,004,004_recortado_denoised.wav,40,/home/ci2dt2-ai/Proyectos/Psiquiatria/Clasificación Final/Ansiedad/wav/0/004_recortado_denoised.wav,0
004_recortado_denoised__seg41,004,004_recortado_denoised.wav,41,/home/ci2dt2-ai/Proyectos/Psiquiatria/Clasificación Final/Ansiedad/wav/0/004_recortado_denoised.wav,0
004_recortado_denoised__seg42,004,004_recortado_denoised.wav,42,/home/ci2dt2-ai/Proyectos/Psiquiatria/Clasificación Final/Ansiedad/wav/0/004_recortado_denoised.wav,0
004_recortado_denoised__seg43,004,004_recortado_denoised.wav,43,/home/ci2dt2-ai/Proyectos/Psiquiatria/Clasificación Final/Ansiedad/wav/0/004_recortado_denoised.wav,0
004_recortado_denoised__seg44,004,004_recortado_denoised.wav,44,/home/ci2dt2-ai/Proyectos/Psiquiatria/Clasificación Final/Ansiedad/wav/0/004_recortado_denoised.wav,0
004_recortado_denoised__seg45,004,004_recortado_denoised.wav,45,/home/ci2dt2-ai/Proyectos/Psiquiatria/Clasificación Final/Ansiedad/wav/0/004_recortado_denoised.wav,0
004_recortado_denoised__seg46,004,004_recortado_denoised.wav,46,/home/ci2dt2-ai/Proyectos/Psiquiatria/Clasificación Final/Ansiedad/wav/0/004_recortado_denoised.wav,0
004_recortado_denoised__seg47,004,004_recortado_denoised.wav,47,/home/ci2dt2-ai/Proyectos/Psiquiatria/Clasificación Final/Ansiedad/wav/0/004_recortado_denoised.wav,0
004_recortado_denoised__seg48,004,004_recortado_denoised.wav,48,/home/ci2dt2-ai/Proyectos/Psiquiatria/Clasificación Final/Ansiedad/wav/0/004_recortado_denoised.wav,0
004_recortado_denoised__seg49,004,004_recortado_denoised.wav,49,/home/ci2dt2-ai/Proyectos/Psiquiatria/Clasificación Final/Ansiedad/wav/0/004_recortado_denoised.wav,0
004_recortado_denoised__seg50,004,004_recortado_denoised.wav,50,/home/ci2dt2-ai/Proyectos/Psiquiatria/Clasificación Final/Ansiedad/wav/0/004_recortado_denoised.wav,0
004_recortado_denoised__seg51,004,004_recortado_denoised.wav,51,/home/ci2dt2-ai/Proyectos/Psiquiatria/Clasificación Final/Ansiedad/wav/0/004_recortado_denoised.wav,0
004_recortado_denoised__seg52,004,004_recortado_denoised.wav,52,/home/ci2dt2-ai/Proyectos/Psiquiatria/Clasificación Final/Ansiedad/wav/0/004_recortado_denoised.wav,0
004_recortado_denoised__seg53,004,004_recortado_denoised.wav,53,/home/ci2dt2-ai/Proyectos/Psiquiatria/Clasificación Final/Ansiedad/wav/0/004_recortado_denoised.wav,0
004_recortado_denoised__seg54,004,004_recortado_denoised.wav,54,/home/ci2dt2-ai/Proyectos/Psiquiatria/Clasificación Final/Ansiedad/wav/0/004_recortado_denoised.wav,0
004_recortado_denoised__seg55,004,004_recortado_denoised.wav,55,/home/ci2dt2-ai/Proyectos/Psiquiatria/Clasificación Final/Ansiedad/wav/0/004_recortado_denoised.wav,0
004_recortado_denoised__seg56,004,004_recortado_denoised.wav,56,/home/ci2dt2-ai/Proyectos/Psiquiatria/Clasificación Final/Ansiedad/wav/0/004_recortado_denoised.wav,0
004_recortado_denoised__seg57,004,004_recortado_denoised.wav,57,/home/ci2dt2-ai/Proyectos/Psiquiatria/Clasificación Final/Ansiedad/wav/0/004_recortado_denoised.wav,0
004_recortado_denoised__seg58,004,004_recortado_denoised.wav,58,/home/ci2dt2-ai/Proyectos/Psiquiatria/Clasificación Final/Ansiedad/wav/0/004_recortado_denoised.wav,0
004_recortado_denoised__seg59,004,004_recortado_denoised.wav,59,/home/ci2dt2-ai/Proyectos/Psiquiatria/Clasificación Final/Ansiedad/wav/0/004_recortado_denoised.wav,0
004_recortado_denoised__seg60,004,004_recortado_denoised.wav,60,/home/ci2dt2-ai/Proyectos/Psiquiatria/Clasificación Final/Ansiedad/wav/0/004_recortado_denoised.wav,0
004_recortado_denoised__seg61,004,004_recortado_denoised.wav,61,/home/ci2dt2-ai/Proyectos/Psiquiatria/Clasificación Final/Ansiedad/wav/0/004_recortado_denoised.wav,0
004_recortado_denoised__seg62,004,004_recortado_denoised.wav,62,/home/ci2dt2-ai/Proyectos/Psiquiatria/Clasificación Final/Ansiedad/wav/0/004_recortado_denoised.wav,0
005_recortado_denoised__seg0,005,005_recortado_denoised.wav,0,/home/ci2dt2-ai/Proyectos/Psiquiatria/Clasificación Final/Ansiedad/wav/0/005_recortado_denoised.wav,0
005_recortado_denoised__seg1,005,005_recortado_denoised.wav,1,/home/ci2dt2-ai/Proyectos/Psiquiatria/Clasificación Final/Ansiedad/wav/0/005_recortado_denoised.wav,0
005_recortado_denoised__seg2,005,005_recortado_denoised.wav,2,/home/ci2dt2-ai/Proyectos/Psiquiatria/Clasificación Final/Ansiedad/wav/0/005_recortado_denoised.wav,0
005_recortado_denoised__seg3,005,005_recortado_denoised.wav,3,/home/ci2dt2-ai/Proyectos/Psiquiatria/Clasificación Final/Ansiedad/wav/0/005_recortado_denoised.wav,0
005_recortado_denoised__seg4,005,005_recortado_denoised.wav,4,/home/ci2dt2-ai/Proyectos/Psiquiatria/Clasificación Final/Ansiedad/wav/0/005_recortado_denoised.wav,0
005_recortado_denoised__seg5,005,005_recortado_denoised.wav,5,/home/ci2dt2-ai/Proyectos/Psiquiatria/Clasificación Final/Ansiedad/wav/0/005_recortado_denoised.wav,0
005_recortado_denoised__seg6,005,005_recortado_denoised.wav,6,/home/ci2dt2-ai/Proyectos/Psiquiatria/Clasificación Final/Ansiedad/wav/0/005_recortado_denoised.wav,0
005_recortado_denoised__seg7,005,005_recortado_denoised.wav,7,/home/ci2dt2-ai/Proyectos/Psiquiatria/Clasificación Final/Ansiedad/wav/0/005_recortado_denoised.wav,0
005_recortado_denoised__seg8,005,005_recortado_denoised.wav,8,/home/ci2dt2-ai/Proyectos/Psiquiatria/Clasificación Final/Ansiedad/wav/0/005_recortado_denoised.wav,0
005_recortado_denoised__seg9,005,005_recortado_denoised.wav,9,/home/ci2dt2-ai/Proyectos/Psiquiatria/Clasificación Final/Ansiedad/wav/0/005_recortado_denoised.wav,0
005_recortado_denoised__seg10,005,005_recortado_denoised.wav,10,/home/ci2dt2-ai/Proyectos/Psiquiatria/Clasificación Final/Ansiedad/wav/0/005_recortado_denoised.wav,0
005_recortado_denoised__seg11,005,005_recortado_denoised.wav,11,/home/ci2dt2-ai/Proyectos/Psiquiatria/Clasificación Final/Ansiedad/wav/0/005_recortado_denoised.wav,0
005_recortado_denoised__seg12,005,005_recortado_denoised.wav,12,/home/ci2dt2-ai/Proyectos/Psiquiatria/Clasificación Final/Ansiedad/wav/0/005_recortado_denoised.wav,0
005_recortado_denoised__seg13,005,005_recortado_denoised.wav,13,/home/ci2dt2-ai/Proyectos/Psiquiatria/Clasificación Final/Ansiedad/wav/0/005_recortado_denoised.wav,0
005_recortado_denoised__seg14,005,005_recortado_denoised.wav,14,/home/ci2dt2-ai/Proyectos/Psiquiatria/Clasificación Final/Ansiedad/wav/0/005_recortado_denoised.wav,0
005_recortado_denoised__seg15,005,005_recortado_denoised.wav,15,/home/ci2dt2-ai/Proyectos/Psiquiatria/Clasificación Final/Ansiedad/wav/0/005_recortado_denoised.wav,0
005_recortado_denoised__seg16,005,005_recortado_denoised.wav,16,/home/ci2dt2-ai/Proyectos/Psiquiatria/Clasificación Final/Ansiedad/wav/0/005_recortado_denoised.wav,0
005_recortado_denoised__seg17,005,005_recortado_denoised.wav,17,/home/ci2dt2-ai/Proyectos/Psiquiatria/Clasificación Final/Ansiedad/wav/0/005_recortado_denoised.wav,0
005_recortado_denoised__seg18,005,005_recortado_denoised.wav,18,/home/ci2dt2-ai/Proyectos/Psiquiatria/Clasificación Final/Ansiedad/wav/0/005_recortado_denoised.wav,0
005_recortado_denoised__seg19,005,005_recortado_denoised.wav,19,/home/ci2dt2-ai/Proyectos/Psiquiatria/Clasificación Final/Ansiedad/wav/0/005_recortado_denoised.wav,0
005_recortado_denoised__seg20,005,005_recortado_denoised.wav,20,/home/ci2dt2-ai/Proyectos/Psiquiatria/Clasificación Final/Ansiedad/wav/0/005_recortado_denoised.wav,0
005_recortado_denoised__seg21,005,005_recortado_denoised.wav,21,/home/ci2dt2-ai/Proyectos/Psiquiatria/Clasificación Final/Ansiedad/wav/0/005_recortado_denoised.wav,0
005_recortado_denoised__seg22,005,005_recortado_denoised.wav,22,/home/ci2dt2-ai/Proyectos/Psiquiatria/Clasificación Final/Ansiedad/wav/0/005_recortado_denoised.wav,0
005_recortado_denoised__seg23,005,005_recortado_denoised.wav,23,/home/ci2dt2-ai/Proyectos/Psiquiatria/Clasificación Final/Ansiedad/wav/0/005_recortado_denoised.wav,0
005_recortado_denoised__seg24,005,005_recortado_denoised.wav,24,/home/ci2dt2-ai/Proyectos/Psiquiatria/Clasificación Final/Ansiedad/wav/0/005_recortado_denoised.wav,0
005_recortado_denoised__seg25,005,005_recortado_denoised.wav,25,/home/ci2dt2-ai/Proyectos/Psiquiatria/Clasificación Final/Ansiedad/wav/0/005_recortado_denoised.wav,0
005_recortado_denoised__seg26,005,005_recortado_denoised.wav,26,/home/ci2dt2-ai/Proyectos/Psiquiatria/Clasificación Final/Ansiedad/wav/0/005_recortado_denoised.wav,0
005_recortado_denoised__seg27,005,005_recortado_denoised.wav,27,/home/ci2dt2-ai/Proyectos/Psiquiatria/Clasificación Final/Ansiedad/wav/0/005_recortado_denoised.wav,0
005_recortado_denoised__seg28,005,005_recortado_denoised.wav,28,/home/ci2dt2-ai/Proyectos/Psiquiatria/Clasificación Final/Ansiedad/wav/0/005_recortado_denoised.wav,0
005_recortado_denoised__seg29,005,005_recortado_denoised.wav,29,/home/ci2dt2-ai/Proyectos/Psiquiatria/Clasificación Final/Ansiedad/wav/0/005_recortado_denoised.wav,0
005_recortado_denoised__seg30,005,005_recortado_denoised.wav,30,/home/ci2dt2-ai/Proyectos/Psiquiatria/Clasificación Final/Ansiedad/wav/0/005_recortado_denoised.wav,0
005_recortado_denoised__seg31,005,005_recortado_denoised.wav,31,/home/ci2dt2-ai/Proyectos/Psiquiatria/Clasificación Final/Ansiedad/wav/0/005_recortado_denoised.wav,0
005_recortado_denoised__seg32,005,005_recortado_denoised.wav,32,/home/ci2dt2-ai/Proyectos/Psiquiatria/Clasificación Final/Ansiedad/wav/0/005_recortado_denoised.wav,0
005_recortado_denoised__seg33,005,005_recortado_denoised.wav,33,/home/ci2dt2-ai/Proyectos/Psiquiatria/Clasificación Final/Ansiedad/wav/0/005_recortado_denoised.wav,0
005_recortado_denoised__seg34,005,005_recortado_denoised.wav,34,/home/ci2dt2-ai/Proyectos/Psiquiatria/Clasificación Final/Ansiedad/wav/0/005_recortado_denoised.wav,0
005_recortado_denoised__seg35,005,005_recortado_denoised.wav,35,/home/ci2dt2-ai/Proyectos/Psiquiatria/Clasificación Final/Ansiedad/wav/0/005_recortado_denoised.wav,0
005_recortado_denoised__seg36,005,005_recortado_denoised.wav,36,/home/ci2dt2-ai/Proyectos/Psiquiatria/Clasificación Final/Ansiedad/wav/0/005_recortado_denoised.wav,0
005_recortado_denoised__seg37,005,005_recortado_denoised.wav,37,/home/ci2dt2-ai/Proyectos/Psiquiatria/Clasificación Final/Ansiedad/wav/0/005_recortado_denoised.wav,0
005_recortado_denoised__seg38,005,005_recortado_denoised.wav,38,/home/ci2dt2-ai/Proyectos/Psiquiatria/Clasificación Final/Ansiedad/wav/0/005_recortado_denoised.wav,0
005_recortado_denoised__seg39,005,005_recortado_denoised.wav,39,/home/ci2dt2-ai/Proyectos/Psiquiatria/Clasificación Final/Ansiedad/wav/0/005_recortado_denoised.wav,0
005_recortado_denoised__seg40,005,005_recortado_denoised.wav,40,/home/ci2dt2-ai/Proyectos/Psiquiatria/Clasificación Final/Ansiedad/wav/0/005_recortado_denoised.wav,0
005_recortado_denoised__seg41,005,005_recortado_denoised.wav,41,/home/ci2dt2-ai/Proyectos/Psiquiatria/Clasificación Final/Ansiedad/wav/0/005_recortado_denoised.wav,0
005_recortado_denoised__seg42,005,005_recortado_denoised.wav,42,/home/ci2dt2-ai/Proyectos/Psiquiatria/Clasificación Final/Ansiedad/wav/0/005_recortado_denoised.wav,0
005_recortado_denoised__seg43,005,005_recortado_denoised.wav,43,/home/ci2dt2-ai/Proyectos/Psiquiatria/Clasificación Final/Ansiedad/wav/0/005_recortado_denoised.wav,0
005_recortado_denoised__seg44,005,005_recortado_denoised.wav,44,/home/ci2dt2-ai/Proyectos/Psiquiatria/Clasificación Final/Ansiedad/wav/0/005_recortado_denoised.wav,0
005_recortado_denoised__seg45,005,005_recortado_denoised.wav,45,/home/ci2dt2-ai/Proyectos/Psiquiatria/Clasificación Final/Ansiedad/wav/0/005_recortado_denoised.wav,0
005_recortado_denoised__seg46,005,005_recortado_denoised.wav,46,/home/ci2dt2-ai/Proyectos/Psiquiatria/Clasificación Final/Ansiedad/wav/0/005_recortado_denoised.wav,0
005_recortado_denoised__seg47,005,005_recortado_denoised.wav,47,/home/ci2dt2-ai/Proyectos/Psiquiatria/Clasificación Final/Ansiedad/wav/0/005_recortado_denoised.wav,0
005_recortado_denoised__seg48,005,005_recortado_denoised.wav,48,/home/ci2dt2-ai/Proyectos/Psiquiatria/Clasificación Final/Ansiedad/wav/0/005_recortado_denoised.wav,0
005_recortado_denoised__seg49,005,005_recortado_denoised.wav,49,/home/ci2dt2-ai/Proyectos/Psiquiatria/Clasificación Final/Ansiedad/wav/0/005_recortado_denoised.wav,0
005_recortado_denoised__seg50,005,005_recortado_denoised.wav,50,/home/ci2dt2-ai/Proyectos/Psiquiatria/Clasificación Final/Ansiedad/wav/0/005_recortado_denoised.wav,0
005_recortado_denoised__seg51,005,005_recortado_denoised.wav,51,/home/ci2dt2-ai/Proyectos/Psiquiatria/Clasificación Final/Ansiedad/wav/0/005_recortado_denoised.wav,0
005_recortado_denoised__seg52,005,005_recortado_denoised.wav,52,/home/ci2dt2-ai/Proyectos/Psiquiatria/Clasificación Final/Ansiedad/wav/0/005_recortado_denoised.wav,0
005_recortado_denoised__seg53,005,005_recortado_denoised.wav,53,/home/ci2dt2-ai/Proyectos/Psiquiatria/Clasificación Final/Ansiedad/wav/0/005_recortado_denoised.wav,0
005_recortado_denoised__seg54,005,005_recortado_denoised.wav,54,/home/ci2dt2-ai/Proyectos/Psiquiatria/Clasificación Final/Ansiedad/wav/0/005_recortado_denoised.wav,0
005_recortado_denoised__seg55,005,005_recortado_denoised.wav,55,/home/ci2dt2-ai/Proyectos/Psiquiatria/Clasificación Final/Ansiedad/wav/0/005_recortado_denoised.wav,0
005_recortado_denoised__seg56,005,005_recortado_denoised.wav,56,/home/ci2dt2-ai/Proyectos/Psiquiatria/Clasificación Final/Ansiedad/wav/0/005_recortado_denoised.wav,0
005_recortado_denoised__seg57,005,005_recortado_denoised.wav,57,/home/ci2dt2-ai/Proyectos/Psiquiatria/Clasificación Final/Ansiedad/wav/0/005_recortado_denoised.wav,0
005_recortado_denoised__seg58,005,005_recortado_denoised.wav,58,/home/ci2dt2-ai/Proyectos/Psiquiatria/Clasificación Final/Ansiedad/wav/0/005_recortado_denoised.wav,0
005_recortado_denoised__seg59,005,005_recortado_denoised.wav,59,/home/ci2dt2-ai/Proyectos/Psiquiatria/Clasificación Final/Ansiedad/wav/0/005_recortado_denoised.wav,0
005_recortado_denoised__seg60,005,005_recortado_denoised.wav,60,/home/ci2dt2-ai/Proyectos/Psiquiatria/Clasificación Final/Ansiedad/wav/0/005_recortado_denoised.wav,0
006_recortado_denoised__seg0,006,006_recortado_denoised.wav,0,/home/ci2dt2-ai/Proyectos/Psiquiatria/Clasificación Final/Ansiedad/wav/0/006_recortado_denoised.wav,0
006_recortado_denoised__seg1,006,006_recortado_denoised.wav,1,/home/ci2dt2-ai/Proyectos/Psiquiatria/Clasificación Final/Ansiedad/wav/0/006_recortado_denoised.wav,0
006_recortado_denoised__seg2,006,006_recortado_denoised.wav,2,/home/ci2dt2-ai/Proyectos/Psiquiatria/Clasificación Final/Ansiedad/wav/0/006_recortado_denoised.wav,0
006_recortado_denoised__seg3,006,006_recortado_denoised.wav,3,/home/ci2dt2-ai/Proyectos/Psiquiatria/Clasificación Final/Ansiedad/wav/0/006_recortado_denoised.wav,0
006_recortado_denoised__seg4,006,006_recortado_denoised.wav,4,/home/ci2dt2-ai/Proyectos/Psiquiatria/Clasificación Final/Ansiedad/wav/0/006_recortado_denoised.wav,0
006_recortado_denoised__seg5,006,006_recortado_denoised.wav,5,/home/ci2dt2-ai/Proyectos/Psiquiatria/Clasificación Final/Ansiedad/wav/0/006_recortado_denoised.wav,0
006_recortado_denoised__seg6,006,006_recortado_denoised.wav,6,/home/ci2dt2-ai/Proyectos/Psiquiatria/Clasificación Final/Ansiedad/wav/0/006_recortado_denoised.wav,0
006_recortado_denoised__seg7,006,006_recortado_denoised.wav,7,/home/ci2dt2-ai/Proyectos/Psiquiatria/Clasificación Final/Ansiedad/wav/0/006_recortado_denoised.wav,0
006_recortado_denoised__seg8,006,006_recortado_denoised.wav,8,/home/ci2dt2-ai/Proyectos/Psiquiatria/Clasificación Final/Ansiedad/wav/0/006_recortado_denoised.wav,0
006_recortado_denoised__seg9,006,006_recortado_denoised.wav,9,/home/ci2dt2-ai/Proyectos/Psiquiatria/Clasificación Final/Ansiedad/wav/0/006_recortado_denoised.wav,0
006_recortado_denoised__seg10,006,006_recortado_denoised.wav,10,/home/ci2dt2-ai/Proyectos/Psiquiatria/Clasificación Final/Ansiedad/wav/0/006_recortado_denoised.wav,0
006_recortado_denoised__seg11,006,006_recortado_denoised.wav,11,/home/ci2dt2-ai/Proyectos/Psiquiatria/Clasificación Final/Ansiedad/wav/0/006_recortado_denoised.wav,0
006_recortado_denoised__seg12,006,006_recortado_denoised.wav,12,/home/ci2dt2-ai/Proyectos/Psiquiatria/Clasificación Final/Ansiedad/wav/0/006_recortado_denoised.wav,0
006_recortado_denoised__seg13,006,006_recortado_denoised.wav,13,/home/ci2dt2-ai/Proyectos/Psiquiatria/Clasificación Final/Ansiedad/wav/0/006_recortado_denoised.wav,0
006_recortado_denoised__seg14,006,006_recortado_denoised.wav,14,/home/ci2dt2-ai/Proyectos/Psiquiatria/Clasificación Final/Ansiedad/wav/0/006_recortado_denoised.wav,0
006_recortado_denoised__seg15,006,006_recortado_denoised.wav,15,/home/ci2dt2-ai/Proyectos/Psiquiatria/Clasificación Final/Ansiedad/wav/0/006_recortado_denoised.wav,0
006_recortado_denoised__seg16,006,006_recortado_denoised.wav,16,/home/ci2dt2-ai/Proyectos/Psiquiatria/Clasificación Final/Ansiedad/wav/0/006_recortado_denoised.wav,0
006_recortado_denoised__seg17,006,006_recortado_denoised.wav,17,/home/ci2dt2-ai/Proyectos/Psiquiatria/Clasificación Final/Ansiedad/wav/0/006_recortado_denoised.wav,0
006_recortado_denoised__seg18,006,006_recortado_denoised.wav,18,/home/ci2dt2-ai/Proyectos/Psiquiatria/Clasificación Final/Ansiedad/wav/0/006_recortado_denoised.wav,0
006_recortado_denoised__seg19,006,006_recortado_denoised.wav,19,/home/ci2dt2-ai/Proyectos/Psiquiatria/Clasificación Final/Ansiedad/wav/0/006_recortado_denoised.wav,0
006_recortado_denoised__seg20,006,006_recortado_denoised.wav,20,/home/ci2dt2-ai/Proyectos/Psiquiatria/Clasificación Final/Ansiedad/wav/0/006_recortado_denoised.wav,0
006_recortado_denoised__seg21,006,006_recortado_denoised.wav,21,/home/ci2dt2-ai/Proyectos/Psiquiatria/Clasificación Final/Ansiedad/wav/0/006_recortado_denoised.wav,0
006_recortado_denoised__seg22,006,006_recortado_denoised.wav,22,/home/ci2dt2-ai/Proyectos/Psiquiatria/Clasificación Final/Ansiedad/wav/0/006_recortado_denoised.wav,0
006_recortado_denoised__seg23,006,006_recortado_denoised.wav,23,/home/ci2dt2-ai/Proyectos/Psiquiatria/Clasificación Final/Ansiedad/wav/0/006_recortado_denoised.wav,0
006_recortado_denoised__seg24,006,006_recortado_denoised.wav,24,/home/ci2dt2-ai/Proyectos/Psiquiatria/Clasificación Final/Ansiedad/wav/0/006_recortado_denoised.wav,0
006_recortado_denoised__seg25,006,006_recortado_denoised.wav,25,/home/ci2dt2-ai/Proyectos/Psiquiatria/Clasificación Final/Ansiedad/wav/0/006_recortado_denoised.wav,0
006_recortado_denoised__seg26,006,006_recortado_denoised.wav,26,/home/ci2dt2-ai/Proyectos/Psiquiatria/Clasificación Final/Ansiedad/wav/0/006_recortado_denoised.wav,0
006_recortado_denoised__seg27,006,006_recortado_denoised.wav,27,/home/ci2dt2-ai/Proyectos/Psiquiatria/Clasificación Final/Ansiedad/wav/0/006_recortado_denoised.wav,0
006_recortado_denoised__seg28,006,006_recortado_denoised.wav,28,/home/ci2dt2-ai/Proyectos/Psiquiatria/Clasificación Final/Ansiedad/wav/0/006_recortado_denoised.wav,0
006_recortado_denoised__seg29,006,006_recortado_denoised.wav,29,/home/ci2dt2-ai/Proyectos/Psiquiatria/Clasificación Final/Ansiedad/wav/0/006_recortado_denoised.wav,0
006_recortado_denoised__seg30,006,006_recortado_denoised.wav,30,/home/ci2dt2-ai/Proyectos/Psiquiatria/Clasificación Final/Ansiedad/wav/0/006_recortado_denoised.wav,0
006_recortado_denoised__seg31,006,006_recortado_denoised.wav,31,/home/ci2dt2-ai/Proyectos/Psiquiatria/Clasificación Final/Ansiedad/wav/0/006_recortado_denoised.wav,0
006_recortado_denoised__seg32,006,006_recortado_denoised.wav,32,/home/ci2dt2-ai/Proyectos/Psiquiatria/Clasificación Final/Ansiedad/wav/0/006_recortado_denoised.wav,0
006_recortado_denoised__seg33,006,006_recortado_denoised.wav,33,/home/ci2dt2-ai/Proyectos/Psiquiatria/Clasificación Final/Ansiedad/wav/0/006_recortado_denoised.wav,0
006_recortado_denoised__seg34,006,006_recortado_denoised.wav,34,/home/ci2dt2-ai/Proyectos/Psiquiatria/Clasificación Final/Ansiedad/wav/0/006_recortado_denoised.wav,0
006_recortado_denoised__seg35,006,006_recortado_denoised.wav,35,/home/ci2dt2-ai/Proyectos/Psiquiatria/Clasificación Final/Ansiedad/wav/0/006_recortado_denoised.wav,0
006_recortado_denoised__seg36,006,006_recortado_denoised.wav,36,/home/ci2dt2-ai/Proyectos/Psiquiatria/Clasificación Final/Ansiedad/wav/0/006_recortado_denoised.wav,0
006_recortado_denoised__seg37,006,006_recortado_denoised.wav,37,/home/ci2dt2-ai/Proyectos/Psiquiatria/Clasificación Final/Ansiedad/wav/0/006_recortado_denoised.wav,0
006_recortado_denoised__seg38,006,006_recortado_denoised.wav,38,/home/ci2dt2-ai/Proyectos/Psiquiatria/Clasificación Final/Ansiedad/wav/0/006_recortado_denoised.wav,0
006_recortado_denoised__seg39,006,006_recortado_denoised.wav,39,/home/ci2dt2-ai/Proyectos/Psiquiatria/Clasificación Final/Ansiedad/wav/0/006_recortado_denoised.wav,0
006_recortado_denoised__seg40,006,006_recortado_denoised.wav,40,/home/ci2dt2-ai/Proyectos/Psiquiatria/Clasificación Final/Ansiedad/wav/0/006_recortado_denoised.wav,0
006_recortado_denoised__seg41,006,006_recortado_denoised.wav,41,/home/ci2dt2-ai/Proyectos/Psiquiatria/Clasificación Final/Ansiedad/wav/0/006_recortado_denoised.wav,0
006_recortado_denoised__seg42,006,006_recortado_denoised.wav,42,/home/ci2dt2-ai/Proyectos/Psiquiatria/Clasificación Final/Ansiedad/wav/0/006_recortado_denoised.wav,0
006_recortado_denoised__seg43,006,006_recortado_denoised.wav,43,/home/ci2dt2-ai/Proyectos/Psiquiatria/Clasificación Final/Ansiedad/wav/0/006_recortado_denoised.wav,0
006_recortado_denoised__seg44,006,006_recortado_denoised.wav,44,/home/ci2dt2-ai/Proyectos/Psiquiatria/Clasificación Final/Ansiedad/wav/0/006_recortado_denoised.wav,0
006_recortado_denoised__seg45,006,006_recortado_denoised.wav,45,/home/ci2dt2-ai/Proyectos/Psiquiatria/Clasificación Final/Ansiedad/wav/0/006_recortado_denoised.wav,0
006_recortado_denoised__seg46,006,006_recortado_denoised.wav,46,/home/ci2dt2-ai/Proyectos/Psiquiatria/Clasificación Final/Ansiedad/wav/0/006_recortado_denoised.wav,0
006_recortado_denoised__seg47,006,006_recortado_denoised.wav,47,/home/ci2dt2-ai/Proyectos/Psiquiatria/Clasificación Final/Ansiedad/wav/0/006_recortado_denoised.wav,0
006_recortado_denoised__seg48,006,006_recortado_denoised.wav,48,/home/ci2dt2-ai/Proyectos/Psiquiatria/Clasificación Final/Ansiedad/wav/0/006_recortado_denoised.wav,0
006_recortado_denoised__seg49,006,006_recortado_denoised.wav,49,/home/ci2dt2-ai/Proyectos/Psiquiatria/Clasificación Final/Ansiedad/wav/0/006_recortado_denoised.wav,0
006_recortado_denoised__seg50,006,006_recortado_denoised.wav,50,/home/ci2dt2-ai/Proyectos/Psiquiatria/Clasificación Final/Ansiedad/wav/0/006_recortado_denoised.wav,0
006_recortado_denoised__seg51,006,006_recortado_denoised.wav,51,/home/ci2dt2-ai/Proyectos/Psiquiatria/Clasificación Final/Ansiedad/wav/0/006_recortado_denoised.wav,0
006_recortado_denoised__seg52,006,006_recortado_denoised.wav,52,/home/ci2dt2-ai/Proyectos/Psiquiatria/Clasificación Final/Ansiedad/wav/0/006_recortado_denoised.wav,0
006_recortado_denoised__seg53,006,006_recortado_denoised.wav,53,/home/ci2dt2-ai/Proyectos/Psiquiatria/Clasificación Final/Ansiedad/wav/0/006_recortado_denoised.wav,0
006_recortado_denoised__seg54,006,006_recortado_denoised.wav,54,/home/ci2dt2-ai/Proyectos/Psiquiatria/Clasificación Final/Ansiedad/wav/0/006_recortado_denoised.wav,0
006_recortado_denoised__seg55,006,006_recortado_denoised.wav,55,/home/ci2dt2-ai/Proyectos/Psiquiatria/Clasificación Final/Ansiedad/wav/0/006_recortado_denoised.wav,0
006_recortado_denoised__seg56,006,006_recortado_denoised.wav,56,/home/ci2dt2-ai/Proyectos/Psiquiatria/Clasificación Final/Ansiedad/wav/0/006_recortado_denoised.wav,0
006_recortado_denoised__seg57,006,006_recortado_denoised.wav,57,/home/ci2dt2-ai/Proyectos/Psiquiatria/Clasificación Final/Ansiedad/wav/0/006_recortado_denoised.wav,0
006_recortado_denoised__seg58,006,006_recortado_denoised.wav,58,/home/ci2dt2-ai/Proyectos/Psiquiatria/Clasificación Final/Ansiedad/wav/0/006_recortado_denoised.wav,0
006_recortado_denoised__seg59,006,006_recortado_denoised.wav,59,/home/ci2dt2-ai/Proyectos/Psiquiatria/Clasificación Final/Ansiedad/wav/0/006_recortado_denoised.wav,0
006_recortado_denoised__seg60,006,006_recortado_denoised.wav,60,/home/ci2dt2-ai/Proyectos/Psiquiatria/Clasificación Final/Ansiedad/wav/0/006_recortado_denoised.wav,0
006_recortado_denoised__seg61,006,006_recortado_denoised.wav,61,/home/ci2dt2-ai/Proyectos/Psiquiatria/Clasificación Final/Ansiedad/wav/0/006_recortado_denoised.wav,0
006_recortado_denoised__seg62,006,006_recortado_denoised.wav,62,/home/ci2dt2-ai/Proyectos/Psiquiatria/Clasificación Final/Ansiedad/wav/0/006_recortado_denoised.wav,0
006_recortado_denoised__seg63,006,006_recortado_denoised.wav,63,/home/ci2dt2-ai/Proyectos/Psiquiatria/Clasificación Final/Ansiedad/wav/0/006_recortado_denoised.wav,0
006_recortado_denoised__seg64,006,006_recortado_denoised.wav,64,/home/ci2dt2-ai/Proyectos/Psiquiatria/Clasificación Final/Ansiedad/wav/0/006_recortado_denoised.wav,0
006_recortado_denoised__seg65,006,006_recortado_denoised.wav,65,/home/ci2dt2-ai/Proyectos/Psiquiatria/Clasificación Final/Ansiedad/wav/0/006_recortado_denoised.wav,0
006_recortado_denoised__seg66,006,006_recortado_denoised.wav,66,/home/ci2dt2-ai/Proyectos/Psiquiatria/Clasificación Final/Ansiedad/wav/0/006_recortado_denoised.wav,0
006_recortado_denoised__seg67,006,006_recortado_denoised.wav,67,/home/ci2dt2-ai/Proyectos/Psiquiatria/Clasificación Final/Ansiedad/wav/0/006_recortado_denoised.wav,0
006_recortado_denoised__seg68,006,006_recortado_denoised.wav,68,/home/ci2dt2-ai/Proyectos/Psiquiatria/Clasificación Final/Ansiedad/wav/0/006_recortado_denoised.wav,0
006_recortado_denoised__seg69,006,006_recortado_denoised.wav,69,/home/ci2dt2-ai/Proyectos/Psiquiatria/Clasificación Final/Ansiedad/wav/0/006_recortado_denoised.wav,0
006_recortado_denoised__seg70,006,006_recortado_denoised.wav,70,/home/ci2dt2-ai/Proyectos/Psiquiatria/Clasificación Final/Ansiedad/wav/0/006_recortado_denoised.wav,0
006_recortado_denoised__seg71,006,006_recortado_denoised.wav,71,/home/ci2dt2-ai/Proyectos/Psiquiatria/Clasificación Final/Ansiedad/wav/0/006_recortado_denoised.wav,0
006_recortado_denoised__seg72,006,006_recortado_denoised.wav,72,/home/ci2dt2-ai/Proyectos/Psiquiatria/Clasificación Final/Ansiedad/wav/0/006_recortado_denoised.wav,0
006_recortado_denoised__seg73,006,006_recortado_denoised.wav,73,/home/ci2dt2-ai/Proyectos/Psiquiatria/Clasificación Final/Ansiedad/wav/0/006_recortado_denoised.wav,0
006_recortado_denoised__seg74,006,006_recortado_denoised.wav,74,/home/ci2dt2-ai/Proyectos/Psiquiatria/Clasificación Final/Ansiedad/wav/0/006_recortado_denoised.wav,0
006_recortado_denoised__seg75,006,006_recortado_denoised.wav,75,/home/ci2dt2-ai/Proyectos/Psiquiatria/Clasificación Final/Ansiedad/wav/0/006_recortado_denoised.wav,0
006_recortado_denoised__seg76,006,006_recortado_denoised.wav,76,/home/ci2dt2-ai/Proyectos/Psiquiatria/Clasificación Final/Ansiedad/wav/0/006_recortado_denoised.wav,0
006_recortado_denoised__seg77,006,006_recortado_denoised.wav,77,/home/ci2dt2-ai/Proyectos/Psiquiatria/Clasificación Final/Ansiedad/wav/0/006_recortado_denoised.wav,0
006_recortado_denoised__seg78,006,006_recortado_denoised.wav,78,/home/ci2dt2-ai/Proyectos/Psiquiatria/Clasificación Final/Ansiedad/wav/0/006_recortado_denoised.wav,0
006_recortado_denoised__seg79,006,006_recortado_denoised.wav,79,/home/ci2dt2-ai/Proyectos/Psiquiatria/Clasificación Final/Ansiedad/wav/0/006_recortado_denoised.wav,0
006_recortado_denoised__seg80,006,006_recortado_denoised.wav,80,/home/ci2dt2-ai/Proyectos/Psiquiatria/Clasificación Final/Ansiedad/wav/0/006_recortado_denoised.wav,0
006_recortado_denoised__seg81,006,006_recortado_denoised.wav,81,/home/ci2dt2-ai/Proyectos/Psiquiatria/Clasificación Final/Ansiedad/wav/0/006_recortado_denoised.wav,0
006_recortado_denoised__seg82,006,006_recortado_denoised.wav,82,/home/ci2dt2-ai/Proyectos/Psiquiatria/Clasificación Final/Ansiedad/wav/0/006_recortado_denoised.wav,0
006_recortado_denoised__seg83,006,006_recortado_denoised.wav,83,/home/ci2dt2-ai/Proyectos/Psiquiatria/Clasificación Final/Ansiedad/wav/0/006_recortado_denoised.wav,0
007_recortado_denoised__seg0,007,007_recortado_denoised.wav,0,/home/ci2dt2-ai/Proyectos/Psiquiatria/Clasificación Final/Ansiedad/wav/0/007_recortado_denoised.wav,0
007_recortado_denoised__seg1,007,007_recortado_denoised.wav,1,/home/ci2dt2-ai/Proyectos/Psiquiatria/Clasificación Final/Ansiedad/wav/0/007_recortado_denoised.wav,0
007_recortado_denoised__seg2,007,007_recortado_denoised.wav,2,/home/ci2dt2-ai/Proyectos/Psiquiatria/Clasificación Final/Ansiedad/wav/0/007_recortado_denoised.wav,0
007_recortado_denoised__seg3,007,007_recortado_denoised.wav,3,/home/ci2dt2-ai/Proyectos/Psiquiatria/Clasificación Final/Ansiedad/wav/0/007_recortado_denoised.wav,0
007_recortado_denoised__seg4,007,007_recortado_denoised.wav,4,/home/ci2dt2-ai/Proyectos/Psiquiatria/Clasificación Final/Ansiedad/wav/0/007_recortado_denoised.wav,0
007_recortado_denoised__seg5,007,007_recortado_denoised.wav,5,/home/ci2dt2-ai/Proyectos/Psiquiatria/Clasificación Final/Ansiedad/wav/0/007_recortado_denoised.wav,0
007_recortado_denoised__seg6,007,007_recortado_denoised.wav,6,/home/ci2dt2-ai/Proyectos/Psiquiatria/Clasificación Final/Ansiedad/wav/0/007_recortado_denoised.wav,0
007_recortado_denoised__seg7,007,007_recortado_denoised.wav,7,/home/ci2dt2-ai/Proyectos/Psiquiatria/Clasificación Final/Ansiedad/wav/0/007_recortado_denoised.wav,0
007_recortado_denoised__seg8,007,007_recortado_denoised.wav,8,/home/ci2dt2-ai/Proyectos/Psiquiatria/Clasificación Final/Ansiedad/wav/0/007_recortado_denoised.wav,0
007_recortado_denoised__seg9,007,007_recortado_denoised.wav,9,/home/ci2dt2-ai/Proyectos/Psiquiatria/Clasificación Final/Ansiedad/wav/0/007_recortado_denoised.wav,0
007_recortado_denoised__seg10,007,007_recortado_denoised.wav,10,/home/ci2dt2-ai/Proyectos/Psiquiatria/Clasificación Final/Ansiedad/wav/0/007_recortado_denoised.wav,0
007_recortado_denoised__seg11,007,007_recortado_denoised.wav,11,/home/ci2dt2-ai/Proyectos/Psiquiatria/Clasificación Final/Ansiedad/wav/0/007_recortado_denoised.wav,0
007_recortado_denoised__seg12,007,007_recortado_denoised.wav,12,/home/ci2dt2-ai/Proyectos/Psiquiatria/Clasificación Final/Ansiedad/wav/0/007_recortado_denoised.wav,0
007_recortado_denoised__seg13,007,007_recortado_denoised.wav,13,/home/ci2dt2-ai/Proyectos/Psiquiatria/Clasificación Final/Ansiedad/wav/0/007_recortado_denoised.wav,0
007_recortado_denoised__seg14,007,007_recortado_denoised.wav,14,/home/ci2dt2-ai/Proyectos/Psiquiatria/Clasificación Final/Ansiedad/wav/0/007_recortado_denoised.wav,0
007_recortado_denoised__seg15,007,007_recortado_denoised.wav,15,/home/ci2dt2-ai/Proyectos/Psiquiatria/Clasificación Final/Ansiedad/wav/0/007_recortado_denoised.wav,0
007_recortado_denoised__seg16,007,007_recortado_denoised.wav,16,/home/ci2dt2-ai/Proyectos/Psiquiatria/Clasificación Final/Ansiedad/wav/0/007_recortado_denoised.wav,0
007_recortado_denoised__seg17,007,007_recortado_denoised.wav,17,/home/ci2dt2-ai/Proyectos/Psiquiatria/Clasificación Final/Ansiedad/wav/0/007_recortado_denoised.wav,0
007_recortado_denoised__seg18,007,007_recortado_denoised.wav,18,/home/ci2dt2-ai/Proyectos/Psiquiatria/Clasificación Final/Ansiedad/wav/0/007_recortado_denoised.wav,0
007_recortado_denoised__seg19,007,007_recortado_denoised.wav,19,/home/ci2dt2-ai/Proyectos/Psiquiatria/Clasificación Final/Ansiedad/wav/0/007_recortado_denoised.wav,0
007_recortado_denoised__seg20,007,007_recortado_denoised.wav,20,/home/ci2dt2-ai/Proyectos/Psiquiatria/Clasificación Final/Ansiedad/wav/0/007_recortado_denoised.wav,0
007_recortado_denoised__seg21,007,007_recortado_denoised.wav,21,/home/ci2dt2-ai/Proyectos/Psiquiatria/Clasificación Final/Ansiedad/wav/0/007_recortado_denoised.wav,0
007_recortado_denoised__seg22,007,007_recortado_denoised.wav,22,/home/ci2dt2-ai/Proyectos/Psiquiatria/Clasificación Final/Ansiedad/wav/0/007_recortado_denoised.wav,0
007_recortado_denoised__seg23,007,007_recortado_denoised.wav,23,/home/ci2dt2-ai/Proyectos/Psiquiatria/Clasificación Final/Ansiedad/wav/0/007_recortado_denoised.wav,0
007_recortado_denoised__seg24,007,007_recortado_denoised.wav,24,/home/ci2dt2-ai/Proyectos/Psiquiatria/Clasificación Final/Ansiedad/wav/0/007_recortado_denoised.wav,0
007_recortado_denoised__seg25,007,007_recortado_denoised.wav,25,/home/ci2dt2-ai/Proyectos/Psiquiatria/Clasificación Final/Ansiedad/wav/0/007_recortado_denoised.wav,0
007_recortado_denoised__seg26,007,007_recortado_denoised.wav,26,/home/ci2dt2-ai/Proyectos/Psiquiatria/Clasificación Final/Ansiedad/wav/0/007_recortado_denoised.wav,0
007_recortado_denoised__seg27,007,007_recortado_denoised.wav,27,/home/ci2dt2-ai/Proyectos/Psiquiatria/Clasificación Final/Ansiedad/wav/0/007_recortado_denoised.wav,0
007_recortado_denoised__seg28,007,007_recortado_denoised.wav,28,/home/ci2dt2-ai/Proyectos/Psiquiatria/Clasificación Final/Ansiedad/wav/0/007_recortado_denoised.wav,0
007_recortado_denoised__seg29,007,007_recortado_denoised.wav,29,/home/ci2dt2-ai/Proyectos/Psiquiatria/Clasificación Final/Ansiedad/wav/0/007_recortado_denoised.wav,0
007_recortado_denoised__seg30,007,007_recortado_denoised.wav,30,/home/ci2dt2-ai/Proyectos/Psiquiatria/Clasificación Final/Ansiedad/wav/0/007_recortado_denoised.wav,0
007_recortado_denoised__seg31,007,007_recortado_denoised.wav,31,/home/ci2dt2-ai/Proyectos/Psiquiatria/Clasificación Final/Ansiedad/wav/0/007_recortado_denoised.wav,0
007_recortado_denoised__seg32,007,007_recortado_denoised.wav,32,/home/ci2dt2-ai/Proyectos/Psiquiatria/Clasificación Final/Ansiedad/wav/0/007_recortado_denoised.wav,0
007_recortado_denoised__seg33,007,007_recortado_denoised.wav,33,/home/ci2dt2-ai/Proyectos/Psiquiatria/Clasificación Final/Ansiedad/wav/0/007_recortado_denoised.wav,0
007_recortado_denoised__seg34,007,007_recortado_denoised.wav,34,/home/ci2dt2-ai/Proyectos/Psiquiatria/Clasificación Final/Ansiedad/wav/0/007_recortado_denoised.wav,0
007_recortado_denoised__seg35,007,007_recortado_denoised.wav,35,/home/ci2dt2-ai/Proyectos/Psiquiatria/Clasificación Final/Ansiedad/wav/0/007_recortado_denoised.wav,0
007_recortado_denoised__seg36,007,007_recortado_denoised.wav,36,/home/ci2dt2-ai/Proyectos/Psiquiatria/Clasificación Final/Ansiedad/wav/0/007_recortado_denoised.wav,0
007_recortado_denoised__seg37,007,007_recortado_denoised.wav,37,/home/ci2dt2-ai/Proyectos/Psiquiatria/Clasificación Final/Ansiedad/wav/0/007_recortado_denoised.wav,0
007_recortado_denoised__seg38,007,007_recortado_denoised.wav,38,/home/ci2dt2-ai/Proyectos/Psiquiatria/Clasificación Final/Ansiedad/wav/0/007_recortado_denoised.wav,0
007_recortado_denoised__seg39,007,007_recortado_denoised.wav,39,/home/ci2dt2-ai/Proyectos/Psiquiatria/Clasificación Final/Ansiedad/wav/0/007_recortado_denoised.wav,0
007_recortado_denoised__seg40,007,007_recortado_denoised.wav,40,/home/ci2dt2-ai/Proyectos/Psiquiatria/Clasificación Final/Ansiedad/wav/0/007_recortado_denoised.wav,0
007_recortado_denoised__seg41,007,007_recortado_denoised.wav,41,/home/ci2dt2-ai/Proyectos/Psiquiatria/Clasificación Final/Ansiedad/wav/0/007_recortado_denoised.wav,0
007_recortado_denoised__seg42,007,007_recortado_denoised.wav,42,/home/ci2dt2-ai/Proyectos/Psiquiatria/Clasificación Final/Ansiedad/wav/0/007_recortado_denoised.wav,0
007_recortado_denoised__seg43,007,007_recortado_denoised.wav,43,/home/ci2dt2-ai/Proyectos/Psiquiatria/Clasificación Final/Ansiedad/wav/0/007_recortado_denoised.wav,0
007_recortado_denoised__seg44,007,007_recortado_denoised.wav,44,/home/ci2dt2-ai/Proyectos/Psiquiatria/Clasificación Final/Ansiedad/wav/0/007_recortado_denoised.wav,0
007_recortado_denoised__seg45,007,007_recortado_denoised.wav,45,/home/ci2dt2-ai/Proyectos/Psiquiatria/Clasificación Final/Ansiedad/wav/0/007_recortado_denoised.wav,0
007_recortado_denoised__seg46,007,007_recortado_denoised.wav,46,/home/ci2dt2-ai/Proyectos/Psiquiatria/Clasificación Final/Ansiedad/wav/0/007_recortado_denoised.wav,0
007_recortado_denoised__seg47,007,007_recortado_denoised.wav,47,/home/ci2dt2-ai/Proyectos/Psiquiatria/Clasificación Final/Ansiedad/wav/0/007_recortado_denoised.wav,0
007_recortado_denoised__seg48,007,007_recortado_denoised.wav,48,/home/ci2dt2-ai/Proyectos/Psiquiatria/Clasificación Final/Ansiedad/wav/0/007_recortado_denoised.wav,0
007_recortado_denoised__seg49,007,007_recortado_denoised.wav,49,/home/ci2dt2-ai/Proyectos/Psiquiatria/Clasificación Final/Ansiedad/wav/0/007_recortado_denoised.wav,0
007_recortado_denoised__seg50,007,007_recortado_denoised.wav,50,/home/ci2dt2-ai/Proyectos/Psiquiatria/Clasificación Final/Ansiedad/wav/0/007_recortado_denoised.wav,0
007_recortado_denoised__seg51,007,007_recortado_denoised.wav,51,/home/ci2dt2-ai/Proyectos/Psiquiatria/Clasificación Final/Ansiedad/wav/0/007_recortado_denoised.wav,0
007_recortado_denoised__seg52,007,007_recortado_denoised.wav,52,/home/ci2dt2-ai/Proyectos/Psiquiatria/Clasificación Final/Ansiedad/wav/0/007_recortado_denoised.wav,0
007_recortado_denoised__seg53,007,007_recortado_denoised.wav,53,/home/ci2dt2-ai/Proyectos/Psiquiatria/Clasificación Final/Ansiedad/wav/0/007_recortado_denoised.wav,0
007_recortado_denoised__seg54,007,007_recortado_denoised.wav,54,/home/ci2dt2-ai/Proyectos/Psiquiatria/Clasificación Final/Ansiedad/wav/0/007_recortado_denoised.wav,0
007_recortado_denoised__seg55,007,007_recortado_denoised.wav,55,/home/ci2dt2-ai/Proyectos/Psiquiatria/Clasificación Final/Ansiedad/wav/0/007_recortado_denoised.wav,0
007_recortado_denoised__seg56,007,007_recortado_denoised.wav,56,/home/ci2dt2-ai/Proyectos/Psiquiatria/Clasificación Final/Ansiedad/wav/0/007_recortado_denoised.wav,0
007_recortado_denoised__seg57,007,007_recortado_denoised.wav,57,/home/ci2dt2-ai/Proyectos/Psiquiatria/Clasificación Final/Ansiedad/wav/0/007_recortado_denoised.wav,0
007_recortado_denoised__seg58,007,007_recortado_denoised.wav,58,/home/ci2dt2-ai/Proyectos/Psiquiatria/Clasificación Final/Ansiedad/wav/0/007_recortado_denoised.wav,0
007_recortado_denoised__seg59,007,007_recortado_denoised.wav,59,/home/ci2dt2-ai/Proyectos/Psiquiatria/Clasificación Final/Ansiedad/wav/0/007_recortado_denoised.wav,0
007_recortado_denoised__seg60,007,007_recortado_denoised.wav,60,/home/ci2dt2-ai/Proyectos/Psiquiatria/Clasificación Final/Ansiedad/wav/0/007_recortado_denoised.wav,0
007_recortado_denoised__seg61,007,007_recortado_denoised.wav,61,/home/ci2dt2-ai/Proyectos/Psiquiatria/Clasificación Final/Ansiedad/wav/0/007_recortado_denoised.wav,0
007_recortado_denoised__seg62,007,007_recortado_denoised.wav,62,/home/ci2dt2-ai/Proyectos/Psiquiatria/Clasificación Final/Ansiedad/wav/0/007_recortado_denoised.wav,0
007_recortado_denoised__seg63,007,007_recortado_denoised.wav,63,/home/ci2dt2-ai/Proyectos/Psiquiatria/Clasificación Final/Ansiedad/wav/0/007_recortado_denoised.wav,0
007_recortado_denoised__seg64,007,007_recortado_denoised.wav,64,/home/ci2dt2-ai/Proyectos/Psiquiatria/Clasificación Final/Ansiedad/wav/0/007_recortado_denoised.wav,0
007_recortado_denoised__seg65,007,007_recortado_denoised.wav,65,/home/ci2dt2-ai/Proyectos/Psiquiatria/Clasificación Final/Ansiedad/wav/0/007_recortado_denoised.wav,0
007_recortado_denoised__seg66,007,007_recortado_denoised.wav,66,/home/ci2dt2-ai/Proyectos/Psiquiatria/Clasificación Final/Ansiedad/wav/0/007_recortado_denoised.wav,0
007_recortado_denoised__seg67,007,007_recortado_denoised.wav,67,/home/ci2dt2-ai/Proyectos/Psiquiatria/Clasificación Final/Ansiedad/wav/0/007_recortado_denoised.wav,0
007_recortado_denoised__seg68,007,007_recortado_denoised.wav,68,/home/ci2dt2-ai/Proyectos/Psiquiatria/Clasificación Final/Ansiedad/wav/0/007_recortado_denoised.wav,0
007_recortado_denoised__seg69,007,007_recortado_denoised.wav,69,/home/ci2dt2-ai/Proyectos/Psiquiatria/Clasificación Final/Ansiedad/wav/0/007_recortado_denoised.wav,0
007_recortado_denoised__seg70,007,007_recortado_denoised.wav,70,/home/ci2dt2-ai/Proyectos/Psiquiatria/Clasificación Final/Ansiedad/wav/0/007_recortado_denoised.wav,0
007_recortado_denoised__seg71,007,007_recortado_denoised.wav,71,/home/ci2dt2-ai/Proyectos/Psiquiatria/Clasificación Final/Ansiedad/wav/0/007_recortado_denoised.wav,0
007_recortado_denoised__seg72,007,007_recortado_denoised.wav,72,/home/ci2dt2-ai/Proyectos/Psiquiatria/Clasificación Final/Ansiedad/wav/0/007_recortado_denoised.wav,0
007_recortado_denoised__seg73,007,007_recortado_denoised.wav,73,/home/ci2dt2-ai/Proyectos/Psiquiatria/Clasificación Final/Ansiedad/wav/0/007_recortado_denoised.wav,0
007_recortado_denoised__seg74,007,007_recortado_denoised.wav,74,/home/ci2dt2-ai/Proyectos/Psiquiatria/Clasificación Final/Ansiedad/wav/0/007_recortado_denoised.wav,0
007_recortado_denoised__seg75,007,007_recortado_denoised.wav,75,/home/ci2dt2-ai/Proyectos/Psiquiatria/Clasificación Final/Ansiedad/wav/0/007_recortado_denoised.wav,0
007_recortado_denoised__seg76,007,007_recortado_denoised.wav,76,/home/ci2dt2-ai/Proyectos/Psiquiatria/Clasificación Final/Ansiedad/wav/0/007_recortado_denoised.wav,0
007_recortado_denoised__seg77,007,007_recortado_denoised.wav,77,/home/ci2dt2-ai/Proyectos/Psiquiatria/Clasificación Final/Ansiedad/wav/0/007_recortado_denoised.wav,0
007_recortado_denoised__seg78,007,007_recortado_denoised.wav,78,/home/ci2dt2-ai/Proyectos/Psiquiatria/Clasificación Final/Ansiedad/wav/0/007_recortado_denoised.wav,0
007_recortado_denoised__seg79,007,007_recortado_denoised.wav,79,/home/ci2dt2-ai/Proyectos/Psiquiatria/Clasificación Final/Ansiedad/wav/0/007_recortado_denoised.wav,0
007_recortado_denoised__seg80,007,007_recortado_denoised.wav,80,/home/ci2dt2-ai/Proyectos/Psiquiatria/Clasificación Final/Ansiedad/wav/0/007_recortado_denoised.wav,0
007_recortado_denoised__seg81,007,007_recortado_denoised.wav,81,/home/ci2dt2-ai/Proyectos/Psiquiatria/Clasificación Final/Ansiedad/wav/0/007_recortado_denoised.wav,0
007_recortado_denoised__seg82,007,007_recortado_denoised.wav,82,/home/ci2dt2-ai/Proyectos/Psiquiatria/Clasificación Final/Ansiedad/wav/0/007_recortado_denoised.wav,0
007_recortado_denoised__seg83,007,007_recortado_denoised.wav,83,/home/ci2dt2-ai/Proyectos/Psiquiatria/Clasificación Final/Ansiedad/wav/0/007_recortado_denoised.wav,0
007_recortado_denoised__seg84,007,007_recortado_denoised.wav,84,/home/ci2dt2-ai/Proyectos/Psiquiatria/Clasificación Final/Ansiedad/wav/0/007_recortado_denoised.wav,0
007_recortado_denoised__seg85,007,007_recortado_denoised.wav,85,/home/ci2dt2-ai/Proyectos/Psiquiatria/Clasificación Final/Ansiedad/wav/0/007_recortado_denoised.wav,0
007_recortado_denoised__seg86,007,007_recortado_denoised.wav,86,/home/ci2dt2-ai/Proyectos/Psiquiatria/Clasificación Final/Ansiedad/wav/0/007_recortado_denoised.wav,0
007_recortado_denoised__seg87,007,007_recortado_denoised.wav,87,/home/ci2dt2-ai/Proyectos/Psiquiatria/Clasificación Final/Ansiedad/wav/0/007_recortado_denoised.wav,0
007_recortado_denoised__seg88,007,007_recortado_denoised.wav,88,/home/ci2dt2-ai/Proyectos/Psiquiatria/Clasificación Final/Ansiedad/wav/0/007_recortado_denoised.wav,0
007_recortado_denoised__seg89,007,007_recortado_denoised.wav,89,/home/ci2dt2-ai/Proyectos/Psiquiatria/Clasificación Final/Ansiedad/wav/0/007_recortado_denoised.wav,0
007_recortado_denoised__seg90,007,007_recortado_denoised.wav,90,/home/ci2dt2-ai/Proyectos/Psiquiatria/Clasificación Final/Ansiedad/wav/0/007_recortado_denoised.wav,0
007_recortado_denoised__seg91,007,007_recortado_denoised.wav,91,/home/ci2dt2-ai/Proyectos/Psiquiatria/Clasificación Final/Ansiedad/wav/0/007_recortado_denoised.wav,0
007_recortado_denoised__seg92,007,007_recortado_denoised.wav,92,/home/ci2dt2-ai/Proyectos/Psiquiatria/Clasificación Final/Ansiedad/wav/0/007_recortado_denoised.wav,0
007_recortado_denoised__seg93,007,007_recortado_denoised.wav,93,/home/ci2dt2-ai/Proyectos/Psiquiatria/Clasificación Final/Ansiedad/wav/0/007_recortado_denoised.wav,0
007_recortado_denoised__seg94,007,007_recortado_denoised.wav,94,/home/ci2dt2-ai/Proyectos/Psiquiatria/Clasificación Final/Ansiedad/wav/0/007_recortado_denoised.wav,0
007_recortado_denoised__seg95,007,007_recortado_denoised.wav,95,/home/ci2dt2-ai/Proyectos/Psiquiatria/Clasificación Final/Ansiedad/wav/0/007_recortado_denoised.wav,0
007_recortado_denoised__seg96,007,007_recortado_denoised.wav,96,/home/ci2dt2-ai/Proyectos/Psiquiatria/Clasificación Final/Ansiedad/wav/0/007_recortado_denoised.wav,0
007_recortado_denoised__seg97,007,007_recortado_denoised.wav,97,/home/ci2dt2-ai/Proyectos/Psiquiatria/Clasificación Final/Ansiedad/wav/0/007_recortado_denoised.wav,0
008_recortado_denoised__seg0,008,008_recortado_denoised.wav,0,/home/ci2dt2-ai/Proyectos/Psiquiatria/Clasificación Final/Ansiedad/wav/0/008_recortado_denoised.wav,0
008_recortado_denoised__seg1,008,008_recortado_denoised.wav,1,/home/ci2dt2-ai/Proyectos/Psiquiatria/Clasificación Final/Ansiedad/wav/0/008_recortado_denoised.wav,0
008_recortado_denoised__seg2,008,008_recortado_denoised.wav,2,/home/ci2dt2-ai/Proyectos/Psiquiatria/Clasificación Final/Ansiedad/wav/0/008_recortado_denoised.wav,0
008_recortado_denoised__seg3,008,008_recortado_denoised.wav,3,/home/ci2dt2-ai/Proyectos/Psiquiatria/Clasificación Final/Ansiedad/wav/0/008_recortado_denoised.wav,0
008_recortado_denoised__seg4,008,008_recortado_denoised.wav,4,/home/ci2dt2-ai/Proyectos/Psiquiatria/Clasificación Final/Ansiedad/wav/0/008_recortado_denoised.wav,0
008_recortado_denoised__seg5,008,008_recortado_denoised.wav,5,/home/ci2dt2-ai/Proyectos/Psiquiatria/Clasificación Final/Ansiedad/wav/0/008_recortado_denoised.wav,0
008_recortado_denoised__seg6,008,008_recortado_denoised.wav,6,/home/ci2dt2-ai/Proyectos/Psiquiatria/Clasificación Final/Ansiedad/wav/0/008_recortado_denoised.wav,0
008_recortado_denoised__seg7,008,008_recortado_denoised.wav,7,/home/ci2dt2-ai/Proyectos/Psiquiatria/Clasificación Final/Ansiedad/wav/0/008_recortado_denoised.wav,0
008_recortado_denoised__seg8,008,008_recortado_denoised.wav,8,/home/ci2dt2-ai/Proyectos/Psiquiatria/Clasificación Final/Ansiedad/wav/0/008_recortado_denoised.wav,0
008_recortado_denoised__seg9,008,008_recortado_denoised.wav,9,/home/ci2dt2-ai/Proyectos/Psiquiatria/Clasificación Final/Ansiedad/wav/0/008_recortado_denoised.wav,0
008_recortado_denoised__seg10,008,008_recortado_denoised.wav,10,/home/ci2dt2-ai/Proyectos/Psiquiatria/Clasificación Final/Ansiedad/wav/0/008_recortado_denoised.wav,0
008_recortado_denoised__seg11,008,008_recortado_denoised.wav,11,/home/ci2dt2-ai/Proyectos/Psiquiatria/Clasificación Final/Ansiedad/wav/0/008_recortado_denoised.wav,0
008_recortado_denoised__seg12,008,008_recortado_denoised.wav,12,/home/ci2dt2-ai/Proyectos/Psiquiatria/Clasificación Final/Ansiedad/wav/0/008_recortado_denoised.wav,0
008_recortado_denoised__seg13,008,008_recortado_denoised.wav,13,/home/ci2dt2-ai/Proyectos/Psiquiatria/Clasificación Final/Ansiedad/wav/0/008_recortado_denoised.wav,0
008_recortado_denoised__seg14,008,008_recortado_denoised.wav,14,/home/ci2dt2-ai/Proyectos/Psiquiatria/Clasificación Final/Ansiedad/wav/0/008_recortado_denoised.wav,0
008_recortado_denoised__seg15,008,008_recortado_denoised.wav,15,/home/ci2dt2-ai/Proyectos/Psiquiatria/Clasificación Final/Ansiedad/wav/0/008_recortado_denoised.wav,0
008_recortado_denoised__seg16,008,008_recortado_denoised.wav,16,/home/ci2dt2-ai/Proyectos/Psiquiatria/Clasificación Final/Ansiedad/wav/0/008_recortado_denoised.wav,0
008_recortado_denoised__seg17,008,008_recortado_denoised.wav,17,/home/ci2dt2-ai/Proyectos/Psiquiatria/Clasificación Final/Ansiedad/wav/0/008_recortado_denoised.wav,0
008_recortado_denoised__seg18,008,008_recortado_denoised.wav,18,/home/ci2dt2-ai/Proyectos/Psiquiatria/Clasificación Final/Ansiedad/wav/0/008_recortado_denoised.wav,0
008_recortado_denoised__seg19,008,008_recortado_denoised.wav,19,/home/ci2dt2-ai/Proyectos/Psiquiatria/Clasificación Final/Ansiedad/wav/0/008_recortado_denoised.wav,0
008_recortado_denoised__seg20,008,008_recortado_denoised.wav,20,/home/ci2dt2-ai/Proyectos/Psiquiatria/Clasificación Final/Ansiedad/wav/0/008_recortado_denoised.wav,0
008_recortado_denoised__seg21,008,008_recortado_denoised.wav,21,/home/ci2dt2-ai/Proyectos/Psiquiatria/Clasificación Final/Ansiedad/wav/0/008_recortado_denoised.wav,0
008_recortado_denoised__seg22,008,008_recortado_denoised.wav,22,/home/ci2dt2-ai/Proyectos/Psiquiatria/Clasificación Final/Ansiedad/wav/0/008_recortado_denoised.wav,0
008_recortado_denoised__seg23,008,008_recortado_denoised.wav,23,/home/ci2dt2-ai/Proyectos/Psiquiatria/Clasificación Final/Ansiedad/wav/0/008_recortado_denoised.wav,0
008_recortado_denoised__seg24,008,008_recortado_denoised.wav,24,/home/ci2dt2-ai/Proyectos/Psiquiatria/Clasificación Final/Ansiedad/wav/0/008_recortado_denoised.wav,0
008_recortado_denoised__seg25,008,008_recortado_denoised.wav,25,/home/ci2dt2-ai/Proyectos/Psiquiatria/Clasificación Final/Ansiedad/wav/0/008_recortado_denoised.wav,0
008_recortado_denoised__seg26,008,008_recortado_denoised.wav,26,/home/ci2dt2-ai/Proyectos/Psiquiatria/Clasificación Final/Ansiedad/wav/0/008_recortado_denoised.wav,0
008_recortado_denoised__seg27,008,008_recortado_denoised.wav,27,/home/ci2dt2-ai/Proyectos/Psiquiatria/Clasificación Final/Ansiedad/wav/0/008_recortado_denoised.wav,0
008_recortado_denoised__seg28,008,008_recortado_denoised.wav,28,/home/ci2dt2-ai/Proyectos/Psiquiatria/Clasificación Final/Ansiedad/wav/0/008_recortado_denoised.wav,0
008_recortado_denoised__seg29,008,008_recortado_denoised.wav,29,/home/ci2dt2-ai/Proyectos/Psiquiatria/Clasificación Final/Ansiedad/wav/0/008_recortado_denoised.wav,0
008_recortado_denoised__seg30,008,008_recortado_denoised.wav,30,/home/ci2dt2-ai/Proyectos/Psiquiatria/Clasificación Final/Ansiedad/wav/0/008_recortado_denoised.wav,0
008_recortado_denoised__seg31,008,008_recortado_denoised.wav,31,/home/ci2dt2-ai/Proyectos/Psiquiatria/Clasificación Final/Ansiedad/wav/0/008_recortado_denoised.wav,0
008_recortado_denoised__seg32,008,008_recortado_denoised.wav,32,/home/ci2dt2-ai/Proyectos/Psiquiatria/Clasificación Final/Ansiedad/wav/0/008_recortado_denoised.wav,0
008_recortado_denoised__seg33,008,008_recortado_denoised.wav,33,/home/ci2dt2-ai/Proyectos/Psiquiatria/Clasificación Final/Ansiedad/wav/0/008_recortado_denoised.wav,0
008_recortado_denoised__seg34,008,008_recortado_denoised.wav,34,/home/ci2dt2-ai/Proyectos/Psiquiatria/Clasificación Final/Ansiedad/wav/0/008_recortado_denoised.wav,0
008_recortado_denoised__seg35,008,008_recortado_denoised.wav,35,/home/ci2dt2-ai/Proyectos/Psiquiatria/Clasificación Final/Ansiedad/wav/0/008_recortado_denoised.wav,0
008_recortado_denoised__seg36,008,008_recortado_denoised.wav,36,/home/ci2dt2-ai/Proyectos/Psiquiatria/Clasificación Final/Ansiedad/wav/0/008_recortado_denoised.wav,0
008_recortado_denoised__seg37,008,008_recortado_denoised.wav,37,/home/ci2dt2-ai/Proyectos/Psiquiatria/Clasificación Final/Ansiedad/wav/0/008_recortado_denoised.wav,0
008_recortado_denoised__seg38,008,008_recortado_denoised.wav,38,/home/ci2dt2-ai/Proyectos/Psiquiatria/Clasificación Final/Ansiedad/wav/0/008_recortado_denoised.wav,0
008_recortado_denoised__seg39,008,008_recortado_denoised.wav,39,/home/ci2dt2-ai/Proyectos/Psiquiatria/Clasificación Final/Ansiedad/wav/0/008_recortado_denoised.wav,0
008_recortado_denoised__seg40,008,008_recortado_denoised.wav,40,/home/ci2dt2-ai/Proyectos/Psiquiatria/Clasificación Final/Ansiedad/wav/0/008_recortado_denoised.wav,0
008_recortado_denoised__seg41,008,008_recortado_denoised.wav,41,/home/ci2dt2-ai/Proyectos/Psiquiatria/Clasificación Final/Ansiedad/wav/0/008_recortado_denoised.wav,0
008_recortado_denoised__seg42,008,008_recortado_denoised.wav,42,/home/ci2dt2-ai/Proyectos/Psiquiatria/Clasificación Final/Ansiedad/wav/0/008_recortado_denoised.wav,0
008_recortado_denoised__seg43,008,008_recortado_denoised.wav,43,/home/ci2dt2-ai/Proyectos/Psiquiatria/Clasificación Final/Ansiedad/wav/0/008_recortado_denoised.wav,0
008_recortado_denoised__seg44,008,008_recortado_denoised.wav,44,/home/ci2dt2-ai/Proyectos/Psiquiatria/Clasificación Final/Ansiedad/wav/0/008_recortado_denoised.wav,0
008_recortado_denoised__seg45,008,008_recortado_denoised.wav,45,/home/ci2dt2-ai/Proyectos/Psiquiatria/Clasificación Final/Ansiedad/wav/0/008_recortado_denoised.wav,0
008_recortado_denoised__seg46,008,008_recortado_denoised.wav,46,/home/ci2dt2-ai/Proyectos/Psiquiatria/Clasificación Final/Ansiedad/wav/0/008_recortado_denoised.wav,0
008_recortado_denoised__seg47,008,008_recortado_denoised.wav,47,/home/ci2dt2-ai/Proyectos/Psiquiatria/Clasificación Final/Ansiedad/wav/0/008_recortado_denoised.wav,0
008_recortado_denoised__seg48,008,008_recortado_denoised.wav,48,/home/ci2dt2-ai/Proyectos/Psiquiatria/Clasificación Final/Ansiedad/wav/0/008_recortado_denoised.wav,0
008_recortado_denoised__seg49,008,008_recortado_denoised.wav,49,/home/ci2dt2-ai/Proyectos/Psiquiatria/Clasificación Final/Ansiedad/wav/0/008_recortado_denoised.wav,0
008_recortado_denoised__seg50,008,008_recortado_denoised.wav,50,/home/ci2dt2-ai/Proyectos/Psiquiatria/Clasificación Final/Ansiedad/wav/0/008_recortado_denoised.wav,0
008_recortado_denoised__seg51,008,008_recortado_denoised.wav,51,/home/ci2dt2-ai/Proyectos/Psiquiatria/Clasificación Final/Ansiedad/wav/0/008_recortado_denoised.wav,0
008_recortado_denoised__seg52,008,008_recortado_denoised.wav,52,/home/ci2dt2-ai/Proyectos/Psiquiatria/Clasificación Final/Ansiedad/wav/0/008_recortado_denoised.wav,0
008_recortado_denoised__seg53,008,008_recortado_denoised.wav,53,/home/ci2dt2-ai/Proyectos/Psiquiatria/Clasificación Final/Ansiedad/wav/0/008_recortado_denoised.wav,0
008_recortado_denoised__seg54,008,008_recortado_denoised.wav,54,/home/ci2dt2-ai/Proyectos/Psiquiatria/Clasificación Final/Ansiedad/wav/0/008_recortado_denoised.wav,0
008_recortado_denoised__seg55,008,008_recortado_denoised.wav,55,/home/ci2dt2-ai/Proyectos/Psiquiatria/Clasificación Final/Ansiedad/wav/0/008_recortado_denoised.wav,0
008_recortado_denoised__seg56,008,008_recortado_denoised.wav,56,/home/ci2dt2-ai/Proyectos/Psiquiatria/Clasificación Final/Ansiedad/wav/0/008_recortado_denoised.wav,0
008_recortado_denoised__seg57,008,008_recortado_denoised.wav,57,/home/ci2dt2-ai/Proyectos/Psiquiatria/Clasificación Final/Ansiedad/wav/0/008_recortado_denoised.wav,0
008_recortado_denoised__seg58,008,008_recortado_denoised.wav,58,/home/ci2dt2-ai/Proyectos/Psiquiatria/Clasificación Final/Ansiedad/wav/0/008_recortado_denoised.wav,0
008_recortado_denoised__seg59,008,008_recortado_denoised.wav,59,/home/ci2dt2-ai/Proyectos/Psiquiatria/Clasificación Final/Ansiedad/wav/0/008_recortado_denoised.wav,0
009_recortado_denoised__seg0,009,009_recortado_denoised.wav,0,/home/ci2dt2-ai/Proyectos/Psiquiatria/Clasificación Final/Ansiedad/wav/0/009_recortado_denoised.wav,0
009_recortado_denoised__seg1,009,009_recortado_denoised.wav,1,/home/ci2dt2-ai/Proyectos/Psiquiatria/Clasificación Final/Ansiedad/wav/0/009_recortado_denoised.wav,0
009_recortado_denoised__seg2,009,009_recortado_denoised.wav,2,/home/ci2dt2-ai/Proyectos/Psiquiatria/Clasificación Final/Ansiedad/wav/0/009_recortado_denoised.wav,0
009_recortado_denoised__seg3,009,009_recortado_denoised.wav,3,/home/ci2dt2-ai/Proyectos/Psiquiatria/Clasificación Final/Ansiedad/wav/0/009_recortado_denoised.wav,0
009_recortado_denoised__seg4,009,009_recortado_denoised.wav,4,/home/ci2dt2-ai/Proyectos/Psiquiatria/Clasificación Final/Ansiedad/wav/0/009_recortado_denoised.wav,0
009_recortado_denoised__seg5,009,009_recortado_denoised.wav,5,/home/ci2dt2-ai/Proyectos/Psiquiatria/Clasificación Final/Ansiedad/wav/0/009_recortado_denoised.wav,0
009_recortado_denoised__seg6,009,009_recortado_denoised.wav,6,/home/ci2dt2-ai/Proyectos/Psiquiatria/Clasificación Final/Ansiedad/wav/0/009_recortado_denoised.wav,0
009_recortado_denoised__seg7,009,009_recortado_denoised.wav,7,/home/ci2dt2-ai/Proyectos/Psiquiatria/Clasificación Final/Ansiedad/wav/0/009_recortado_denoised.wav,0
009_recortado_denoised__seg8,009,009_recortado_denoised.wav,8,/home/ci2dt2-ai/Proyectos/Psiquiatria/Clasificación Final/Ansiedad/wav/0/009_recortado_denoised.wav,0
009_recortado_denoised__seg9,009,009_recortado_denoised.wav,9,/home/ci2dt2-ai/Proyectos/Psiquiatria/Clasificación Final/Ansiedad/wav/0/009_recortado_denoised.wav,0
009_recortado_denoised__seg10,009,009_recortado_denoised.wav,10,/home/ci2dt2-ai/Proyectos/Psiquiatria/Clasificación Final/Ansiedad/wav/0/009_recortado_denoised.wav,0
009_recortado_denoised__seg11,009,009_recortado_denoised.wav,11,/home/ci2dt2-ai/Proyectos/Psiquiatria/Clasificación Final/Ansiedad/wav/0/009_recortado_denoised.wav,0
009_recortado_denoised__seg12,009,009_recortado_denoised.wav,12,/home/ci2dt2-ai/Proyectos/Psiquiatria/Clasificación Final/Ansiedad/wav/0/009_recortado_denoised.wav,0
009_recortado_denoised__seg13,009,009_recortado_denoised.wav,13,/home/ci2dt2-ai/Proyectos/Psiquiatria/Clasificación Final/Ansiedad/wav/0/009_recortado_denoised.wav,0
009_recortado_denoised__seg14,009,009_recortado_denoised.wav,14,/home/ci2dt2-ai/Proyectos/Psiquiatria/Clasificación Final/Ansiedad/wav/0/009_recortado_denoised.wav,0
009_recortado_denoised__seg15,009,009_recortado_denoised.wav,15,/home/ci2dt2-ai/Proyectos/Psiquiatria/Clasificación Final/Ansiedad/wav/0/009_recortado_denoised.wav,0
009_recortado_denoised__seg16,009,009_recortado_denoised.wav,16,/home/ci2dt2-ai/Proyectos/Psiquiatria/Clasificación Final/Ansiedad/wav/0/009_recortado_denoised.wav,0
009_recortado_denoised__seg17,009,009_recortado_denoised.wav,17,/home/ci2dt2-ai/Proyectos/Psiquiatria/Clasificación Final/Ansiedad/wav/0/009_recortado_denoised.wav,0
009_recortado_denoised__seg18,009,009_recortado_denoised.wav,18,/home/ci2dt2-ai/Proyectos/Psiquiatria/Clasificación Final/Ansiedad/wav/0/009_recortado_denoised.wav,0
009_recortado_denoised__seg19,009,009_recortado_denoised.wav,19,/home/ci2dt2-ai/Proyectos/Psiquiatria/Clasificación Final/Ansiedad/wav/0/009_recortado_denoised.wav,0
009_recortado_denoised__seg20,009,009_recortado_denoised.wav,20,/home/ci2dt2-ai/Proyectos/Psiquiatria/Clasificación Final/Ansiedad/wav/0/009_recortado_denoised.wav,0
009_recortado_denoised__seg21,009,009_recortado_denoised.wav,21,/home/ci2dt2-ai/Proyectos/Psiquiatria/Clasificación Final/Ansiedad/wav/0/009_recortado_denoised.wav,0
009_recortado_denoised__seg22,009,009_recortado_denoised.wav,22,/home/ci2dt2-ai/Proyectos/Psiquiatria/Clasificación Final/Ansiedad/wav/0/009_recortado_denoised.wav,0
009_recortado_denoised__seg23,009,009_recortado_denoised.wav,23,/home/ci2dt2-ai/Proyectos/Psiquiatria/Clasificación Final/Ansiedad/wav/0/009_recortado_denoised.wav,0
009_recortado_denoised__seg24,009,009_recortado_denoised.wav,24,/home/ci2dt2-ai/Proyectos/Psiquiatria/Clasificación Final/Ansiedad/wav/0/009_recortado_denoised.wav,0
009_recortado_denoised__seg25,009,009_recortado_denoised.wav,25,/home/ci2dt2-ai/Proyectos/Psiquiatria/Clasificación Final/Ansiedad/wav/0/009_recortado_denoised.wav,0
009_recortado_denoised__seg26,009,009_recortado_denoised.wav,26,/home/ci2dt2-ai/Proyectos/Psiquiatria/Clasificación Final/Ansiedad/wav/0/009_recortado_denoised.wav,0
009_recortado_denoised__seg27,009,009_recortado_denoised.wav,27,/home/ci2dt2-ai/Proyectos/Psiquiatria/Clasificación Final/Ansiedad/wav/0/009_recortado_denoised.wav,0
009_recortado_denoised__seg28,009,009_recortado_denoised.wav,28,/home/ci2dt2-ai/Proyectos/Psiquiatria/Clasificación Final/Ansiedad/wav/0/009_recortado_denoised.wav,0
009_recortado_denoised__seg29,009,009_recortado_denoised.wav,29,/home/ci2dt2-ai/Proyectos/Psiquiatria/Clasificación Final/Ansiedad/wav/0/009_recortado_denoised.wav,0
009_recortado_denoised__seg30,009,009_recortado_denoised.wav,30,/home/ci2dt2-ai/Proyectos/Psiquiatria/Clasificación Final/Ansiedad/wav/0/009_recortado_denoised.wav,0
009_recortado_denoised__seg31,009,009_recortado_denoised.wav,31,/home/ci2dt2-ai/Proyectos/Psiquiatria/Clasificación Final/Ansiedad/wav/0/009_recortado_denoised.wav,0
009_recortado_denoised__seg32,009,009_recortado_denoised.wav,32,/home/ci2dt2-ai/Proyectos/Psiquiatria/Clasificación Final/Ansiedad/wav/0/009_recortado_denoised.wav,0
009_recortado_denoised__seg33,009,009_recortado_denoised.wav,33,/home/ci2dt2-ai/Proyectos/Psiquiatria/Clasificación Final/Ansiedad/wav/0/009_recortado_denoised.wav,0
009_recortado_denoised__seg34,009,009_recortado_denoised.wav,34,/home/ci2dt2-ai/Proyectos/Psiquiatria/Clasificación Final/Ansiedad/wav/0/009_recortado_denoised.wav,0
009_recortado_denoised__seg35,009,009_recortado_denoised.wav,35,/home/ci2dt2-ai/Proyectos/Psiquiatria/Clasificación Final/Ansiedad/wav/0/009_recortado_denoised.wav,0
009_recortado_denoised__seg36,009,009_recortado_denoised.wav,36,/home/ci2dt2-ai/Proyectos/Psiquiatria/Clasificación Final/Ansiedad/wav/0/009_recortado_denoised.wav,0
009_recortado_denoised__seg37,009,009_recortado_denoised.wav,37,/home/ci2dt2-ai/Proyectos/Psiquiatria/Clasificación Final/Ansiedad/wav/0/009_recortado_denoised.wav,0
009_recortado_denoised__seg38,009,009_recortado_denoised.wav,38,/home/ci2dt2-ai/Proyectos/Psiquiatria/Clasificación Final/Ansiedad/wav/0/009_recortado_denoised.wav,0
009_recortado_denoised__seg39,009,009_recortado_denoised.wav,39,/home/ci2dt2-ai/Proyectos/Psiquiatria/Clasificación Final/Ansiedad/wav/0/009_recortado_denoised.wav,0
009_recortado_denoised__seg40,009,009_recortado_denoised.wav,40,/home/ci2dt2-ai/Proyectos/Psiquiatria/Clasificación Final/Ansiedad/wav/0/009_recortado_denoised.wav,0
009_recortado_denoised__seg41,009,009_recortado_denoised.wav,41,/home/ci2dt2-ai/Proyectos/Psiquiatria/Clasificación Final/Ansiedad/wav/0/009_recortado_denoised.wav,0
009_recortado_denoised__seg42,009,009_recortado_denoised.wav,42,/home/ci2dt2-ai/Proyectos/Psiquiatria/Clasificación Final/Ansiedad/wav/0/009_recortado_denoised.wav,0
009_recortado_denoised__seg43,009,009_recortado_denoised.wav,43,/home/ci2dt2-ai/Proyectos/Psiquiatria/Clasificación Final/Ansiedad/wav/0/009_recortado_denoised.wav,0
009_recortado_denoised__seg44,009,009_recortado_denoised.wav,44,/home/ci2dt2-ai/Proyectos/Psiquiatria/Clasificación Final/Ansiedad/wav/0/009_recortado_denoised.wav,0
009_recortado_denoised__seg45,009,009_recortado_denoised.wav,45,/home/ci2dt2-ai/Proyectos/Psiquiatria/Clasificación Final/Ansiedad/wav/0/009_recortado_denoised.wav,0
009_recortado_denoised__seg46,009,009_recortado_denoised.wav,46,/home/ci2dt2-ai/Proyectos/Psiquiatria/Clasificación Final/Ansiedad/wav/0/009_recortado_denoised.wav,0
009_recortado_denoised__seg47,009,009_recortado_denoised.wav,47,/home/ci2dt2-ai/Proyectos/Psiquiatria/Clasificación Final/Ansiedad/wav/0/009_recortado_denoised.wav,0
009_recortado_denoised__seg48,009,009_recortado_denoised.wav,48,/home/ci2dt2-ai/Proyectos/Psiquiatria/Clasificación Final/Ansiedad/wav/0/009_recortado_denoised.wav,0
009_recortado_denoised__seg49,009,009_recortado_denoised.wav,49,/home/ci2dt2-ai/Proyectos/Psiquiatria/Clasificación Final/Ansiedad/wav/0/009_recortado_denoised.wav,0
009_recortado_denoised__seg50,009,009_recortado_denoised.wav,50,/home/ci2dt2-ai/Proyectos/Psiquiatria/Clasificación Final/Ansiedad/wav/0/009_recortado_denoised.wav,0
010_recortado_denoised__seg0,010,010_recortado_denoised.wav,0,/home/ci2dt2-ai/Proyectos/Psiquiatria/Clasificación Final/Ansiedad/wav/0/010_recortado_denoised.wav,0
010_recortado_denoised__seg1,010,010_recortado_denoised.wav,1,/home/ci2dt2-ai/Proyectos/Psiquiatria/Clasificación Final/Ansiedad/wav/0/010_recortado_denoised.wav,0
010_recortado_denoised__seg2,010,010_recortado_denoised.wav,2,/home/ci2dt2-ai/Proyectos/Psiquiatria/Clasificación Final/Ansiedad/wav/0/010_recortado_denoised.wav,0
010_recortado_denoised__seg3,010,010_recortado_denoised.wav,3,/home/ci2dt2-ai/Proyectos/Psiquiatria/Clasificación Final/Ansiedad/wav/0/010_recortado_denoised.wav,0
010_recortado_denoised__seg4,010,010_recortado_denoised.wav,4,/home/ci2dt2-ai/Proyectos/Psiquiatria/Clasificación Final/Ansiedad/wav/0/010_recortado_denoised.wav,0
010_recortado_denoised__seg5,010,010_recortado_denoised.wav,5,/home/ci2dt2-ai/Proyectos/Psiquiatria/Clasificación Final/Ansiedad/wav/0/010_recortado_denoised.wav,0
010_recortado_denoised__seg6,010,010_recortado_denoised.wav,6,/home/ci2dt2-ai/Proyectos/Psiquiatria/Clasificación Final/Ansiedad/wav/0/010_recortado_denoised.wav,0
010_recortado_denoised__seg7,010,010_recortado_denoised.wav,7,/home/ci2dt2-ai/Proyectos/Psiquiatria/Clasificación Final/Ansiedad/wav/0/010_recortado_denoised.wav,0
010_recortado_denoised__seg8,010,010_recortado_denoised.wav,8,/home/ci2dt2-ai/Proyectos/Psiquiatria/Clasificación Final/Ansiedad/wav/0/010_recortado_denoised.wav,0
010_recortado_denoised__seg9,010,010_recortado_denoised.wav,9,/home/ci2dt2-ai/Proyectos/Psiquiatria/Clasificación Final/Ansiedad/wav/0/010_recortado_denoised.wav,0
010_recortado_denoised__seg10,010,010_recortado_denoised.wav,10,/home/ci2dt2-ai/Proyectos/Psiquiatria/Clasificación Final/Ansiedad/wav/0/010_recortado_denoised.wav,0
010_recortado_denoised__seg11,010,010_recortado_denoised.wav,11,/home/ci2dt2-ai/Proyectos/Psiquiatria/Clasificación Final/Ansiedad/wav/0/010_recortado_denoised.wav,0
010_recortado_denoised__seg12,010,010_recortado_denoised.wav,12,/home/ci2dt2-ai/Proyectos/Psiquiatria/Clasificación Final/Ansiedad/wav/0/010_recortado_denoised.wav,0
010_recortado_denoised__seg13,010,010_recortado_denoised.wav,13,/home/ci2dt2-ai/Proyectos/Psiquiatria/Clasificación Final/Ansiedad/wav/0/010_recortado_denoised.wav,0
010_recortado_denoised__seg14,010,010_recortado_denoised.wav,14,/home/ci2dt2-ai/Proyectos/Psiquiatria/Clasificación Final/Ansiedad/wav/0/010_recortado_denoised.wav,0
010_recortado_denoised__seg15,010,010_recortado_denoised.wav,15,/home/ci2dt2-ai/Proyectos/Psiquiatria/Clasificación Final/Ansiedad/wav/0/010_recortado_denoised.wav,0
010_recortado_denoised__seg16,010,010_recortado_denoised.wav,16,/home/ci2dt2-ai/Proyectos/Psiquiatria/Clasificación Final/Ansiedad/wav/0/010_recortado_denoised.wav,0
010_recortado_denoised__seg17,010,010_recortado_denoised.wav,17,/home/ci2dt2-ai/Proyectos/Psiquiatria/Clasificación Final/Ansiedad/wav/0/010_recortado_denoised.wav,0
010_recortado_denoised__seg18,010,010_recortado_denoised.wav,18,/home/ci2dt2-ai/Proyectos/Psiquiatria/Clasificación Final/Ansiedad/wav/0/010_recortado_denoised.wav,0
010_recortado_denoised__seg19,010,010_recortado_denoised.wav,19,/home/ci2dt2-ai/Proyectos/Psiquiatria/Clasificación Final/Ansiedad/wav/0/010_recortado_denoised.wav,0
010_recortado_denoised__seg20,010,010_recortado_denoised.wav,20,/home/ci2dt2-ai/Proyectos/Psiquiatria/Clasificación Final/Ansiedad/wav/0/010_recortado_denoised.wav,0
010_recortado_denoised__seg21,010,010_recortado_denoised.wav,21,/home/ci2dt2-ai/Proyectos/Psiquiatria/Clasificación Final/Ansiedad/wav/0/010_recortado_denoised.wav,0
010_recortado_denoised__seg22,010,010_recortado_denoised.wav,22,/home/ci2dt2-ai/Proyectos/Psiquiatria/Clasificación Final/Ansiedad/wav/0/010_recortado_denoised.wav,0
010_recortado_denoised__seg23,010,010_recortado_denoised.wav,23,/home/ci2dt2-ai/Proyectos/Psiquiatria/Clasificación Final/Ansiedad/wav/0/010_recortado_denoised.wav,0
010_recortado_denoised__seg24,010,010_recortado_denoised.wav,24,/home/ci2dt2-ai/Proyectos/Psiquiatria/Clasificación Final/Ansiedad/wav/0/010_recortado_denoised.wav,0
010_recortado_denoised__seg25,010,010_recortado_denoised.wav,25,/home/ci2dt2-ai/Proyectos/Psiquiatria/Clasificación Final/Ansiedad/wav/0/010_recortado_denoised.wav,0
010_recortado_denoised__seg26,010,010_recortado_denoised.wav,26,/home/ci2dt2-ai/Proyectos/Psiquiatria/Clasificación Final/Ansiedad/wav/0/010_recortado_denoised.wav,0
010_recortado_denoised__seg27,010,010_recortado_denoised.wav,27,/home/ci2dt2-ai/Proyectos/Psiquiatria/Clasificación Final/Ansiedad/wav/0/010_recortado_denoised.wav,0
010_recortado_denoised__seg28,010,010_recortado_denoised.wav,28,/home/ci2dt2-ai/Proyectos/Psiquiatria/Clasificación Final/Ansiedad/wav/0/010_recortado_denoised.wav,0
010_recortado_denoised__seg29,010,010_recortado_denoised.wav,29,/home/ci2dt2-ai/Proyectos/Psiquiatria/Clasificación Final/Ansiedad/wav/0/010_recortado_denoised.wav,0
010_recortado_denoised__seg30,010,010_recortado_denoised.wav,30,/home/ci2dt2-ai/Proyectos/Psiquiatria/Clasificación Final/Ansiedad/wav/0/010_recortado_denoised.wav,0
010_recortado_denoised__seg31,010,010_recortado_denoised.wav,31,/home/ci2dt2-ai/Proyectos/Psiquiatria/Clasificación Final/Ansiedad/wav/0/010_recortado_denoised.wav,0
010_recortado_denoised__seg32,010,010_recortado_denoised.wav,32,/home/ci2dt2-ai/Proyectos/Psiquiatria/Clasificación Final/Ansiedad/wav/0/010_recortado_denoised.wav,0
010_recortado_denoised__seg33,010,010_recortado_denoised.wav,33,/home/ci2dt2-ai/Proyectos/Psiquiatria/Clasificación Final/Ansiedad/wav/0/010_recortado_denoised.wav,0
010_recortado_denoised__seg34,010,010_recortado_denoised.wav,34,/home/ci2dt2-ai/Proyectos/Psiquiatria/Clasificación Final/Ansiedad/wav/0/010_recortado_denoised.wav,0
010_recortado_denoised__seg35,010,010_recortado_denoised.wav,35,/home/ci2dt2-ai/Proyectos/Psiquiatria/Clasificación Final/Ansiedad/wav/0/010_recortado_denoised.wav,0
010_recortado_denoised__seg36,010,010_recortado_denoised.wav,36,/home/ci2dt2-ai/Proyectos/Psiquiatria/Clasificación Final/Ansiedad/wav/0/010_recortado_denoised.wav,0
010_recortado_denoised__seg37,010,010_recortado_denoised.wav,37,/home/ci2dt2-ai/Proyectos/Psiquiatria/Clasificación Final/Ansiedad/wav/0/010_recortado_denoised.wav,0
010_recortado_denoised__seg38,010,010_recortado_denoised.wav,38,/home/ci2dt2-ai/Proyectos/Psiquiatria/Clasificación Final/Ansiedad/wav/0/010_recortado_denoised.wav,0
010_recortado_denoised__seg39,010,010_recortado_denoised.wav,39,/home/ci2dt2-ai/Proyectos/Psiquiatria/Clasificación Final/Ansiedad/wav/0/010_recortado_denoised.wav,0
010_recortado_denoised__seg40,010,010_recortado_denoised.wav,40,/home/ci2dt2-ai/Proyectos/Psiquiatria/Clasificación Final/Ansiedad/wav/0/010_recortado_denoised.wav,0
010_recortado_denoised__seg41,010,010_recortado_denoised.wav,41,/home/ci2dt2-ai/Proyectos/Psiquiatria/Clasificación Final/Ansiedad/wav/0/010_recortado_denoised.wav,0
010_recortado_denoised__seg42,010,010_recortado_denoised.wav,42,/home/ci2dt2-ai/Proyectos/Psiquiatria/Clasificación Final/Ansiedad/wav/0/010_recortado_denoised.wav,0
010_recortado_denoised__seg43,010,010_recortado_denoised.wav,43,/home/ci2dt2-ai/Proyectos/Psiquiatria/Clasificación Final/Ansiedad/wav/0/010_recortado_denoised.wav,0
010_recortado_denoised__seg44,010,010_recortado_denoised.wav,44,/home/ci2dt2-ai/Proyectos/Psiquiatria/Clasificación Final/Ansiedad/wav/0/010_recortado_denoised.wav,0
010_recortado_denoised__seg45,010,010_recortado_denoised.wav,45,/home/ci2dt2-ai/Proyectos/Psiquiatria/Clasificación Final/Ansiedad/wav/0/010_recortado_denoised.wav,0
010_recortado_denoised__seg46,010,010_recortado_denoised.wav,46,/home/ci2dt2-ai/Proyectos/Psiquiatria/Clasificación Final/Ansiedad/wav/0/010_recortado_denoised.wav,0
010_recortado_denoised__seg47,010,010_recortado_denoised.wav,47,/home/ci2dt2-ai/Proyectos/Psiquiatria/Clasificación Final/Ansiedad/wav/0/010_recortado_denoised.wav,0
010_recortado_denoised__seg48,010,010_recortado_denoised.wav,48,/home/ci2dt2-ai/Proyectos/Psiquiatria/Clasificación Final/Ansiedad/wav/0/010_recortado_denoised.wav,0
010_recortado_denoised__seg49,010,010_recortado_denoised.wav,49,/home/ci2dt2-ai/Proyectos/Psiquiatria/Clasificación Final/Ansiedad/wav/0/010_recortado_denoised.wav,0
011_recortado_denoised__seg0,011,011_recortado_denoised.wav,0,/home/ci2dt2-ai/Proyectos/Psiquiatria/Clasificación Final/Ansiedad/wav/0/011_recortado_denoised.wav,0
011_recortado_denoised__seg1,011,011_recortado_denoised.wav,1,/home/ci2dt2-ai/Proyectos/Psiquiatria/Clasificación Final/Ansiedad/wav/0/011_recortado_denoised.wav,0
011_recortado_denoised__seg2,011,011_recortado_denoised.wav,2,/home/ci2dt2-ai/Proyectos/Psiquiatria/Clasificación Final/Ansiedad/wav/0/011_recortado_denoised.wav,0
011_recortado_denoised__seg3,011,011_recortado_denoised.wav,3,/home/ci2dt2-ai/Proyectos/Psiquiatria/Clasificación Final/Ansiedad/wav/0/011_recortado_denoised.wav,0
011_recortado_denoised__seg4,011,011_recortado_denoised.wav,4,/home/ci2dt2-ai/Proyectos/Psiquiatria/Clasificación Final/Ansiedad/wav/0/011_recortado_denoised.wav,0
011_recortado_denoised__seg5,011,011_recortado_denoised.wav,5,/home/ci2dt2-ai/Proyectos/Psiquiatria/Clasificación Final/Ansiedad/wav/0/011_recortado_denoised.wav,0
011_recortado_denoised__seg6,011,011_recortado_denoised.wav,6,/home/ci2dt2-ai/Proyectos/Psiquiatria/Clasificación Final/Ansiedad/wav/0/011_recortado_denoised.wav,0
011_recortado_denoised__seg7,011,011_recortado_denoised.wav,7,/home/ci2dt2-ai/Proyectos/Psiquiatria/Clasificación Final/Ansiedad/wav/0/011_recortado_denoised.wav,0
011_recortado_denoised__seg8,011,011_recortado_denoised.wav,8,/home/ci2dt2-ai/Proyectos/Psiquiatria/Clasificación Final/Ansiedad/wav/0/011_recortado_denoised.wav,0
011_recortado_denoised__seg9,011,011_recortado_denoised.wav,9,/home/ci2dt2-ai/Proyectos/Psiquiatria/Clasificación Final/Ansiedad/wav/0/011_recortado_denoised.wav,0
011_recortado_denoised__seg10,011,011_recortado_denoised.wav,10,/home/ci2dt2-ai/Proyectos/Psiquiatria/Clasificación Final/Ansiedad/wav/0/011_recortado_denoised.wav,0
011_recortado_denoised__seg11,011,011_recortado_denoised.wav,11,/home/ci2dt2-ai/Proyectos/Psiquiatria/Clasificación Final/Ansiedad/wav/0/011_recortado_denoised.wav,0
011_recortado_denoised__seg12,011,011_recortado_denoised.wav,12,/home/ci2dt2-ai/Proyectos/Psiquiatria/Clasificación Final/Ansiedad/wav/0/011_recortado_denoised.wav,0
011_recortado_denoised__seg13,011,011_recortado_denoised.wav,13,/home/ci2dt2-ai/Proyectos/Psiquiatria/Clasificación Final/Ansiedad/wav/0/011_recortado_denoised.wav,0
011_recortado_denoised__seg14,011,011_recortado_denoised.wav,14,/home/ci2dt2-ai/Proyectos/Psiquiatria/Clasificación Final/Ansiedad/wav/0/011_recortado_denoised.wav,0
011_recortado_denoised__seg15,011,011_recortado_denoised.wav,15,/home/ci2dt2-ai/Proyectos/Psiquiatria/Clasificación Final/Ansiedad/wav/0/011_recortado_denoised.wav,0
011_recortado_denoised__seg16,011,011_recortado_denoised.wav,16,/home/ci2dt2-ai/Proyectos/Psiquiatria/Clasificación Final/Ansiedad/wav/0/011_recortado_denoised.wav,0
011_recortado_denoised__seg17,011,011_recortado_denoised.wav,17,/home/ci2dt2-ai/Proyectos/Psiquiatria/Clasificación Final/Ansiedad/wav/0/011_recortado_denoised.wav,0
011_recortado_denoised__seg18,011,011_recortado_denoised.wav,18,/home/ci2dt2-ai/Proyectos/Psiquiatria/Clasificación Final/Ansiedad/wav/0/011_recortado_denoised.wav,0
011_recortado_denoised__seg19,011,011_recortado_denoised.wav,19,/home/ci2dt2-ai/Proyectos/Psiquiatria/Clasificación Final/Ansiedad/wav/0/011_recortado_denoised.wav,0
011_recortado_denoised__seg20,011,011_recortado_denoised.wav,20,/home/ci2dt2-ai/Proyectos/Psiquiatria/Clasificación Final/Ansiedad/wav/0/011_recortado_denoised.wav,0
011_recortado_denoised__seg21,011,011_recortado_denoised.wav,21,/home/ci2dt2-ai/Proyectos/Psiquiatria/Clasificación Final/Ansiedad/wav/0/011_recortado_denoised.wav,0
011_recortado_denoised__seg22,011,011_recortado_denoised.wav,22,/home/ci2dt2-ai/Proyectos/Psiquiatria/Clasificación Final/Ansiedad/wav/0/011_recortado_denoised.wav,0
011_recortado_denoised__seg23,011,011_recortado_denoised.wav,23,/home/ci2dt2-ai/Proyectos/Psiquiatria/Clasificación Final/Ansiedad/wav/0/011_recortado_denoised.wav,0
011_recortado_denoised__seg24,011,011_recortado_denoised.wav,24,/home/ci2dt2-ai/Proyectos/Psiquiatria/Clasificación Final/Ansiedad/wav/0/011_recortado_denoised.wav,0
011_recortado_denoised__seg25,011,011_recortado_denoised.wav,25,/home/ci2dt2-ai/Proyectos/Psiquiatria/Clasificación Final/Ansiedad/wav/0/011_recortado_denoised.wav,0
011_recortado_denoised__seg26,011,011_recortado_denoised.wav,26,/home/ci2dt2-ai/Proyectos/Psiquiatria/Clasificación Final/Ansiedad/wav/0/011_recortado_denoised.wav,0
011_recortado_denoised__seg27,011,011_recortado_denoised.wav,27,/home/ci2dt2-ai/Proyectos/Psiquiatria/Clasificación Final/Ansiedad/wav/0/011_recortado_denoised.wav,0
011_recortado_denoised__seg28,011,011_recortado_denoised.wav,28,/home/ci2dt2-ai/Proyectos/Psiquiatria/Clasificación Final/Ansiedad/wav/0/011_recortado_denoised.wav,0
011_recortado_denoised__seg29,011,011_recortado_denoised.wav,29,/home/ci2dt2-ai/Proyectos/Psiquiatria/Clasificación Final/Ansiedad/wav/0/011_recortado_denoised.wav,0
011_recortado_denoised__seg30,011,011_recortado_denoised.wav,30,/home/ci2dt2-ai/Proyectos/Psiquiatria/Clasificación Final/Ansiedad/wav/0/011_recortado_denoised.wav,0
011_recortado_denoised__seg31,011,011_recortado_denoised.wav,31,/home/ci2dt2-ai/Proyectos/Psiquiatria/Clasificación Final/Ansiedad/wav/0/011_recortado_denoised.wav,0
011_recortado_denoised__seg32,011,011_recortado_denoised.wav,32,/home/ci2dt2-ai/Proyectos/Psiquiatria/Clasificación Final/Ansiedad/wav/0/011_recortado_denoised.wav,0
011_recortado_denoised__seg33,011,011_recortado_denoised.wav,33,/home/ci2dt2-ai/Proyectos/Psiquiatria/Clasificación Final/Ansiedad/wav/0/011_recortado_denoised.wav,0
011_recortado_denoised__seg34,011,011_recortado_denoised.wav,34,/home/ci2dt2-ai/Proyectos/Psiquiatria/Clasificación Final/Ansiedad/wav/0/011_recortado_denoised.wav,0
011_recortado_denoised__seg35,011,011_recortado_denoised.wav,35,/home/ci2dt2-ai/Proyectos/Psiquiatria/Clasificación Final/Ansiedad/wav/0/011_recortado_denoised.wav,0
011_recortado_denoised__seg36,011,011_recortado_denoised.wav,36,/home/ci2dt2-ai/Proyectos/Psiquiatria/Clasificación Final/Ansiedad/wav/0/011_recortado_denoised.wav,0
011_recortado_denoised__seg37,011,011_recortado_denoised.wav,37,/home/ci2dt2-ai/Proyectos/Psiquiatria/Clasificación Final/Ansiedad/wav/0/011_recortado_denoised.wav,0
011_recortado_denoised__seg38,011,011_recortado_denoised.wav,38,/home/ci2dt2-ai/Proyectos/Psiquiatria/Clasificación Final/Ansiedad/wav/0/011_recortado_denoised.wav,0
011_recortado_denoised__seg39,011,011_recortado_denoised.wav,39,/home/ci2dt2-ai/Proyectos/Psiquiatria/Clasificación Final/Ansiedad/wav/0/011_recortado_denoised.wav,0
011_recortado_denoised__seg40,011,011_recortado_denoised.wav,40,/home/ci2dt2-ai/Proyectos/Psiquiatria/Clasificación Final/Ansiedad/wav/0/011_recortado_denoised.wav,0
011_recortado_denoised__seg41,011,011_recortado_denoised.wav,41,/home/ci2dt2-ai/Proyectos/Psiquiatria/Clasificación Final/Ansiedad/wav/0/011_recortado_denoised.wav,0
011_recortado_denoised__seg42,011,011_recortado_denoised.wav,42,/home/ci2dt2-ai/Proyectos/Psiquiatria/Clasificación Final/Ansiedad/wav/0/011_recortado_denoised.wav,0
011_recortado_denoised__seg43,011,011_recortado_denoised.wav,43,/home/ci2dt2-ai/Proyectos/Psiquiatria/Clasificación Final/Ansiedad/wav/0/011_recortado_denoised.wav,0
011_recortado_denoised__seg44,011,011_recortado_denoised.wav,44,/home/ci2dt2-ai/Proyectos/Psiquiatria/Clasificación Final/Ansiedad/wav/0/011_recortado_denoised.wav,0
011_recortado_denoised__seg45,011,011_recortado_denoised.wav,45,/home/ci2dt2-ai/Proyectos/Psiquiatria/Clasificación Final/Ansiedad/wav/0/011_recortado_denoised.wav,0
011_recortado_denoised__seg46,011,011_recortado_denoised.wav,46,/home/ci2dt2-ai/Proyectos/Psiquiatria/Clasificación Final/Ansiedad/wav/0/011_recortado_denoised.wav,0
011_recortado_denoised__seg47,011,011_recortado_denoised.wav,47,/home/ci2dt2-ai/Proyectos/Psiquiatria/Clasificación Final/Ansiedad/wav/0/011_recortado_denoised.wav,0
011_recortado_denoised__seg48,011,011_recortado_denoised.wav,48,/home/ci2dt2-ai/Proyectos/Psiquiatria/Clasificación Final/Ansiedad/wav/0/011_recortado_denoised.wav,0
011_recortado_denoised__seg49,011,011_recortado_denoised.wav,49,/home/ci2dt2-ai/Proyectos/Psiquiatria/Clasificación Final/Ansiedad/wav/0/011_recortado_denoised.wav,0
011_recortado_denoised__seg50,011,011_recortado_denoised.wav,50,/home/ci2dt2-ai/Proyectos/Psiquiatria/Clasificación Final/Ansiedad/wav/0/011_recortado_denoised.wav,0
011_recortado_denoised__seg51,011,011_recortado_denoised.wav,51,/home/ci2dt2-ai/Proyectos/Psiquiatria/Clasificación Final/Ansiedad/wav/0/011_recortado_denoised.wav,0
011_recortado_denoised__seg52,011,011_recortado_denoised.wav,52,/home/ci2dt2-ai/Proyectos/Psiquiatria/Clasificación Final/Ansiedad/wav/0/011_recortado_denoised.wav,0
011_recortado_denoised__seg53,011,011_recortado_denoised.wav,53,/home/ci2dt2-ai/Proyectos/Psiquiatria/Clasificación Final/Ansiedad/wav/0/011_recortado_denoised.wav,0
011_recortado_denoised__seg54,011,011_recortado_denoised.wav,54,/home/ci2dt2-ai/Proyectos/Psiquiatria/Clasificación Final/Ansiedad/wav/0/011_recortado_denoised.wav,0
011_recortado_denoised__seg55,011,011_recortado_denoised.wav,55,/home/ci2dt2-ai/Proyectos/Psiquiatria/Clasificación Final/Ansiedad/wav/0/011_recortado_denoised.wav,0
011_recortado_denoised__seg56,011,011_recortado_denoised.wav,56,/home/ci2dt2-ai/Proyectos/Psiquiatria/Clasificación Final/Ansiedad/wav/0/011_recortado_denoised.wav,0
011_recortado_denoised__seg57,011,011_recortado_denoised.wav,57,/home/ci2dt2-ai/Proyectos/Psiquiatria/Clasificación Final/Ansiedad/wav/0/011_recortado_denoised.wav,0
011_recortado_denoised__seg58,011,011_recortado_denoised.wav,58,/home/ci2dt2-ai/Proyectos/Psiquiatria/Clasificación Final/Ansiedad/wav/0/011_recortado_denoised.wav,0
011_recortado_denoised__seg59,011,011_recortado_denoised.wav,59,/home/ci2dt2-ai/Proyectos/Psiquiatria/Clasificación Final/Ansiedad/wav/0/011_recortado_denoised.wav,0
011_recortado_denoised__seg60,011,011_recortado_denoised.wav,60,/home/ci2dt2-ai/Proyectos/Psiquiatria/Clasificación Final/Ansiedad/wav/0/011_recortado_denoised.wav,0
011_recortado_denoised__seg61,011,011_recortado_denoised.wav,61,/home/ci2dt2-ai/Proyectos/Psiquiatria/Clasificación Final/Ansiedad/wav/0/011_recortado_denoised.wav,0
011_recortado_denoised__seg62,011,011_recortado_denoised.wav,62,/home/ci2dt2-ai/Proyectos/Psiquiatria/Clasificación Final/Ansiedad/wav/0/011_recortado_denoised.wav,0
011_recortado_denoised__seg63,011,011_recortado_denoised.wav,63,/home/ci2dt2-ai/Proyectos/Psiquiatria/Clasificación Final/Ansiedad/wav/0/011_recortado_denoised.wav,0
011_recortado_denoised__seg64,011,011_recortado_denoised.wav,64,/home/ci2dt2-ai/Proyectos/Psiquiatria/Clasificación Final/Ansiedad/wav/0/011_recortado_denoised.wav,0
011_recortado_denoised__seg65,011,011_recortado_denoised.wav,65,/home/ci2dt2-ai/Proyectos/Psiquiatria/Clasificación Final/Ansiedad/wav/0/011_recortado_denoised.wav,0
012_recortado_denoised__seg0,012,012_recortado_denoised.wav,0,/home/ci2dt2-ai/Proyectos/Psiquiatria/Clasificación Final/Ansiedad/wav/0/012_recortado_denoised.wav,0
012_recortado_denoised__seg1,012,012_recortado_denoised.wav,1,/home/ci2dt2-ai/Proyectos/Psiquiatria/Clasificación Final/Ansiedad/wav/0/012_recortado_denoised.wav,0
012_recortado_denoised__seg2,012,012_recortado_denoised.wav,2,/home/ci2dt2-ai/Proyectos/Psiquiatria/Clasificación Final/Ansiedad/wav/0/012_recortado_denoised.wav,0
012_recortado_denoised__seg3,012,012_recortado_denoised.wav,3,/home/ci2dt2-ai/Proyectos/Psiquiatria/Clasificación Final/Ansiedad/wav/0/012_recortado_denoised.wav,0
012_recortado_denoised__seg4,012,012_recortado_denoised.wav,4,/home/ci2dt2-ai/Proyectos/Psiquiatria/Clasificación Final/Ansiedad/wav/0/012_recortado_denoised.wav,0
012_recortado_denoised__seg5,012,012_recortado_denoised.wav,5,/home/ci2dt2-ai/Proyectos/Psiquiatria/Clasificación Final/Ansiedad/wav/0/012_recortado_denoised.wav,0
012_recortado_denoised__seg6,012,012_recortado_denoised.wav,6,/home/ci2dt2-ai/Proyectos/Psiquiatria/Clasificación Final/Ansiedad/wav/0/012_recortado_denoised.wav,0
012_recortado_denoised__seg7,012,012_recortado_denoised.wav,7,/home/ci2dt2-ai/Proyectos/Psiquiatria/Clasificación Final/Ansiedad/wav/0/012_recortado_denoised.wav,0
012_recortado_denoised__seg8,012,012_recortado_denoised.wav,8,/home/ci2dt2-ai/Proyectos/Psiquiatria/Clasificación Final/Ansiedad/wav/0/012_recortado_denoised.wav,0
012_recortado_denoised__seg9,012,012_recortado_denoised.wav,9,/home/ci2dt2-ai/Proyectos/Psiquiatria/Clasificación Final/Ansiedad/wav/0/012_recortado_denoised.wav,0
012_recortado_denoised__seg10,012,012_recortado_denoised.wav,10,/home/ci2dt2-ai/Proyectos/Psiquiatria/Clasificación Final/Ansiedad/wav/0/012_recortado_denoised.wav,0
012_recortado_denoised__seg11,012,012_recortado_denoised.wav,11,/home/ci2dt2-ai/Proyectos/Psiquiatria/Clasificación Final/Ansiedad/wav/0/012_recortado_denoised.wav,0
012_recortado_denoised__seg12,012,012_recortado_denoised.wav,12,/home/ci2dt2-ai/Proyectos/Psiquiatria/Clasificación Final/Ansiedad/wav/0/012_recortado_denoised.wav,0
012_recortado_denoised__seg13,012,012_recortado_denoised.wav,13,/home/ci2dt2-ai/Proyectos/Psiquiatria/Clasificación Final/Ansiedad/wav/0/012_recortado_denoised.wav,0
012_recortado_denoised__seg14,012,012_recortado_denoised.wav,14,/home/ci2dt2-ai/Proyectos/Psiquiatria/Clasificación Final/Ansiedad/wav/0/012_recortado_denoised.wav,0
012_recortado_denoised__seg15,012,012_recortado_denoised.wav,15,/home/ci2dt2-ai/Proyectos/Psiquiatria/Clasificación Final/Ansiedad/wav/0/012_recortado_denoised.wav,0
012_recortado_denoised__seg16,012,012_recortado_denoised.wav,16,/home/ci2dt2-ai/Proyectos/Psiquiatria/Clasificación Final/Ansiedad/wav/0/012_recortado_denoised.wav,0
012_recortado_denoised__seg17,012,012_recortado_denoised.wav,17,/home/ci2dt2-ai/Proyectos/Psiquiatria/Clasificación Final/Ansiedad/wav/0/012_recortado_denoised.wav,0
012_recortado_denoised__seg18,012,012_recortado_denoised.wav,18,/home/ci2dt2-ai/Proyectos/Psiquiatria/Clasificación Final/Ansiedad/wav/0/012_recortado_denoised.wav,0
012_recortado_denoised__seg19,012,012_recortado_denoised.wav,19,/home/ci2dt2-ai/Proyectos/Psiquiatria/Clasificación Final/Ansiedad/wav/0/012_recortado_denoised.wav,0
012_recortado_denoised__seg20,012,012_recortado_denoised.wav,20,/home/ci2dt2-ai/Proyectos/Psiquiatria/Clasificación Final/Ansiedad/wav/0/012_recortado_denoised.wav,0
012_recortado_denoised__seg21,012,012_recortado_denoised.wav,21,/home/ci2dt2-ai/Proyectos/Psiquiatria/Clasificación Final/Ansiedad/wav/0/012_recortado_denoised.wav,0
012_recortado_denoised__seg22,012,012_recortado_denoised.wav,22,/home/ci2dt2-ai/Proyectos/Psiquiatria/Clasificación Final/Ansiedad/wav/0/012_recortado_denoised.wav,0
012_recortado_denoised__seg23,012,012_recortado_denoised.wav,23,/home/ci2dt2-ai/Proyectos/Psiquiatria/Clasificación Final/Ansiedad/wav/0/012_recortado_denoised.wav,0
012_recortado_denoised__seg24,012,012_recortado_denoised.wav,24,/home/ci2dt2-ai/Proyectos/Psiquiatria/Clasificación Final/Ansiedad/wav/0/012_recortado_denoised.wav,0
012_recortado_denoised__seg25,012,012_recortado_denoised.wav,25,/home/ci2dt2-ai/Proyectos/Psiquiatria/Clasificación Final/Ansiedad/wav/0/012_recortado_denoised.wav,0
012_recortado_denoised__seg26,012,012_recortado_denoised.wav,26,/home/ci2dt2-ai/Proyectos/Psiquiatria/Clasificación Final/Ansiedad/wav/0/012_recortado_denoised.wav,0
012_recortado_denoised__seg27,012,012_recortado_denoised.wav,27,/home/ci2dt2-ai/Proyectos/Psiquiatria/Clasificación Final/Ansiedad/wav/0/012_recortado_denoised.wav,0
012_recortado_denoised__seg28,012,012_recortado_denoised.wav,28,/home/ci2dt2-ai/Proyectos/Psiquiatria/Clasificación Final/Ansiedad/wav/0/012_recortado_denoised.wav,0
012_recortado_denoised__seg29,012,012_recortado_denoised.wav,29,/home/ci2dt2-ai/Proyectos/Psiquiatria/Clasificación Final/Ansiedad/wav/0/012_recortado_denoised.wav,0
012_recortado_denoised__seg30,012,012_recortado_denoised.wav,30,/home/ci2dt2-ai/Proyectos/Psiquiatria/Clasificación Final/Ansiedad/wav/0/012_recortado_denoised.wav,0
012_recortado_denoised__seg31,012,012_recortado_denoised.wav,31,/home/ci2dt2-ai/Proyectos/Psiquiatria/Clasificación Final/Ansiedad/wav/0/012_recortado_denoised.wav,0
012_recortado_denoised__seg32,012,012_recortado_denoised.wav,32,/home/ci2dt2-ai/Proyectos/Psiquiatria/Clasificación Final/Ansiedad/wav/0/012_recortado_denoised.wav,0
012_recortado_denoised__seg33,012,012_recortado_denoised.wav,33,/home/ci2dt2-ai/Proyectos/Psiquiatria/Clasificación Final/Ansiedad/wav/0/012_recortado_denoised.wav,0
012_recortado_denoised__seg34,012,012_recortado_denoised.wav,34,/home/ci2dt2-ai/Proyectos/Psiquiatria/Clasificación Final/Ansiedad/wav/0/012_recortado_denoised.wav,0
013_recortado_denoised__seg0,013,013_recortado_denoised.wav,0,/home/ci2dt2-ai/Proyectos/Psiquiatria/Clasificación Final/Ansiedad/wav/0/013_recortado_denoised.wav,0
013_recortado_denoised__seg1,013,013_recortado_denoised.wav,1,/home/ci2dt2-ai/Proyectos/Psiquiatria/Clasificación Final/Ansiedad/wav/0/013_recortado_denoised.wav,0
013_recortado_denoised__seg2,013,013_recortado_denoised.wav,2,/home/ci2dt2-ai/Proyectos/Psiquiatria/Clasificación Final/Ansiedad/wav/0/013_recortado_denoised.wav,0
013_recortado_denoised__seg3,013,013_recortado_denoised.wav,3,/home/ci2dt2-ai/Proyectos/Psiquiatria/Clasificación Final/Ansiedad/wav/0/013_recortado_denoised.wav,0
013_recortado_denoised__seg4,013,013_recortado_denoised.wav,4,/home/ci2dt2-ai/Proyectos/Psiquiatria/Clasificación Final/Ansiedad/wav/0/013_recortado_denoised.wav,0
013_recortado_denoised__seg5,013,013_recortado_denoised.wav,5,/home/ci2dt2-ai/Proyectos/Psiquiatria/Clasificación Final/Ansiedad/wav/0/013_recortado_denoised.wav,0
013_recortado_denoised__seg6,013,013_recortado_denoised.wav,6,/home/ci2dt2-ai/Proyectos/Psiquiatria/Clasificación Final/Ansiedad/wav/0/013_recortado_denoised.wav,0
013_recortado_denoised__seg7,013,013_recortado_denoised.wav,7,/home/ci2dt2-ai/Proyectos/Psiquiatria/Clasificación Final/Ansiedad/wav/0/013_recortado_denoised.wav,0
013_recortado_denoised__seg8,013,013_recortado_denoised.wav,8,/home/ci2dt2-ai/Proyectos/Psiquiatria/Clasificación Final/Ansiedad/wav/0/013_recortado_denoised.wav,0
013_recortado_denoised__seg9,013,013_recortado_denoised.wav,9,/home/ci2dt2-ai/Proyectos/Psiquiatria/Clasificación Final/Ansiedad/wav/0/013_recortado_denoised.wav,0
013_recortado_denoised__seg10,013,013_recortado_denoised.wav,10,/home/ci2dt2-ai/Proyectos/Psiquiatria/Clasificación Final/Ansiedad/wav/0/013_recortado_denoised.wav,0
013_recortado_denoised__seg11,013,013_recortado_denoised.wav,11,/home/ci2dt2-ai/Proyectos/Psiquiatria/Clasificación Final/Ansiedad/wav/0/013_recortado_denoised.wav,0
013_recortado_denoised__seg12,013,013_recortado_denoised.wav,12,/home/ci2dt2-ai/Proyectos/Psiquiatria/Clasificación Final/Ansiedad/wav/0/013_recortado_denoised.wav,0
013_recortado_denoised__seg13,013,013_recortado_denoised.wav,13,/home/ci2dt2-ai/Proyectos/Psiquiatria/Clasificación Final/Ansiedad/wav/0/013_recortado_denoised.wav,0
013_recortado_denoised__seg14,013,013_recortado_denoised.wav,14,/home/ci2dt2-ai/Proyectos/Psiquiatria/Clasificación Final/Ansiedad/wav/0/013_recortado_denoised.wav,0
013_recortado_denoised__seg15,013,013_recortado_denoised.wav,15,/home/ci2dt2-ai/Proyectos/Psiquiatria/Clasificación Final/Ansiedad/wav/0/013_recortado_denoised.wav,0
013_recortado_denoised__seg16,013,013_recortado_denoised.wav,16,/home/ci2dt2-ai/Proyectos/Psiquiatria/Clasificación Final/Ansiedad/wav/0/013_recortado_denoised.wav,0
013_recortado_denoised__seg17,013,013_recortado_denoised.wav,17,/home/ci2dt2-ai/Proyectos/Psiquiatria/Clasificación Final/Ansiedad/wav/0/013_recortado_denoised.wav,0
013_recortado_denoised__seg18,013,013_recortado_denoised.wav,18,/home/ci2dt2-ai/Proyectos/Psiquiatria/Clasificación Final/Ansiedad/wav/0/013_recortado_denoised.wav,0
013_recortado_denoised__seg19,013,013_recortado_denoised.wav,19,/home/ci2dt2-ai/Proyectos/Psiquiatria/Clasificación Final/Ansiedad/wav/0/013_recortado_denoised.wav,0
013_recortado_denoised__seg20,013,013_recortado_denoised.wav,20,/home/ci2dt2-ai/Proyectos/Psiquiatria/Clasificación Final/Ansiedad/wav/0/013_recortado_denoised.wav,0
013_recortado_denoised__seg21,013,013_recortado_denoised.wav,21,/home/ci2dt2-ai/Proyectos/Psiquiatria/Clasificación Final/Ansiedad/wav/0/013_recortado_denoised.wav,0
013_recortado_denoised__seg22,013,013_recortado_denoised.wav,22,/home/ci2dt2-ai/Proyectos/Psiquiatria/Clasificación Final/Ansiedad/wav/0/013_recortado_denoised.wav,0
013_recortado_denoised__seg23,013,013_recortado_denoised.wav,23,/home/ci2dt2-ai/Proyectos/Psiquiatria/Clasificación Final/Ansiedad/wav/0/013_recortado_denoised.wav,0
013_recortado_denoised__seg24,013,013_recortado_denoised.wav,24,/home/ci2dt2-ai/Proyectos/Psiquiatria/Clasificación Final/Ansiedad/wav/0/013_recortado_denoised.wav,0
013_recortado_denoised__seg25,013,013_recortado_denoised.wav,25,/home/ci2dt2-ai/Proyectos/Psiquiatria/Clasificación Final/Ansiedad/wav/0/013_recortado_denoised.wav,0
013_recortado_denoised__seg26,013,013_recortado_denoised.wav,26,/home/ci2dt2-ai/Proyectos/Psiquiatria/Clasificación Final/Ansiedad/wav/0/013_recortado_denoised.wav,0
013_recortado_denoised__seg27,013,013_recortado_denoised.wav,27,/home/ci2dt2-ai/Proyectos/Psiquiatria/Clasificación Final/Ansiedad/wav/0/013_recortado_denoised.wav,0
013_recortado_denoised__seg28,013,013_recortado_denoised.wav,28,/home/ci2dt2-ai/Proyectos/Psiquiatria/Clasificación Final/Ansiedad/wav/0/013_recortado_denoised.wav,0
013_recortado_denoised__seg29,013,013_recortado_denoised.wav,29,/home/ci2dt2-ai/Proyectos/Psiquiatria/Clasificación Final/Ansiedad/wav/0/013_recortado_denoised.wav,0
013_recortado_denoised__seg30,013,013_recortado_denoised.wav,30,/home/ci2dt2-ai/Proyectos/Psiquiatria/Clasificación Final/Ansiedad/wav/0/013_recortado_denoised.wav,0
013_recortado_denoised__seg31,013,013_recortado_denoised.wav,31,/home/ci2dt2-ai/Proyectos/Psiquiatria/Clasificación Final/Ansiedad/wav/0/013_recortado_denoised.wav,0
013_recortado_denoised__seg32,013,013_recortado_denoised.wav,32,/home/ci2dt2-ai/Proyectos/Psiquiatria/Clasificación Final/Ansiedad/wav/0/013_recortado_denoised.wav,0
013_recortado_denoised__seg33,013,013_recortado_denoised.wav,33,/home/ci2dt2-ai/Proyectos/Psiquiatria/Clasificación Final/Ansiedad/wav/0/013_recortado_denoised.wav,0
013_recortado_denoised__seg34,013,013_recortado_denoised.wav,34,/home/ci2dt2-ai/Proyectos/Psiquiatria/Clasificación Final/Ansiedad/wav/0/013_recortado_denoised.wav,0
013_recortado_denoised__seg35,013,013_recortado_denoised.wav,35,/home/ci2dt2-ai/Proyectos/Psiquiatria/Clasificación Final/Ansiedad/wav/0/013_recortado_denoised.wav,0
013_recortado_denoised__seg36,013,013_recortado_denoised.wav,36,/home/ci2dt2-ai/Proyectos/Psiquiatria/Clasificación Final/Ansiedad/wav/0/013_recortado_denoised.wav,0
013_recortado_denoised__seg37,013,013_recortado_denoised.wav,37,/home/ci2dt2-ai/Proyectos/Psiquiatria/Clasificación Final/Ansiedad/wav/0/013_recortado_denoised.wav,0
013_recortado_denoised__seg38,013,013_recortado_denoised.wav,38,/home/ci2dt2-ai/Proyectos/Psiquiatria/Clasificación Final/Ansiedad/wav/0/013_recortado_denoised.wav,0
013_recortado_denoised__seg39,013,013_recortado_denoised.wav,39,/home/ci2dt2-ai/Proyectos/Psiquiatria/Clasificación Final/Ansiedad/wav/0/013_recortado_denoised.wav,0
013_recortado_denoised__seg40,013,013_recortado_denoised.wav,40,/home/ci2dt2-ai/Proyectos/Psiquiatria/Clasificación Final/Ansiedad/wav/0/013_recortado_denoised.wav,0
013_recortado_denoised__seg41,013,013_recortado_denoised.wav,41,/home/ci2dt2-ai/Proyectos/Psiquiatria/Clasificación Final/Ansiedad/wav/0/013_recortado_denoised.wav,0
013_recortado_denoised__seg42,013,013_recortado_denoised.wav,42,/home/ci2dt2-ai/Proyectos/Psiquiatria/Clasificación Final/Ansiedad/wav/0/013_recortado_denoised.wav,0
013_recortado_denoised__seg43,013,013_recortado_denoised.wav,43,/home/ci2dt2-ai/Proyectos/Psiquiatria/Clasificación Final/Ansiedad/wav/0/013_recortado_denoised.wav,0
013_recortado_denoised__seg44,013,013_recortado_denoised.wav,44,/home/ci2dt2-ai/Proyectos/Psiquiatria/Clasificación Final/Ansiedad/wav/0/013_recortado_denoised.wav,0
013_recortado_denoised__seg45,013,013_recortado_denoised.wav,45,/home/ci2dt2-ai/Proyectos/Psiquiatria/Clasificación Final/Ansiedad/wav/0/013_recortado_denoised.wav,0
013_recortado_denoised__seg46,013,013_recortado_denoised.wav,46,/home/ci2dt2-ai/Proyectos/Psiquiatria/Clasificación Final/Ansiedad/wav/0/013_recortado_denoised.wav,0
013_recortado_denoised__seg47,013,013_recortado_denoised.wav,47,/home/ci2dt2-ai/Proyectos/Psiquiatria/Clasificación Final/Ansiedad/wav/0/013_recortado_denoised.wav,0
013_recortado_denoised__seg48,013,013_recortado_denoised.wav,48,/home/ci2dt2-ai/Proyectos/Psiquiatria/Clasificación Final/Ansiedad/wav/0/013_recortado_denoised.wav,0
013_recortado_denoised__seg49,013,013_recortado_denoised.wav,49,/home/ci2dt2-ai/Proyectos/Psiquiatria/Clasificación Final/Ansiedad/wav/0/013_recortado_denoised.wav,0
013_recortado_denoised__seg50,013,013_recortado_denoised.wav,50,/home/ci2dt2-ai/Proyectos/Psiquiatria/Clasificación Final/Ansiedad/wav/0/013_recortado_denoised.wav,0
013_recortado_denoised__seg51,013,013_recortado_denoised.wav,51,/home/ci2dt2-ai/Proyectos/Psiquiatria/Clasificación Final/Ansiedad/wav/0/013_recortado_denoised.wav,0
013_recortado_denoised__seg52,013,013_recortado_denoised.wav,52,/home/ci2dt2-ai/Proyectos/Psiquiatria/Clasificación Final/Ansiedad/wav/0/013_recortado_denoised.wav,0
013_recortado_denoised__seg53,013,013_recortado_denoised.wav,53,/home/ci2dt2-ai/Proyectos/Psiquiatria/Clasificación Final/Ansiedad/wav/0/013_recortado_denoised.wav,0
013_recortado_denoised__seg54,013,013_recortado_denoised.wav,54,/home/ci2dt2-ai/Proyectos/Psiquiatria/Clasificación Final/Ansiedad/wav/0/013_recortado_denoised.wav,0
013_recortado_denoised__seg55,013,013_recortado_denoised.wav,55,/home/ci2dt2-ai/Proyectos/Psiquiatria/Clasificación Final/Ansiedad/wav/0/013_recortado_denoised.wav,0
013_recortado_denoised__seg56,013,013_recortado_denoised.wav,56,/home/ci2dt2-ai/Proyectos/Psiquiatria/Clasificación Final/Ansiedad/wav/0/013_recortado_denoised.wav,0
013_recortado_denoised__seg57,013,013_recortado_denoised.wav,57,/home/ci2dt2-ai/Proyectos/Psiquiatria/Clasificación Final/Ansiedad/wav/0/013_recortado_denoised.wav,0
013_recortado_denoised__seg58,013,013_recortado_denoised.wav,58,/home/ci2dt2-ai/Proyectos/Psiquiatria/Clasificación Final/Ansiedad/wav/0/013_recortado_denoised.wav,0
013_recortado_denoised__seg59,013,013_recortado_denoised.wav,59,/home/ci2dt2-ai/Proyectos/Psiquiatria/Clasificación Final/Ansiedad/wav/0/013_recortado_denoised.wav,0
013_recortado_denoised__seg60,013,013_recortado_denoised.wav,60,/home/ci2dt2-ai/Proyectos/Psiquiatria/Clasificación Final/Ansiedad/wav/0/013_recortado_denoised.wav,0
013_recortado_denoised__seg61,013,013_recortado_denoised.wav,61,/home/ci2dt2-ai/Proyectos/Psiquiatria/Clasificación Final/Ansiedad/wav/0/013_recortado_denoised.wav,0
013_recortado_denoised__seg62,013,013_recortado_denoised.wav,62,/home/ci2dt2-ai/Proyectos/Psiquiatria/Clasificación Final/Ansiedad/wav/0/013_recortado_denoised.wav,0
013_recortado_denoised__seg63,013,013_recortado_denoised.wav,63,/home/ci2dt2-ai/Proyectos/Psiquiatria/Clasificación Final/Ansiedad/wav/0/013_recortado_denoised.wav,0
013_recortado_denoised__seg64,013,013_recortado_denoised.wav,64,/home/ci2dt2-ai/Proyectos/Psiquiatria/Clasificación Final/Ansiedad/wav/0/013_recortado_denoised.wav,0
014_recortado_denoised__seg0,014,014_recortado_denoised.wav,0,/home/ci2dt2-ai/Proyectos/Psiquiatria/Clasificación Final/Ansiedad/wav/0/014_recortado_denoised.wav,0
014_recortado_denoised__seg1,014,014_recortado_denoised.wav,1,/home/ci2dt2-ai/Proyectos/Psiquiatria/Clasificación Final/Ansiedad/wav/0/014_recortado_denoised.wav,0
014_recortado_denoised__seg2,014,014_recortado_denoised.wav,2,/home/ci2dt2-ai/Proyectos/Psiquiatria/Clasificación Final/Ansiedad/wav/0/014_recortado_denoised.wav,0
014_recortado_denoised__seg3,014,014_recortado_denoised.wav,3,/home/ci2dt2-ai/Proyectos/Psiquiatria/Clasificación Final/Ansiedad/wav/0/014_recortado_denoised.wav,0
014_recortado_denoised__seg4,014,014_recortado_denoised.wav,4,/home/ci2dt2-ai/Proyectos/Psiquiatria/Clasificación Final/Ansiedad/wav/0/014_recortado_denoised.wav,0
014_recortado_denoised__seg5,014,014_recortado_denoised.wav,5,/home/ci2dt2-ai/Proyectos/Psiquiatria/Clasificación Final/Ansiedad/wav/0/014_recortado_denoised.wav,0
014_recortado_denoised__seg6,014,014_recortado_denoised.wav,6,/home/ci2dt2-ai/Proyectos/Psiquiatria/Clasificación Final/Ansiedad/wav/0/014_recortado_denoised.wav,0
014_recortado_denoised__seg7,014,014_recortado_denoised.wav,7,/home/ci2dt2-ai/Proyectos/Psiquiatria/Clasificación Final/Ansiedad/wav/0/014_recortado_denoised.wav,0
014_recortado_denoised__seg8,014,014_recortado_denoised.wav,8,/home/ci2dt2-ai/Proyectos/Psiquiatria/Clasificación Final/Ansiedad/wav/0/014_recortado_denoised.wav,0
014_recortado_denoised__seg9,014,014_recortado_denoised.wav,9,/home/ci2dt2-ai/Proyectos/Psiquiatria/Clasificación Final/Ansiedad/wav/0/014_recortado_denoised.wav,0
014_recortado_denoised__seg10,014,014_recortado_denoised.wav,10,/home/ci2dt2-ai/Proyectos/Psiquiatria/Clasificación Final/Ansiedad/wav/0/014_recortado_denoised.wav,0
014_recortado_denoised__seg11,014,014_recortado_denoised.wav,11,/home/ci2dt2-ai/Proyectos/Psiquiatria/Clasificación Final/Ansiedad/wav/0/014_recortado_denoised.wav,0
014_recortado_denoised__seg12,014,014_recortado_denoised.wav,12,/home/ci2dt2-ai/Proyectos/Psiquiatria/Clasificación Final/Ansiedad/wav/0/014_recortado_denoised.wav,0
014_recortado_denoised__seg13,014,014_recortado_denoised.wav,13,/home/ci2dt2-ai/Proyectos/Psiquiatria/Clasificación Final/Ansiedad/wav/0/014_recortado_denoised.wav,0
014_recortado_denoised__seg14,014,014_recortado_denoised.wav,14,/home/ci2dt2-ai/Proyectos/Psiquiatria/Clasificación Final/Ansiedad/wav/0/014_recortado_denoised.wav,0
014_recortado_denoised__seg15,014,014_recortado_denoised.wav,15,/home/ci2dt2-ai/Proyectos/Psiquiatria/Clasificación Final/Ansiedad/wav/0/014_recortado_denoised.wav,0
014_recortado_denoised__seg16,014,014_recortado_denoised.wav,16,/home/ci2dt2-ai/Proyectos/Psiquiatria/Clasificación Final/Ansiedad/wav/0/014_recortado_denoised.wav,0
014_recortado_denoised__seg17,014,014_recortado_denoised.wav,17,/home/ci2dt2-ai/Proyectos/Psiquiatria/Clasificación Final/Ansiedad/wav/0/014_recortado_denoised.wav,0
014_recortado_denoised__seg18,014,014_recortado_denoised.wav,18,/home/ci2dt2-ai/Proyectos/Psiquiatria/Clasificación Final/Ansiedad/wav/0/014_recortado_denoised.wav,0
014_recortado_denoised__seg19,014,014_recortado_denoised.wav,19,/home/ci2dt2-ai/Proyectos/Psiquiatria/Clasificación Final/Ansiedad/wav/0/014_recortado_denoised.wav,0
014_recortado_denoised__seg20,014,014_recortado_denoised.wav,20,/home/ci2dt2-ai/Proyectos/Psiquiatria/Clasificación Final/Ansiedad/wav/0/014_recortado_denoised.wav,0
014_recortado_denoised__seg21,014,014_recortado_denoised.wav,21,/home/ci2dt2-ai/Proyectos/Psiquiatria/Clasificación Final/Ansiedad/wav/0/014_recortado_denoised.wav,0
014_recortado_denoised__seg22,014,014_recortado_denoised.wav,22,/home/ci2dt2-ai/Proyectos/Psiquiatria/Clasificación Final/Ansiedad/wav/0/014_recortado_denoised.wav,0
014_recortado_denoised__seg23,014,014_recortado_denoised.wav,23,/home/ci2dt2-ai/Proyectos/Psiquiatria/Clasificación Final/Ansiedad/wav/0/014_recortado_denoised.wav,0
014_recortado_denoised__seg24,014,014_recortado_denoised.wav,24,/home/ci2dt2-ai/Proyectos/Psiquiatria/Clasificación Final/Ansiedad/wav/0/014_recortado_denoised.wav,0
014_recortado_denoised__seg25,014,014_recortado_denoised.wav,25,/home/ci2dt2-ai/Proyectos/Psiquiatria/Clasificación Final/Ansiedad/wav/0/014_recortado_denoised.wav,0
014_recortado_denoised__seg26,014,014_recortado_denoised.wav,26,/home/ci2dt2-ai/Proyectos/Psiquiatria/Clasificación Final/Ansiedad/wav/0/014_recortado_denoised.wav,0
014_recortado_denoised__seg27,014,014_recortado_denoised.wav,27,/home/ci2dt2-ai/Proyectos/Psiquiatria/Clasificación Final/Ansiedad/wav/0/014_recortado_denoised.wav,0
014_recortado_denoised__seg28,014,014_recortado_denoised.wav,28,/home/ci2dt2-ai/Proyectos/Psiquiatria/Clasificación Final/Ansiedad/wav/0/014_recortado_denoised.wav,0
014_recortado_denoised__seg29,014,014_recortado_denoised.wav,29,/home/ci2dt2-ai/Proyectos/Psiquiatria/Clasificación Final/Ansiedad/wav/0/014_recortado_denoised.wav,0
014_recortado_denoised__seg30,014,014_recortado_denoised.wav,30,/home/ci2dt2-ai/Proyectos/Psiquiatria/Clasificación Final/Ansiedad/wav/0/014_recortado_denoised.wav,0
014_recortado_denoised__seg31,014,014_recortado_denoised.wav,31,/home/ci2dt2-ai/Proyectos/Psiquiatria/Clasificación Final/Ansiedad/wav/0/014_recortado_denoised.wav,0
014_recortado_denoised__seg32,014,014_recortado_denoised.wav,32,/home/ci2dt2-ai/Proyectos/Psiquiatria/Clasificación Final/Ansiedad/wav/0/014_recortado_denoised.wav,0
014_recortado_denoised__seg33,014,014_recortado_denoised.wav,33,/home/ci2dt2-ai/Proyectos/Psiquiatria/Clasificación Final/Ansiedad/wav/0/014_recortado_denoised.wav,0
014_recortado_denoised__seg34,014,014_recortado_denoised.wav,34,/home/ci2dt2-ai/Proyectos/Psiquiatria/Clasificación Final/Ansiedad/wav/0/014_recortado_denoised.wav,0
014_recortado_denoised__seg35,014,014_recortado_denoised.wav,35,/home/ci2dt2-ai/Proyectos/Psiquiatria/Clasificación Final/Ansiedad/wav/0/014_recortado_denoised.wav,0
014_recortado_denoised__seg36,014,014_recortado_denoised.wav,36,/home/ci2dt2-ai/Proyectos/Psiquiatria/Clasificación Final/Ansiedad/wav/0/014_recortado_denoised.wav,0
014_recortado_denoised__seg37,014,014_recortado_denoised.wav,37,/home/ci2dt2-ai/Proyectos/Psiquiatria/Clasificación Final/Ansiedad/wav/0/014_recortado_denoised.wav,0
014_recortado_denoised__seg38,014,014_recortado_denoised.wav,38,/home/ci2dt2-ai/Proyectos/Psiquiatria/Clasificación Final/Ansiedad/wav/0/014_recortado_denoised.wav,0
014_recortado_denoised__seg39,014,014_recortado_denoised.wav,39,/home/ci2dt2-ai/Proyectos/Psiquiatria/Clasificación Final/Ansiedad/wav/0/014_recortado_denoised.wav,0
014_recortado_denoised__seg40,014,014_recortado_denoised.wav,40,/home/ci2dt2-ai/Proyectos/Psiquiatria/Clasificación Final/Ansiedad/wav/0/014_recortado_denoised.wav,0
014_recortado_denoised__seg41,014,014_recortado_denoised.wav,41,/home/ci2dt2-ai/Proyectos/Psiquiatria/Clasificación Final/Ansiedad/wav/0/014_recortado_denoised.wav,0
014_recortado_denoised__seg42,014,014_recortado_denoised.wav,42,/home/ci2dt2-ai/Proyectos/Psiquiatria/Clasificación Final/Ansiedad/wav/0/014_recortado_denoised.wav,0
014_recortado_denoised__seg43,014,014_recortado_denoised.wav,43,/home/ci2dt2-ai/Proyectos/Psiquiatria/Clasificación Final/Ansiedad/wav/0/014_recortado_denoised.wav,0
014_recortado_denoised__seg44,014,014_recortado_denoised.wav,44,/home/ci2dt2-ai/Proyectos/Psiquiatria/Clasificación Final/Ansiedad/wav/0/014_recortado_denoised.wav,0
014_recortado_denoised__seg45,014,014_recortado_denoised.wav,45,/home/ci2dt2-ai/Proyectos/Psiquiatria/Clasificación Final/Ansiedad/wav/0/014_recortado_denoised.wav,0
014_recortado_denoised__seg46,014,014_recortado_denoised.wav,46,/home/ci2dt2-ai/Proyectos/Psiquiatria/Clasificación Final/Ansiedad/wav/0/014_recortado_denoised.wav,0
014_recortado_denoised__seg47,014,014_recortado_denoised.wav,47,/home/ci2dt2-ai/Proyectos/Psiquiatria/Clasificación Final/Ansiedad/wav/0/014_recortado_denoised.wav,0
014_recortado_denoised__seg48,014,014_recortado_denoised.wav,48,/home/ci2dt2-ai/Proyectos/Psiquiatria/Clasificación Final/Ansiedad/wav/0/014_recortado_denoised.wav,0
014_recortado_denoised__seg49,014,014_recortado_denoised.wav,49,/home/ci2dt2-ai/Proyectos/Psiquiatria/Clasificación Final/Ansiedad/wav/0/014_recortado_denoised.wav,0
014_recortado_denoised__seg50,014,014_recortado_denoised.wav,50,/home/ci2dt2-ai/Proyectos/Psiquiatria/Clasificación Final/Ansiedad/wav/0/014_recortado_denoised.wav,0
014_recortado_denoised__seg51,014,014_recortado_denoised.wav,51,/home/ci2dt2-ai/Proyectos/Psiquiatria/Clasificación Final/Ansiedad/wav/0/014_recortado_denoised.wav,0
014_recortado_denoised__seg52,014,014_recortado_denoised.wav,52,/home/ci2dt2-ai/Proyectos/Psiquiatria/Clasificación Final/Ansiedad/wav/0/014_recortado_denoised.wav,0
014_recortado_denoised__seg53,014,014_recortado_denoised.wav,53,/home/ci2dt2-ai/Proyectos/Psiquiatria/Clasificación Final/Ansiedad/wav/0/014_recortado_denoised.wav,0
014_recortado_denoised__seg54,014,014_recortado_denoised.wav,54,/home/ci2dt2-ai/Proyectos/Psiquiatria/Clasificación Final/Ansiedad/wav/0/014_recortado_denoised.wav,0
014_recortado_denoised__seg55,014,014_recortado_denoised.wav,55,/home/ci2dt2-ai/Proyectos/Psiquiatria/Clasificación Final/Ansiedad/wav/0/014_recortado_denoised.wav,0
014_recortado_denoised__seg56,014,014_recortado_denoised.wav,56,/home/ci2dt2-ai/Proyectos/Psiquiatria/Clasificación Final/Ansiedad/wav/0/014_recortado_denoised.wav,0
014_recortado_denoised__seg57,014,014_recortado_denoised.wav,57,/home/ci2dt2-ai/Proyectos/Psiquiatria/Clasificación Final/Ansiedad/wav/0/014_recortado_denoised.wav,0
014_recortado_denoised__seg58,014,014_recortado_denoised.wav,58,/home/ci2dt2-ai/Proyectos/Psiquiatria/Clasificación Final/Ansiedad/wav/0/014_recortado_denoised.wav,0
014_recortado_denoised__seg59,014,014_recortado_denoised.wav,59,/home/ci2dt2-ai/Proyectos/Psiquiatria/Clasificación Final/Ansiedad/wav/0/014_recortado_denoised.wav,0
014_recortado_denoised__seg60,014,014_recortado_denoised.wav,60,/home/ci2dt2-ai/Proyectos/Psiquiatria/Clasificación Final/Ansiedad/wav/0/014_recortado_denoised.wav,0
014_recortado_denoised__seg61,014,014_recortado_denoised.wav,61,/home/ci2dt2-ai/Proyectos/Psiquiatria/Clasificación Final/Ansiedad/wav/0/014_recortado_denoised.wav,0
014_recortado_denoised__seg62,014,014_recortado_denoised.wav,62,/home/ci2dt2-ai/Proyectos/Psiquiatria/Clasificación Final/Ansiedad/wav/0/014_recortado_denoised.wav,0
014_recortado_denoised__seg63,014,014_recortado_denoised.wav,63,/home/ci2dt2-ai/Proyectos/Psiquiatria/Clasificación Final/Ansiedad/wav/0/014_recortado_denoised.wav,0
014_recortado_denoised__seg64,014,014_recortado_denoised.wav,64,/home/ci2dt2-ai/Proyectos/Psiquiatria/Clasificación Final/Ansiedad/wav/0/014_recortado_denoised.wav,0
014_recortado_denoised__seg65,014,014_recortado_denoised.wav,65,/home/ci2dt2-ai/Proyectos/Psiquiatria/Clasificación Final/Ansiedad/wav/0/014_recortado_denoised.wav,0
014_recortado_denoised__seg66,014,014_recortado_denoised.wav,66,/home/ci2dt2-ai/Proyectos/Psiquiatria/Clasificación Final/Ansiedad/wav/0/014_recortado_denoised.wav,0
014_recortado_denoised__seg67,014,014_recortado_denoised.wav,67,/home/ci2dt2-ai/Proyectos/Psiquiatria/Clasificación Final/Ansiedad/wav/0/014_recortado_denoised.wav,0
014_recortado_denoised__seg68,014,014_recortado_denoised.wav,68,/home/ci2dt2-ai/Proyectos/Psiquiatria/Clasificación Final/Ansiedad/wav/0/014_recortado_denoised.wav,0
014_recortado_denoised__seg69,014,014_recortado_denoised.wav,69,/home/ci2dt2-ai/Proyectos/Psiquiatria/Clasificación Final/Ansiedad/wav/0/014_recortado_denoised.wav,0
014_recortado_denoised__seg70,014,014_recortado_denoised.wav,70,/home/ci2dt2-ai/Proyectos/Psiquiatria/Clasificación Final/Ansiedad/wav/0/014_recortado_denoised.wav,0
014_recortado_denoised__seg71,014,014_recortado_denoised.wav,71,/home/ci2dt2-ai/Proyectos/Psiquiatria/Clasificación Final/Ansiedad/wav/0/014_recortado_denoised.wav,0
014_recortado_denoised__seg72,014,014_recortado_denoised.wav,72,/home/ci2dt2-ai/Proyectos/Psiquiatria/Clasificación Final/Ansiedad/wav/0/014_recortado_denoised.wav,0
014_recortado_denoised__seg73,014,014_recortado_denoised.wav,73,/home/ci2dt2-ai/Proyectos/Psiquiatria/Clasificación Final/Ansiedad/wav/0/014_recortado_denoised.wav,0
014_recortado_denoised__seg74,014,014_recortado_denoised.wav,74,/home/ci2dt2-ai/Proyectos/Psiquiatria/Clasificación Final/Ansiedad/wav/0/014_recortado_denoised.wav,0
014_recortado_denoised__seg75,014,014_recortado_denoised.wav,75,/home/ci2dt2-ai/Proyectos/Psiquiatria/Clasificación Final/Ansiedad/wav/0/014_recortado_denoised.wav,0
014_recortado_denoised__seg76,014,014_recortado_denoised.wav,76,/home/ci2dt2-ai/Proyectos/Psiquiatria/Clasificación Final/Ansiedad/wav/0/014_recortado_denoised.wav,0
014_recortado_denoised__seg77,014,014_recortado_denoised.wav,77,/home/ci2dt2-ai/Proyectos/Psiquiatria/Clasificación Final/Ansiedad/wav/0/014_recortado_denoised.wav,0
014_recortado_denoised__seg78,014,014_recortado_denoised.wav,78,/home/ci2dt2-ai/Proyectos/Psiquiatria/Clasificación Final/Ansiedad/wav/0/014_recortado_denoised.wav,0
014_recortado_denoised__seg79,014,014_recortado_denoised.wav,79,/home/ci2dt2-ai/Proyectos/Psiquiatria/Clasificación Final/Ansiedad/wav/0/014_recortado_denoised.wav,0
015_recortado_denoised__seg0,015,015_recortado_denoised.wav,0,/home/ci2dt2-ai/Proyectos/Psiquiatria/Clasificación Final/Ansiedad/wav/0/015_recortado_denoised.wav,0
015_recortado_denoised__seg1,015,015_recortado_denoised.wav,1,/home/ci2dt2-ai/Proyectos/Psiquiatria/Clasificación Final/Ansiedad/wav/0/015_recortado_denoised.wav,0
015_recortado_denoised__seg2,015,015_recortado_denoised.wav,2,/home/ci2dt2-ai/Proyectos/Psiquiatria/Clasificación Final/Ansiedad/wav/0/015_recortado_denoised.wav,0
015_recortado_denoised__seg3,015,015_recortado_denoised.wav,3,/home/ci2dt2-ai/Proyectos/Psiquiatria/Clasificación Final/Ansiedad/wav/0/015_recortado_denoised.wav,0
015_recortado_denoised__seg4,015,015_recortado_denoised.wav,4,/home/ci2dt2-ai/Proyectos/Psiquiatria/Clasificación Final/Ansiedad/wav/0/015_recortado_denoised.wav,0
015_recortado_denoised__seg5,015,015_recortado_denoised.wav,5,/home/ci2dt2-ai/Proyectos/Psiquiatria/Clasificación Final/Ansiedad/wav/0/015_recortado_denoised.wav,0
015_recortado_denoised__seg6,015,015_recortado_denoised.wav,6,/home/ci2dt2-ai/Proyectos/Psiquiatria/Clasificación Final/Ansiedad/wav/0/015_recortado_denoised.wav,0
015_recortado_denoised__seg7,015,015_recortado_denoised.wav,7,/home/ci2dt2-ai/Proyectos/Psiquiatria/Clasificación Final/Ansiedad/wav/0/015_recortado_denoised.wav,0
015_recortado_denoised__seg8,015,015_recortado_denoised.wav,8,/home/ci2dt2-ai/Proyectos/Psiquiatria/Clasificación Final/Ansiedad/wav/0/015_recortado_denoised.wav,0
015_recortado_denoised__seg9,015,015_recortado_denoised.wav,9,/home/ci2dt2-ai/Proyectos/Psiquiatria/Clasificación Final/Ansiedad/wav/0/015_recortado_denoised.wav,0
015_recortado_denoised__seg10,015,015_recortado_denoised.wav,10,/home/ci2dt2-ai/Proyectos/Psiquiatria/Clasificación Final/Ansiedad/wav/0/015_recortado_denoised.wav,0
015_recortado_denoised__seg11,015,015_recortado_denoised.wav,11,/home/ci2dt2-ai/Proyectos/Psiquiatria/Clasificación Final/Ansiedad/wav/0/015_recortado_denoised.wav,0
015_recortado_denoised__seg12,015,015_recortado_denoised.wav,12,/home/ci2dt2-ai/Proyectos/Psiquiatria/Clasificación Final/Ansiedad/wav/0/015_recortado_denoised.wav,0
015_recortado_denoised__seg13,015,015_recortado_denoised.wav,13,/home/ci2dt2-ai/Proyectos/Psiquiatria/Clasificación Final/Ansiedad/wav/0/015_recortado_denoised.wav,0
015_recortado_denoised__seg14,015,015_recortado_denoised.wav,14,/home/ci2dt2-ai/Proyectos/Psiquiatria/Clasificación Final/Ansiedad/wav/0/015_recortado_denoised.wav,0
015_recortado_denoised__seg15,015,015_recortado_denoised.wav,15,/home/ci2dt2-ai/Proyectos/Psiquiatria/Clasificación Final/Ansiedad/wav/0/015_recortado_denoised.wav,0
015_recortado_denoised__seg16,015,015_recortado_denoised.wav,16,/home/ci2dt2-ai/Proyectos/Psiquiatria/Clasificación Final/Ansiedad/wav/0/015_recortado_denoised.wav,0
015_recortado_denoised__seg17,015,015_recortado_denoised.wav,17,/home/ci2dt2-ai/Proyectos/Psiquiatria/Clasificación Final/Ansiedad/wav/0/015_recortado_denoised.wav,0
015_recortado_denoised__seg18,015,015_recortado_denoised.wav,18,/home/ci2dt2-ai/Proyectos/Psiquiatria/Clasificación Final/Ansiedad/wav/0/015_recortado_denoised.wav,0
015_recortado_denoised__seg19,015,015_recortado_denoised.wav,19,/home/ci2dt2-ai/Proyectos/Psiquiatria/Clasificación Final/Ansiedad/wav/0/015_recortado_denoised.wav,0
015_recortado_denoised__seg20,015,015_recortado_denoised.wav,20,/home/ci2dt2-ai/Proyectos/Psiquiatria/Clasificación Final/Ansiedad/wav/0/015_recortado_denoised.wav,0
015_recortado_denoised__seg21,015,015_recortado_denoised.wav,21,/home/ci2dt2-ai/Proyectos/Psiquiatria/Clasificación Final/Ansiedad/wav/0/015_recortado_denoised.wav,0
015_recortado_denoised__seg22,015,015_recortado_denoised.wav,22,/home/ci2dt2-ai/Proyectos/Psiquiatria/Clasificación Final/Ansiedad/wav/0/015_recortado_denoised.wav,0
015_recortado_denoised__seg23,015,015_recortado_denoised.wav,23,/home/ci2dt2-ai/Proyectos/Psiquiatria/Clasificación Final/Ansiedad/wav/0/015_recortado_denoised.wav,0
015_recortado_denoised__seg24,015,015_recortado_denoised.wav,24,/home/ci2dt2-ai/Proyectos/Psiquiatria/Clasificación Final/Ansiedad/wav/0/015_recortado_denoised.wav,0
015_recortado_denoised__seg25,015,015_recortado_denoised.wav,25,/home/ci2dt2-ai/Proyectos/Psiquiatria/Clasificación Final/Ansiedad/wav/0/015_recortado_denoised.wav,0
015_recortado_denoised__seg26,015,015_recortado_denoised.wav,26,/home/ci2dt2-ai/Proyectos/Psiquiatria/Clasificación Final/Ansiedad/wav/0/015_recortado_denoised.wav,0
015_recortado_denoised__seg27,015,015_recortado_denoised.wav,27,/home/ci2dt2-ai/Proyectos/Psiquiatria/Clasificación Final/Ansiedad/wav/0/015_recortado_denoised.wav,0
015_recortado_denoised__seg28,015,015_recortado_denoised.wav,28,/home/ci2dt2-ai/Proyectos/Psiquiatria/Clasificación Final/Ansiedad/wav/0/015_recortado_denoised.wav,0
015_recortado_denoised__seg29,015,015_recortado_denoised.wav,29,/home/ci2dt2-ai/Proyectos/Psiquiatria/Clasificación Final/Ansiedad/wav/0/015_recortado_denoised.wav,0
015_recortado_denoised__seg30,015,015_recortado_denoised.wav,30,/home/ci2dt2-ai/Proyectos/Psiquiatria/Clasificación Final/Ansiedad/wav/0/015_recortado_denoised.wav,0
015_recortado_denoised__seg31,015,015_recortado_denoised.wav,31,/home/ci2dt2-ai/Proyectos/Psiquiatria/Clasificación Final/Ansiedad/wav/0/015_recortado_denoised.wav,0
015_recortado_denoised__seg32,015,015_recortado_denoised.wav,32,/home/ci2dt2-ai/Proyectos/Psiquiatria/Clasificación Final/Ansiedad/wav/0/015_recortado_denoised.wav,0
015_recortado_denoised__seg33,015,015_recortado_denoised.wav,33,/home/ci2dt2-ai/Proyectos/Psiquiatria/Clasificación Final/Ansiedad/wav/0/015_recortado_denoised.wav,0
015_recortado_denoised__seg34,015,015_recortado_denoised.wav,34,/home/ci2dt2-ai/Proyectos/Psiquiatria/Clasificación Final/Ansiedad/wav/0/015_recortado_denoised.wav,0
015_recortado_denoised__seg35,015,015_recortado_denoised.wav,35,/home/ci2dt2-ai/Proyectos/Psiquiatria/Clasificación Final/Ansiedad/wav/0/015_recortado_denoised.wav,0
015_recortado_denoised__seg36,015,015_recortado_denoised.wav,36,/home/ci2dt2-ai/Proyectos/Psiquiatria/Clasificación Final/Ansiedad/wav/0/015_recortado_denoised.wav,0
015_recortado_denoised__seg37,015,015_recortado_denoised.wav,37,/home/ci2dt2-ai/Proyectos/Psiquiatria/Clasificación Final/Ansiedad/wav/0/015_recortado_denoised.wav,0
016_recortado_denoised__seg0,016,016_recortado_denoised.wav,0,/home/ci2dt2-ai/Proyectos/Psiquiatria/Clasificación Final/Ansiedad/wav/0/016_recortado_denoised.wav,0
016_recortado_denoised__seg1,016,016_recortado_denoised.wav,1,/home/ci2dt2-ai/Proyectos/Psiquiatria/Clasificación Final/Ansiedad/wav/0/016_recortado_denoised.wav,0
016_recortado_denoised__seg2,016,016_recortado_denoised.wav,2,/home/ci2dt2-ai/Proyectos/Psiquiatria/Clasificación Final/Ansiedad/wav/0/016_recortado_denoised.wav,0
016_recortado_denoised__seg3,016,016_recortado_denoised.wav,3,/home/ci2dt2-ai/Proyectos/Psiquiatria/Clasificación Final/Ansiedad/wav/0/016_recortado_denoised.wav,0
016_recortado_denoised__seg4,016,016_recortado_denoised.wav,4,/home/ci2dt2-ai/Proyectos/Psiquiatria/Clasificación Final/Ansiedad/wav/0/016_recortado_denoised.wav,0
016_recortado_denoised__seg5,016,016_recortado_denoised.wav,5,/home/ci2dt2-ai/Proyectos/Psiquiatria/Clasificación Final/Ansiedad/wav/0/016_recortado_denoised.wav,0
016_recortado_denoised__seg6,016,016_recortado_denoised.wav,6,/home/ci2dt2-ai/Proyectos/Psiquiatria/Clasificación Final/Ansiedad/wav/0/016_recortado_denoised.wav,0
016_recortado_denoised__seg7,016,016_recortado_denoised.wav,7,/home/ci2dt2-ai/Proyectos/Psiquiatria/Clasificación Final/Ansiedad/wav/0/016_recortado_denoised.wav,0
016_recortado_denoised__seg8,016,016_recortado_denoised.wav,8,/home/ci2dt2-ai/Proyectos/Psiquiatria/Clasificación Final/Ansiedad/wav/0/016_recortado_denoised.wav,0
016_recortado_denoised__seg9,016,016_recortado_denoised.wav,9,/home/ci2dt2-ai/Proyectos/Psiquiatria/Clasificación Final/Ansiedad/wav/0/016_recortado_denoised.wav,0
016_recortado_denoised__seg10,016,016_recortado_denoised.wav,10,/home/ci2dt2-ai/Proyectos/Psiquiatria/Clasificación Final/Ansiedad/wav/0/016_recortado_denoised.wav,0
016_recortado_denoised__seg11,016,016_recortado_denoised.wav,11,/home/ci2dt2-ai/Proyectos/Psiquiatria/Clasificación Final/Ansiedad/wav/0/016_recortado_denoised.wav,0
016_recortado_denoised__seg12,016,016_recortado_denoised.wav,12,/home/ci2dt2-ai/Proyectos/Psiquiatria/Clasificación Final/Ansiedad/wav/0/016_recortado_denoised.wav,0
016_recortado_denoised__seg13,016,016_recortado_denoised.wav,13,/home/ci2dt2-ai/Proyectos/Psiquiatria/Clasificación Final/Ansiedad/wav/0/016_recortado_denoised.wav,0
016_recortado_denoised__seg14,016,016_recortado_denoised.wav,14,/home/ci2dt2-ai/Proyectos/Psiquiatria/Clasificación Final/Ansiedad/wav/0/016_recortado_denoised.wav,0
016_recortado_denoised__seg15,016,016_recortado_denoised.wav,15,/home/ci2dt2-ai/Proyectos/Psiquiatria/Clasificación Final/Ansiedad/wav/0/016_recortado_denoised.wav,0
016_recortado_denoised__seg16,016,016_recortado_denoised.wav,16,/home/ci2dt2-ai/Proyectos/Psiquiatria/Clasificación Final/Ansiedad/wav/0/016_recortado_denoised.wav,0
016_recortado_denoised__seg17,016,016_recortado_denoised.wav,17,/home/ci2dt2-ai/Proyectos/Psiquiatria/Clasificación Final/Ansiedad/wav/0/016_recortado_denoised.wav,0
016_recortado_denoised__seg18,016,016_recortado_denoised.wav,18,/home/ci2dt2-ai/Proyectos/Psiquiatria/Clasificación Final/Ansiedad/wav/0/016_recortado_denoised.wav,0
016_recortado_denoised__seg19,016,016_recortado_denoised.wav,19,/home/ci2dt2-ai/Proyectos/Psiquiatria/Clasificación Final/Ansiedad/wav/0/016_recortado_denoised.wav,0
016_recortado_denoised__seg20,016,016_recortado_denoised.wav,20,/home/ci2dt2-ai/Proyectos/Psiquiatria/Clasificación Final/Ansiedad/wav/0/016_recortado_denoised.wav,0
016_recortado_denoised__seg21,016,016_recortado_denoised.wav,21,/home/ci2dt2-ai/Proyectos/Psiquiatria/Clasificación Final/Ansiedad/wav/0/016_recortado_denoised.wav,0
016_recortado_denoised__seg22,016,016_recortado_denoised.wav,22,/home/ci2dt2-ai/Proyectos/Psiquiatria/Clasificación Final/Ansiedad/wav/0/016_recortado_denoised.wav,0
016_recortado_denoised__seg23,016,016_recortado_denoised.wav,23,/home/ci2dt2-ai/Proyectos/Psiquiatria/Clasificación Final/Ansiedad/wav/0/016_recortado_denoised.wav,0
016_recortado_denoised__seg24,016,016_recortado_denoised.wav,24,/home/ci2dt2-ai/Proyectos/Psiquiatria/Clasificación Final/Ansiedad/wav/0/016_recortado_denoised.wav,0
016_recortado_denoised__seg25,016,016_recortado_denoised.wav,25,/home/ci2dt2-ai/Proyectos/Psiquiatria/Clasificación Final/Ansiedad/wav/0/016_recortado_denoised.wav,0
016_recortado_denoised__seg26,016,016_recortado_denoised.wav,26,/home/ci2dt2-ai/Proyectos/Psiquiatria/Clasificación Final/Ansiedad/wav/0/016_recortado_denoised.wav,0
016_recortado_denoised__seg27,016,016_recortado_denoised.wav,27,/home/ci2dt2-ai/Proyectos/Psiquiatria/Clasificación Final/Ansiedad/wav/0/016_recortado_denoised.wav,0
016_recortado_denoised__seg28,016,016_recortado_denoised.wav,28,/home/ci2dt2-ai/Proyectos/Psiquiatria/Clasificación Final/Ansiedad/wav/0/016_recortado_denoised.wav,0
016_recortado_denoised__seg29,016,016_recortado_denoised.wav,29,/home/ci2dt2-ai/Proyectos/Psiquiatria/Clasificación Final/Ansiedad/wav/0/016_recortado_denoised.wav,0
016_recortado_denoised__seg30,016,016_recortado_denoised.wav,30,/home/ci2dt2-ai/Proyectos/Psiquiatria/Clasificación Final/Ansiedad/wav/0/016_recortado_denoised.wav,0
016_recortado_denoised__seg31,016,016_recortado_denoised.wav,31,/home/ci2dt2-ai/Proyectos/Psiquiatria/Clasificación Final/Ansiedad/wav/0/016_recortado_denoised.wav,0
016_recortado_denoised__seg32,016,016_recortado_denoised.wav,32,/home/ci2dt2-ai/Proyectos/Psiquiatria/Clasificación Final/Ansiedad/wav/0/016_recortado_denoised.wav,0
016_recortado_denoised__seg33,016,016_recortado_denoised.wav,33,/home/ci2dt2-ai/Proyectos/Psiquiatria/Clasificación Final/Ansiedad/wav/0/016_recortado_denoised.wav,0
016_recortado_denoised__seg34,016,016_recortado_denoised.wav,34,/home/ci2dt2-ai/Proyectos/Psiquiatria/Clasificación Final/Ansiedad/wav/0/016_recortado_denoised.wav,0
016_recortado_denoised__seg35,016,016_recortado_denoised.wav,35,/home/ci2dt2-ai/Proyectos/Psiquiatria/Clasificación Final/Ansiedad/wav/0/016_recortado_denoised.wav,0
016_recortado_denoised__seg36,016,016_recortado_denoised.wav,36,/home/ci2dt2-ai/Proyectos/Psiquiatria/Clasificación Final/Ansiedad/wav/0/016_recortado_denoised.wav,0
016_recortado_denoised__seg37,016,016_recortado_denoised.wav,37,/home/ci2dt2-ai/Proyectos/Psiquiatria/Clasificación Final/Ansiedad/wav/0/016_recortado_denoised.wav,0
016_recortado_denoised__seg38,016,016_recortado_denoised.wav,38,/home/ci2dt2-ai/Proyectos/Psiquiatria/Clasificación Final/Ansiedad/wav/0/016_recortado_denoised.wav,0
016_recortado_denoised__seg39,016,016_recortado_denoised.wav,39,/home/ci2dt2-ai/Proyectos/Psiquiatria/Clasificación Final/Ansiedad/wav/0/016_recortado_denoised.wav,0
016_recortado_denoised__seg40,016,016_recortado_denoised.wav,40,/home/ci2dt2-ai/Proyectos/Psiquiatria/Clasificación Final/Ansiedad/wav/0/016_recortado_denoised.wav,0
016_recortado_denoised__seg41,016,016_recortado_denoised.wav,41,/home/ci2dt2-ai/Proyectos/Psiquiatria/Clasificación Final/Ansiedad/wav/0/016_recortado_denoised.wav,0
016_recortado_denoised__seg42,016,016_recortado_denoised.wav,42,/home/ci2dt2-ai/Proyectos/Psiquiatria/Clasificación Final/Ansiedad/wav/0/016_recortado_denoised.wav,0
016_recortado_denoised__seg43,016,016_recortado_denoised.wav,43,/home/ci2dt2-ai/Proyectos/Psiquiatria/Clasificación Final/Ansiedad/wav/0/016_recortado_denoised.wav,0
016_recortado_denoised__seg44,016,016_recortado_denoised.wav,44,/home/ci2dt2-ai/Proyectos/Psiquiatria/Clasificación Final/Ansiedad/wav/0/016_recortado_denoised.wav,0
017_recortado_denoised__seg0,017,017_recortado_denoised.wav,0,/home/ci2dt2-ai/Proyectos/Psiquiatria/Clasificación Final/Ansiedad/wav/0/017_recortado_denoised.wav,0
017_recortado_denoised__seg1,017,017_recortado_denoised.wav,1,/home/ci2dt2-ai/Proyectos/Psiquiatria/Clasificación Final/Ansiedad/wav/0/017_recortado_denoised.wav,0
017_recortado_denoised__seg2,017,017_recortado_denoised.wav,2,/home/ci2dt2-ai/Proyectos/Psiquiatria/Clasificación Final/Ansiedad/wav/0/017_recortado_denoised.wav,0
017_recortado_denoised__seg3,017,017_recortado_denoised.wav,3,/home/ci2dt2-ai/Proyectos/Psiquiatria/Clasificación Final/Ansiedad/wav/0/017_recortado_denoised.wav,0
017_recortado_denoised__seg4,017,017_recortado_denoised.wav,4,/home/ci2dt2-ai/Proyectos/Psiquiatria/Clasificación Final/Ansiedad/wav/0/017_recortado_denoised.wav,0
017_recortado_denoised__seg5,017,017_recortado_denoised.wav,5,/home/ci2dt2-ai/Proyectos/Psiquiatria/Clasificación Final/Ansiedad/wav/0/017_recortado_denoised.wav,0
017_recortado_denoised__seg6,017,017_recortado_denoised.wav,6,/home/ci2dt2-ai/Proyectos/Psiquiatria/Clasificación Final/Ansiedad/wav/0/017_recortado_denoised.wav,0
017_recortado_denoised__seg7,017,017_recortado_denoised.wav,7,/home/ci2dt2-ai/Proyectos/Psiquiatria/Clasificación Final/Ansiedad/wav/0/017_recortado_denoised.wav,0
017_recortado_denoised__seg8,017,017_recortado_denoised.wav,8,/home/ci2dt2-ai/Proyectos/Psiquiatria/Clasificación Final/Ansiedad/wav/0/017_recortado_denoised.wav,0
017_recortado_denoised__seg9,017,017_recortado_denoised.wav,9,/home/ci2dt2-ai/Proyectos/Psiquiatria/Clasificación Final/Ansiedad/wav/0/017_recortado_denoised.wav,0
017_recortado_denoised__seg10,017,017_recortado_denoised.wav,10,/home/ci2dt2-ai/Proyectos/Psiquiatria/Clasificación Final/Ansiedad/wav/0/017_recortado_denoised.wav,0
017_recortado_denoised__seg11,017,017_recortado_denoised.wav,11,/home/ci2dt2-ai/Proyectos/Psiquiatria/Clasificación Final/Ansiedad/wav/0/017_recortado_denoised.wav,0
017_recortado_denoised__seg12,017,017_recortado_denoised.wav,12,/home/ci2dt2-ai/Proyectos/Psiquiatria/Clasificación Final/Ansiedad/wav/0/017_recortado_denoised.wav,0
017_recortado_denoised__seg13,017,017_recortado_denoised.wav,13,/home/ci2dt2-ai/Proyectos/Psiquiatria/Clasificación Final/Ansiedad/wav/0/017_recortado_denoised.wav,0
017_recortado_denoised__seg14,017,017_recortado_denoised.wav,14,/home/ci2dt2-ai/Proyectos/Psiquiatria/Clasificación Final/Ansiedad/wav/0/017_recortado_denoised.wav,0
017_recortado_denoised__seg15,017,017_recortado_denoised.wav,15,/home/ci2dt2-ai/Proyectos/Psiquiatria/Clasificación Final/Ansiedad/wav/0/017_recortado_denoised.wav,0
017_recortado_denoised__seg16,017,017_recortado_denoised.wav,16,/home/ci2dt2-ai/Proyectos/Psiquiatria/Clasificación Final/Ansiedad/wav/0/017_recortado_denoised.wav,0
017_recortado_denoised__seg17,017,017_recortado_denoised.wav,17,/home/ci2dt2-ai/Proyectos/Psiquiatria/Clasificación Final/Ansiedad/wav/0/017_recortado_denoised.wav,0
017_recortado_denoised__seg18,017,017_recortado_denoised.wav,18,/home/ci2dt2-ai/Proyectos/Psiquiatria/Clasificación Final/Ansiedad/wav/0/017_recortado_denoised.wav,0
017_recortado_denoised__seg19,017,017_recortado_denoised.wav,19,/home/ci2dt2-ai/Proyectos/Psiquiatria/Clasificación Final/Ansiedad/wav/0/017_recortado_denoised.wav,0
017_recortado_denoised__seg20,017,017_recortado_denoised.wav,20,/home/ci2dt2-ai/Proyectos/Psiquiatria/Clasificación Final/Ansiedad/wav/0/017_recortado_denoised.wav,0
017_recortado_denoised__seg21,017,017_recortado_denoised.wav,21,/home/ci2dt2-ai/Proyectos/Psiquiatria/Clasificación Final/Ansiedad/wav/0/017_recortado_denoised.wav,0
017_recortado_denoised__seg22,017,017_recortado_denoised.wav,22,/home/ci2dt2-ai/Proyectos/Psiquiatria/Clasificación Final/Ansiedad/wav/0/017_recortado_denoised.wav,0
017_recortado_denoised__seg23,017,017_recortado_denoised.wav,23,/home/ci2dt2-ai/Proyectos/Psiquiatria/Clasificación Final/Ansiedad/wav/0/017_recortado_denoised.wav,0
017_recortado_denoised__seg24,017,017_recortado_denoised.wav,24,/home/ci2dt2-ai/Proyectos/Psiquiatria/Clasificación Final/Ansiedad/wav/0/017_recortado_denoised.wav,0
017_recortado_denoised__seg25,017,017_recortado_denoised.wav,25,/home/ci2dt2-ai/Proyectos/Psiquiatria/Clasificación Final/Ansiedad/wav/0/017_recortado_denoised.wav,0
017_recortado_denoised__seg26,017,017_recortado_denoised.wav,26,/home/ci2dt2-ai/Proyectos/Psiquiatria/Clasificación Final/Ansiedad/wav/0/017_recortado_denoised.wav,0
017_recortado_denoised__seg27,017,017_recortado_denoised.wav,27,/home/ci2dt2-ai/Proyectos/Psiquiatria/Clasificación Final/Ansiedad/wav/0/017_recortado_denoised.wav,0
017_recortado_denoised__seg28,017,017_recortado_denoised.wav,28,/home/ci2dt2-ai/Proyectos/Psiquiatria/Clasificación Final/Ansiedad/wav/0/017_recortado_denoised.wav,0
017_recortado_denoised__seg29,017,017_recortado_denoised.wav,29,/home/ci2dt2-ai/Proyectos/Psiquiatria/Clasificación Final/Ansiedad/wav/0/017_recortado_denoised.wav,0
017_recortado_denoised__seg30,017,017_recortado_denoised.wav,30,/home/ci2dt2-ai/Proyectos/Psiquiatria/Clasificación Final/Ansiedad/wav/0/017_recortado_denoised.wav,0
017_recortado_denoised__seg31,017,017_recortado_denoised.wav,31,/home/ci2dt2-ai/Proyectos/Psiquiatria/Clasificación Final/Ansiedad/wav/0/017_recortado_denoised.wav,0
017_recortado_denoised__seg32,017,017_recortado_denoised.wav,32,/home/ci2dt2-ai/Proyectos/Psiquiatria/Clasificación Final/Ansiedad/wav/0/017_recortado_denoised.wav,0
017_recortado_denoised__seg33,017,017_recortado_denoised.wav,33,/home/ci2dt2-ai/Proyectos/Psiquiatria/Clasificación Final/Ansiedad/wav/0/017_recortado_denoised.wav,0
017_recortado_denoised__seg34,017,017_recortado_denoised.wav,34,/home/ci2dt2-ai/Proyectos/Psiquiatria/Clasificación Final/Ansiedad/wav/0/017_recortado_denoised.wav,0
017_recortado_denoised__seg35,017,017_recortado_denoised.wav,35,/home/ci2dt2-ai/Proyectos/Psiquiatria/Clasificación Final/Ansiedad/wav/0/017_recortado_denoised.wav,0
017_recortado_denoised__seg36,017,017_recortado_denoised.wav,36,/home/ci2dt2-ai/Proyectos/Psiquiatria/Clasificación Final/Ansiedad/wav/0/017_recortado_denoised.wav,0
017_recortado_denoised__seg37,017,017_recortado_denoised.wav,37,/home/ci2dt2-ai/Proyectos/Psiquiatria/Clasificación Final/Ansiedad/wav/0/017_recortado_denoised.wav,0
017_recortado_denoised__seg38,017,017_recortado_denoised.wav,38,/home/ci2dt2-ai/Proyectos/Psiquiatria/Clasificación Final/Ansiedad/wav/0/017_recortado_denoised.wav,0
017_recortado_denoised__seg39,017,017_recortado_denoised.wav,39,/home/ci2dt2-ai/Proyectos/Psiquiatria/Clasificación Final/Ansiedad/wav/0/017_recortado_denoised.wav,0
017_recortado_denoised__seg40,017,017_recortado_denoised.wav,40,/home/ci2dt2-ai/Proyectos/Psiquiatria/Clasificación Final/Ansiedad/wav/0/017_recortado_denoised.wav,0
017_recortado_denoised__seg41,017,017_recortado_denoised.wav,41,/home/ci2dt2-ai/Proyectos/Psiquiatria/Clasificación Final/Ansiedad/wav/0/017_recortado_denoised.wav,0
017_recortado_denoised__seg42,017,017_recortado_denoised.wav,42,/home/ci2dt2-ai/Proyectos/Psiquiatria/Clasificación Final/Ansiedad/wav/0/017_recortado_denoised.wav,0
017_recortado_denoised__seg43,017,017_recortado_denoised.wav,43,/home/ci2dt2-ai/Proyectos/Psiquiatria/Clasificación Final/Ansiedad/wav/0/017_recortado_denoised.wav,0
017_recortado_denoised__seg44,017,017_recortado_denoised.wav,44,/home/ci2dt2-ai/Proyectos/Psiquiatria/Clasificación Final/Ansiedad/wav/0/017_recortado_denoised.wav,0
017_recortado_denoised__seg45,017,017_recortado_denoised.wav,45,/home/ci2dt2-ai/Proyectos/Psiquiatria/Clasificación Final/Ansiedad/wav/0/017_recortado_denoised.wav,0
017_recortado_denoised__seg46,017,017_recortado_denoised.wav,46,/home/ci2dt2-ai/Proyectos/Psiquiatria/Clasificación Final/Ansiedad/wav/0/017_recortado_denoised.wav,0
017_recortado_denoised__seg47,017,017_recortado_denoised.wav,47,/home/ci2dt2-ai/Proyectos/Psiquiatria/Clasificación Final/Ansiedad/wav/0/017_recortado_denoised.wav,0
017_recortado_denoised__seg48,017,017_recortado_denoised.wav,48,/home/ci2dt2-ai/Proyectos/Psiquiatria/Clasificación Final/Ansiedad/wav/0/017_recortado_denoised.wav,0
017_recortado_denoised__seg49,017,017_recortado_denoised.wav,49,/home/ci2dt2-ai/Proyectos/Psiquiatria/Clasificación Final/Ansiedad/wav/0/017_recortado_denoised.wav,0
017_recortado_denoised__seg50,017,017_recortado_denoised.wav,50,/home/ci2dt2-ai/Proyectos/Psiquiatria/Clasificación Final/Ansiedad/wav/0/017_recortado_denoised.wav,0
017_recortado_denoised__seg51,017,017_recortado_denoised.wav,51,/home/ci2dt2-ai/Proyectos/Psiquiatria/Clasificación Final/Ansiedad/wav/0/017_recortado_denoised.wav,0
017_recortado_denoised__seg52,017,017_recortado_denoised.wav,52,/home/ci2dt2-ai/Proyectos/Psiquiatria/Clasificación Final/Ansiedad/wav/0/017_recortado_denoised.wav,0
017_recortado_denoised__seg53,017,017_recortado_denoised.wav,53,/home/ci2dt2-ai/Proyectos/Psiquiatria/Clasificación Final/Ansiedad/wav/0/017_recortado_denoised.wav,0
017_recortado_denoised__seg54,017,017_recortado_denoised.wav,54,/home/ci2dt2-ai/Proyectos/Psiquiatria/Clasificación Final/Ansiedad/wav/0/017_recortado_denoised.wav,0
017_recortado_denoised__seg55,017,017_recortado_denoised.wav,55,/home/ci2dt2-ai/Proyectos/Psiquiatria/Clasificación Final/Ansiedad/wav/0/017_recortado_denoised.wav,0
017_recortado_denoised__seg56,017,017_recortado_denoised.wav,56,/home/ci2dt2-ai/Proyectos/Psiquiatria/Clasificación Final/Ansiedad/wav/0/017_recortado_denoised.wav,0
017_recortado_denoised__seg57,017,017_recortado_denoised.wav,57,/home/ci2dt2-ai/Proyectos/Psiquiatria/Clasificación Final/Ansiedad/wav/0/017_recortado_denoised.wav,0
017_recortado_denoised__seg58,017,017_recortado_denoised.wav,58,/home/ci2dt2-ai/Proyectos/Psiquiatria/Clasificación Final/Ansiedad/wav/0/017_recortado_denoised.wav,0
017_recortado_denoised__seg59,017,017_recortado_denoised.wav,59,/home/ci2dt2-ai/Proyectos/Psiquiatria/Clasificación Final/Ansiedad/wav/0/017_recortado_denoised.wav,0
017_recortado_denoised__seg60,017,017_recortado_denoised.wav,60,/home/ci2dt2-ai/Proyectos/Psiquiatria/Clasificación Final/Ansiedad/wav/0/017_recortado_denoised.wav,0
017_recortado_denoised__seg61,017,017_recortado_denoised.wav,61,/home/ci2dt2-ai/Proyectos/Psiquiatria/Clasificación Final/Ansiedad/wav/0/017_recortado_denoised.wav,0
017_recortado_denoised__seg62,017,017_recortado_denoised.wav,62,/home/ci2dt2-ai/Proyectos/Psiquiatria/Clasificación Final/Ansiedad/wav/0/017_recortado_denoised.wav,0
017_recortado_denoised__seg63,017,017_recortado_denoised.wav,63,/home/ci2dt2-ai/Proyectos/Psiquiatria/Clasificación Final/Ansiedad/wav/0/017_recortado_denoised.wav,0
017_recortado_denoised__seg64,017,017_recortado_denoised.wav,64,/home/ci2dt2-ai/Proyectos/Psiquiatria/Clasificación Final/Ansiedad/wav/0/017_recortado_denoised.wav,0
017_recortado_denoised__seg65,017,017_recortado_denoised.wav,65,/home/ci2dt2-ai/Proyectos/Psiquiatria/Clasificación Final/Ansiedad/wav/0/017_recortado_denoised.wav,0
017_recortado_denoised__seg66,017,017_recortado_denoised.wav,66,/home/ci2dt2-ai/Proyectos/Psiquiatria/Clasificación Final/Ansiedad/wav/0/017_recortado_denoised.wav,0
017_recortado_denoised__seg67,017,017_recortado_denoised.wav,67,/home/ci2dt2-ai/Proyectos/Psiquiatria/Clasificación Final/Ansiedad/wav/0/017_recortado_denoised.wav,0
017_recortado_denoised__seg68,017,017_recortado_denoised.wav,68,/home/ci2dt2-ai/Proyectos/Psiquiatria/Clasificación Final/Ansiedad/wav/0/017_recortado_denoised.wav,0
017_recortado_denoised__seg69,017,017_recortado_denoised.wav,69,/home/ci2dt2-ai/Proyectos/Psiquiatria/Clasificación Final/Ansiedad/wav/0/017_recortado_denoised.wav,0
017_recortado_denoised__seg70,017,017_recortado_denoised.wav,70,/home/ci2dt2-ai/Proyectos/Psiquiatria/Clasificación Final/Ansiedad/wav/0/017_recortado_denoised.wav,0
017_recortado_denoised__seg71,017,017_recortado_denoised.wav,71,/home/ci2dt2-ai/Proyectos/Psiquiatria/Clasificación Final/Ansiedad/wav/0/017_recortado_denoised.wav,0
017_recortado_denoised__seg72,017,017_recortado_denoised.wav,72,/home/ci2dt2-ai/Proyectos/Psiquiatria/Clasificación Final/Ansiedad/wav/0/017_recortado_denoised.wav,0
017_recortado_denoised__seg73,017,017_recortado_denoised.wav,73,/home/ci2dt2-ai/Proyectos/Psiquiatria/Clasificación Final/Ansiedad/wav/0/017_recortado_denoised.wav,0
017_recortado_denoised__seg74,017,017_recortado_denoised.wav,74,/home/ci2dt2-ai/Proyectos/Psiquiatria/Clasificación Final/Ansiedad/wav/0/017_recortado_denoised.wav,0
018_recortado_denoised__seg0,018,018_recortado_denoised.wav,0,/home/ci2dt2-ai/Proyectos/Psiquiatria/Clasificación Final/Ansiedad/wav/0/018_recortado_denoised.wav,0
018_recortado_denoised__seg1,018,018_recortado_denoised.wav,1,/home/ci2dt2-ai/Proyectos/Psiquiatria/Clasificación Final/Ansiedad/wav/0/018_recortado_denoised.wav,0
018_recortado_denoised__seg2,018,018_recortado_denoised.wav,2,/home/ci2dt2-ai/Proyectos/Psiquiatria/Clasificación Final/Ansiedad/wav/0/018_recortado_denoised.wav,0
018_recortado_denoised__seg3,018,018_recortado_denoised.wav,3,/home/ci2dt2-ai/Proyectos/Psiquiatria/Clasificación Final/Ansiedad/wav/0/018_recortado_denoised.wav,0
018_recortado_denoised__seg4,018,018_recortado_denoised.wav,4,/home/ci2dt2-ai/Proyectos/Psiquiatria/Clasificación Final/Ansiedad/wav/0/018_recortado_denoised.wav,0
018_recortado_denoised__seg5,018,018_recortado_denoised.wav,5,/home/ci2dt2-ai/Proyectos/Psiquiatria/Clasificación Final/Ansiedad/wav/0/018_recortado_denoised.wav,0
018_recortado_denoised__seg6,018,018_recortado_denoised.wav,6,/home/ci2dt2-ai/Proyectos/Psiquiatria/Clasificación Final/Ansiedad/wav/0/018_recortado_denoised.wav,0
018_recortado_denoised__seg7,018,018_recortado_denoised.wav,7,/home/ci2dt2-ai/Proyectos/Psiquiatria/Clasificación Final/Ansiedad/wav/0/018_recortado_denoised.wav,0
018_recortado_denoised__seg8,018,018_recortado_denoised.wav,8,/home/ci2dt2-ai/Proyectos/Psiquiatria/Clasificación Final/Ansiedad/wav/0/018_recortado_denoised.wav,0
018_recortado_denoised__seg9,018,018_recortado_denoised.wav,9,/home/ci2dt2-ai/Proyectos/Psiquiatria/Clasificación Final/Ansiedad/wav/0/018_recortado_denoised.wav,0
018_recortado_denoised__seg10,018,018_recortado_denoised.wav,10,/home/ci2dt2-ai/Proyectos/Psiquiatria/Clasificación Final/Ansiedad/wav/0/018_recortado_denoised.wav,0
018_recortado_denoised__seg11,018,018_recortado_denoised.wav,11,/home/ci2dt2-ai/Proyectos/Psiquiatria/Clasificación Final/Ansiedad/wav/0/018_recortado_denoised.wav,0
018_recortado_denoised__seg12,018,018_recortado_denoised.wav,12,/home/ci2dt2-ai/Proyectos/Psiquiatria/Clasificación Final/Ansiedad/wav/0/018_recortado_denoised.wav,0
018_recortado_denoised__seg13,018,018_recortado_denoised.wav,13,/home/ci2dt2-ai/Proyectos/Psiquiatria/Clasificación Final/Ansiedad/wav/0/018_recortado_denoised.wav,0
018_recortado_denoised__seg14,018,018_recortado_denoised.wav,14,/home/ci2dt2-ai/Proyectos/Psiquiatria/Clasificación Final/Ansiedad/wav/0/018_recortado_denoised.wav,0
018_recortado_denoised__seg15,018,018_recortado_denoised.wav,15,/home/ci2dt2-ai/Proyectos/Psiquiatria/Clasificación Final/Ansiedad/wav/0/018_recortado_denoised.wav,0
018_recortado_denoised__seg16,018,018_recortado_denoised.wav,16,/home/ci2dt2-ai/Proyectos/Psiquiatria/Clasificación Final/Ansiedad/wav/0/018_recortado_denoised.wav,0
018_recortado_denoised__seg17,018,018_recortado_denoised.wav,17,/home/ci2dt2-ai/Proyectos/Psiquiatria/Clasificación Final/Ansiedad/wav/0/018_recortado_denoised.wav,0
018_recortado_denoised__seg18,018,018_recortado_denoised.wav,18,/home/ci2dt2-ai/Proyectos/Psiquiatria/Clasificación Final/Ansiedad/wav/0/018_recortado_denoised.wav,0
018_recortado_denoised__seg19,018,018_recortado_denoised.wav,19,/home/ci2dt2-ai/Proyectos/Psiquiatria/Clasificación Final/Ansiedad/wav/0/018_recortado_denoised.wav,0
018_recortado_denoised__seg20,018,018_recortado_denoised.wav,20,/home/ci2dt2-ai/Proyectos/Psiquiatria/Clasificación Final/Ansiedad/wav/0/018_recortado_denoised.wav,0
018_recortado_denoised__seg21,018,018_recortado_denoised.wav,21,/home/ci2dt2-ai/Proyectos/Psiquiatria/Clasificación Final/Ansiedad/wav/0/018_recortado_denoised.wav,0
018_recortado_denoised__seg22,018,018_recortado_denoised.wav,22,/home/ci2dt2-ai/Proyectos/Psiquiatria/Clasificación Final/Ansiedad/wav/0/018_recortado_denoised.wav,0
018_recortado_denoised__seg23,018,018_recortado_denoised.wav,23,/home/ci2dt2-ai/Proyectos/Psiquiatria/Clasificación Final/Ansiedad/wav/0/018_recortado_denoised.wav,0
018_recortado_denoised__seg24,018,018_recortado_denoised.wav,24,/home/ci2dt2-ai/Proyectos/Psiquiatria/Clasificación Final/Ansiedad/wav/0/018_recortado_denoised.wav,0
018_recortado_denoised__seg25,018,018_recortado_denoised.wav,25,/home/ci2dt2-ai/Proyectos/Psiquiatria/Clasificación Final/Ansiedad/wav/0/018_recortado_denoised.wav,0
018_recortado_denoised__seg26,018,018_recortado_denoised.wav,26,/home/ci2dt2-ai/Proyectos/Psiquiatria/Clasificación Final/Ansiedad/wav/0/018_recortado_denoised.wav,0
018_recortado_denoised__seg27,018,018_recortado_denoised.wav,27,/home/ci2dt2-ai/Proyectos/Psiquiatria/Clasificación Final/Ansiedad/wav/0/018_recortado_denoised.wav,0
018_recortado_denoised__seg28,018,018_recortado_denoised.wav,28,/home/ci2dt2-ai/Proyectos/Psiquiatria/Clasificación Final/Ansiedad/wav/0/018_recortado_denoised.wav,0
018_recortado_denoised__seg29,018,018_recortado_denoised.wav,29,/home/ci2dt2-ai/Proyectos/Psiquiatria/Clasificación Final/Ansiedad/wav/0/018_recortado_denoised.wav,0
018_recortado_denoised__seg30,018,018_recortado_denoised.wav,30,/home/ci2dt2-ai/Proyectos/Psiquiatria/Clasificación Final/Ansiedad/wav/0/018_recortado_denoised.wav,0
018_recortado_denoised__seg31,018,018_recortado_denoised.wav,31,/home/ci2dt2-ai/Proyectos/Psiquiatria/Clasificación Final/Ansiedad/wav/0/018_recortado_denoised.wav,0
018_recortado_denoised__seg32,018,018_recortado_denoised.wav,32,/home/ci2dt2-ai/Proyectos/Psiquiatria/Clasificación Final/Ansiedad/wav/0/018_recortado_denoised.wav,0
018_recortado_denoised__seg33,018,018_recortado_denoised.wav,33,/home/ci2dt2-ai/Proyectos/Psiquiatria/Clasificación Final/Ansiedad/wav/0/018_recortado_denoised.wav,0
018_recortado_denoised__seg34,018,018_recortado_denoised.wav,34,/home/ci2dt2-ai/Proyectos/Psiquiatria/Clasificación Final/Ansiedad/wav/0/018_recortado_denoised.wav,0
018_recortado_denoised__seg35,018,018_recortado_denoised.wav,35,/home/ci2dt2-ai/Proyectos/Psiquiatria/Clasificación Final/Ansiedad/wav/0/018_recortado_denoised.wav,0
018_recortado_denoised__seg36,018,018_recortado_denoised.wav,36,/home/ci2dt2-ai/Proyectos/Psiquiatria/Clasificación Final/Ansiedad/wav/0/018_recortado_denoised.wav,0
018_recortado_denoised__seg37,018,018_recortado_denoised.wav,37,/home/ci2dt2-ai/Proyectos/Psiquiatria/Clasificación Final/Ansiedad/wav/0/018_recortado_denoised.wav,0
018_recortado_denoised__seg38,018,018_recortado_denoised.wav,38,/home/ci2dt2-ai/Proyectos/Psiquiatria/Clasificación Final/Ansiedad/wav/0/018_recortado_denoised.wav,0
018_recortado_denoised__seg39,018,018_recortado_denoised.wav,39,/home/ci2dt2-ai/Proyectos/Psiquiatria/Clasificación Final/Ansiedad/wav/0/018_recortado_denoised.wav,0
018_recortado_denoised__seg40,018,018_recortado_denoised.wav,40,/home/ci2dt2-ai/Proyectos/Psiquiatria/Clasificación Final/Ansiedad/wav/0/018_recortado_denoised.wav,0
018_recortado_denoised__seg41,018,018_recortado_denoised.wav,41,/home/ci2dt2-ai/Proyectos/Psiquiatria/Clasificación Final/Ansiedad/wav/0/018_recortado_denoised.wav,0
018_recortado_denoised__seg42,018,018_recortado_denoised.wav,42,/home/ci2dt2-ai/Proyectos/Psiquiatria/Clasificación Final/Ansiedad/wav/0/018_recortado_denoised.wav,0
018_recortado_denoised__seg43,018,018_recortado_denoised.wav,43,/home/ci2dt2-ai/Proyectos/Psiquiatria/Clasificación Final/Ansiedad/wav/0/018_recortado_denoised.wav,0
018_recortado_denoised__seg44,018,018_recortado_denoised.wav,44,/home/ci2dt2-ai/Proyectos/Psiquiatria/Clasificación Final/Ansiedad/wav/0/018_recortado_denoised.wav,0
018_recortado_denoised__seg45,018,018_recortado_denoised.wav,45,/home/ci2dt2-ai/Proyectos/Psiquiatria/Clasificación Final/Ansiedad/wav/0/018_recortado_denoised.wav,0
018_recortado_denoised__seg46,018,018_recortado_denoised.wav,46,/home/ci2dt2-ai/Proyectos/Psiquiatria/Clasificación Final/Ansiedad/wav/0/018_recortado_denoised.wav,0
018_recortado_denoised__seg47,018,018_recortado_denoised.wav,47,/home/ci2dt2-ai/Proyectos/Psiquiatria/Clasificación Final/Ansiedad/wav/0/018_recortado_denoised.wav,0
018_recortado_denoised__seg48,018,018_recortado_denoised.wav,48,/home/ci2dt2-ai/Proyectos/Psiquiatria/Clasificación Final/Ansiedad/wav/0/018_recortado_denoised.wav,0
018_recortado_denoised__seg49,018,018_recortado_denoised.wav,49,/home/ci2dt2-ai/Proyectos/Psiquiatria/Clasificación Final/Ansiedad/wav/0/018_recortado_denoised.wav,0
018_recortado_denoised__seg50,018,018_recortado_denoised.wav,50,/home/ci2dt2-ai/Proyectos/Psiquiatria/Clasificación Final/Ansiedad/wav/0/018_recortado_denoised.wav,0
018_recortado_denoised__seg51,018,018_recortado_denoised.wav,51,/home/ci2dt2-ai/Proyectos/Psiquiatria/Clasificación Final/Ansiedad/wav/0/018_recortado_denoised.wav,0
018_recortado_denoised__seg52,018,018_recortado_denoised.wav,52,/home/ci2dt2-ai/Proyectos/Psiquiatria/Clasificación Final/Ansiedad/wav/0/018_recortado_denoised.wav,0
018_recortado_denoised__seg53,018,018_recortado_denoised.wav,53,/home/ci2dt2-ai/Proyectos/Psiquiatria/Clasificación Final/Ansiedad/wav/0/018_recortado_denoised.wav,0
018_recortado_denoised__seg54,018,018_recortado_denoised.wav,54,/home/ci2dt2-ai/Proyectos/Psiquiatria/Clasificación Final/Ansiedad/wav/0/018_recortado_denoised.wav,0
018_recortado_denoised__seg55,018,018_recortado_denoised.wav,55,/home/ci2dt2-ai/Proyectos/Psiquiatria/Clasificación Final/Ansiedad/wav/0/018_recortado_denoised.wav,0
018_recortado_denoised__seg56,018,018_recortado_denoised.wav,56,/home/ci2dt2-ai/Proyectos/Psiquiatria/Clasificación Final/Ansiedad/wav/0/018_recortado_denoised.wav,0
018_recortado_denoised__seg57,018,018_recortado_denoised.wav,57,/home/ci2dt2-ai/Proyectos/Psiquiatria/Clasificación Final/Ansiedad/wav/0/018_recortado_denoised.wav,0
018_recortado_denoised__seg58,018,018_recortado_denoised.wav,58,/home/ci2dt2-ai/Proyectos/Psiquiatria/Clasificación Final/Ansiedad/wav/0/018_recortado_denoised.wav,0
018_recortado_denoised__seg59,018,018_recortado_denoised.wav,59,/home/ci2dt2-ai/Proyectos/Psiquiatria/Clasificación Final/Ansiedad/wav/0/018_recortado_denoised.wav,0
018_recortado_denoised__seg60,018,018_recortado_denoised.wav,60,/home/ci2dt2-ai/Proyectos/Psiquiatria/Clasificación Final/Ansiedad/wav/0/018_recortado_denoised.wav,0
018_recortado_denoised__seg61,018,018_recortado_denoised.wav,61,/home/ci2dt2-ai/Proyectos/Psiquiatria/Clasificación Final/Ansiedad/wav/0/018_recortado_denoised.wav,0
018_recortado_denoised__seg62,018,018_recortado_denoised.wav,62,/home/ci2dt2-ai/Proyectos/Psiquiatria/Clasificación Final/Ansiedad/wav/0/018_recortado_denoised.wav,0
018_recortado_denoised__seg63,018,018_recortado_denoised.wav,63,/home/ci2dt2-ai/Proyectos/Psiquiatria/Clasificación Final/Ansiedad/wav/0/018_recortado_denoised.wav,0
018_recortado_denoised__seg64,018,018_recortado_denoised.wav,64,/home/ci2dt2-ai/Proyectos/Psiquiatria/Clasificación Final/Ansiedad/wav/0/018_recortado_denoised.wav,0
018_recortado_denoised__seg65,018,018_recortado_denoised.wav,65,/home/ci2dt2-ai/Proyectos/Psiquiatria/Clasificación Final/Ansiedad/wav/0/018_recortado_denoised.wav,0
018_recortado_denoised__seg66,018,018_recortado_denoised.wav,66,/home/ci2dt2-ai/Proyectos/Psiquiatria/Clasificación Final/Ansiedad/wav/0/018_recortado_denoised.wav,0
018_recortado_denoised__seg67,018,018_recortado_denoised.wav,67,/home/ci2dt2-ai/Proyectos/Psiquiatria/Clasificación Final/Ansiedad/wav/0/018_recortado_denoised.wav,0
018_recortado_denoised__seg68,018,018_recortado_denoised.wav,68,/home/ci2dt2-ai/Proyectos/Psiquiatria/Clasificación Final/Ansiedad/wav/0/018_recortado_denoised.wav,0
018_recortado_denoised__seg69,018,018_recortado_denoised.wav,69,/home/ci2dt2-ai/Proyectos/Psiquiatria/Clasificación Final/Ansiedad/wav/0/018_recortado_denoised.wav,0
018_recortado_denoised__seg70,018,018_recortado_denoised.wav,70,/home/ci2dt2-ai/Proyectos/Psiquiatria/Clasificación Final/Ansiedad/wav/0/018_recortado_denoised.wav,0
018_recortado_denoised__seg71,018,018_recortado_denoised.wav,71,/home/ci2dt2-ai/Proyectos/Psiquiatria/Clasificación Final/Ansiedad/wav/0/018_recortado_denoised.wav,0
018_recortado_denoised__seg72,018,018_recortado_denoised.wav,72,/home/ci2dt2-ai/Proyectos/Psiquiatria/Clasificación Final/Ansiedad/wav/0/018_recortado_denoised.wav,0
018_recortado_denoised__seg73,018,018_recortado_denoised.wav,73,/home/ci2dt2-ai/Proyectos/Psiquiatria/Clasificación Final/Ansiedad/wav/0/018_recortado_denoised.wav,0
018_recortado_denoised__seg74,018,018_recortado_denoised.wav,74,/home/ci2dt2-ai/Proyectos/Psiquiatria/Clasificación Final/Ansiedad/wav/0/018_recortado_denoised.wav,0
018_recortado_denoised__seg75,018,018_recortado_denoised.wav,75,/home/ci2dt2-ai/Proyectos/Psiquiatria/Clasificación Final/Ansiedad/wav/0/018_recortado_denoised.wav,0
018_recortado_denoised__seg76,018,018_recortado_denoised.wav,76,/home/ci2dt2-ai/Proyectos/Psiquiatria/Clasificación Final/Ansiedad/wav/0/018_recortado_denoised.wav,0
019_recortado_denoised__seg0,019,019_recortado_denoised.wav,0,/home/ci2dt2-ai/Proyectos/Psiquiatria/Clasificación Final/Ansiedad/wav/0/019_recortado_denoised.wav,0
019_recortado_denoised__seg1,019,019_recortado_denoised.wav,1,/home/ci2dt2-ai/Proyectos/Psiquiatria/Clasificación Final/Ansiedad/wav/0/019_recortado_denoised.wav,0
019_recortado_denoised__seg2,019,019_recortado_denoised.wav,2,/home/ci2dt2-ai/Proyectos/Psiquiatria/Clasificación Final/Ansiedad/wav/0/019_recortado_denoised.wav,0
019_recortado_denoised__seg3,019,019_recortado_denoised.wav,3,/home/ci2dt2-ai/Proyectos/Psiquiatria/Clasificación Final/Ansiedad/wav/0/019_recortado_denoised.wav,0
019_recortado_denoised__seg4,019,019_recortado_denoised.wav,4,/home/ci2dt2-ai/Proyectos/Psiquiatria/Clasificación Final/Ansiedad/wav/0/019_recortado_denoised.wav,0
019_recortado_denoised__seg5,019,019_recortado_denoised.wav,5,/home/ci2dt2-ai/Proyectos/Psiquiatria/Clasificación Final/Ansiedad/wav/0/019_recortado_denoised.wav,0
019_recortado_denoised__seg6,019,019_recortado_denoised.wav,6,/home/ci2dt2-ai/Proyectos/Psiquiatria/Clasificación Final/Ansiedad/wav/0/019_recortado_denoised.wav,0
019_recortado_denoised__seg7,019,019_recortado_denoised.wav,7,/home/ci2dt2-ai/Proyectos/Psiquiatria/Clasificación Final/Ansiedad/wav/0/019_recortado_denoised.wav,0
019_recortado_denoised__seg8,019,019_recortado_denoised.wav,8,/home/ci2dt2-ai/Proyectos/Psiquiatria/Clasificación Final/Ansiedad/wav/0/019_recortado_denoised.wav,0
019_recortado_denoised__seg9,019,019_recortado_denoised.wav,9,/home/ci2dt2-ai/Proyectos/Psiquiatria/Clasificación Final/Ansiedad/wav/0/019_recortado_denoised.wav,0
019_recortado_denoised__seg10,019,019_recortado_denoised.wav,10,/home/ci2dt2-ai/Proyectos/Psiquiatria/Clasificación Final/Ansiedad/wav/0/019_recortado_denoised.wav,0
019_recortado_denoised__seg11,019,019_recortado_denoised.wav,11,/home/ci2dt2-ai/Proyectos/Psiquiatria/Clasificación Final/Ansiedad/wav/0/019_recortado_denoised.wav,0
019_recortado_denoised__seg12,019,019_recortado_denoised.wav,12,/home/ci2dt2-ai/Proyectos/Psiquiatria/Clasificación Final/Ansiedad/wav/0/019_recortado_denoised.wav,0
019_recortado_denoised__seg13,019,019_recortado_denoised.wav,13,/home/ci2dt2-ai/Proyectos/Psiquiatria/Clasificación Final/Ansiedad/wav/0/019_recortado_denoised.wav,0
019_recortado_denoised__seg14,019,019_recortado_denoised.wav,14,/home/ci2dt2-ai/Proyectos/Psiquiatria/Clasificación Final/Ansiedad/wav/0/019_recortado_denoised.wav,0
019_recortado_denoised__seg15,019,019_recortado_denoised.wav,15,/home/ci2dt2-ai/Proyectos/Psiquiatria/Clasificación Final/Ansiedad/wav/0/019_recortado_denoised.wav,0
019_recortado_denoised__seg16,019,019_recortado_denoised.wav,16,/home/ci2dt2-ai/Proyectos/Psiquiatria/Clasificación Final/Ansiedad/wav/0/019_recortado_denoised.wav,0
019_recortado_denoised__seg17,019,019_recortado_denoised.wav,17,/home/ci2dt2-ai/Proyectos/Psiquiatria/Clasificación Final/Ansiedad/wav/0/019_recortado_denoised.wav,0
019_recortado_denoised__seg18,019,019_recortado_denoised.wav,18,/home/ci2dt2-ai/Proyectos/Psiquiatria/Clasificación Final/Ansiedad/wav/0/019_recortado_denoised.wav,0
019_recortado_denoised__seg19,019,019_recortado_denoised.wav,19,/home/ci2dt2-ai/Proyectos/Psiquiatria/Clasificación Final/Ansiedad/wav/0/019_recortado_denoised.wav,0
019_recortado_denoised__seg20,019,019_recortado_denoised.wav,20,/home/ci2dt2-ai/Proyectos/Psiquiatria/Clasificación Final/Ansiedad/wav/0/019_recortado_denoised.wav,0
019_recortado_denoised__seg21,019,019_recortado_denoised.wav,21,/home/ci2dt2-ai/Proyectos/Psiquiatria/Clasificación Final/Ansiedad/wav/0/019_recortado_denoised.wav,0
019_recortado_denoised__seg22,019,019_recortado_denoised.wav,22,/home/ci2dt2-ai/Proyectos/Psiquiatria/Clasificación Final/Ansiedad/wav/0/019_recortado_denoised.wav,0
019_recortado_denoised__seg23,019,019_recortado_denoised.wav,23,/home/ci2dt2-ai/Proyectos/Psiquiatria/Clasificación Final/Ansiedad/wav/0/019_recortado_denoised.wav,0
019_recortado_denoised__seg24,019,019_recortado_denoised.wav,24,/home/ci2dt2-ai/Proyectos/Psiquiatria/Clasificación Final/Ansiedad/wav/0/019_recortado_denoised.wav,0
019_recortado_denoised__seg25,019,019_recortado_denoised.wav,25,/home/ci2dt2-ai/Proyectos/Psiquiatria/Clasificación Final/Ansiedad/wav/0/019_recortado_denoised.wav,0
019_recortado_denoised__seg26,019,019_recortado_denoised.wav,26,/home/ci2dt2-ai/Proyectos/Psiquiatria/Clasificación Final/Ansiedad/wav/0/019_recortado_denoised.wav,0
019_recortado_denoised__seg27,019,019_recortado_denoised.wav,27,/home/ci2dt2-ai/Proyectos/Psiquiatria/Clasificación Final/Ansiedad/wav/0/019_recortado_denoised.wav,0
019_recortado_denoised__seg28,019,019_recortado_denoised.wav,28,/home/ci2dt2-ai/Proyectos/Psiquiatria/Clasificación Final/Ansiedad/wav/0/019_recortado_denoised.wav,0
019_recortado_denoised__seg29,019,019_recortado_denoised.wav,29,/home/ci2dt2-ai/Proyectos/Psiquiatria/Clasificación Final/Ansiedad/wav/0/019_recortado_denoised.wav,0
019_recortado_denoised__seg30,019,019_recortado_denoised.wav,30,/home/ci2dt2-ai/Proyectos/Psiquiatria/Clasificación Final/Ansiedad/wav/0/019_recortado_denoised.wav,0
019_recortado_denoised__seg31,019,019_recortado_denoised.wav,31,/home/ci2dt2-ai/Proyectos/Psiquiatria/Clasificación Final/Ansiedad/wav/0/019_recortado_denoised.wav,0
019_recortado_denoised__seg32,019,019_recortado_denoised.wav,32,/home/ci2dt2-ai/Proyectos/Psiquiatria/Clasificación Final/Ansiedad/wav/0/019_recortado_denoised.wav,0
019_recortado_denoised__seg33,019,019_recortado_denoised.wav,33,/home/ci2dt2-ai/Proyectos/Psiquiatria/Clasificación Final/Ansiedad/wav/0/019_recortado_denoised.wav,0
019_recortado_denoised__seg34,019,019_recortado_denoised.wav,34,/home/ci2dt2-ai/Proyectos/Psiquiatria/Clasificación Final/Ansiedad/wav/0/019_recortado_denoised.wav,0
019_recortado_denoised__seg35,019,019_recortado_denoised.wav,35,/home/ci2dt2-ai/Proyectos/Psiquiatria/Clasificación Final/Ansiedad/wav/0/019_recortado_denoised.wav,0
019_recortado_denoised__seg36,019,019_recortado_denoised.wav,36,/home/ci2dt2-ai/Proyectos/Psiquiatria/Clasificación Final/Ansiedad/wav/0/019_recortado_denoised.wav,0
019_recortado_denoised__seg37,019,019_recortado_denoised.wav,37,/home/ci2dt2-ai/Proyectos/Psiquiatria/Clasificación Final/Ansiedad/wav/0/019_recortado_denoised.wav,0
019_recortado_denoised__seg38,019,019_recortado_denoised.wav,38,/home/ci2dt2-ai/Proyectos/Psiquiatria/Clasificación Final/Ansiedad/wav/0/019_recortado_denoised.wav,0
019_recortado_denoised__seg39,019,019_recortado_denoised.wav,39,/home/ci2dt2-ai/Proyectos/Psiquiatria/Clasificación Final/Ansiedad/wav/0/019_recortado_denoised.wav,0
019_recortado_denoised__seg40,019,019_recortado_denoised.wav,40,/home/ci2dt2-ai/Proyectos/Psiquiatria/Clasificación Final/Ansiedad/wav/0/019_recortado_denoised.wav,0
019_recortado_denoised__seg41,019,019_recortado_denoised.wav,41,/home/ci2dt2-ai/Proyectos/Psiquiatria/Clasificación Final/Ansiedad/wav/0/019_recortado_denoised.wav,0
019_recortado_denoised__seg42,019,019_recortado_denoised.wav,42,/home/ci2dt2-ai/Proyectos/Psiquiatria/Clasificación Final/Ansiedad/wav/0/019_recortado_denoised.wav,0
019_recortado_denoised__seg43,019,019_recortado_denoised.wav,43,/home/ci2dt2-ai/Proyectos/Psiquiatria/Clasificación Final/Ansiedad/wav/0/019_recortado_denoised.wav,0
019_recortado_denoised__seg44,019,019_recortado_denoised.wav,44,/home/ci2dt2-ai/Proyectos/Psiquiatria/Clasificación Final/Ansiedad/wav/0/019_recortado_denoised.wav,0
019_recortado_denoised__seg45,019,019_recortado_denoised.wav,45,/home/ci2dt2-ai/Proyectos/Psiquiatria/Clasificación Final/Ansiedad/wav/0/019_recortado_denoised.wav,0
019_recortado_denoised__seg46,019,019_recortado_denoised.wav,46,/home/ci2dt2-ai/Proyectos/Psiquiatria/Clasificación Final/Ansiedad/wav/0/019_recortado_denoised.wav,0
019_recortado_denoised__seg47,019,019_recortado_denoised.wav,47,/home/ci2dt2-ai/Proyectos/Psiquiatria/Clasificación Final/Ansiedad/wav/0/019_recortado_denoised.wav,0
019_recortado_denoised__seg48,019,019_recortado_denoised.wav,48,/home/ci2dt2-ai/Proyectos/Psiquiatria/Clasificación Final/Ansiedad/wav/0/019_recortado_denoised.wav,0
019_recortado_denoised__seg49,019,019_recortado_denoised.wav,49,/home/ci2dt2-ai/Proyectos/Psiquiatria/Clasificación Final/Ansiedad/wav/0/019_recortado_denoised.wav,0
019_recortado_denoised__seg50,019,019_recortado_denoised.wav,50,/home/ci2dt2-ai/Proyectos/Psiquiatria/Clasificación Final/Ansiedad/wav/0/019_recortado_denoised.wav,0
019_recortado_denoised__seg51,019,019_recortado_denoised.wav,51,/home/ci2dt2-ai/Proyectos/Psiquiatria/Clasificación Final/Ansiedad/wav/0/019_recortado_denoised.wav,0
019_recortado_denoised__seg52,019,019_recortado_denoised.wav,52,/home/ci2dt2-ai/Proyectos/Psiquiatria/Clasificación Final/Ansiedad/wav/0/019_recortado_denoised.wav,0
019_recortado_denoised__seg53,019,019_recortado_denoised.wav,53,/home/ci2dt2-ai/Proyectos/Psiquiatria/Clasificación Final/Ansiedad/wav/0/019_recortado_denoised.wav,0
019_recortado_denoised__seg54,019,019_recortado_denoised.wav,54,/home/ci2dt2-ai/Proyectos/Psiquiatria/Clasificación Final/Ansiedad/wav/0/019_recortado_denoised.wav,0
019_recortado_denoised__seg55,019,019_recortado_denoised.wav,55,/home/ci2dt2-ai/Proyectos/Psiquiatria/Clasificación Final/Ansiedad/wav/0/019_recortado_denoised.wav,0
019_recortado_denoised__seg56,019,019_recortado_denoised.wav,56,/home/ci2dt2-ai/Proyectos/Psiquiatria/Clasificación Final/Ansiedad/wav/0/019_recortado_denoised.wav,0
019_recortado_denoised__seg57,019,019_recortado_denoised.wav,57,/home/ci2dt2-ai/Proyectos/Psiquiatria/Clasificación Final/Ansiedad/wav/0/019_recortado_denoised.wav,0
019_recortado_denoised__seg58,019,019_recortado_denoised.wav,58,/home/ci2dt2-ai/Proyectos/Psiquiatria/Clasificación Final/Ansiedad/wav/0/019_recortado_denoised.wav,0
019_recortado_denoised__seg59,019,019_recortado_denoised.wav,59,/home/ci2dt2-ai/Proyectos/Psiquiatria/Clasificación Final/Ansiedad/wav/0/019_recortado_denoised.wav,0
019_recortado_denoised__seg60,019,019_recortado_denoised.wav,60,/home/ci2dt2-ai/Proyectos/Psiquiatria/Clasificación Final/Ansiedad/wav/0/019_recortado_denoised.wav,0
019_recortado_denoised__seg61,019,019_recortado_denoised.wav,61,/home/ci2dt2-ai/Proyectos/Psiquiatria/Clasificación Final/Ansiedad/wav/0/019_recortado_denoised.wav,0
021_recortado_denoised__seg0,021,021_recortado_denoised.wav,0,/home/ci2dt2-ai/Proyectos/Psiquiatria/Clasificación Final/Ansiedad/wav/0/021_recortado_denoised.wav,0
021_recortado_denoised__seg1,021,021_recortado_denoised.wav,1,/home/ci2dt2-ai/Proyectos/Psiquiatria/Clasificación Final/Ansiedad/wav/0/021_recortado_denoised.wav,0
021_recortado_denoised__seg2,021,021_recortado_denoised.wav,2,/home/ci2dt2-ai/Proyectos/Psiquiatria/Clasificación Final/Ansiedad/wav/0/021_recortado_denoised.wav,0
021_recortado_denoised__seg3,021,021_recortado_denoised.wav,3,/home/ci2dt2-ai/Proyectos/Psiquiatria/Clasificación Final/Ansiedad/wav/0/021_recortado_denoised.wav,0
021_recortado_denoised__seg4,021,021_recortado_denoised.wav,4,/home/ci2dt2-ai/Proyectos/Psiquiatria/Clasificación Final/Ansiedad/wav/0/021_recortado_denoised.wav,0
021_recortado_denoised__seg5,021,021_recortado_denoised.wav,5,/home/ci2dt2-ai/Proyectos/Psiquiatria/Clasificación Final/Ansiedad/wav/0/021_recortado_denoised.wav,0
021_recortado_denoised__seg6,021,021_recortado_denoised.wav,6,/home/ci2dt2-ai/Proyectos/Psiquiatria/Clasificación Final/Ansiedad/wav/0/021_recortado_denoised.wav,0
021_recortado_denoised__seg7,021,021_recortado_denoised.wav,7,/home/ci2dt2-ai/Proyectos/Psiquiatria/Clasificación Final/Ansiedad/wav/0/021_recortado_denoised.wav,0
021_recortado_denoised__seg8,021,021_recortado_denoised.wav,8,/home/ci2dt2-ai/Proyectos/Psiquiatria/Clasificación Final/Ansiedad/wav/0/021_recortado_denoised.wav,0
021_recortado_denoised__seg9,021,021_recortado_denoised.wav,9,/home/ci2dt2-ai/Proyectos/Psiquiatria/Clasificación Final/Ansiedad/wav/0/021_recortado_denoised.wav,0
021_recortado_denoised__seg10,021,021_recortado_denoised.wav,10,/home/ci2dt2-ai/Proyectos/Psiquiatria/Clasificación Final/Ansiedad/wav/0/021_recortado_denoised.wav,0
021_recortado_denoised__seg11,021,021_recortado_denoised.wav,11,/home/ci2dt2-ai/Proyectos/Psiquiatria/Clasificación Final/Ansiedad/wav/0/021_recortado_denoised.wav,0
021_recortado_denoised__seg12,021,021_recortado_denoised.wav,12,/home/ci2dt2-ai/Proyectos/Psiquiatria/Clasificación Final/Ansiedad/wav/0/021_recortado_denoised.wav,0
021_recortado_denoised__seg13,021,021_recortado_denoised.wav,13,/home/ci2dt2-ai/Proyectos/Psiquiatria/Clasificación Final/Ansiedad/wav/0/021_recortado_denoised.wav,0
021_recortado_denoised__seg14,021,021_recortado_denoised.wav,14,/home/ci2dt2-ai/Proyectos/Psiquiatria/Clasificación Final/Ansiedad/wav/0/021_recortado_denoised.wav,0
021_recortado_denoised__seg15,021,021_recortado_denoised.wav,15,/home/ci2dt2-ai/Proyectos/Psiquiatria/Clasificación Final/Ansiedad/wav/0/021_recortado_denoised.wav,0
021_recortado_denoised__seg16,021,021_recortado_denoised.wav,16,/home/ci2dt2-ai/Proyectos/Psiquiatria/Clasificación Final/Ansiedad/wav/0/021_recortado_denoised.wav,0
021_recortado_denoised__seg17,021,021_recortado_denoised.wav,17,/home/ci2dt2-ai/Proyectos/Psiquiatria/Clasificación Final/Ansiedad/wav/0/021_recortado_denoised.wav,0
021_recortado_denoised__seg18,021,021_recortado_denoised.wav,18,/home/ci2dt2-ai/Proyectos/Psiquiatria/Clasificación Final/Ansiedad/wav/0/021_recortado_denoised.wav,0
021_recortado_denoised__seg19,021,021_recortado_denoised.wav,19,/home/ci2dt2-ai/Proyectos/Psiquiatria/Clasificación Final/Ansiedad/wav/0/021_recortado_denoised.wav,0
021_recortado_denoised__seg20,021,021_recortado_denoised.wav,20,/home/ci2dt2-ai/Proyectos/Psiquiatria/Clasificación Final/Ansiedad/wav/0/021_recortado_denoised.wav,0
021_recortado_denoised__seg21,021,021_recortado_denoised.wav,21,/home/ci2dt2-ai/Proyectos/Psiquiatria/Clasificación Final/Ansiedad/wav/0/021_recortado_denoised.wav,0
021_recortado_denoised__seg22,021,021_recortado_denoised.wav,22,/home/ci2dt2-ai/Proyectos/Psiquiatria/Clasificación Final/Ansiedad/wav/0/021_recortado_denoised.wav,0
021_recortado_denoised__seg23,021,021_recortado_denoised.wav,23,/home/ci2dt2-ai/Proyectos/Psiquiatria/Clasificación Final/Ansiedad/wav/0/021_recortado_denoised.wav,0
021_recortado_denoised__seg24,021,021_recortado_denoised.wav,24,/home/ci2dt2-ai/Proyectos/Psiquiatria/Clasificación Final/Ansiedad/wav/0/021_recortado_denoised.wav,0
021_recortado_denoised__seg25,021,021_recortado_denoised.wav,25,/home/ci2dt2-ai/Proyectos/Psiquiatria/Clasificación Final/Ansiedad/wav/0/021_recortado_denoised.wav,0
021_recortado_denoised__seg26,021,021_recortado_denoised.wav,26,/home/ci2dt2-ai/Proyectos/Psiquiatria/Clasificación Final/Ansiedad/wav/0/021_recortado_denoised.wav,0
021_recortado_denoised__seg27,021,021_recortado_denoised.wav,27,/home/ci2dt2-ai/Proyectos/Psiquiatria/Clasificación Final/Ansiedad/wav/0/021_recortado_denoised.wav,0
021_recortado_denoised__seg28,021,021_recortado_denoised.wav,28,/home/ci2dt2-ai/Proyectos/Psiquiatria/Clasificación Final/Ansiedad/wav/0/021_recortado_denoised.wav,0
021_recortado_denoised__seg29,021,021_recortado_denoised.wav,29,/home/ci2dt2-ai/Proyectos/Psiquiatria/Clasificación Final/Ansiedad/wav/0/021_recortado_denoised.wav,0
021_recortado_denoised__seg30,021,021_recortado_denoised.wav,30,/home/ci2dt2-ai/Proyectos/Psiquiatria/Clasificación Final/Ansiedad/wav/0/021_recortado_denoised.wav,0
021_recortado_denoised__seg31,021,021_recortado_denoised.wav,31,/home/ci2dt2-ai/Proyectos/Psiquiatria/Clasificación Final/Ansiedad/wav/0/021_recortado_denoised.wav,0
021_recortado_denoised__seg32,021,021_recortado_denoised.wav,32,/home/ci2dt2-ai/Proyectos/Psiquiatria/Clasificación Final/Ansiedad/wav/0/021_recortado_denoised.wav,0
021_recortado_denoised__seg33,021,021_recortado_denoised.wav,33,/home/ci2dt2-ai/Proyectos/Psiquiatria/Clasificación Final/Ansiedad/wav/0/021_recortado_denoised.wav,0
021_recortado_denoised__seg34,021,021_recortado_denoised.wav,34,/home/ci2dt2-ai/Proyectos/Psiquiatria/Clasificación Final/Ansiedad/wav/0/021_recortado_denoised.wav,0
021_recortado_denoised__seg35,021,021_recortado_denoised.wav,35,/home/ci2dt2-ai/Proyectos/Psiquiatria/Clasificación Final/Ansiedad/wav/0/021_recortado_denoised.wav,0
021_recortado_denoised__seg36,021,021_recortado_denoised.wav,36,/home/ci2dt2-ai/Proyectos/Psiquiatria/Clasificación Final/Ansiedad/wav/0/021_recortado_denoised.wav,0
021_recortado_denoised__seg37,021,021_recortado_denoised.wav,37,/home/ci2dt2-ai/Proyectos/Psiquiatria/Clasificación Final/Ansiedad/wav/0/021_recortado_denoised.wav,0
021_recortado_denoised__seg38,021,021_recortado_denoised.wav,38,/home/ci2dt2-ai/Proyectos/Psiquiatria/Clasificación Final/Ansiedad/wav/0/021_recortado_denoised.wav,0
021_recortado_denoised__seg39,021,021_recortado_denoised.wav,39,/home/ci2dt2-ai/Proyectos/Psiquiatria/Clasificación Final/Ansiedad/wav/0/021_recortado_denoised.wav,0
021_recortado_denoised__seg40,021,021_recortado_denoised.wav,40,/home/ci2dt2-ai/Proyectos/Psiquiatria/Clasificación Final/Ansiedad/wav/0/021_recortado_denoised.wav,0
021_recortado_denoised__seg41,021,021_recortado_denoised.wav,41,/home/ci2dt2-ai/Proyectos/Psiquiatria/Clasificación Final/Ansiedad/wav/0/021_recortado_denoised.wav,0
021_recortado_denoised__seg42,021,021_recortado_denoised.wav,42,/home/ci2dt2-ai/Proyectos/Psiquiatria/Clasificación Final/Ansiedad/wav/0/021_recortado_denoised.wav,0
021_recortado_denoised__seg43,021,021_recortado_denoised.wav,43,/home/ci2dt2-ai/Proyectos/Psiquiatria/Clasificación Final/Ansiedad/wav/0/021_recortado_denoised.wav,0
021_recortado_denoised__seg44,021,021_recortado_denoised.wav,44,/home/ci2dt2-ai/Proyectos/Psiquiatria/Clasificación Final/Ansiedad/wav/0/021_recortado_denoised.wav,0
021_recortado_denoised__seg45,021,021_recortado_denoised.wav,45,/home/ci2dt2-ai/Proyectos/Psiquiatria/Clasificación Final/Ansiedad/wav/0/021_recortado_denoised.wav,0
021_recortado_denoised__seg46,021,021_recortado_denoised.wav,46,/home/ci2dt2-ai/Proyectos/Psiquiatria/Clasificación Final/Ansiedad/wav/0/021_recortado_denoised.wav,0
021_recortado_denoised__seg47,021,021_recortado_denoised.wav,47,/home/ci2dt2-ai/Proyectos/Psiquiatria/Clasificación Final/Ansiedad/wav/0/021_recortado_denoised.wav,0
021_recortado_denoised__seg48,021,021_recortado_denoised.wav,48,/home/ci2dt2-ai/Proyectos/Psiquiatria/Clasificación Final/Ansiedad/wav/0/021_recortado_denoised.wav,0
021_recortado_denoised__seg49,021,021_recortado_denoised.wav,49,/home/ci2dt2-ai/Proyectos/Psiquiatria/Clasificación Final/Ansiedad/wav/0/021_recortado_denoised.wav,0
021_recortado_denoised__seg50,021,021_recortado_denoised.wav,50,/home/ci2dt2-ai/Proyectos/Psiquiatria/Clasificación Final/Ansiedad/wav/0/021_recortado_denoised.wav,0
021_recortado_denoised__seg51,021,021_recortado_denoised.wav,51,/home/ci2dt2-ai/Proyectos/Psiquiatria/Clasificación Final/Ansiedad/wav/0/021_recortado_denoised.wav,0
021_recortado_denoised__seg52,021,021_recortado_denoised.wav,52,/home/ci2dt2-ai/Proyectos/Psiquiatria/Clasificación Final/Ansiedad/wav/0/021_recortado_denoised.wav,0
021_recortado_denoised__seg53,021,021_recortado_denoised.wav,53,/home/ci2dt2-ai/Proyectos/Psiquiatria/Clasificación Final/Ansiedad/wav/0/021_recortado_denoised.wav,0
021_recortado_denoised__seg54,021,021_recortado_denoised.wav,54,/home/ci2dt2-ai/Proyectos/Psiquiatria/Clasificación Final/Ansiedad/wav/0/021_recortado_denoised.wav,0
021_recortado_denoised__seg55,021,021_recortado_denoised.wav,55,/home/ci2dt2-ai/Proyectos/Psiquiatria/Clasificación Final/Ansiedad/wav/0/021_recortado_denoised.wav,0
021_recortado_denoised__seg56,021,021_recortado_denoised.wav,56,/home/ci2dt2-ai/Proyectos/Psiquiatria/Clasificación Final/Ansiedad/wav/0/021_recortado_denoised.wav,0
021_recortado_denoised__seg57,021,021_recortado_denoised.wav,57,/home/ci2dt2-ai/Proyectos/Psiquiatria/Clasificación Final/Ansiedad/wav/0/021_recortado_denoised.wav,0
021_recortado_denoised__seg58,021,021_recortado_denoised.wav,58,/home/ci2dt2-ai/Proyectos/Psiquiatria/Clasificación Final/Ansiedad/wav/0/021_recortado_denoised.wav,0
021_recortado_denoised__seg59,021,021_recortado_denoised.wav,59,/home/ci2dt2-ai/Proyectos/Psiquiatria/Clasificación Final/Ansiedad/wav/0/021_recortado_denoised.wav,0
021_recortado_denoised__seg60,021,021_recortado_denoised.wav,60,/home/ci2dt2-ai/Proyectos/Psiquiatria/Clasificación Final/Ansiedad/wav/0/021_recortado_denoised.wav,0
021_recortado_denoised__seg61,021,021_recortado_denoised.wav,61,/home/ci2dt2-ai/Proyectos/Psiquiatria/Clasificación Final/Ansiedad/wav/0/021_recortado_denoised.wav,0
021_recortado_denoised__seg62,021,021_recortado_denoised.wav,62,/home/ci2dt2-ai/Proyectos/Psiquiatria/Clasificación Final/Ansiedad/wav/0/021_recortado_denoised.wav,0
021_recortado_denoised__seg63,021,021_recortado_denoised.wav,63,/home/ci2dt2-ai/Proyectos/Psiquiatria/Clasificación Final/Ansiedad/wav/0/021_recortado_denoised.wav,0
021_recortado_denoised__seg64,021,021_recortado_denoised.wav,64,/home/ci2dt2-ai/Proyectos/Psiquiatria/Clasificación Final/Ansiedad/wav/0/021_recortado_denoised.wav,0
021_recortado_denoised__seg65,021,021_recortado_denoised.wav,65,/home/ci2dt2-ai/Proyectos/Psiquiatria/Clasificación Final/Ansiedad/wav/0/021_recortado_denoised.wav,0
021_recortado_denoised__seg66,021,021_recortado_denoised.wav,66,/home/ci2dt2-ai/Proyectos/Psiquiatria/Clasificación Final/Ansiedad/wav/0/021_recortado_denoised.wav,0
021_recortado_denoised__seg67,021,021_recortado_denoised.wav,67,/home/ci2dt2-ai/Proyectos/Psiquiatria/Clasificación Final/Ansiedad/wav/0/021_recortado_denoised.wav,0
021_recortado_denoised__seg68,021,021_recortado_denoised.wav,68,/home/ci2dt2-ai/Proyectos/Psiquiatria/Clasificación Final/Ansiedad/wav/0/021_recortado_denoised.wav,0
021_recortado_denoised__seg69,021,021_recortado_denoised.wav,69,/home/ci2dt2-ai/Proyectos/Psiquiatria/Clasificación Final/Ansiedad/wav/0/021_recortado_denoised.wav,0
021_recortado_denoised__seg70,021,021_recortado_denoised.wav,70,/home/ci2dt2-ai/Proyectos/Psiquiatria/Clasificación Final/Ansiedad/wav/0/021_recortado_denoised.wav,0
021_recortado_denoised__seg71,021,021_recortado_denoised.wav,71,/home/ci2dt2-ai/Proyectos/Psiquiatria/Clasificación Final/Ansiedad/wav/0/021_recortado_denoised.wav,0
021_recortado_denoised__seg72,021,021_recortado_denoised.wav,72,/home/ci2dt2-ai/Proyectos/Psiquiatria/Clasificación Final/Ansiedad/wav/0/021_recortado_denoised.wav,0
021_recortado_denoised__seg73,021,021_recortado_denoised.wav,73,/home/ci2dt2-ai/Proyectos/Psiquiatria/Clasificación Final/Ansiedad/wav/0/021_recortado_denoised.wav,0
021_recortado_denoised__seg74,021,021_recortado_denoised.wav,74,/home/ci2dt2-ai/Proyectos/Psiquiatria/Clasificación Final/Ansiedad/wav/0/021_recortado_denoised.wav,0
021_recortado_denoised__seg75,021,021_recortado_denoised.wav,75,/home/ci2dt2-ai/Proyectos/Psiquiatria/Clasificación Final/Ansiedad/wav/0/021_recortado_denoised.wav,0
021_recortado_denoised__seg76,021,021_recortado_denoised.wav,76,/home/ci2dt2-ai/Proyectos/Psiquiatria/Clasificación Final/Ansiedad/wav/0/021_recortado_denoised.wav,0
021_recortado_denoised__seg77,021,021_recortado_denoised.wav,77,/home/ci2dt2-ai/Proyectos/Psiquiatria/Clasificación Final/Ansiedad/wav/0/021_recortado_denoised.wav,0
021_recortado_denoised__seg78,021,021_recortado_denoised.wav,78,/home/ci2dt2-ai/Proyectos/Psiquiatria/Clasificación Final/Ansiedad/wav/0/021_recortado_denoised.wav,0
021_recortado_denoised__seg79,021,021_recortado_denoised.wav,79,/home/ci2dt2-ai/Proyectos/Psiquiatria/Clasificación Final/Ansiedad/wav/0/021_recortado_denoised.wav,0
021_recortado_denoised__seg80,021,021_recortado_denoised.wav,80,/home/ci2dt2-ai/Proyectos/Psiquiatria/Clasificación Final/Ansiedad/wav/0/021_recortado_denoised.wav,0
021_recortado_denoised__seg81,021,021_recortado_denoised.wav,81,/home/ci2dt2-ai/Proyectos/Psiquiatria/Clasificación Final/Ansiedad/wav/0/021_recortado_denoised.wav,0
021_recortado_denoised__seg82,021,021_recortado_denoised.wav,82,/home/ci2dt2-ai/Proyectos/Psiquiatria/Clasificación Final/Ansiedad/wav/0/021_recortado_denoised.wav,0
021_recortado_denoised__seg83,021,021_recortado_denoised.wav,83,/home/ci2dt2-ai/Proyectos/Psiquiatria/Clasificación Final/Ansiedad/wav/0/021_recortado_denoised.wav,0
021_recortado_denoised__seg84,021,021_recortado_denoised.wav,84,/home/ci2dt2-ai/Proyectos/Psiquiatria/Clasificación Final/Ansiedad/wav/0/021_recortado_denoised.wav,0
021_recortado_denoised__seg85,021,021_recortado_denoised.wav,85,/home/ci2dt2-ai/Proyectos/Psiquiatria/Clasificación Final/Ansiedad/wav/0/021_recortado_denoised.wav,0
021_recortado_denoised__seg86,021,021_recortado_denoised.wav,86,/home/ci2dt2-ai/Proyectos/Psiquiatria/Clasificación Final/Ansiedad/wav/0/021_recortado_denoised.wav,0
021_recortado_denoised__seg87,021,021_recortado_denoised.wav,87,/home/ci2dt2-ai/Proyectos/Psiquiatria/Clasificación Final/Ansiedad/wav/0/021_recortado_denoised.wav,0
021_recortado_denoised__seg88,021,021_recortado_denoised.wav,88,/home/ci2dt2-ai/Proyectos/Psiquiatria/Clasificación Final/Ansiedad/wav/0/021_recortado_denoised.wav,0
021_recortado_denoised__seg89,021,021_recortado_denoised.wav,89,/home/ci2dt2-ai/Proyectos/Psiquiatria/Clasificación Final/Ansiedad/wav/0/021_recortado_denoised.wav,0
021_recortado_denoised__seg90,021,021_recortado_denoised.wav,90,/home/ci2dt2-ai/Proyectos/Psiquiatria/Clasificación Final/Ansiedad/wav/0/021_recortado_denoised.wav,0
021_recortado_denoised__seg91,021,021_recortado_denoised.wav,91,/home/ci2dt2-ai/Proyectos/Psiquiatria/Clasificación Final/Ansiedad/wav/0/021_recortado_denoised.wav,0
021_recortado_denoised__seg92,021,021_recortado_denoised.wav,92,/home/ci2dt2-ai/Proyectos/Psiquiatria/Clasificación Final/Ansiedad/wav/0/021_recortado_denoised.wav,0
021_recortado_denoised__seg93,021,021_recortado_denoised.wav,93,/home/ci2dt2-ai/Proyectos/Psiquiatria/Clasificación Final/Ansiedad/wav/0/021_recortado_denoised.wav,0
021_recortado_denoised__seg94,021,021_recortado_denoised.wav,94,/home/ci2dt2-ai/Proyectos/Psiquiatria/Clasificación Final/Ansiedad/wav/0/021_recortado_denoised.wav,0
021_recortado_denoised__seg95,021,021_recortado_denoised.wav,95,/home/ci2dt2-ai/Proyectos/Psiquiatria/Clasificación Final/Ansiedad/wav/0/021_recortado_denoised.wav,0
021_recortado_denoised__seg96,021,021_recortado_denoised.wav,96,/home/ci2dt2-ai/Proyectos/Psiquiatria/Clasificación Final/Ansiedad/wav/0/021_recortado_denoised.wav,0
021_recortado_denoised__seg97,021,021_recortado_denoised.wav,97,/home/ci2dt2-ai/Proyectos/Psiquiatria/Clasificación Final/Ansiedad/wav/0/021_recortado_denoised.wav,0
021_recortado_denoised__seg98,021,021_recortado_denoised.wav,98,/home/ci2dt2-ai/Proyectos/Psiquiatria/Clasificación Final/Ansiedad/wav/0/021_recortado_denoised.wav,0
021_recortado_denoised__seg99,021,021_recortado_denoised.wav,99,/home/ci2dt2-ai/Proyectos/Psiquiatria/Clasificación Final/Ansiedad/wav/0/021_recortado_denoised.wav,0
021_recortado_denoised__seg100,021,021_recortado_denoised.wav,100,/home/ci2dt2-ai/Proyectos/Psiquiatria/Clasificación Final/Ansiedad/wav/0/021_recortado_denoised.wav,0
021_recortado_denoised__seg101,021,021_recortado_denoised.wav,101,/home/ci2dt2-ai/Proyectos/Psiquiatria/Clasificación Final/Ansiedad/wav/0/021_recortado_denoised.wav,0
021_recortado_denoised__seg102,021,021_recortado_denoised.wav,102,/home/ci2dt2-ai/Proyectos/Psiquiatria/Clasificación Final/Ansiedad/wav/0/021_recortado_denoised.wav,0
021_recortado_denoised__seg103,021,021_recortado_denoised.wav,103,/home/ci2dt2-ai/Proyectos/Psiquiatria/Clasificación Final/Ansiedad/wav/0/021_recortado_denoised.wav,0
021_recortado_denoised__seg104,021,021_recortado_denoised.wav,104,/home/ci2dt2-ai/Proyectos/Psiquiatria/Clasificación Final/Ansiedad/wav/0/021_recortado_denoised.wav,0
021_recortado_denoised__seg105,021,021_recortado_denoised.wav,105,/home/ci2dt2-ai/Proyectos/Psiquiatria/Clasificación Final/Ansiedad/wav/0/021_recortado_denoised.wav,0
021_recortado_denoised__seg106,021,021_recortado_denoised.wav,106,/home/ci2dt2-ai/Proyectos/Psiquiatria/Clasificación Final/Ansiedad/wav/0/021_recortado_denoised.wav,0
021_recortado_denoised__seg107,021,021_recortado_denoised.wav,107,/home/ci2dt2-ai/Proyectos/Psiquiatria/Clasificación Final/Ansiedad/wav/0/021_recortado_denoised.wav,0
022_recortado_denoised__seg0,022,022_recortado_denoised.wav,0,/home/ci2dt2-ai/Proyectos/Psiquiatria/Clasificación Final/Ansiedad/wav/0/022_recortado_denoised.wav,0
022_recortado_denoised__seg1,022,022_recortado_denoised.wav,1,/home/ci2dt2-ai/Proyectos/Psiquiatria/Clasificación Final/Ansiedad/wav/0/022_recortado_denoised.wav,0
022_recortado_denoised__seg2,022,022_recortado_denoised.wav,2,/home/ci2dt2-ai/Proyectos/Psiquiatria/Clasificación Final/Ansiedad/wav/0/022_recortado_denoised.wav,0
022_recortado_denoised__seg3,022,022_recortado_denoised.wav,3,/home/ci2dt2-ai/Proyectos/Psiquiatria/Clasificación Final/Ansiedad/wav/0/022_recortado_denoised.wav,0
022_recortado_denoised__seg4,022,022_recortado_denoised.wav,4,/home/ci2dt2-ai/Proyectos/Psiquiatria/Clasificación Final/Ansiedad/wav/0/022_recortado_denoised.wav,0
022_recortado_denoised__seg5,022,022_recortado_denoised.wav,5,/home/ci2dt2-ai/Proyectos/Psiquiatria/Clasificación Final/Ansiedad/wav/0/022_recortado_denoised.wav,0
022_recortado_denoised__seg6,022,022_recortado_denoised.wav,6,/home/ci2dt2-ai/Proyectos/Psiquiatria/Clasificación Final/Ansiedad/wav/0/022_recortado_denoised.wav,0
022_recortado_denoised__seg7,022,022_recortado_denoised.wav,7,/home/ci2dt2-ai/Proyectos/Psiquiatria/Clasificación Final/Ansiedad/wav/0/022_recortado_denoised.wav,0
022_recortado_denoised__seg8,022,022_recortado_denoised.wav,8,/home/ci2dt2-ai/Proyectos/Psiquiatria/Clasificación Final/Ansiedad/wav/0/022_recortado_denoised.wav,0
022_recortado_denoised__seg9,022,022_recortado_denoised.wav,9,/home/ci2dt2-ai/Proyectos/Psiquiatria/Clasificación Final/Ansiedad/wav/0/022_recortado_denoised.wav,0
022_recortado_denoised__seg10,022,022_recortado_denoised.wav,10,/home/ci2dt2-ai/Proyectos/Psiquiatria/Clasificación Final/Ansiedad/wav/0/022_recortado_denoised.wav,0
022_recortado_denoised__seg11,022,022_recortado_denoised.wav,11,/home/ci2dt2-ai/Proyectos/Psiquiatria/Clasificación Final/Ansiedad/wav/0/022_recortado_denoised.wav,0
022_recortado_denoised__seg12,022,022_recortado_denoised.wav,12,/home/ci2dt2-ai/Proyectos/Psiquiatria/Clasificación Final/Ansiedad/wav/0/022_recortado_denoised.wav,0
022_recortado_denoised__seg13,022,022_recortado_denoised.wav,13,/home/ci2dt2-ai/Proyectos/Psiquiatria/Clasificación Final/Ansiedad/wav/0/022_recortado_denoised.wav,0
022_recortado_denoised__seg14,022,022_recortado_denoised.wav,14,/home/ci2dt2-ai/Proyectos/Psiquiatria/Clasificación Final/Ansiedad/wav/0/022_recortado_denoised.wav,0
022_recortado_denoised__seg15,022,022_recortado_denoised.wav,15,/home/ci2dt2-ai/Proyectos/Psiquiatria/Clasificación Final/Ansiedad/wav/0/022_recortado_denoised.wav,0
022_recortado_denoised__seg16,022,022_recortado_denoised.wav,16,/home/ci2dt2-ai/Proyectos/Psiquiatria/Clasificación Final/Ansiedad/wav/0/022_recortado_denoised.wav,0
022_recortado_denoised__seg17,022,022_recortado_denoised.wav,17,/home/ci2dt2-ai/Proyectos/Psiquiatria/Clasificación Final/Ansiedad/wav/0/022_recortado_denoised.wav,0
022_recortado_denoised__seg18,022,022_recortado_denoised.wav,18,/home/ci2dt2-ai/Proyectos/Psiquiatria/Clasificación Final/Ansiedad/wav/0/022_recortado_denoised.wav,0
022_recortado_denoised__seg19,022,022_recortado_denoised.wav,19,/home/ci2dt2-ai/Proyectos/Psiquiatria/Clasificación Final/Ansiedad/wav/0/022_recortado_denoised.wav,0
022_recortado_denoised__seg20,022,022_recortado_denoised.wav,20,/home/ci2dt2-ai/Proyectos/Psiquiatria/Clasificación Final/Ansiedad/wav/0/022_recortado_denoised.wav,0
022_recortado_denoised__seg21,022,022_recortado_denoised.wav,21,/home/ci2dt2-ai/Proyectos/Psiquiatria/Clasificación Final/Ansiedad/wav/0/022_recortado_denoised.wav,0
022_recortado_denoised__seg22,022,022_recortado_denoised.wav,22,/home/ci2dt2-ai/Proyectos/Psiquiatria/Clasificación Final/Ansiedad/wav/0/022_recortado_denoised.wav,0
022_recortado_denoised__seg23,022,022_recortado_denoised.wav,23,/home/ci2dt2-ai/Proyectos/Psiquiatria/Clasificación Final/Ansiedad/wav/0/022_recortado_denoised.wav,0
022_recortado_denoised__seg24,022,022_recortado_denoised.wav,24,/home/ci2dt2-ai/Proyectos/Psiquiatria/Clasificación Final/Ansiedad/wav/0/022_recortado_denoised.wav,0
022_recortado_denoised__seg25,022,022_recortado_denoised.wav,25,/home/ci2dt2-ai/Proyectos/Psiquiatria/Clasificación Final/Ansiedad/wav/0/022_recortado_denoised.wav,0
022_recortado_denoised__seg26,022,022_recortado_denoised.wav,26,/home/ci2dt2-ai/Proyectos/Psiquiatria/Clasificación Final/Ansiedad/wav/0/022_recortado_denoised.wav,0
022_recortado_denoised__seg27,022,022_recortado_denoised.wav,27,/home/ci2dt2-ai/Proyectos/Psiquiatria/Clasificación Final/Ansiedad/wav/0/022_recortado_denoised.wav,0
022_recortado_denoised__seg28,022,022_recortado_denoised.wav,28,/home/ci2dt2-ai/Proyectos/Psiquiatria/Clasificación Final/Ansiedad/wav/0/022_recortado_denoised.wav,0
022_recortado_denoised__seg29,022,022_recortado_denoised.wav,29,/home/ci2dt2-ai/Proyectos/Psiquiatria/Clasificación Final/Ansiedad/wav/0/022_recortado_denoised.wav,0
022_recortado_denoised__seg30,022,022_recortado_denoised.wav,30,/home/ci2dt2-ai/Proyectos/Psiquiatria/Clasificación Final/Ansiedad/wav/0/022_recortado_denoised.wav,0
022_recortado_denoised__seg31,022,022_recortado_denoised.wav,31,/home/ci2dt2-ai/Proyectos/Psiquiatria/Clasificación Final/Ansiedad/wav/0/022_recortado_denoised.wav,0
022_recortado_denoised__seg32,022,022_recortado_denoised.wav,32,/home/ci2dt2-ai/Proyectos/Psiquiatria/Clasificación Final/Ansiedad/wav/0/022_recortado_denoised.wav,0
022_recortado_denoised__seg33,022,022_recortado_denoised.wav,33,/home/ci2dt2-ai/Proyectos/Psiquiatria/Clasificación Final/Ansiedad/wav/0/022_recortado_denoised.wav,0
022_recortado_denoised__seg34,022,022_recortado_denoised.wav,34,/home/ci2dt2-ai/Proyectos/Psiquiatria/Clasificación Final/Ansiedad/wav/0/022_recortado_denoised.wav,0
022_recortado_denoised__seg35,022,022_recortado_denoised.wav,35,/home/ci2dt2-ai/Proyectos/Psiquiatria/Clasificación Final/Ansiedad/wav/0/022_recortado_denoised.wav,0
022_recortado_denoised__seg36,022,022_recortado_denoised.wav,36,/home/ci2dt2-ai/Proyectos/Psiquiatria/Clasificación Final/Ansiedad/wav/0/022_recortado_denoised.wav,0
022_recortado_denoised__seg37,022,022_recortado_denoised.wav,37,/home/ci2dt2-ai/Proyectos/Psiquiatria/Clasificación Final/Ansiedad/wav/0/022_recortado_denoised.wav,0
022_recortado_denoised__seg38,022,022_recortado_denoised.wav,38,/home/ci2dt2-ai/Proyectos/Psiquiatria/Clasificación Final/Ansiedad/wav/0/022_recortado_denoised.wav,0
022_recortado_denoised__seg39,022,022_recortado_denoised.wav,39,/home/ci2dt2-ai/Proyectos/Psiquiatria/Clasificación Final/Ansiedad/wav/0/022_recortado_denoised.wav,0
022_recortado_denoised__seg40,022,022_recortado_denoised.wav,40,/home/ci2dt2-ai/Proyectos/Psiquiatria/Clasificación Final/Ansiedad/wav/0/022_recortado_denoised.wav,0
022_recortado_denoised__seg41,022,022_recortado_denoised.wav,41,/home/ci2dt2-ai/Proyectos/Psiquiatria/Clasificación Final/Ansiedad/wav/0/022_recortado_denoised.wav,0
022_recortado_denoised__seg42,022,022_recortado_denoised.wav,42,/home/ci2dt2-ai/Proyectos/Psiquiatria/Clasificación Final/Ansiedad/wav/0/022_recortado_denoised.wav,0
022_recortado_denoised__seg43,022,022_recortado_denoised.wav,43,/home/ci2dt2-ai/Proyectos/Psiquiatria/Clasificación Final/Ansiedad/wav/0/022_recortado_denoised.wav,0
022_recortado_denoised__seg44,022,022_recortado_denoised.wav,44,/home/ci2dt2-ai/Proyectos/Psiquiatria/Clasificación Final/Ansiedad/wav/0/022_recortado_denoised.wav,0
022_recortado_denoised__seg45,022,022_recortado_denoised.wav,45,/home/ci2dt2-ai/Proyectos/Psiquiatria/Clasificación Final/Ansiedad/wav/0/022_recortado_denoised.wav,0
022_recortado_denoised__seg46,022,022_recortado_denoised.wav,46,/home/ci2dt2-ai/Proyectos/Psiquiatria/Clasificación Final/Ansiedad/wav/0/022_recortado_denoised.wav,0
022_recortado_denoised__seg47,022,022_recortado_denoised.wav,47,/home/ci2dt2-ai/Proyectos/Psiquiatria/Clasificación Final/Ansiedad/wav/0/022_recortado_denoised.wav,0
022_recortado_denoised__seg48,022,022_recortado_denoised.wav,48,/home/ci2dt2-ai/Proyectos/Psiquiatria/Clasificación Final/Ansiedad/wav/0/022_recortado_denoised.wav,0
022_recortado_denoised__seg49,022,022_recortado_denoised.wav,49,/home/ci2dt2-ai/Proyectos/Psiquiatria/Clasificación Final/Ansiedad/wav/0/022_recortado_denoised.wav,0
022_recortado_denoised__seg50,022,022_recortado_denoised.wav,50,/home/ci2dt2-ai/Proyectos/Psiquiatria/Clasificación Final/Ansiedad/wav/0/022_recortado_denoised.wav,0
022_recortado_denoised__seg51,022,022_recortado_denoised.wav,51,/home/ci2dt2-ai/Proyectos/Psiquiatria/Clasificación Final/Ansiedad/wav/0/022_recortado_denoised.wav,0
022_recortado_denoised__seg52,022,022_recortado_denoised.wav,52,/home/ci2dt2-ai/Proyectos/Psiquiatria/Clasificación Final/Ansiedad/wav/0/022_recortado_denoised.wav,0
022_recortado_denoised__seg53,022,022_recortado_denoised.wav,53,/home/ci2dt2-ai/Proyectos/Psiquiatria/Clasificación Final/Ansiedad/wav/0/022_recortado_denoised.wav,0
022_recortado_denoised__seg54,022,022_recortado_denoised.wav,54,/home/ci2dt2-ai/Proyectos/Psiquiatria/Clasificación Final/Ansiedad/wav/0/022_recortado_denoised.wav,0
022_recortado_denoised__seg55,022,022_recortado_denoised.wav,55,/home/ci2dt2-ai/Proyectos/Psiquiatria/Clasificación Final/Ansiedad/wav/0/022_recortado_denoised.wav,0
022_recortado_denoised__seg56,022,022_recortado_denoised.wav,56,/home/ci2dt2-ai/Proyectos/Psiquiatria/Clasificación Final/Ansiedad/wav/0/022_recortado_denoised.wav,0
022_recortado_denoised__seg57,022,022_recortado_denoised.wav,57,/home/ci2dt2-ai/Proyectos/Psiquiatria/Clasificación Final/Ansiedad/wav/0/022_recortado_denoised.wav,0
022_recortado_denoised__seg58,022,022_recortado_denoised.wav,58,/home/ci2dt2-ai/Proyectos/Psiquiatria/Clasificación Final/Ansiedad/wav/0/022_recortado_denoised.wav,0
022_recortado_denoised__seg59,022,022_recortado_denoised.wav,59,/home/ci2dt2-ai/Proyectos/Psiquiatria/Clasificación Final/Ansiedad/wav/0/022_recortado_denoised.wav,0
022_recortado_denoised__seg60,022,022_recortado_denoised.wav,60,/home/ci2dt2-ai/Proyectos/Psiquiatria/Clasificación Final/Ansiedad/wav/0/022_recortado_denoised.wav,0
022_recortado_denoised__seg61,022,022_recortado_denoised.wav,61,/home/ci2dt2-ai/Proyectos/Psiquiatria/Clasificación Final/Ansiedad/wav/0/022_recortado_denoised.wav,0
022_recortado_denoised__seg62,022,022_recortado_denoised.wav,62,/home/ci2dt2-ai/Proyectos/Psiquiatria/Clasificación Final/Ansiedad/wav/0/022_recortado_denoised.wav,0
022_recortado_denoised__seg63,022,022_recortado_denoised.wav,63,/home/ci2dt2-ai/Proyectos/Psiquiatria/Clasificación Final/Ansiedad/wav/0/022_recortado_denoised.wav,0
022_recortado_denoised__seg64,022,022_recortado_denoised.wav,64,/home/ci2dt2-ai/Proyectos/Psiquiatria/Clasificación Final/Ansiedad/wav/0/022_recortado_denoised.wav,0
022_recortado_denoised__seg65,022,022_recortado_denoised.wav,65,/home/ci2dt2-ai/Proyectos/Psiquiatria/Clasificación Final/Ansiedad/wav/0/022_recortado_denoised.wav,0
022_recortado_denoised__seg66,022,022_recortado_denoised.wav,66,/home/ci2dt2-ai/Proyectos/Psiquiatria/Clasificación Final/Ansiedad/wav/0/022_recortado_denoised.wav,0
022_recortado_denoised__seg67,022,022_recortado_denoised.wav,67,/home/ci2dt2-ai/Proyectos/Psiquiatria/Clasificación Final/Ansiedad/wav/0/022_recortado_denoised.wav,0
022_recortado_denoised__seg68,022,022_recortado_denoised.wav,68,/home/ci2dt2-ai/Proyectos/Psiquiatria/Clasificación Final/Ansiedad/wav/0/022_recortado_denoised.wav,0
022_recortado_denoised__seg69,022,022_recortado_denoised.wav,69,/home/ci2dt2-ai/Proyectos/Psiquiatria/Clasificación Final/Ansiedad/wav/0/022_recortado_denoised.wav,0
022_recortado_denoised__seg70,022,022_recortado_denoised.wav,70,/home/ci2dt2-ai/Proyectos/Psiquiatria/Clasificación Final/Ansiedad/wav/0/022_recortado_denoised.wav,0
022_recortado_denoised__seg71,022,022_recortado_denoised.wav,71,/home/ci2dt2-ai/Proyectos/Psiquiatria/Clasificación Final/Ansiedad/wav/0/022_recortado_denoised.wav,0
022_recortado_denoised__seg72,022,022_recortado_denoised.wav,72,/home/ci2dt2-ai/Proyectos/Psiquiatria/Clasificación Final/Ansiedad/wav/0/022_recortado_denoised.wav,0
022_recortado_denoised__seg73,022,022_recortado_denoised.wav,73,/home/ci2dt2-ai/Proyectos/Psiquiatria/Clasificación Final/Ansiedad/wav/0/022_recortado_denoised.wav,0
022_recortado_denoised__seg74,022,022_recortado_denoised.wav,74,/home/ci2dt2-ai/Proyectos/Psiquiatria/Clasificación Final/Ansiedad/wav/0/022_recortado_denoised.wav,0
022_recortado_denoised__seg75,022,022_recortado_denoised.wav,75,/home/ci2dt2-ai/Proyectos/Psiquiatria/Clasificación Final/Ansiedad/wav/0/022_recortado_denoised.wav,0
023_recortado_denoised__seg0,023,023_recortado_denoised.wav,0,/home/ci2dt2-ai/Proyectos/Psiquiatria/Clasificación Final/Ansiedad/wav/0/023_recortado_denoised.wav,0
023_recortado_denoised__seg1,023,023_recortado_denoised.wav,1,/home/ci2dt2-ai/Proyectos/Psiquiatria/Clasificación Final/Ansiedad/wav/0/023_recortado_denoised.wav,0
023_recortado_denoised__seg2,023,023_recortado_denoised.wav,2,/home/ci2dt2-ai/Proyectos/Psiquiatria/Clasificación Final/Ansiedad/wav/0/023_recortado_denoised.wav,0
023_recortado_denoised__seg3,023,023_recortado_denoised.wav,3,/home/ci2dt2-ai/Proyectos/Psiquiatria/Clasificación Final/Ansiedad/wav/0/023_recortado_denoised.wav,0
023_recortado_denoised__seg4,023,023_recortado_denoised.wav,4,/home/ci2dt2-ai/Proyectos/Psiquiatria/Clasificación Final/Ansiedad/wav/0/023_recortado_denoised.wav,0
023_recortado_denoised__seg5,023,023_recortado_denoised.wav,5,/home/ci2dt2-ai/Proyectos/Psiquiatria/Clasificación Final/Ansiedad/wav/0/023_recortado_denoised.wav,0
023_recortado_denoised__seg6,023,023_recortado_denoised.wav,6,/home/ci2dt2-ai/Proyectos/Psiquiatria/Clasificación Final/Ansiedad/wav/0/023_recortado_denoised.wav,0
023_recortado_denoised__seg7,023,023_recortado_denoised.wav,7,/home/ci2dt2-ai/Proyectos/Psiquiatria/Clasificación Final/Ansiedad/wav/0/023_recortado_denoised.wav,0
023_recortado_denoised__seg8,023,023_recortado_denoised.wav,8,/home/ci2dt2-ai/Proyectos/Psiquiatria/Clasificación Final/Ansiedad/wav/0/023_recortado_denoised.wav,0
023_recortado_denoised__seg9,023,023_recortado_denoised.wav,9,/home/ci2dt2-ai/Proyectos/Psiquiatria/Clasificación Final/Ansiedad/wav/0/023_recortado_denoised.wav,0
023_recortado_denoised__seg10,023,023_recortado_denoised.wav,10,/home/ci2dt2-ai/Proyectos/Psiquiatria/Clasificación Final/Ansiedad/wav/0/023_recortado_denoised.wav,0
023_recortado_denoised__seg11,023,023_recortado_denoised.wav,11,/home/ci2dt2-ai/Proyectos/Psiquiatria/Clasificación Final/Ansiedad/wav/0/023_recortado_denoised.wav,0
023_recortado_denoised__seg12,023,023_recortado_denoised.wav,12,/home/ci2dt2-ai/Proyectos/Psiquiatria/Clasificación Final/Ansiedad/wav/0/023_recortado_denoised.wav,0
023_recortado_denoised__seg13,023,023_recortado_denoised.wav,13,/home/ci2dt2-ai/Proyectos/Psiquiatria/Clasificación Final/Ansiedad/wav/0/023_recortado_denoised.wav,0
023_recortado_denoised__seg14,023,023_recortado_denoised.wav,14,/home/ci2dt2-ai/Proyectos/Psiquiatria/Clasificación Final/Ansiedad/wav/0/023_recortado_denoised.wav,0
023_recortado_denoised__seg15,023,023_recortado_denoised.wav,15,/home/ci2dt2-ai/Proyectos/Psiquiatria/Clasificación Final/Ansiedad/wav/0/023_recortado_denoised.wav,0
023_recortado_denoised__seg16,023,023_recortado_denoised.wav,16,/home/ci2dt2-ai/Proyectos/Psiquiatria/Clasificación Final/Ansiedad/wav/0/023_recortado_denoised.wav,0
023_recortado_denoised__seg17,023,023_recortado_denoised.wav,17,/home/ci2dt2-ai/Proyectos/Psiquiatria/Clasificación Final/Ansiedad/wav/0/023_recortado_denoised.wav,0
023_recortado_denoised__seg18,023,023_recortado_denoised.wav,18,/home/ci2dt2-ai/Proyectos/Psiquiatria/Clasificación Final/Ansiedad/wav/0/023_recortado_denoised.wav,0
023_recortado_denoised__seg19,023,023_recortado_denoised.wav,19,/home/ci2dt2-ai/Proyectos/Psiquiatria/Clasificación Final/Ansiedad/wav/0/023_recortado_denoised.wav,0
023_recortado_denoised__seg20,023,023_recortado_denoised.wav,20,/home/ci2dt2-ai/Proyectos/Psiquiatria/Clasificación Final/Ansiedad/wav/0/023_recortado_denoised.wav,0
023_recortado_denoised__seg21,023,023_recortado_denoised.wav,21,/home/ci2dt2-ai/Proyectos/Psiquiatria/Clasificación Final/Ansiedad/wav/0/023_recortado_denoised.wav,0
023_recortado_denoised__seg22,023,023_recortado_denoised.wav,22,/home/ci2dt2-ai/Proyectos/Psiquiatria/Clasificación Final/Ansiedad/wav/0/023_recortado_denoised.wav,0
023_recortado_denoised__seg23,023,023_recortado_denoised.wav,23,/home/ci2dt2-ai/Proyectos/Psiquiatria/Clasificación Final/Ansiedad/wav/0/023_recortado_denoised.wav,0
023_recortado_denoised__seg24,023,023_recortado_denoised.wav,24,/home/ci2dt2-ai/Proyectos/Psiquiatria/Clasificación Final/Ansiedad/wav/0/023_recortado_denoised.wav,0
023_recortado_denoised__seg25,023,023_recortado_denoised.wav,25,/home/ci2dt2-ai/Proyectos/Psiquiatria/Clasificación Final/Ansiedad/wav/0/023_recortado_denoised.wav,0
023_recortado_denoised__seg26,023,023_recortado_denoised.wav,26,/home/ci2dt2-ai/Proyectos/Psiquiatria/Clasificación Final/Ansiedad/wav/0/023_recortado_denoised.wav,0
023_recortado_denoised__seg27,023,023_recortado_denoised.wav,27,/home/ci2dt2-ai/Proyectos/Psiquiatria/Clasificación Final/Ansiedad/wav/0/023_recortado_denoised.wav,0
023_recortado_denoised__seg28,023,023_recortado_denoised.wav,28,/home/ci2dt2-ai/Proyectos/Psiquiatria/Clasificación Final/Ansiedad/wav/0/023_recortado_denoised.wav,0
023_recortado_denoised__seg29,023,023_recortado_denoised.wav,29,/home/ci2dt2-ai/Proyectos/Psiquiatria/Clasificación Final/Ansiedad/wav/0/023_recortado_denoised.wav,0
023_recortado_denoised__seg30,023,023_recortado_denoised.wav,30,/home/ci2dt2-ai/Proyectos/Psiquiatria/Clasificación Final/Ansiedad/wav/0/023_recortado_denoised.wav,0
023_recortado_denoised__seg31,023,023_recortado_denoised.wav,31,/home/ci2dt2-ai/Proyectos/Psiquiatria/Clasificación Final/Ansiedad/wav/0/023_recortado_denoised.wav,0
023_recortado_denoised__seg32,023,023_recortado_denoised.wav,32,/home/ci2dt2-ai/Proyectos/Psiquiatria/Clasificación Final/Ansiedad/wav/0/023_recortado_denoised.wav,0
023_recortado_denoised__seg33,023,023_recortado_denoised.wav,33,/home/ci2dt2-ai/Proyectos/Psiquiatria/Clasificación Final/Ansiedad/wav/0/023_recortado_denoised.wav,0
023_recortado_denoised__seg34,023,023_recortado_denoised.wav,34,/home/ci2dt2-ai/Proyectos/Psiquiatria/Clasificación Final/Ansiedad/wav/0/023_recortado_denoised.wav,0
023_recortado_denoised__seg35,023,023_recortado_denoised.wav,35,/home/ci2dt2-ai/Proyectos/Psiquiatria/Clasificación Final/Ansiedad/wav/0/023_recortado_denoised.wav,0
023_recortado_denoised__seg36,023,023_recortado_denoised.wav,36,/home/ci2dt2-ai/Proyectos/Psiquiatria/Clasificación Final/Ansiedad/wav/0/023_recortado_denoised.wav,0
023_recortado_denoised__seg37,023,023_recortado_denoised.wav,37,/home/ci2dt2-ai/Proyectos/Psiquiatria/Clasificación Final/Ansiedad/wav/0/023_recortado_denoised.wav,0
023_recortado_denoised__seg38,023,023_recortado_denoised.wav,38,/home/ci2dt2-ai/Proyectos/Psiquiatria/Clasificación Final/Ansiedad/wav/0/023_recortado_denoised.wav,0
023_recortado_denoised__seg39,023,023_recortado_denoised.wav,39,/home/ci2dt2-ai/Proyectos/Psiquiatria/Clasificación Final/Ansiedad/wav/0/023_recortado_denoised.wav,0
023_recortado_denoised__seg40,023,023_recortado_denoised.wav,40,/home/ci2dt2-ai/Proyectos/Psiquiatria/Clasificación Final/Ansiedad/wav/0/023_recortado_denoised.wav,0
023_recortado_denoised__seg41,023,023_recortado_denoised.wav,41,/home/ci2dt2-ai/Proyectos/Psiquiatria/Clasificación Final/Ansiedad/wav/0/023_recortado_denoised.wav,0
023_recortado_denoised__seg42,023,023_recortado_denoised.wav,42,/home/ci2dt2-ai/Proyectos/Psiquiatria/Clasificación Final/Ansiedad/wav/0/023_recortado_denoised.wav,0
023_recortado_denoised__seg43,023,023_recortado_denoised.wav,43,/home/ci2dt2-ai/Proyectos/Psiquiatria/Clasificación Final/Ansiedad/wav/0/023_recortado_denoised.wav,0
023_recortado_denoised__seg44,023,023_recortado_denoised.wav,44,/home/ci2dt2-ai/Proyectos/Psiquiatria/Clasificación Final/Ansiedad/wav/0/023_recortado_denoised.wav,0
023_recortado_denoised__seg45,023,023_recortado_denoised.wav,45,/home/ci2dt2-ai/Proyectos/Psiquiatria/Clasificación Final/Ansiedad/wav/0/023_recortado_denoised.wav,0
023_recortado_denoised__seg46,023,023_recortado_denoised.wav,46,/home/ci2dt2-ai/Proyectos/Psiquiatria/Clasificación Final/Ansiedad/wav/0/023_recortado_denoised.wav,0
023_recortado_denoised__seg47,023,023_recortado_denoised.wav,47,/home/ci2dt2-ai/Proyectos/Psiquiatria/Clasificación Final/Ansiedad/wav/0/023_recortado_denoised.wav,0
023_recortado_denoised__seg48,023,023_recortado_denoised.wav,48,/home/ci2dt2-ai/Proyectos/Psiquiatria/Clasificación Final/Ansiedad/wav/0/023_recortado_denoised.wav,0
023_recortado_denoised__seg49,023,023_recortado_denoised.wav,49,/home/ci2dt2-ai/Proyectos/Psiquiatria/Clasificación Final/Ansiedad/wav/0/023_recortado_denoised.wav,0
023_recortado_denoised__seg50,023,023_recortado_denoised.wav,50,/home/ci2dt2-ai/Proyectos/Psiquiatria/Clasificación Final/Ansiedad/wav/0/023_recortado_denoised.wav,0
023_recortado_denoised__seg51,023,023_recortado_denoised.wav,51,/home/ci2dt2-ai/Proyectos/Psiquiatria/Clasificación Final/Ansiedad/wav/0/023_recortado_denoised.wav,0
023_recortado_denoised__seg52,023,023_recortado_denoised.wav,52,/home/ci2dt2-ai/Proyectos/Psiquiatria/Clasificación Final/Ansiedad/wav/0/023_recortado_denoised.wav,0
023_recortado_denoised__seg53,023,023_recortado_denoised.wav,53,/home/ci2dt2-ai/Proyectos/Psiquiatria/Clasificación Final/Ansiedad/wav/0/023_recortado_denoised.wav,0
023_recortado_denoised__seg54,023,023_recortado_denoised.wav,54,/home/ci2dt2-ai/Proyectos/Psiquiatria/Clasificación Final/Ansiedad/wav/0/023_recortado_denoised.wav,0
023_recortado_denoised__seg55,023,023_recortado_denoised.wav,55,/home/ci2dt2-ai/Proyectos/Psiquiatria/Clasificación Final/Ansiedad/wav/0/023_recortado_denoised.wav,0
023_recortado_denoised__seg56,023,023_recortado_denoised.wav,56,/home/ci2dt2-ai/Proyectos/Psiquiatria/Clasificación Final/Ansiedad/wav/0/023_recortado_denoised.wav,0
023_recortado_denoised__seg57,023,023_recortado_denoised.wav,57,/home/ci2dt2-ai/Proyectos/Psiquiatria/Clasificación Final/Ansiedad/wav/0/023_recortado_denoised.wav,0
023_recortado_denoised__seg58,023,023_recortado_denoised.wav,58,/home/ci2dt2-ai/Proyectos/Psiquiatria/Clasificación Final/Ansiedad/wav/0/023_recortado_denoised.wav,0
023_recortado_denoised__seg59,023,023_recortado_denoised.wav,59,/home/ci2dt2-ai/Proyectos/Psiquiatria/Clasificación Final/Ansiedad/wav/0/023_recortado_denoised.wav,0
023_recortado_denoised__seg60,023,023_recortado_denoised.wav,60,/home/ci2dt2-ai/Proyectos/Psiquiatria/Clasificación Final/Ansiedad/wav/0/023_recortado_denoised.wav,0
023_recortado_denoised__seg61,023,023_recortado_denoised.wav,61,/home/ci2dt2-ai/Proyectos/Psiquiatria/Clasificación Final/Ansiedad/wav/0/023_recortado_denoised.wav,0
023_recortado_denoised__seg62,023,023_recortado_denoised.wav,62,/home/ci2dt2-ai/Proyectos/Psiquiatria/Clasificación Final/Ansiedad/wav/0/023_recortado_denoised.wav,0
023_recortado_denoised__seg63,023,023_recortado_denoised.wav,63,/home/ci2dt2-ai/Proyectos/Psiquiatria/Clasificación Final/Ansiedad/wav/0/023_recortado_denoised.wav,0
023_recortado_denoised__seg64,023,023_recortado_denoised.wav,64,/home/ci2dt2-ai/Proyectos/Psiquiatria/Clasificación Final/Ansiedad/wav/0/023_recortado_denoised.wav,0
023_recortado_denoised__seg65,023,023_recortado_denoised.wav,65,/home/ci2dt2-ai/Proyectos/Psiquiatria/Clasificación Final/Ansiedad/wav/0/023_recortado_denoised.wav,0
023_recortado_denoised__seg66,023,023_recortado_denoised.wav,66,/home/ci2dt2-ai/Proyectos/Psiquiatria/Clasificación Final/Ansiedad/wav/0/023_recortado_denoised.wav,0
023_recortado_denoised__seg67,023,023_recortado_denoised.wav,67,/home/ci2dt2-ai/Proyectos/Psiquiatria/Clasificación Final/Ansiedad/wav/0/023_recortado_denoised.wav,0
023_recortado_denoised__seg68,023,023_recortado_denoised.wav,68,/home/ci2dt2-ai/Proyectos/Psiquiatria/Clasificación Final/Ansiedad/wav/0/023_recortado_denoised.wav,0
023_recortado_denoised__seg69,023,023_recortado_denoised.wav,69,/home/ci2dt2-ai/Proyectos/Psiquiatria/Clasificación Final/Ansiedad/wav/0/023_recortado_denoised.wav,0
023_recortado_denoised__seg70,023,023_recortado_denoised.wav,70,/home/ci2dt2-ai/Proyectos/Psiquiatria/Clasificación Final/Ansiedad/wav/0/023_recortado_denoised.wav,0
023_recortado_denoised__seg71,023,023_recortado_denoised.wav,71,/home/ci2dt2-ai/Proyectos/Psiquiatria/Clasificación Final/Ansiedad/wav/0/023_recortado_denoised.wav,0
023_recortado_denoised__seg72,023,023_recortado_denoised.wav,72,/home/ci2dt2-ai/Proyectos/Psiquiatria/Clasificación Final/Ansiedad/wav/0/023_recortado_denoised.wav,0
023_recortado_denoised__seg73,023,023_recortado_denoised.wav,73,/home/ci2dt2-ai/Proyectos/Psiquiatria/Clasificación Final/Ansiedad/wav/0/023_recortado_denoised.wav,0
023_recortado_denoised__seg74,023,023_recortado_denoised.wav,74,/home/ci2dt2-ai/Proyectos/Psiquiatria/Clasificación Final/Ansiedad/wav/0/023_recortado_denoised.wav,0
023_recortado_denoised__seg75,023,023_recortado_denoised.wav,75,/home/ci2dt2-ai/Proyectos/Psiquiatria/Clasificación Final/Ansiedad/wav/0/023_recortado_denoised.wav,0
023_recortado_denoised__seg76,023,023_recortado_denoised.wav,76,/home/ci2dt2-ai/Proyectos/Psiquiatria/Clasificación Final/Ansiedad/wav/0/023_recortado_denoised.wav,0
023_recortado_denoised__seg77,023,023_recortado_denoised.wav,77,/home/ci2dt2-ai/Proyectos/Psiquiatria/Clasificación Final/Ansiedad/wav/0/023_recortado_denoised.wav,0
023_recortado_denoised__seg78,023,023_recortado_denoised.wav,78,/home/ci2dt2-ai/Proyectos/Psiquiatria/Clasificación Final/Ansiedad/wav/0/023_recortado_denoised.wav,0
023_recortado_denoised__seg79,023,023_recortado_denoised.wav,79,/home/ci2dt2-ai/Proyectos/Psiquiatria/Clasificación Final/Ansiedad/wav/0/023_recortado_denoised.wav,0
023_recortado_denoised__seg80,023,023_recortado_denoised.wav,80,/home/ci2dt2-ai/Proyectos/Psiquiatria/Clasificación Final/Ansiedad/wav/0/023_recortado_denoised.wav,0
023_recortado_denoised__seg81,023,023_recortado_denoised.wav,81,/home/ci2dt2-ai/Proyectos/Psiquiatria/Clasificación Final/Ansiedad/wav/0/023_recortado_denoised.wav,0
023_recortado_denoised__seg82,023,023_recortado_denoised.wav,82,/home/ci2dt2-ai/Proyectos/Psiquiatria/Clasificación Final/Ansiedad/wav/0/023_recortado_denoised.wav,0
023_recortado_denoised__seg83,023,023_recortado_denoised.wav,83,/home/ci2dt2-ai/Proyectos/Psiquiatria/Clasificación Final/Ansiedad/wav/0/023_recortado_denoised.wav,0
023_recortado_denoised__seg84,023,023_recortado_denoised.wav,84,/home/ci2dt2-ai/Proyectos/Psiquiatria/Clasificación Final/Ansiedad/wav/0/023_recortado_denoised.wav,0
023_recortado_denoised__seg85,023,023_recortado_denoised.wav,85,/home/ci2dt2-ai/Proyectos/Psiquiatria/Clasificación Final/Ansiedad/wav/0/023_recortado_denoised.wav,0
023_recortado_denoised__seg86,023,023_recortado_denoised.wav,86,/home/ci2dt2-ai/Proyectos/Psiquiatria/Clasificación Final/Ansiedad/wav/0/023_recortado_denoised.wav,0
023_recortado_denoised__seg87,023,023_recortado_denoised.wav,87,/home/ci2dt2-ai/Proyectos/Psiquiatria/Clasificación Final/Ansiedad/wav/0/023_recortado_denoised.wav,0
023_recortado_denoised__seg88,023,023_recortado_denoised.wav,88,/home/ci2dt2-ai/Proyectos/Psiquiatria/Clasificación Final/Ansiedad/wav/0/023_recortado_denoised.wav,0
023_recortado_denoised__seg89,023,023_recortado_denoised.wav,89,/home/ci2dt2-ai/Proyectos/Psiquiatria/Clasificación Final/Ansiedad/wav/0/023_recortado_denoised.wav,0
023_recortado_denoised__seg90,023,023_recortado_denoised.wav,90,/home/ci2dt2-ai/Proyectos/Psiquiatria/Clasificación Final/Ansiedad/wav/0/023_recortado_denoised.wav,0
023_recortado_denoised__seg91,023,023_recortado_denoised.wav,91,/home/ci2dt2-ai/Proyectos/Psiquiatria/Clasificación Final/Ansiedad/wav/0/023_recortado_denoised.wav,0
023_recortado_denoised__seg92,023,023_recortado_denoised.wav,92,/home/ci2dt2-ai/Proyectos/Psiquiatria/Clasificación Final/Ansiedad/wav/0/023_recortado_denoised.wav,0
023_recortado_denoised__seg93,023,023_recortado_denoised.wav,93,/home/ci2dt2-ai/Proyectos/Psiquiatria/Clasificación Final/Ansiedad/wav/0/023_recortado_denoised.wav,0
023_recortado_denoised__seg94,023,023_recortado_denoised.wav,94,/home/ci2dt2-ai/Proyectos/Psiquiatria/Clasificación Final/Ansiedad/wav/0/023_recortado_denoised.wav,0
023_recortado_denoised__seg95,023,023_recortado_denoised.wav,95,/home/ci2dt2-ai/Proyectos/Psiquiatria/Clasificación Final/Ansiedad/wav/0/023_recortado_denoised.wav,0
023_recortado_denoised__seg96,023,023_recortado_denoised.wav,96,/home/ci2dt2-ai/Proyectos/Psiquiatria/Clasificación Final/Ansiedad/wav/0/023_recortado_denoised.wav,0
023_recortado_denoised__seg97,023,023_recortado_denoised.wav,97,/home/ci2dt2-ai/Proyectos/Psiquiatria/Clasificación Final/Ansiedad/wav/0/023_recortado_denoised.wav,0
023_recortado_denoised__seg98,023,023_recortado_denoised.wav,98,/home/ci2dt2-ai/Proyectos/Psiquiatria/Clasificación Final/Ansiedad/wav/0/023_recortado_denoised.wav,0
024_recortado_denoised__seg0,024,024_recortado_denoised.wav,0,/home/ci2dt2-ai/Proyectos/Psiquiatria/Clasificación Final/Ansiedad/wav/0/024_recortado_denoised.wav,0
024_recortado_denoised__seg1,024,024_recortado_denoised.wav,1,/home/ci2dt2-ai/Proyectos/Psiquiatria/Clasificación Final/Ansiedad/wav/0/024_recortado_denoised.wav,0
024_recortado_denoised__seg2,024,024_recortado_denoised.wav,2,/home/ci2dt2-ai/Proyectos/Psiquiatria/Clasificación Final/Ansiedad/wav/0/024_recortado_denoised.wav,0
024_recortado_denoised__seg3,024,024_recortado_denoised.wav,3,/home/ci2dt2-ai/Proyectos/Psiquiatria/Clasificación Final/Ansiedad/wav/0/024_recortado_denoised.wav,0
024_recortado_denoised__seg4,024,024_recortado_denoised.wav,4,/home/ci2dt2-ai/Proyectos/Psiquiatria/Clasificación Final/Ansiedad/wav/0/024_recortado_denoised.wav,0
024_recortado_denoised__seg5,024,024_recortado_denoised.wav,5,/home/ci2dt2-ai/Proyectos/Psiquiatria/Clasificación Final/Ansiedad/wav/0/024_recortado_denoised.wav,0
024_recortado_denoised__seg6,024,024_recortado_denoised.wav,6,/home/ci2dt2-ai/Proyectos/Psiquiatria/Clasificación Final/Ansiedad/wav/0/024_recortado_denoised.wav,0
024_recortado_denoised__seg7,024,024_recortado_denoised.wav,7,/home/ci2dt2-ai/Proyectos/Psiquiatria/Clasificación Final/Ansiedad/wav/0/024_recortado_denoised.wav,0
024_recortado_denoised__seg8,024,024_recortado_denoised.wav,8,/home/ci2dt2-ai/Proyectos/Psiquiatria/Clasificación Final/Ansiedad/wav/0/024_recortado_denoised.wav,0
024_recortado_denoised__seg9,024,024_recortado_denoised.wav,9,/home/ci2dt2-ai/Proyectos/Psiquiatria/Clasificación Final/Ansiedad/wav/0/024_recortado_denoised.wav,0
024_recortado_denoised__seg10,024,024_recortado_denoised.wav,10,/home/ci2dt2-ai/Proyectos/Psiquiatria/Clasificación Final/Ansiedad/wav/0/024_recortado_denoised.wav,0
024_recortado_denoised__seg11,024,024_recortado_denoised.wav,11,/home/ci2dt2-ai/Proyectos/Psiquiatria/Clasificación Final/Ansiedad/wav/0/024_recortado_denoised.wav,0
024_recortado_denoised__seg12,024,024_recortado_denoised.wav,12,/home/ci2dt2-ai/Proyectos/Psiquiatria/Clasificación Final/Ansiedad/wav/0/024_recortado_denoised.wav,0
024_recortado_denoised__seg13,024,024_recortado_denoised.wav,13,/home/ci2dt2-ai/Proyectos/Psiquiatria/Clasificación Final/Ansiedad/wav/0/024_recortado_denoised.wav,0
024_recortado_denoised__seg14,024,024_recortado_denoised.wav,14,/home/ci2dt2-ai/Proyectos/Psiquiatria/Clasificación Final/Ansiedad/wav/0/024_recortado_denoised.wav,0
024_recortado_denoised__seg15,024,024_recortado_denoised.wav,15,/home/ci2dt2-ai/Proyectos/Psiquiatria/Clasificación Final/Ansiedad/wav/0/024_recortado_denoised.wav,0
024_recortado_denoised__seg16,024,024_recortado_denoised.wav,16,/home/ci2dt2-ai/Proyectos/Psiquiatria/Clasificación Final/Ansiedad/wav/0/024_recortado_denoised.wav,0
024_recortado_denoised__seg17,024,024_recortado_denoised.wav,17,/home/ci2dt2-ai/Proyectos/Psiquiatria/Clasificación Final/Ansiedad/wav/0/024_recortado_denoised.wav,0
024_recortado_denoised__seg18,024,024_recortado_denoised.wav,18,/home/ci2dt2-ai/Proyectos/Psiquiatria/Clasificación Final/Ansiedad/wav/0/024_recortado_denoised.wav,0
024_recortado_denoised__seg19,024,024_recortado_denoised.wav,19,/home/ci2dt2-ai/Proyectos/Psiquiatria/Clasificación Final/Ansiedad/wav/0/024_recortado_denoised.wav,0
024_recortado_denoised__seg20,024,024_recortado_denoised.wav,20,/home/ci2dt2-ai/Proyectos/Psiquiatria/Clasificación Final/Ansiedad/wav/0/024_recortado_denoised.wav,0
024_recortado_denoised__seg21,024,024_recortado_denoised.wav,21,/home/ci2dt2-ai/Proyectos/Psiquiatria/Clasificación Final/Ansiedad/wav/0/024_recortado_denoised.wav,0
024_recortado_denoised__seg22,024,024_recortado_denoised.wav,22,/home/ci2dt2-ai/Proyectos/Psiquiatria/Clasificación Final/Ansiedad/wav/0/024_recortado_denoised.wav,0
024_recortado_denoised__seg23,024,024_recortado_denoised.wav,23,/home/ci2dt2-ai/Proyectos/Psiquiatria/Clasificación Final/Ansiedad/wav/0/024_recortado_denoised.wav,0
024_recortado_denoised__seg24,024,024_recortado_denoised.wav,24,/home/ci2dt2-ai/Proyectos/Psiquiatria/Clasificación Final/Ansiedad/wav/0/024_recortado_denoised.wav,0
024_recortado_denoised__seg25,024,024_recortado_denoised.wav,25,/home/ci2dt2-ai/Proyectos/Psiquiatria/Clasificación Final/Ansiedad/wav/0/024_recortado_denoised.wav,0
024_recortado_denoised__seg26,024,024_recortado_denoised.wav,26,/home/ci2dt2-ai/Proyectos/Psiquiatria/Clasificación Final/Ansiedad/wav/0/024_recortado_denoised.wav,0
024_recortado_denoised__seg27,024,024_recortado_denoised.wav,27,/home/ci2dt2-ai/Proyectos/Psiquiatria/Clasificación Final/Ansiedad/wav/0/024_recortado_denoised.wav,0
024_recortado_denoised__seg28,024,024_recortado_denoised.wav,28,/home/ci2dt2-ai/Proyectos/Psiquiatria/Clasificación Final/Ansiedad/wav/0/024_recortado_denoised.wav,0
024_recortado_denoised__seg29,024,024_recortado_denoised.wav,29,/home/ci2dt2-ai/Proyectos/Psiquiatria/Clasificación Final/Ansiedad/wav/0/024_recortado_denoised.wav,0
024_recortado_denoised__seg30,024,024_recortado_denoised.wav,30,/home/ci2dt2-ai/Proyectos/Psiquiatria/Clasificación Final/Ansiedad/wav/0/024_recortado_denoised.wav,0
024_recortado_denoised__seg31,024,024_recortado_denoised.wav,31,/home/ci2dt2-ai/Proyectos/Psiquiatria/Clasificación Final/Ansiedad/wav/0/024_recortado_denoised.wav,0
024_recortado_denoised__seg32,024,024_recortado_denoised.wav,32,/home/ci2dt2-ai/Proyectos/Psiquiatria/Clasificación Final/Ansiedad/wav/0/024_recortado_denoised.wav,0
024_recortado_denoised__seg33,024,024_recortado_denoised.wav,33,/home/ci2dt2-ai/Proyectos/Psiquiatria/Clasificación Final/Ansiedad/wav/0/024_recortado_denoised.wav,0
024_recortado_denoised__seg34,024,024_recortado_denoised.wav,34,/home/ci2dt2-ai/Proyectos/Psiquiatria/Clasificación Final/Ansiedad/wav/0/024_recortado_denoised.wav,0
024_recortado_denoised__seg35,024,024_recortado_denoised.wav,35,/home/ci2dt2-ai/Proyectos/Psiquiatria/Clasificación Final/Ansiedad/wav/0/024_recortado_denoised.wav,0
024_recortado_denoised__seg36,024,024_recortado_denoised.wav,36,/home/ci2dt2-ai/Proyectos/Psiquiatria/Clasificación Final/Ansiedad/wav/0/024_recortado_denoised.wav,0
024_recortado_denoised__seg37,024,024_recortado_denoised.wav,37,/home/ci2dt2-ai/Proyectos/Psiquiatria/Clasificación Final/Ansiedad/wav/0/024_recortado_denoised.wav,0
024_recortado_denoised__seg38,024,024_recortado_denoised.wav,38,/home/ci2dt2-ai/Proyectos/Psiquiatria/Clasificación Final/Ansiedad/wav/0/024_recortado_denoised.wav,0
024_recortado_denoised__seg39,024,024_recortado_denoised.wav,39,/home/ci2dt2-ai/Proyectos/Psiquiatria/Clasificación Final/Ansiedad/wav/0/024_recortado_denoised.wav,0
024_recortado_denoised__seg40,024,024_recortado_denoised.wav,40,/home/ci2dt2-ai/Proyectos/Psiquiatria/Clasificación Final/Ansiedad/wav/0/024_recortado_denoised.wav,0
024_recortado_denoised__seg41,024,024_recortado_denoised.wav,41,/home/ci2dt2-ai/Proyectos/Psiquiatria/Clasificación Final/Ansiedad/wav/0/024_recortado_denoised.wav,0
024_recortado_denoised__seg42,024,024_recortado_denoised.wav,42,/home/ci2dt2-ai/Proyectos/Psiquiatria/Clasificación Final/Ansiedad/wav/0/024_recortado_denoised.wav,0
024_recortado_denoised__seg43,024,024_recortado_denoised.wav,43,/home/ci2dt2-ai/Proyectos/Psiquiatria/Clasificación Final/Ansiedad/wav/0/024_recortado_denoised.wav,0
024_recortado_denoised__seg44,024,024_recortado_denoised.wav,44,/home/ci2dt2-ai/Proyectos/Psiquiatria/Clasificación Final/Ansiedad/wav/0/024_recortado_denoised.wav,0
024_recortado_denoised__seg45,024,024_recortado_denoised.wav,45,/home/ci2dt2-ai/Proyectos/Psiquiatria/Clasificación Final/Ansiedad/wav/0/024_recortado_denoised.wav,0
024_recortado_denoised__seg46,024,024_recortado_denoised.wav,46,/home/ci2dt2-ai/Proyectos/Psiquiatria/Clasificación Final/Ansiedad/wav/0/024_recortado_denoised.wav,0
024_recortado_denoised__seg47,024,024_recortado_denoised.wav,47,/home/ci2dt2-ai/Proyectos/Psiquiatria/Clasificación Final/Ansiedad/wav/0/024_recortado_denoised.wav,0
024_recortado_denoised__seg48,024,024_recortado_denoised.wav,48,/home/ci2dt2-ai/Proyectos/Psiquiatria/Clasificación Final/Ansiedad/wav/0/024_recortado_denoised.wav,0
024_recortado_denoised__seg49,024,024_recortado_denoised.wav,49,/home/ci2dt2-ai/Proyectos/Psiquiatria/Clasificación Final/Ansiedad/wav/0/024_recortado_denoised.wav,0
024_recortado_denoised__seg50,024,024_recortado_denoised.wav,50,/home/ci2dt2-ai/Proyectos/Psiquiatria/Clasificación Final/Ansiedad/wav/0/024_recortado_denoised.wav,0
024_recortado_denoised__seg51,024,024_recortado_denoised.wav,51,/home/ci2dt2-ai/Proyectos/Psiquiatria/Clasificación Final/Ansiedad/wav/0/024_recortado_denoised.wav,0
024_recortado_denoised__seg52,024,024_recortado_denoised.wav,52,/home/ci2dt2-ai/Proyectos/Psiquiatria/Clasificación Final/Ansiedad/wav/0/024_recortado_denoised.wav,0
024_recortado_denoised__seg53,024,024_recortado_denoised.wav,53,/home/ci2dt2-ai/Proyectos/Psiquiatria/Clasificación Final/Ansiedad/wav/0/024_recortado_denoised.wav,0
024_recortado_denoised__seg54,024,024_recortado_denoised.wav,54,/home/ci2dt2-ai/Proyectos/Psiquiatria/Clasificación Final/Ansiedad/wav/0/024_recortado_denoised.wav,0
024_recortado_denoised__seg55,024,024_recortado_denoised.wav,55,/home/ci2dt2-ai/Proyectos/Psiquiatria/Clasificación Final/Ansiedad/wav/0/024_recortado_denoised.wav,0
024_recortado_denoised__seg56,024,024_recortado_denoised.wav,56,/home/ci2dt2-ai/Proyectos/Psiquiatria/Clasificación Final/Ansiedad/wav/0/024_recortado_denoised.wav,0
024_recortado_denoised__seg57,024,024_recortado_denoised.wav,57,/home/ci2dt2-ai/Proyectos/Psiquiatria/Clasificación Final/Ansiedad/wav/0/024_recortado_denoised.wav,0
024_recortado_denoised__seg58,024,024_recortado_denoised.wav,58,/home/ci2dt2-ai/Proyectos/Psiquiatria/Clasificación Final/Ansiedad/wav/0/024_recortado_denoised.wav,0
024_recortado_denoised__seg59,024,024_recortado_denoised.wav,59,/home/ci2dt2-ai/Proyectos/Psiquiatria/Clasificación Final/Ansiedad/wav/0/024_recortado_denoised.wav,0
024_recortado_denoised__seg60,024,024_recortado_denoised.wav,60,/home/ci2dt2-ai/Proyectos/Psiquiatria/Clasificación Final/Ansiedad/wav/0/024_recortado_denoised.wav,0
024_recortado_denoised__seg61,024,024_recortado_denoised.wav,61,/home/ci2dt2-ai/Proyectos/Psiquiatria/Clasificación Final/Ansiedad/wav/0/024_recortado_denoised.wav,0
024_recortado_denoised__seg62,024,024_recortado_denoised.wav,62,/home/ci2dt2-ai/Proyectos/Psiquiatria/Clasificación Final/Ansiedad/wav/0/024_recortado_denoised.wav,0
024_recortado_denoised__seg63,024,024_recortado_denoised.wav,63,/home/ci2dt2-ai/Proyectos/Psiquiatria/Clasificación Final/Ansiedad/wav/0/024_recortado_denoised.wav,0
024_recortado_denoised__seg64,024,024_recortado_denoised.wav,64,/home/ci2dt2-ai/Proyectos/Psiquiatria/Clasificación Final/Ansiedad/wav/0/024_recortado_denoised.wav,0
024_recortado_denoised__seg65,024,024_recortado_denoised.wav,65,/home/ci2dt2-ai/Proyectos/Psiquiatria/Clasificación Final/Ansiedad/wav/0/024_recortado_denoised.wav,0
024_recortado_denoised__seg66,024,024_recortado_denoised.wav,66,/home/ci2dt2-ai/Proyectos/Psiquiatria/Clasificación Final/Ansiedad/wav/0/024_recortado_denoised.wav,0
024_recortado_denoised__seg67,024,024_recortado_denoised.wav,67,/home/ci2dt2-ai/Proyectos/Psiquiatria/Clasificación Final/Ansiedad/wav/0/024_recortado_denoised.wav,0
024_recortado_denoised__seg68,024,024_recortado_denoised.wav,68,/home/ci2dt2-ai/Proyectos/Psiquiatria/Clasificación Final/Ansiedad/wav/0/024_recortado_denoised.wav,0
024_recortado_denoised__seg69,024,024_recortado_denoised.wav,69,/home/ci2dt2-ai/Proyectos/Psiquiatria/Clasificación Final/Ansiedad/wav/0/024_recortado_denoised.wav,0
024_recortado_denoised__seg70,024,024_recortado_denoised.wav,70,/home/ci2dt2-ai/Proyectos/Psiquiatria/Clasificación Final/Ansiedad/wav/0/024_recortado_denoised.wav,0
024_recortado_denoised__seg71,024,024_recortado_denoised.wav,71,/home/ci2dt2-ai/Proyectos/Psiquiatria/Clasificación Final/Ansiedad/wav/0/024_recortado_denoised.wav,0
024_recortado_denoised__seg72,024,024_recortado_denoised.wav,72,/home/ci2dt2-ai/Proyectos/Psiquiatria/Clasificación Final/Ansiedad/wav/0/024_recortado_denoised.wav,0
024_recortado_denoised__seg73,024,024_recortado_denoised.wav,73,/home/ci2dt2-ai/Proyectos/Psiquiatria/Clasificación Final/Ansiedad/wav/0/024_recortado_denoised.wav,0
024_recortado_denoised__seg74,024,024_recortado_denoised.wav,74,/home/ci2dt2-ai/Proyectos/Psiquiatria/Clasificación Final/Ansiedad/wav/0/024_recortado_denoised.wav,0
024_recortado_denoised__seg75,024,024_recortado_denoised.wav,75,/home/ci2dt2-ai/Proyectos/Psiquiatria/Clasificación Final/Ansiedad/wav/0/024_recortado_denoised.wav,0
024_recortado_denoised__seg76,024,024_recortado_denoised.wav,76,/home/ci2dt2-ai/Proyectos/Psiquiatria/Clasificación Final/Ansiedad/wav/0/024_recortado_denoised.wav,0
024_recortado_denoised__seg77,024,024_recortado_denoised.wav,77,/home/ci2dt2-ai/Proyectos/Psiquiatria/Clasificación Final/Ansiedad/wav/0/024_recortado_denoised.wav,0
024_recortado_denoised__seg78,024,024_recortado_denoised.wav,78,/home/ci2dt2-ai/Proyectos/Psiquiatria/Clasificación Final/Ansiedad/wav/0/024_recortado_denoised.wav,0
024_recortado_denoised__seg79,024,024_recortado_denoised.wav,79,/home/ci2dt2-ai/Proyectos/Psiquiatria/Clasificación Final/Ansiedad/wav/0/024_recortado_denoised.wav,0
024_recortado_denoised__seg80,024,024_recortado_denoised.wav,80,/home/ci2dt2-ai/Proyectos/Psiquiatria/Clasificación Final/Ansiedad/wav/0/024_recortado_denoised.wav,0
024_recortado_denoised__seg81,024,024_recortado_denoised.wav,81,/home/ci2dt2-ai/Proyectos/Psiquiatria/Clasificación Final/Ansiedad/wav/0/024_recortado_denoised.wav,0
025_recortado_denoised__seg0,025,025_recortado_denoised.wav,0,/home/ci2dt2-ai/Proyectos/Psiquiatria/Clasificación Final/Ansiedad/wav/0/025_recortado_denoised.wav,0
025_recortado_denoised__seg1,025,025_recortado_denoised.wav,1,/home/ci2dt2-ai/Proyectos/Psiquiatria/Clasificación Final/Ansiedad/wav/0/025_recortado_denoised.wav,0
025_recortado_denoised__seg2,025,025_recortado_denoised.wav,2,/home/ci2dt2-ai/Proyectos/Psiquiatria/Clasificación Final/Ansiedad/wav/0/025_recortado_denoised.wav,0
025_recortado_denoised__seg3,025,025_recortado_denoised.wav,3,/home/ci2dt2-ai/Proyectos/Psiquiatria/Clasificación Final/Ansiedad/wav/0/025_recortado_denoised.wav,0
025_recortado_denoised__seg4,025,025_recortado_denoised.wav,4,/home/ci2dt2-ai/Proyectos/Psiquiatria/Clasificación Final/Ansiedad/wav/0/025_recortado_denoised.wav,0
025_recortado_denoised__seg5,025,025_recortado_denoised.wav,5,/home/ci2dt2-ai/Proyectos/Psiquiatria/Clasificación Final/Ansiedad/wav/0/025_recortado_denoised.wav,0
025_recortado_denoised__seg6,025,025_recortado_denoised.wav,6,/home/ci2dt2-ai/Proyectos/Psiquiatria/Clasificación Final/Ansiedad/wav/0/025_recortado_denoised.wav,0
025_recortado_denoised__seg7,025,025_recortado_denoised.wav,7,/home/ci2dt2-ai/Proyectos/Psiquiatria/Clasificación Final/Ansiedad/wav/0/025_recortado_denoised.wav,0
025_recortado_denoised__seg8,025,025_recortado_denoised.wav,8,/home/ci2dt2-ai/Proyectos/Psiquiatria/Clasificación Final/Ansiedad/wav/0/025_recortado_denoised.wav,0
025_recortado_denoised__seg9,025,025_recortado_denoised.wav,9,/home/ci2dt2-ai/Proyectos/Psiquiatria/Clasificación Final/Ansiedad/wav/0/025_recortado_denoised.wav,0
025_recortado_denoised__seg10,025,025_recortado_denoised.wav,10,/home/ci2dt2-ai/Proyectos/Psiquiatria/Clasificación Final/Ansiedad/wav/0/025_recortado_denoised.wav,0
025_recortado_denoised__seg11,025,025_recortado_denoised.wav,11,/home/ci2dt2-ai/Proyectos/Psiquiatria/Clasificación Final/Ansiedad/wav/0/025_recortado_denoised.wav,0
025_recortado_denoised__seg12,025,025_recortado_denoised.wav,12,/home/ci2dt2-ai/Proyectos/Psiquiatria/Clasificación Final/Ansiedad/wav/0/025_recortado_denoised.wav,0
025_recortado_denoised__seg13,025,025_recortado_denoised.wav,13,/home/ci2dt2-ai/Proyectos/Psiquiatria/Clasificación Final/Ansiedad/wav/0/025_recortado_denoised.wav,0
025_recortado_denoised__seg14,025,025_recortado_denoised.wav,14,/home/ci2dt2-ai/Proyectos/Psiquiatria/Clasificación Final/Ansiedad/wav/0/025_recortado_denoised.wav,0
025_recortado_denoised__seg15,025,025_recortado_denoised.wav,15,/home/ci2dt2-ai/Proyectos/Psiquiatria/Clasificación Final/Ansiedad/wav/0/025_recortado_denoised.wav,0
025_recortado_denoised__seg16,025,025_recortado_denoised.wav,16,/home/ci2dt2-ai/Proyectos/Psiquiatria/Clasificación Final/Ansiedad/wav/0/025_recortado_denoised.wav,0
025_recortado_denoised__seg17,025,025_recortado_denoised.wav,17,/home/ci2dt2-ai/Proyectos/Psiquiatria/Clasificación Final/Ansiedad/wav/0/025_recortado_denoised.wav,0
025_recortado_denoised__seg18,025,025_recortado_denoised.wav,18,/home/ci2dt2-ai/Proyectos/Psiquiatria/Clasificación Final/Ansiedad/wav/0/025_recortado_denoised.wav,0
025_recortado_denoised__seg19,025,025_recortado_denoised.wav,19,/home/ci2dt2-ai/Proyectos/Psiquiatria/Clasificación Final/Ansiedad/wav/0/025_recortado_denoised.wav,0
025_recortado_denoised__seg20,025,025_recortado_denoised.wav,20,/home/ci2dt2-ai/Proyectos/Psiquiatria/Clasificación Final/Ansiedad/wav/0/025_recortado_denoised.wav,0
025_recortado_denoised__seg21,025,025_recortado_denoised.wav,21,/home/ci2dt2-ai/Proyectos/Psiquiatria/Clasificación Final/Ansiedad/wav/0/025_recortado_denoised.wav,0
025_recortado_denoised__seg22,025,025_recortado_denoised.wav,22,/home/ci2dt2-ai/Proyectos/Psiquiatria/Clasificación Final/Ansiedad/wav/0/025_recortado_denoised.wav,0
025_recortado_denoised__seg23,025,025_recortado_denoised.wav,23,/home/ci2dt2-ai/Proyectos/Psiquiatria/Clasificación Final/Ansiedad/wav/0/025_recortado_denoised.wav,0
025_recortado_denoised__seg24,025,025_recortado_denoised.wav,24,/home/ci2dt2-ai/Proyectos/Psiquiatria/Clasificación Final/Ansiedad/wav/0/025_recortado_denoised.wav,0
025_recortado_denoised__seg25,025,025_recortado_denoised.wav,25,/home/ci2dt2-ai/Proyectos/Psiquiatria/Clasificación Final/Ansiedad/wav/0/025_recortado_denoised.wav,0
025_recortado_denoised__seg26,025,025_recortado_denoised.wav,26,/home/ci2dt2-ai/Proyectos/Psiquiatria/Clasificación Final/Ansiedad/wav/0/025_recortado_denoised.wav,0
025_recortado_denoised__seg27,025,025_recortado_denoised.wav,27,/home/ci2dt2-ai/Proyectos/Psiquiatria/Clasificación Final/Ansiedad/wav/0/025_recortado_denoised.wav,0
025_recortado_denoised__seg28,025,025_recortado_denoised.wav,28,/home/ci2dt2-ai/Proyectos/Psiquiatria/Clasificación Final/Ansiedad/wav/0/025_recortado_denoised.wav,0
025_recortado_denoised__seg29,025,025_recortado_denoised.wav,29,/home/ci2dt2-ai/Proyectos/Psiquiatria/Clasificación Final/Ansiedad/wav/0/025_recortado_denoised.wav,0
025_recortado_denoised__seg30,025,025_recortado_denoised.wav,30,/home/ci2dt2-ai/Proyectos/Psiquiatria/Clasificación Final/Ansiedad/wav/0/025_recortado_denoised.wav,0
025_recortado_denoised__seg31,025,025_recortado_denoised.wav,31,/home/ci2dt2-ai/Proyectos/Psiquiatria/Clasificación Final/Ansiedad/wav/0/025_recortado_denoised.wav,0
025_recortado_denoised__seg32,025,025_recortado_denoised.wav,32,/home/ci2dt2-ai/Proyectos/Psiquiatria/Clasificación Final/Ansiedad/wav/0/025_recortado_denoised.wav,0
025_recortado_denoised__seg33,025,025_recortado_denoised.wav,33,/home/ci2dt2-ai/Proyectos/Psiquiatria/Clasificación Final/Ansiedad/wav/0/025_recortado_denoised.wav,0
025_recortado_denoised__seg34,025,025_recortado_denoised.wav,34,/home/ci2dt2-ai/Proyectos/Psiquiatria/Clasificación Final/Ansiedad/wav/0/025_recortado_denoised.wav,0
025_recortado_denoised__seg35,025,025_recortado_denoised.wav,35,/home/ci2dt2-ai/Proyectos/Psiquiatria/Clasificación Final/Ansiedad/wav/0/025_recortado_denoised.wav,0
025_recortado_denoised__seg36,025,025_recortado_denoised.wav,36,/home/ci2dt2-ai/Proyectos/Psiquiatria/Clasificación Final/Ansiedad/wav/0/025_recortado_denoised.wav,0
025_recortado_denoised__seg37,025,025_recortado_denoised.wav,37,/home/ci2dt2-ai/Proyectos/Psiquiatria/Clasificación Final/Ansiedad/wav/0/025_recortado_denoised.wav,0
025_recortado_denoised__seg38,025,025_recortado_denoised.wav,38,/home/ci2dt2-ai/Proyectos/Psiquiatria/Clasificación Final/Ansiedad/wav/0/025_recortado_denoised.wav,0
025_recortado_denoised__seg39,025,025_recortado_denoised.wav,39,/home/ci2dt2-ai/Proyectos/Psiquiatria/Clasificación Final/Ansiedad/wav/0/025_recortado_denoised.wav,0
025_recortado_denoised__seg40,025,025_recortado_denoised.wav,40,/home/ci2dt2-ai/Proyectos/Psiquiatria/Clasificación Final/Ansiedad/wav/0/025_recortado_denoised.wav,0
025_recortado_denoised__seg41,025,025_recortado_denoised.wav,41,/home/ci2dt2-ai/Proyectos/Psiquiatria/Clasificación Final/Ansiedad/wav/0/025_recortado_denoised.wav,0
025_recortado_denoised__seg42,025,025_recortado_denoised.wav,42,/home/ci2dt2-ai/Proyectos/Psiquiatria/Clasificación Final/Ansiedad/wav/0/025_recortado_denoised.wav,0
025_recortado_denoised__seg43,025,025_recortado_denoised.wav,43,/home/ci2dt2-ai/Proyectos/Psiquiatria/Clasificación Final/Ansiedad/wav/0/025_recortado_denoised.wav,0
025_recortado_denoised__seg44,025,025_recortado_denoised.wav,44,/home/ci2dt2-ai/Proyectos/Psiquiatria/Clasificación Final/Ansiedad/wav/0/025_recortado_denoised.wav,0
025_recortado_denoised__seg45,025,025_recortado_denoised.wav,45,/home/ci2dt2-ai/Proyectos/Psiquiatria/Clasificación Final/Ansiedad/wav/0/025_recortado_denoised.wav,0
025_recortado_denoised__seg46,025,025_recortado_denoised.wav,46,/home/ci2dt2-ai/Proyectos/Psiquiatria/Clasificación Final/Ansiedad/wav/0/025_recortado_denoised.wav,0
025_recortado_denoised__seg47,025,025_recortado_denoised.wav,47,/home/ci2dt2-ai/Proyectos/Psiquiatria/Clasificación Final/Ansiedad/wav/0/025_recortado_denoised.wav,0
025_recortado_denoised__seg48,025,025_recortado_denoised.wav,48,/home/ci2dt2-ai/Proyectos/Psiquiatria/Clasificación Final/Ansiedad/wav/0/025_recortado_denoised.wav,0
025_recortado_denoised__seg49,025,025_recortado_denoised.wav,49,/home/ci2dt2-ai/Proyectos/Psiquiatria/Clasificación Final/Ansiedad/wav/0/025_recortado_denoised.wav,0
025_recortado_denoised__seg50,025,025_recortado_denoised.wav,50,/home/ci2dt2-ai/Proyectos/Psiquiatria/Clasificación Final/Ansiedad/wav/0/025_recortado_denoised.wav,0
025_recortado_denoised__seg51,025,025_recortado_denoised.wav,51,/home/ci2dt2-ai/Proyectos/Psiquiatria/Clasificación Final/Ansiedad/wav/0/025_recortado_denoised.wav,0
025_recortado_denoised__seg52,025,025_recortado_denoised.wav,52,/home/ci2dt2-ai/Proyectos/Psiquiatria/Clasificación Final/Ansiedad/wav/0/025_recortado_denoised.wav,0
025_recortado_denoised__seg53,025,025_recortado_denoised.wav,53,/home/ci2dt2-ai/Proyectos/Psiquiatria/Clasificación Final/Ansiedad/wav/0/025_recortado_denoised.wav,0
025_recortado_denoised__seg54,025,025_recortado_denoised.wav,54,/home/ci2dt2-ai/Proyectos/Psiquiatria/Clasificación Final/Ansiedad/wav/0/025_recortado_denoised.wav,0
025_recortado_denoised__seg55,025,025_recortado_denoised.wav,55,/home/ci2dt2-ai/Proyectos/Psiquiatria/Clasificación Final/Ansiedad/wav/0/025_recortado_denoised.wav,0
025_recortado_denoised__seg56,025,025_recortado_denoised.wav,56,/home/ci2dt2-ai/Proyectos/Psiquiatria/Clasificación Final/Ansiedad/wav/0/025_recortado_denoised.wav,0
025_recortado_denoised__seg57,025,025_recortado_denoised.wav,57,/home/ci2dt2-ai/Proyectos/Psiquiatria/Clasificación Final/Ansiedad/wav/0/025_recortado_denoised.wav,0
025_recortado_denoised__seg58,025,025_recortado_denoised.wav,58,/home/ci2dt2-ai/Proyectos/Psiquiatria/Clasificación Final/Ansiedad/wav/0/025_recortado_denoised.wav,0
025_recortado_denoised__seg59,025,025_recortado_denoised.wav,59,/home/ci2dt2-ai/Proyectos/Psiquiatria/Clasificación Final/Ansiedad/wav/0/025_recortado_denoised.wav,0
025_recortado_denoised__seg60,025,025_recortado_denoised.wav,60,/home/ci2dt2-ai/Proyectos/Psiquiatria/Clasificación Final/Ansiedad/wav/0/025_recortado_denoised.wav,0
025_recortado_denoised__seg61,025,025_recortado_denoised.wav,61,/home/ci2dt2-ai/Proyectos/Psiquiatria/Clasificación Final/Ansiedad/wav/0/025_recortado_denoised.wav,0
025_recortado_denoised__seg62,025,025_recortado_denoised.wav,62,/home/ci2dt2-ai/Proyectos/Psiquiatria/Clasificación Final/Ansiedad/wav/0/025_recortado_denoised.wav,0
025_recortado_denoised__seg63,025,025_recortado_denoised.wav,63,/home/ci2dt2-ai/Proyectos/Psiquiatria/Clasificación Final/Ansiedad/wav/0/025_recortado_denoised.wav,0
025_recortado_denoised__seg64,025,025_recortado_denoised.wav,64,/home/ci2dt2-ai/Proyectos/Psiquiatria/Clasificación Final/Ansiedad/wav/0/025_recortado_denoised.wav,0
025_recortado_denoised__seg65,025,025_recortado_denoised.wav,65,/home/ci2dt2-ai/Proyectos/Psiquiatria/Clasificación Final/Ansiedad/wav/0/025_recortado_denoised.wav,0
025_recortado_denoised__seg66,025,025_recortado_denoised.wav,66,/home/ci2dt2-ai/Proyectos/Psiquiatria/Clasificación Final/Ansiedad/wav/0/025_recortado_denoised.wav,0
025_recortado_denoised__seg67,025,025_recortado_denoised.wav,67,/home/ci2dt2-ai/Proyectos/Psiquiatria/Clasificación Final/Ansiedad/wav/0/025_recortado_denoised.wav,0
025_recortado_denoised__seg68,025,025_recortado_denoised.wav,68,/home/ci2dt2-ai/Proyectos/Psiquiatria/Clasificación Final/Ansiedad/wav/0/025_recortado_denoised.wav,0
025_recortado_denoised__seg69,025,025_recortado_denoised.wav,69,/home/ci2dt2-ai/Proyectos/Psiquiatria/Clasificación Final/Ansiedad/wav/0/025_recortado_denoised.wav,0
025_recortado_denoised__seg70,025,025_recortado_denoised.wav,70,/home/ci2dt2-ai/Proyectos/Psiquiatria/Clasificación Final/Ansiedad/wav/0/025_recortado_denoised.wav,0
025_recortado_denoised__seg71,025,025_recortado_denoised.wav,71,/home/ci2dt2-ai/Proyectos/Psiquiatria/Clasificación Final/Ansiedad/wav/0/025_recortado_denoised.wav,0
025_recortado_denoised__seg72,025,025_recortado_denoised.wav,72,/home/ci2dt2-ai/Proyectos/Psiquiatria/Clasificación Final/Ansiedad/wav/0/025_recortado_denoised.wav,0
025_recortado_denoised__seg73,025,025_recortado_denoised.wav,73,/home/ci2dt2-ai/Proyectos/Psiquiatria/Clasificación Final/Ansiedad/wav/0/025_recortado_denoised.wav,0
025_recortado_denoised__seg74,025,025_recortado_denoised.wav,74,/home/ci2dt2-ai/Proyectos/Psiquiatria/Clasificación Final/Ansiedad/wav/0/025_recortado_denoised.wav,0
025_recortado_denoised__seg75,025,025_recortado_denoised.wav,75,/home/ci2dt2-ai/Proyectos/Psiquiatria/Clasificación Final/Ansiedad/wav/0/025_recortado_denoised.wav,0
025_recortado_denoised__seg76,025,025_recortado_denoised.wav,76,/home/ci2dt2-ai/Proyectos/Psiquiatria/Clasificación Final/Ansiedad/wav/0/025_recortado_denoised.wav,0
025_recortado_denoised__seg77,025,025_recortado_denoised.wav,77,/home/ci2dt2-ai/Proyectos/Psiquiatria/Clasificación Final/Ansiedad/wav/0/025_recortado_denoised.wav,0
025_recortado_denoised__seg78,025,025_recortado_denoised.wav,78,/home/ci2dt2-ai/Proyectos/Psiquiatria/Clasificación Final/Ansiedad/wav/0/025_recortado_denoised.wav,0
025_recortado_denoised__seg79,025,025_recortado_denoised.wav,79,/home/ci2dt2-ai/Proyectos/Psiquiatria/Clasificación Final/Ansiedad/wav/0/025_recortado_denoised.wav,0
025_recortado_denoised__seg80,025,025_recortado_denoised.wav,80,/home/ci2dt2-ai/Proyectos/Psiquiatria/Clasificación Final/Ansiedad/wav/0/025_recortado_denoised.wav,0
026_recortado_denoised__seg0,026,026_recortado_denoised.wav,0,/home/ci2dt2-ai/Proyectos/Psiquiatria/Clasificación Final/Ansiedad/wav/0/026_recortado_denoised.wav,0
026_recortado_denoised__seg1,026,026_recortado_denoised.wav,1,/home/ci2dt2-ai/Proyectos/Psiquiatria/Clasificación Final/Ansiedad/wav/0/026_recortado_denoised.wav,0
026_recortado_denoised__seg2,026,026_recortado_denoised.wav,2,/home/ci2dt2-ai/Proyectos/Psiquiatria/Clasificación Final/Ansiedad/wav/0/026_recortado_denoised.wav,0
026_recortado_denoised__seg3,026,026_recortado_denoised.wav,3,/home/ci2dt2-ai/Proyectos/Psiquiatria/Clasificación Final/Ansiedad/wav/0/026_recortado_denoised.wav,0
026_recortado_denoised__seg4,026,026_recortado_denoised.wav,4,/home/ci2dt2-ai/Proyectos/Psiquiatria/Clasificación Final/Ansiedad/wav/0/026_recortado_denoised.wav,0
026_recortado_denoised__seg5,026,026_recortado_denoised.wav,5,/home/ci2dt2-ai/Proyectos/Psiquiatria/Clasificación Final/Ansiedad/wav/0/026_recortado_denoised.wav,0
026_recortado_denoised__seg6,026,026_recortado_denoised.wav,6,/home/ci2dt2-ai/Proyectos/Psiquiatria/Clasificación Final/Ansiedad/wav/0/026_recortado_denoised.wav,0
026_recortado_denoised__seg7,026,026_recortado_denoised.wav,7,/home/ci2dt2-ai/Proyectos/Psiquiatria/Clasificación Final/Ansiedad/wav/0/026_recortado_denoised.wav,0
026_recortado_denoised__seg8,026,026_recortado_denoised.wav,8,/home/ci2dt2-ai/Proyectos/Psiquiatria/Clasificación Final/Ansiedad/wav/0/026_recortado_denoised.wav,0
026_recortado_denoised__seg9,026,026_recortado_denoised.wav,9,/home/ci2dt2-ai/Proyectos/Psiquiatria/Clasificación Final/Ansiedad/wav/0/026_recortado_denoised.wav,0
026_recortado_denoised__seg10,026,026_recortado_denoised.wav,10,/home/ci2dt2-ai/Proyectos/Psiquiatria/Clasificación Final/Ansiedad/wav/0/026_recortado_denoised.wav,0
026_recortado_denoised__seg11,026,026_recortado_denoised.wav,11,/home/ci2dt2-ai/Proyectos/Psiquiatria/Clasificación Final/Ansiedad/wav/0/026_recortado_denoised.wav,0
026_recortado_denoised__seg12,026,026_recortado_denoised.wav,12,/home/ci2dt2-ai/Proyectos/Psiquiatria/Clasificación Final/Ansiedad/wav/0/026_recortado_denoised.wav,0
026_recortado_denoised__seg13,026,026_recortado_denoised.wav,13,/home/ci2dt2-ai/Proyectos/Psiquiatria/Clasificación Final/Ansiedad/wav/0/026_recortado_denoised.wav,0
026_recortado_denoised__seg14,026,026_recortado_denoised.wav,14,/home/ci2dt2-ai/Proyectos/Psiquiatria/Clasificación Final/Ansiedad/wav/0/026_recortado_denoised.wav,0
026_recortado_denoised__seg15,026,026_recortado_denoised.wav,15,/home/ci2dt2-ai/Proyectos/Psiquiatria/Clasificación Final/Ansiedad/wav/0/026_recortado_denoised.wav,0
026_recortado_denoised__seg16,026,026_recortado_denoised.wav,16,/home/ci2dt2-ai/Proyectos/Psiquiatria/Clasificación Final/Ansiedad/wav/0/026_recortado_denoised.wav,0
026_recortado_denoised__seg17,026,026_recortado_denoised.wav,17,/home/ci2dt2-ai/Proyectos/Psiquiatria/Clasificación Final/Ansiedad/wav/0/026_recortado_denoised.wav,0
026_recortado_denoised__seg18,026,026_recortado_denoised.wav,18,/home/ci2dt2-ai/Proyectos/Psiquiatria/Clasificación Final/Ansiedad/wav/0/026_recortado_denoised.wav,0
026_recortado_denoised__seg19,026,026_recortado_denoised.wav,19,/home/ci2dt2-ai/Proyectos/Psiquiatria/Clasificación Final/Ansiedad/wav/0/026_recortado_denoised.wav,0
026_recortado_denoised__seg20,026,026_recortado_denoised.wav,20,/home/ci2dt2-ai/Proyectos/Psiquiatria/Clasificación Final/Ansiedad/wav/0/026_recortado_denoised.wav,0
026_recortado_denoised__seg21,026,026_recortado_denoised.wav,21,/home/ci2dt2-ai/Proyectos/Psiquiatria/Clasificación Final/Ansiedad/wav/0/026_recortado_denoised.wav,0
026_recortado_denoised__seg22,026,026_recortado_denoised.wav,22,/home/ci2dt2-ai/Proyectos/Psiquiatria/Clasificación Final/Ansiedad/wav/0/026_recortado_denoised.wav,0
026_recortado_denoised__seg23,026,026_recortado_denoised.wav,23,/home/ci2dt2-ai/Proyectos/Psiquiatria/Clasificación Final/Ansiedad/wav/0/026_recortado_denoised.wav,0
026_recortado_denoised__seg24,026,026_recortado_denoised.wav,24,/home/ci2dt2-ai/Proyectos/Psiquiatria/Clasificación Final/Ansiedad/wav/0/026_recortado_denoised.wav,0
026_recortado_denoised__seg25,026,026_recortado_denoised.wav,25,/home/ci2dt2-ai/Proyectos/Psiquiatria/Clasificación Final/Ansiedad/wav/0/026_recortado_denoised.wav,0
026_recortado_denoised__seg26,026,026_recortado_denoised.wav,26,/home/ci2dt2-ai/Proyectos/Psiquiatria/Clasificación Final/Ansiedad/wav/0/026_recortado_denoised.wav,0
026_recortado_denoised__seg27,026,026_recortado_denoised.wav,27,/home/ci2dt2-ai/Proyectos/Psiquiatria/Clasificación Final/Ansiedad/wav/0/026_recortado_denoised.wav,0
026_recortado_denoised__seg28,026,026_recortado_denoised.wav,28,/home/ci2dt2-ai/Proyectos/Psiquiatria/Clasificación Final/Ansiedad/wav/0/026_recortado_denoised.wav,0
026_recortado_denoised__seg29,026,026_recortado_denoised.wav,29,/home/ci2dt2-ai/Proyectos/Psiquiatria/Clasificación Final/Ansiedad/wav/0/026_recortado_denoised.wav,0
026_recortado_denoised__seg30,026,026_recortado_denoised.wav,30,/home/ci2dt2-ai/Proyectos/Psiquiatria/Clasificación Final/Ansiedad/wav/0/026_recortado_denoised.wav,0
026_recortado_denoised__seg31,026,026_recortado_denoised.wav,31,/home/ci2dt2-ai/Proyectos/Psiquiatria/Clasificación Final/Ansiedad/wav/0/026_recortado_denoised.wav,0
026_recortado_denoised__seg32,026,026_recortado_denoised.wav,32,/home/ci2dt2-ai/Proyectos/Psiquiatria/Clasificación Final/Ansiedad/wav/0/026_recortado_denoised.wav,0
026_recortado_denoised__seg33,026,026_recortado_denoised.wav,33,/home/ci2dt2-ai/Proyectos/Psiquiatria/Clasificación Final/Ansiedad/wav/0/026_recortado_denoised.wav,0
026_recortado_denoised__seg34,026,026_recortado_denoised.wav,34,/home/ci2dt2-ai/Proyectos/Psiquiatria/Clasificación Final/Ansiedad/wav/0/026_recortado_denoised.wav,0
026_recortado_denoised__seg35,026,026_recortado_denoised.wav,35,/home/ci2dt2-ai/Proyectos/Psiquiatria/Clasificación Final/Ansiedad/wav/0/026_recortado_denoised.wav,0
026_recortado_denoised__seg36,026,026_recortado_denoised.wav,36,/home/ci2dt2-ai/Proyectos/Psiquiatria/Clasificación Final/Ansiedad/wav/0/026_recortado_denoised.wav,0
026_recortado_denoised__seg37,026,026_recortado_denoised.wav,37,/home/ci2dt2-ai/Proyectos/Psiquiatria/Clasificación Final/Ansiedad/wav/0/026_recortado_denoised.wav,0
026_recortado_denoised__seg38,026,026_recortado_denoised.wav,38,/home/ci2dt2-ai/Proyectos/Psiquiatria/Clasificación Final/Ansiedad/wav/0/026_recortado_denoised.wav,0
026_recortado_denoised__seg39,026,026_recortado_denoised.wav,39,/home/ci2dt2-ai/Proyectos/Psiquiatria/Clasificación Final/Ansiedad/wav/0/026_recortado_denoised.wav,0
026_recortado_denoised__seg40,026,026_recortado_denoised.wav,40,/home/ci2dt2-ai/Proyectos/Psiquiatria/Clasificación Final/Ansiedad/wav/0/026_recortado_denoised.wav,0
026_recortado_denoised__seg41,026,026_recortado_denoised.wav,41,/home/ci2dt2-ai/Proyectos/Psiquiatria/Clasificación Final/Ansiedad/wav/0/026_recortado_denoised.wav,0
026_recortado_denoised__seg42,026,026_recortado_denoised.wav,42,/home/ci2dt2-ai/Proyectos/Psiquiatria/Clasificación Final/Ansiedad/wav/0/026_recortado_denoised.wav,0
026_recortado_denoised__seg43,026,026_recortado_denoised.wav,43,/home/ci2dt2-ai/Proyectos/Psiquiatria/Clasificación Final/Ansiedad/wav/0/026_recortado_denoised.wav,0
026_recortado_denoised__seg44,026,026_recortado_denoised.wav,44,/home/ci2dt2-ai/Proyectos/Psiquiatria/Clasificación Final/Ansiedad/wav/0/026_recortado_denoised.wav,0
026_recortado_denoised__seg45,026,026_recortado_denoised.wav,45,/home/ci2dt2-ai/Proyectos/Psiquiatria/Clasificación Final/Ansiedad/wav/0/026_recortado_denoised.wav,0
026_recortado_denoised__seg46,026,026_recortado_denoised.wav,46,/home/ci2dt2-ai/Proyectos/Psiquiatria/Clasificación Final/Ansiedad/wav/0/026_recortado_denoised.wav,0
026_recortado_denoised__seg47,026,026_recortado_denoised.wav,47,/home/ci2dt2-ai/Proyectos/Psiquiatria/Clasificación Final/Ansiedad/wav/0/026_recortado_denoised.wav,0
026_recortado_denoised__seg48,026,026_recortado_denoised.wav,48,/home/ci2dt2-ai/Proyectos/Psiquiatria/Clasificación Final/Ansiedad/wav/0/026_recortado_denoised.wav,0
026_recortado_denoised__seg49,026,026_recortado_denoised.wav,49,/home/ci2dt2-ai/Proyectos/Psiquiatria/Clasificación Final/Ansiedad/wav/0/026_recortado_denoised.wav,0
026_recortado_denoised__seg50,026,026_recortado_denoised.wav,50,/home/ci2dt2-ai/Proyectos/Psiquiatria/Clasificación Final/Ansiedad/wav/0/026_recortado_denoised.wav,0
026_recortado_denoised__seg51,026,026_recortado_denoised.wav,51,/home/ci2dt2-ai/Proyectos/Psiquiatria/Clasificación Final/Ansiedad/wav/0/026_recortado_denoised.wav,0
026_recortado_denoised__seg52,026,026_recortado_denoised.wav,52,/home/ci2dt2-ai/Proyectos/Psiquiatria/Clasificación Final/Ansiedad/wav/0/026_recortado_denoised.wav,0
026_recortado_denoised__seg53,026,026_recortado_denoised.wav,53,/home/ci2dt2-ai/Proyectos/Psiquiatria/Clasificación Final/Ansiedad/wav/0/026_recortado_denoised.wav,0
026_recortado_denoised__seg54,026,026_recortado_denoised.wav,54,/home/ci2dt2-ai/Proyectos/Psiquiatria/Clasificación Final/Ansiedad/wav/0/026_recortado_denoised.wav,0
026_recortado_denoised__seg55,026,026_recortado_denoised.wav,55,/home/ci2dt2-ai/Proyectos/Psiquiatria/Clasificación Final/Ansiedad/wav/0/026_recortado_denoised.wav,0
026_recortado_denoised__seg56,026,026_recortado_denoised.wav,56,/home/ci2dt2-ai/Proyectos/Psiquiatria/Clasificación Final/Ansiedad/wav/0/026_recortado_denoised.wav,0
026_recortado_denoised__seg57,026,026_recortado_denoised.wav,57,/home/ci2dt2-ai/Proyectos/Psiquiatria/Clasificación Final/Ansiedad/wav/0/026_recortado_denoised.wav,0
026_recortado_denoised__seg58,026,026_recortado_denoised.wav,58,/home/ci2dt2-ai/Proyectos/Psiquiatria/Clasificación Final/Ansiedad/wav/0/026_recortado_denoised.wav,0
026_recortado_denoised__seg59,026,026_recortado_denoised.wav,59,/home/ci2dt2-ai/Proyectos/Psiquiatria/Clasificación Final/Ansiedad/wav/0/026_recortado_denoised.wav,0
026_recortado_denoised__seg60,026,026_recortado_denoised.wav,60,/home/ci2dt2-ai/Proyectos/Psiquiatria/Clasificación Final/Ansiedad/wav/0/026_recortado_denoised.wav,0
026_recortado_denoised__seg61,026,026_recortado_denoised.wav,61,/home/ci2dt2-ai/Proyectos/Psiquiatria/Clasificación Final/Ansiedad/wav/0/026_recortado_denoised.wav,0
026_recortado_denoised__seg62,026,026_recortado_denoised.wav,62,/home/ci2dt2-ai/Proyectos/Psiquiatria/Clasificación Final/Ansiedad/wav/0/026_recortado_denoised.wav,0
026_recortado_denoised__seg63,026,026_recortado_denoised.wav,63,/home/ci2dt2-ai/Proyectos/Psiquiatria/Clasificación Final/Ansiedad/wav/0/026_recortado_denoised.wav,0
026_recortado_denoised__seg64,026,026_recortado_denoised.wav,64,/home/ci2dt2-ai/Proyectos/Psiquiatria/Clasificación Final/Ansiedad/wav/0/026_recortado_denoised.wav,0
028_recortado_denoised__seg0,028,028_recortado_denoised.wav,0,/home/ci2dt2-ai/Proyectos/Psiquiatria/Clasificación Final/Ansiedad/wav/0/028_recortado_denoised.wav,0
028_recortado_denoised__seg1,028,028_recortado_denoised.wav,1,/home/ci2dt2-ai/Proyectos/Psiquiatria/Clasificación Final/Ansiedad/wav/0/028_recortado_denoised.wav,0
028_recortado_denoised__seg2,028,028_recortado_denoised.wav,2,/home/ci2dt2-ai/Proyectos/Psiquiatria/Clasificación Final/Ansiedad/wav/0/028_recortado_denoised.wav,0
028_recortado_denoised__seg3,028,028_recortado_denoised.wav,3,/home/ci2dt2-ai/Proyectos/Psiquiatria/Clasificación Final/Ansiedad/wav/0/028_recortado_denoised.wav,0
028_recortado_denoised__seg4,028,028_recortado_denoised.wav,4,/home/ci2dt2-ai/Proyectos/Psiquiatria/Clasificación Final/Ansiedad/wav/0/028_recortado_denoised.wav,0
028_recortado_denoised__seg5,028,028_recortado_denoised.wav,5,/home/ci2dt2-ai/Proyectos/Psiquiatria/Clasificación Final/Ansiedad/wav/0/028_recortado_denoised.wav,0
028_recortado_denoised__seg6,028,028_recortado_denoised.wav,6,/home/ci2dt2-ai/Proyectos/Psiquiatria/Clasificación Final/Ansiedad/wav/0/028_recortado_denoised.wav,0
028_recortado_denoised__seg7,028,028_recortado_denoised.wav,7,/home/ci2dt2-ai/Proyectos/Psiquiatria/Clasificación Final/Ansiedad/wav/0/028_recortado_denoised.wav,0
028_recortado_denoised__seg8,028,028_recortado_denoised.wav,8,/home/ci2dt2-ai/Proyectos/Psiquiatria/Clasificación Final/Ansiedad/wav/0/028_recortado_denoised.wav,0
028_recortado_denoised__seg9,028,028_recortado_denoised.wav,9,/home/ci2dt2-ai/Proyectos/Psiquiatria/Clasificación Final/Ansiedad/wav/0/028_recortado_denoised.wav,0
028_recortado_denoised__seg10,028,028_recortado_denoised.wav,10,/home/ci2dt2-ai/Proyectos/Psiquiatria/Clasificación Final/Ansiedad/wav/0/028_recortado_denoised.wav,0
028_recortado_denoised__seg11,028,028_recortado_denoised.wav,11,/home/ci2dt2-ai/Proyectos/Psiquiatria/Clasificación Final/Ansiedad/wav/0/028_recortado_denoised.wav,0
028_recortado_denoised__seg12,028,028_recortado_denoised.wav,12,/home/ci2dt2-ai/Proyectos/Psiquiatria/Clasificación Final/Ansiedad/wav/0/028_recortado_denoised.wav,0
028_recortado_denoised__seg13,028,028_recortado_denoised.wav,13,/home/ci2dt2-ai/Proyectos/Psiquiatria/Clasificación Final/Ansiedad/wav/0/028_recortado_denoised.wav,0
028_recortado_denoised__seg14,028,028_recortado_denoised.wav,14,/home/ci2dt2-ai/Proyectos/Psiquiatria/Clasificación Final/Ansiedad/wav/0/028_recortado_denoised.wav,0
028_recortado_denoised__seg15,028,028_recortado_denoised.wav,15,/home/ci2dt2-ai/Proyectos/Psiquiatria/Clasificación Final/Ansiedad/wav/0/028_recortado_denoised.wav,0
028_recortado_denoised__seg16,028,028_recortado_denoised.wav,16,/home/ci2dt2-ai/Proyectos/Psiquiatria/Clasificación Final/Ansiedad/wav/0/028_recortado_denoised.wav,0
028_recortado_denoised__seg17,028,028_recortado_denoised.wav,17,/home/ci2dt2-ai/Proyectos/Psiquiatria/Clasificación Final/Ansiedad/wav/0/028_recortado_denoised.wav,0
028_recortado_denoised__seg18,028,028_recortado_denoised.wav,18,/home/ci2dt2-ai/Proyectos/Psiquiatria/Clasificación Final/Ansiedad/wav/0/028_recortado_denoised.wav,0
028_recortado_denoised__seg19,028,028_recortado_denoised.wav,19,/home/ci2dt2-ai/Proyectos/Psiquiatria/Clasificación Final/Ansiedad/wav/0/028_recortado_denoised.wav,0
028_recortado_denoised__seg20,028,028_recortado_denoised.wav,20,/home/ci2dt2-ai/Proyectos/Psiquiatria/Clasificación Final/Ansiedad/wav/0/028_recortado_denoised.wav,0
028_recortado_denoised__seg21,028,028_recortado_denoised.wav,21,/home/ci2dt2-ai/Proyectos/Psiquiatria/Clasificación Final/Ansiedad/wav/0/028_recortado_denoised.wav,0
028_recortado_denoised__seg22,028,028_recortado_denoised.wav,22,/home/ci2dt2-ai/Proyectos/Psiquiatria/Clasificación Final/Ansiedad/wav/0/028_recortado_denoised.wav,0
028_recortado_denoised__seg23,028,028_recortado_denoised.wav,23,/home/ci2dt2-ai/Proyectos/Psiquiatria/Clasificación Final/Ansiedad/wav/0/028_recortado_denoised.wav,0
028_recortado_denoised__seg24,028,028_recortado_denoised.wav,24,/home/ci2dt2-ai/Proyectos/Psiquiatria/Clasificación Final/Ansiedad/wav/0/028_recortado_denoised.wav,0
028_recortado_denoised__seg25,028,028_recortado_denoised.wav,25,/home/ci2dt2-ai/Proyectos/Psiquiatria/Clasificación Final/Ansiedad/wav/0/028_recortado_denoised.wav,0
028_recortado_denoised__seg26,028,028_recortado_denoised.wav,26,/home/ci2dt2-ai/Proyectos/Psiquiatria/Clasificación Final/Ansiedad/wav/0/028_recortado_denoised.wav,0
028_recortado_denoised__seg27,028,028_recortado_denoised.wav,27,/home/ci2dt2-ai/Proyectos/Psiquiatria/Clasificación Final/Ansiedad/wav/0/028_recortado_denoised.wav,0
028_recortado_denoised__seg28,028,028_recortado_denoised.wav,28,/home/ci2dt2-ai/Proyectos/Psiquiatria/Clasificación Final/Ansiedad/wav/0/028_recortado_denoised.wav,0
028_recortado_denoised__seg29,028,028_recortado_denoised.wav,29,/home/ci2dt2-ai/Proyectos/Psiquiatria/Clasificación Final/Ansiedad/wav/0/028_recortado_denoised.wav,0
028_recortado_denoised__seg30,028,028_recortado_denoised.wav,30,/home/ci2dt2-ai/Proyectos/Psiquiatria/Clasificación Final/Ansiedad/wav/0/028_recortado_denoised.wav,0
028_recortado_denoised__seg31,028,028_recortado_denoised.wav,31,/home/ci2dt2-ai/Proyectos/Psiquiatria/Clasificación Final/Ansiedad/wav/0/028_recortado_denoised.wav,0
028_recortado_denoised__seg32,028,028_recortado_denoised.wav,32,/home/ci2dt2-ai/Proyectos/Psiquiatria/Clasificación Final/Ansiedad/wav/0/028_recortado_denoised.wav,0
028_recortado_denoised__seg33,028,028_recortado_denoised.wav,33,/home/ci2dt2-ai/Proyectos/Psiquiatria/Clasificación Final/Ansiedad/wav/0/028_recortado_denoised.wav,0
028_recortado_denoised__seg34,028,028_recortado_denoised.wav,34,/home/ci2dt2-ai/Proyectos/Psiquiatria/Clasificación Final/Ansiedad/wav/0/028_recortado_denoised.wav,0
028_recortado_denoised__seg35,028,028_recortado_denoised.wav,35,/home/ci2dt2-ai/Proyectos/Psiquiatria/Clasificación Final/Ansiedad/wav/0/028_recortado_denoised.wav,0
028_recortado_denoised__seg36,028,028_recortado_denoised.wav,36,/home/ci2dt2-ai/Proyectos/Psiquiatria/Clasificación Final/Ansiedad/wav/0/028_recortado_denoised.wav,0
028_recortado_denoised__seg37,028,028_recortado_denoised.wav,37,/home/ci2dt2-ai/Proyectos/Psiquiatria/Clasificación Final/Ansiedad/wav/0/028_recortado_denoised.wav,0
028_recortado_denoised__seg38,028,028_recortado_denoised.wav,38,/home/ci2dt2-ai/Proyectos/Psiquiatria/Clasificación Final/Ansiedad/wav/0/028_recortado_denoised.wav,0
029_recortado_denoised__seg0,029,029_recortado_denoised.wav,0,/home/ci2dt2-ai/Proyectos/Psiquiatria/Clasificación Final/Ansiedad/wav/0/029_recortado_denoised.wav,0
029_recortado_denoised__seg1,029,029_recortado_denoised.wav,1,/home/ci2dt2-ai/Proyectos/Psiquiatria/Clasificación Final/Ansiedad/wav/0/029_recortado_denoised.wav,0
029_recortado_denoised__seg2,029,029_recortado_denoised.wav,2,/home/ci2dt2-ai/Proyectos/Psiquiatria/Clasificación Final/Ansiedad/wav/0/029_recortado_denoised.wav,0
029_recortado_denoised__seg3,029,029_recortado_denoised.wav,3,/home/ci2dt2-ai/Proyectos/Psiquiatria/Clasificación Final/Ansiedad/wav/0/029_recortado_denoised.wav,0
029_recortado_denoised__seg4,029,029_recortado_denoised.wav,4,/home/ci2dt2-ai/Proyectos/Psiquiatria/Clasificación Final/Ansiedad/wav/0/029_recortado_denoised.wav,0
029_recortado_denoised__seg5,029,029_recortado_denoised.wav,5,/home/ci2dt2-ai/Proyectos/Psiquiatria/Clasificación Final/Ansiedad/wav/0/029_recortado_denoised.wav,0
029_recortado_denoised__seg6,029,029_recortado_denoised.wav,6,/home/ci2dt2-ai/Proyectos/Psiquiatria/Clasificación Final/Ansiedad/wav/0/029_recortado_denoised.wav,0
029_recortado_denoised__seg7,029,029_recortado_denoised.wav,7,/home/ci2dt2-ai/Proyectos/Psiquiatria/Clasificación Final/Ansiedad/wav/0/029_recortado_denoised.wav,0
029_recortado_denoised__seg8,029,029_recortado_denoised.wav,8,/home/ci2dt2-ai/Proyectos/Psiquiatria/Clasificación Final/Ansiedad/wav/0/029_recortado_denoised.wav,0
029_recortado_denoised__seg9,029,029_recortado_denoised.wav,9,/home/ci2dt2-ai/Proyectos/Psiquiatria/Clasificación Final/Ansiedad/wav/0/029_recortado_denoised.wav,0
029_recortado_denoised__seg10,029,029_recortado_denoised.wav,10,/home/ci2dt2-ai/Proyectos/Psiquiatria/Clasificación Final/Ansiedad/wav/0/029_recortado_denoised.wav,0
029_recortado_denoised__seg11,029,029_recortado_denoised.wav,11,/home/ci2dt2-ai/Proyectos/Psiquiatria/Clasificación Final/Ansiedad/wav/0/029_recortado_denoised.wav,0
029_recortado_denoised__seg12,029,029_recortado_denoised.wav,12,/home/ci2dt2-ai/Proyectos/Psiquiatria/Clasificación Final/Ansiedad/wav/0/029_recortado_denoised.wav,0
029_recortado_denoised__seg13,029,029_recortado_denoised.wav,13,/home/ci2dt2-ai/Proyectos/Psiquiatria/Clasificación Final/Ansiedad/wav/0/029_recortado_denoised.wav,0
029_recortado_denoised__seg14,029,029_recortado_denoised.wav,14,/home/ci2dt2-ai/Proyectos/Psiquiatria/Clasificación Final/Ansiedad/wav/0/029_recortado_denoised.wav,0
029_recortado_denoised__seg15,029,029_recortado_denoised.wav,15,/home/ci2dt2-ai/Proyectos/Psiquiatria/Clasificación Final/Ansiedad/wav/0/029_recortado_denoised.wav,0
029_recortado_denoised__seg16,029,029_recortado_denoised.wav,16,/home/ci2dt2-ai/Proyectos/Psiquiatria/Clasificación Final/Ansiedad/wav/0/029_recortado_denoised.wav,0
029_recortado_denoised__seg17,029,029_recortado_denoised.wav,17,/home/ci2dt2-ai/Proyectos/Psiquiatria/Clasificación Final/Ansiedad/wav/0/029_recortado_denoised.wav,0
029_recortado_denoised__seg18,029,029_recortado_denoised.wav,18,/home/ci2dt2-ai/Proyectos/Psiquiatria/Clasificación Final/Ansiedad/wav/0/029_recortado_denoised.wav,0
029_recortado_denoised__seg19,029,029_recortado_denoised.wav,19,/home/ci2dt2-ai/Proyectos/Psiquiatria/Clasificación Final/Ansiedad/wav/0/029_recortado_denoised.wav,0
029_recortado_denoised__seg20,029,029_recortado_denoised.wav,20,/home/ci2dt2-ai/Proyectos/Psiquiatria/Clasificación Final/Ansiedad/wav/0/029_recortado_denoised.wav,0
029_recortado_denoised__seg21,029,029_recortado_denoised.wav,21,/home/ci2dt2-ai/Proyectos/Psiquiatria/Clasificación Final/Ansiedad/wav/0/029_recortado_denoised.wav,0
029_recortado_denoised__seg22,029,029_recortado_denoised.wav,22,/home/ci2dt2-ai/Proyectos/Psiquiatria/Clasificación Final/Ansiedad/wav/0/029_recortado_denoised.wav,0
029_recortado_denoised__seg23,029,029_recortado_denoised.wav,23,/home/ci2dt2-ai/Proyectos/Psiquiatria/Clasificación Final/Ansiedad/wav/0/029_recortado_denoised.wav,0
029_recortado_denoised__seg24,029,029_recortado_denoised.wav,24,/home/ci2dt2-ai/Proyectos/Psiquiatria/Clasificación Final/Ansiedad/wav/0/029_recortado_denoised.wav,0
029_recortado_denoised__seg25,029,029_recortado_denoised.wav,25,/home/ci2dt2-ai/Proyectos/Psiquiatria/Clasificación Final/Ansiedad/wav/0/029_recortado_denoised.wav,0
029_recortado_denoised__seg26,029,029_recortado_denoised.wav,26,/home/ci2dt2-ai/Proyectos/Psiquiatria/Clasificación Final/Ansiedad/wav/0/029_recortado_denoised.wav,0
029_recortado_denoised__seg27,029,029_recortado_denoised.wav,27,/home/ci2dt2-ai/Proyectos/Psiquiatria/Clasificación Final/Ansiedad/wav/0/029_recortado_denoised.wav,0
029_recortado_denoised__seg28,029,029_recortado_denoised.wav,28,/home/ci2dt2-ai/Proyectos/Psiquiatria/Clasificación Final/Ansiedad/wav/0/029_recortado_denoised.wav,0
029_recortado_denoised__seg29,029,029_recortado_denoised.wav,29,/home/ci2dt2-ai/Proyectos/Psiquiatria/Clasificación Final/Ansiedad/wav/0/029_recortado_denoised.wav,0
029_recortado_denoised__seg30,029,029_recortado_denoised.wav,30,/home/ci2dt2-ai/Proyectos/Psiquiatria/Clasificación Final/Ansiedad/wav/0/029_recortado_denoised.wav,0
029_recortado_denoised__seg31,029,029_recortado_denoised.wav,31,/home/ci2dt2-ai/Proyectos/Psiquiatria/Clasificación Final/Ansiedad/wav/0/029_recortado_denoised.wav,0
029_recortado_denoised__seg32,029,029_recortado_denoised.wav,32,/home/ci2dt2-ai/Proyectos/Psiquiatria/Clasificación Final/Ansiedad/wav/0/029_recortado_denoised.wav,0
029_recortado_denoised__seg33,029,029_recortado_denoised.wav,33,/home/ci2dt2-ai/Proyectos/Psiquiatria/Clasificación Final/Ansiedad/wav/0/029_recortado_denoised.wav,0
029_recortado_denoised__seg34,029,029_recortado_denoised.wav,34,/home/ci2dt2-ai/Proyectos/Psiquiatria/Clasificación Final/Ansiedad/wav/0/029_recortado_denoised.wav,0
029_recortado_denoised__seg35,029,029_recortado_denoised.wav,35,/home/ci2dt2-ai/Proyectos/Psiquiatria/Clasificación Final/Ansiedad/wav/0/029_recortado_denoised.wav,0
029_recortado_denoised__seg36,029,029_recortado_denoised.wav,36,/home/ci2dt2-ai/Proyectos/Psiquiatria/Clasificación Final/Ansiedad/wav/0/029_recortado_denoised.wav,0
029_recortado_denoised__seg37,029,029_recortado_denoised.wav,37,/home/ci2dt2-ai/Proyectos/Psiquiatria/Clasificación Final/Ansiedad/wav/0/029_recortado_denoised.wav,0
029_recortado_denoised__seg38,029,029_recortado_denoised.wav,38,/home/ci2dt2-ai/Proyectos/Psiquiatria/Clasificación Final/Ansiedad/wav/0/029_recortado_denoised.wav,0
029_recortado_denoised__seg39,029,029_recortado_denoised.wav,39,/home/ci2dt2-ai/Proyectos/Psiquiatria/Clasificación Final/Ansiedad/wav/0/029_recortado_denoised.wav,0
029_recortado_denoised__seg40,029,029_recortado_denoised.wav,40,/home/ci2dt2-ai/Proyectos/Psiquiatria/Clasificación Final/Ansiedad/wav/0/029_recortado_denoised.wav,0
029_recortado_denoised__seg41,029,029_recortado_denoised.wav,41,/home/ci2dt2-ai/Proyectos/Psiquiatria/Clasificación Final/Ansiedad/wav/0/029_recortado_denoised.wav,0
029_recortado_denoised__seg42,029,029_recortado_denoised.wav,42,/home/ci2dt2-ai/Proyectos/Psiquiatria/Clasificación Final/Ansiedad/wav/0/029_recortado_denoised.wav,0
029_recortado_denoised__seg43,029,029_recortado_denoised.wav,43,/home/ci2dt2-ai/Proyectos/Psiquiatria/Clasificación Final/Ansiedad/wav/0/029_recortado_denoised.wav,0
029_recortado_denoised__seg44,029,029_recortado_denoised.wav,44,/home/ci2dt2-ai/Proyectos/Psiquiatria/Clasificación Final/Ansiedad/wav/0/029_recortado_denoised.wav,0
029_recortado_denoised__seg45,029,029_recortado_denoised.wav,45,/home/ci2dt2-ai/Proyectos/Psiquiatria/Clasificación Final/Ansiedad/wav/0/029_recortado_denoised.wav,0
029_recortado_denoised__seg46,029,029_recortado_denoised.wav,46,/home/ci2dt2-ai/Proyectos/Psiquiatria/Clasificación Final/Ansiedad/wav/0/029_recortado_denoised.wav,0
029_recortado_denoised__seg47,029,029_recortado_denoised.wav,47,/home/ci2dt2-ai/Proyectos/Psiquiatria/Clasificación Final/Ansiedad/wav/0/029_recortado_denoised.wav,0
029_recortado_denoised__seg48,029,029_recortado_denoised.wav,48,/home/ci2dt2-ai/Proyectos/Psiquiatria/Clasificación Final/Ansiedad/wav/0/029_recortado_denoised.wav,0
029_recortado_denoised__seg49,029,029_recortado_denoised.wav,49,/home/ci2dt2-ai/Proyectos/Psiquiatria/Clasificación Final/Ansiedad/wav/0/029_recortado_denoised.wav,0
029_recortado_denoised__seg50,029,029_recortado_denoised.wav,50,/home/ci2dt2-ai/Proyectos/Psiquiatria/Clasificación Final/Ansiedad/wav/0/029_recortado_denoised.wav,0
029_recortado_denoised__seg51,029,029_recortado_denoised.wav,51,/home/ci2dt2-ai/Proyectos/Psiquiatria/Clasificación Final/Ansiedad/wav/0/029_recortado_denoised.wav,0
029_recortado_denoised__seg52,029,029_recortado_denoised.wav,52,/home/ci2dt2-ai/Proyectos/Psiquiatria/Clasificación Final/Ansiedad/wav/0/029_recortado_denoised.wav,0
029_recortado_denoised__seg53,029,029_recortado_denoised.wav,53,/home/ci2dt2-ai/Proyectos/Psiquiatria/Clasificación Final/Ansiedad/wav/0/029_recortado_denoised.wav,0
029_recortado_denoised__seg54,029,029_recortado_denoised.wav,54,/home/ci2dt2-ai/Proyectos/Psiquiatria/Clasificación Final/Ansiedad/wav/0/029_recortado_denoised.wav,0
029_recortado_denoised__seg55,029,029_recortado_denoised.wav,55,/home/ci2dt2-ai/Proyectos/Psiquiatria/Clasificación Final/Ansiedad/wav/0/029_recortado_denoised.wav,0
029_recortado_denoised__seg56,029,029_recortado_denoised.wav,56,/home/ci2dt2-ai/Proyectos/Psiquiatria/Clasificación Final/Ansiedad/wav/0/029_recortado_denoised.wav,0
029_recortado_denoised__seg57,029,029_recortado_denoised.wav,57,/home/ci2dt2-ai/Proyectos/Psiquiatria/Clasificación Final/Ansiedad/wav/0/029_recortado_denoised.wav,0
029_recortado_denoised__seg58,029,029_recortado_denoised.wav,58,/home/ci2dt2-ai/Proyectos/Psiquiatria/Clasificación Final/Ansiedad/wav/0/029_recortado_denoised.wav,0
029_recortado_denoised__seg59,029,029_recortado_denoised.wav,59,/home/ci2dt2-ai/Proyectos/Psiquiatria/Clasificación Final/Ansiedad/wav/0/029_recortado_denoised.wav,0
029_recortado_denoised__seg60,029,029_recortado_denoised.wav,60,/home/ci2dt2-ai/Proyectos/Psiquiatria/Clasificación Final/Ansiedad/wav/0/029_recortado_denoised.wav,0
029_recortado_denoised__seg61,029,029_recortado_denoised.wav,61,/home/ci2dt2-ai/Proyectos/Psiquiatria/Clasificación Final/Ansiedad/wav/0/029_recortado_denoised.wav,0
029_recortado_denoised__seg62,029,029_recortado_denoised.wav,62,/home/ci2dt2-ai/Proyectos/Psiquiatria/Clasificación Final/Ansiedad/wav/0/029_recortado_denoised.wav,0
029_recortado_denoised__seg63,029,029_recortado_denoised.wav,63,/home/ci2dt2-ai/Proyectos/Psiquiatria/Clasificación Final/Ansiedad/wav/0/029_recortado_denoised.wav,0
029_recortado_denoised__seg64,029,029_recortado_denoised.wav,64,/home/ci2dt2-ai/Proyectos/Psiquiatria/Clasificación Final/Ansiedad/wav/0/029_recortado_denoised.wav,0
029_recortado_denoised__seg65,029,029_recortado_denoised.wav,65,/home/ci2dt2-ai/Proyectos/Psiquiatria/Clasificación Final/Ansiedad/wav/0/029_recortado_denoised.wav,0
029_recortado_denoised__seg66,029,029_recortado_denoised.wav,66,/home/ci2dt2-ai/Proyectos/Psiquiatria/Clasificación Final/Ansiedad/wav/0/029_recortado_denoised.wav,0
029_recortado_denoised__seg67,029,029_recortado_denoised.wav,67,/home/ci2dt2-ai/Proyectos/Psiquiatria/Clasificación Final/Ansiedad/wav/0/029_recortado_denoised.wav,0
029_recortado_denoised__seg68,029,029_recortado_denoised.wav,68,/home/ci2dt2-ai/Proyectos/Psiquiatria/Clasificación Final/Ansiedad/wav/0/029_recortado_denoised.wav,0
029_recortado_denoised__seg69,029,029_recortado_denoised.wav,69,/home/ci2dt2-ai/Proyectos/Psiquiatria/Clasificación Final/Ansiedad/wav/0/029_recortado_denoised.wav,0
029_recortado_denoised__seg70,029,029_recortado_denoised.wav,70,/home/ci2dt2-ai/Proyectos/Psiquiatria/Clasificación Final/Ansiedad/wav/0/029_recortado_denoised.wav,0
029_recortado_denoised__seg71,029,029_recortado_denoised.wav,71,/home/ci2dt2-ai/Proyectos/Psiquiatria/Clasificación Final/Ansiedad/wav/0/029_recortado_denoised.wav,0
029_recortado_denoised__seg72,029,029_recortado_denoised.wav,72,/home/ci2dt2-ai/Proyectos/Psiquiatria/Clasificación Final/Ansiedad/wav/0/029_recortado_denoised.wav,0
029_recortado_denoised__seg73,029,029_recortado_denoised.wav,73,/home/ci2dt2-ai/Proyectos/Psiquiatria/Clasificación Final/Ansiedad/wav/0/029_recortado_denoised.wav,0
029_recortado_denoised__seg74,029,029_recortado_denoised.wav,74,/home/ci2dt2-ai/Proyectos/Psiquiatria/Clasificación Final/Ansiedad/wav/0/029_recortado_denoised.wav,0
029_recortado_denoised__seg75,029,029_recortado_denoised.wav,75,/home/ci2dt2-ai/Proyectos/Psiquiatria/Clasificación Final/Ansiedad/wav/0/029_recortado_denoised.wav,0
029_recortado_denoised__seg76,029,029_recortado_denoised.wav,76,/home/ci2dt2-ai/Proyectos/Psiquiatria/Clasificación Final/Ansiedad/wav/0/029_recortado_denoised.wav,0
029_recortado_denoised__seg77,029,029_recortado_denoised.wav,77,/home/ci2dt2-ai/Proyectos/Psiquiatria/Clasificación Final/Ansiedad/wav/0/029_recortado_denoised.wav,0
029_recortado_denoised__seg78,029,029_recortado_denoised.wav,78,/home/ci2dt2-ai/Proyectos/Psiquiatria/Clasificación Final/Ansiedad/wav/0/029_recortado_denoised.wav,0
029_recortado_denoised__seg79,029,029_recortado_denoised.wav,79,/home/ci2dt2-ai/Proyectos/Psiquiatria/Clasificación Final/Ansiedad/wav/0/029_recortado_denoised.wav,0
029_recortado_denoised__seg80,029,029_recortado_denoised.wav,80,/home/ci2dt2-ai/Proyectos/Psiquiatria/Clasificación Final/Ansiedad/wav/0/029_recortado_denoised.wav,0
029_recortado_denoised__seg81,029,029_recortado_denoised.wav,81,/home/ci2dt2-ai/Proyectos/Psiquiatria/Clasificación Final/Ansiedad/wav/0/029_recortado_denoised.wav,0
029_recortado_denoised__seg82,029,029_recortado_denoised.wav,82,/home/ci2dt2-ai/Proyectos/Psiquiatria/Clasificación Final/Ansiedad/wav/0/029_recortado_denoised.wav,0
029_recortado_denoised__seg83,029,029_recortado_denoised.wav,83,/home/ci2dt2-ai/Proyectos/Psiquiatria/Clasificación Final/Ansiedad/wav/0/029_recortado_denoised.wav,0
029_recortado_denoised__seg84,029,029_recortado_denoised.wav,84,/home/ci2dt2-ai/Proyectos/Psiquiatria/Clasificación Final/Ansiedad/wav/0/029_recortado_denoised.wav,0
029_recortado_denoised__seg85,029,029_recortado_denoised.wav,85,/home/ci2dt2-ai/Proyectos/Psiquiatria/Clasificación Final/Ansiedad/wav/0/029_recortado_denoised.wav,0
029_recortado_denoised__seg86,029,029_recortado_denoised.wav,86,/home/ci2dt2-ai/Proyectos/Psiquiatria/Clasificación Final/Ansiedad/wav/0/029_recortado_denoised.wav,0
029_recortado_denoised__seg87,029,029_recortado_denoised.wav,87,/home/ci2dt2-ai/Proyectos/Psiquiatria/Clasificación Final/Ansiedad/wav/0/029_recortado_denoised.wav,0
029_recortado_denoised__seg88,029,029_recortado_denoised.wav,88,/home/ci2dt2-ai/Proyectos/Psiquiatria/Clasificación Final/Ansiedad/wav/0/029_recortado_denoised.wav,0
029_recortado_denoised__seg89,029,029_recortado_denoised.wav,89,/home/ci2dt2-ai/Proyectos/Psiquiatria/Clasificación Final/Ansiedad/wav/0/029_recortado_denoised.wav,0
029_recortado_denoised__seg90,029,029_recortado_denoised.wav,90,/home/ci2dt2-ai/Proyectos/Psiquiatria/Clasificación Final/Ansiedad/wav/0/029_recortado_denoised.wav,0
029_recortado_denoised__seg91,029,029_recortado_denoised.wav,91,/home/ci2dt2-ai/Proyectos/Psiquiatria/Clasificación Final/Ansiedad/wav/0/029_recortado_denoised.wav,0
029_recortado_denoised__seg92,029,029_recortado_denoised.wav,92,/home/ci2dt2-ai/Proyectos/Psiquiatria/Clasificación Final/Ansiedad/wav/0/029_recortado_denoised.wav,0
029_recortado_denoised__seg93,029,029_recortado_denoised.wav,93,/home/ci2dt2-ai/Proyectos/Psiquiatria/Clasificación Final/Ansiedad/wav/0/029_recortado_denoised.wav,0
029_recortado_denoised__seg94,029,029_recortado_denoised.wav,94,/home/ci2dt2-ai/Proyectos/Psiquiatria/Clasificación Final/Ansiedad/wav/0/029_recortado_denoised.wav,0
029_recortado_denoised__seg95,029,029_recortado_denoised.wav,95,/home/ci2dt2-ai/Proyectos/Psiquiatria/Clasificación Final/Ansiedad/wav/0/029_recortado_denoised.wav,0
029_recortado_denoised__seg96,029,029_recortado_denoised.wav,96,/home/ci2dt2-ai/Proyectos/Psiquiatria/Clasificación Final/Ansiedad/wav/0/029_recortado_denoised.wav,0
029_recortado_denoised__seg97,029,029_recortado_denoised.wav,97,/home/ci2dt2-ai/Proyectos/Psiquiatria/Clasificación Final/Ansiedad/wav/0/029_recortado_denoised.wav,0
029_recortado_denoised__seg98,029,029_recortado_denoised.wav,98,/home/ci2dt2-ai/Proyectos/Psiquiatria/Clasificación Final/Ansiedad/wav/0/029_recortado_denoised.wav,0
029_recortado_denoised__seg99,029,029_recortado_denoised.wav,99,/home/ci2dt2-ai/Proyectos/Psiquiatria/Clasificación Final/Ansiedad/wav/0/029_recortado_denoised.wav,0
029_recortado_denoised__seg100,029,029_recortado_denoised.wav,100,/home/ci2dt2-ai/Proyectos/Psiquiatria/Clasificación Final/Ansiedad/wav/0/029_recortado_denoised.wav,0
029_recortado_denoised__seg101,029,029_recortado_denoised.wav,101,/home/ci2dt2-ai/Proyectos/Psiquiatria/Clasificación Final/Ansiedad/wav/0/029_recortado_denoised.wav,0
029_recortado_denoised__seg102,029,029_recortado_denoised.wav,102,/home/ci2dt2-ai/Proyectos/Psiquiatria/Clasificación Final/Ansiedad/wav/0/029_recortado_denoised.wav,0
029_recortado_denoised__seg103,029,029_recortado_denoised.wav,103,/home/ci2dt2-ai/Proyectos/Psiquiatria/Clasificación Final/Ansiedad/wav/0/029_recortado_denoised.wav,0
029_recortado_denoised__seg104,029,029_recortado_denoised.wav,104,/home/ci2dt2-ai/Proyectos/Psiquiatria/Clasificación Final/Ansiedad/wav/0/029_recortado_denoised.wav,0
029_recortado_denoised__seg105,029,029_recortado_denoised.wav,105,/home/ci2dt2-ai/Proyectos/Psiquiatria/Clasificación Final/Ansiedad/wav/0/029_recortado_denoised.wav,0
029_recortado_denoised__seg106,029,029_recortado_denoised.wav,106,/home/ci2dt2-ai/Proyectos/Psiquiatria/Clasificación Final/Ansiedad/wav/0/029_recortado_denoised.wav,0
029_recortado_denoised__seg107,029,029_recortado_denoised.wav,107,/home/ci2dt2-ai/Proyectos/Psiquiatria/Clasificación Final/Ansiedad/wav/0/029_recortado_denoised.wav,0
030_recortado_denoised__seg0,030,030_recortado_denoised.wav,0,/home/ci2dt2-ai/Proyectos/Psiquiatria/Clasificación Final/Ansiedad/wav/0/030_recortado_denoised.wav,0
030_recortado_denoised__seg1,030,030_recortado_denoised.wav,1,/home/ci2dt2-ai/Proyectos/Psiquiatria/Clasificación Final/Ansiedad/wav/0/030_recortado_denoised.wav,0
030_recortado_denoised__seg2,030,030_recortado_denoised.wav,2,/home/ci2dt2-ai/Proyectos/Psiquiatria/Clasificación Final/Ansiedad/wav/0/030_recortado_denoised.wav,0
030_recortado_denoised__seg3,030,030_recortado_denoised.wav,3,/home/ci2dt2-ai/Proyectos/Psiquiatria/Clasificación Final/Ansiedad/wav/0/030_recortado_denoised.wav,0
030_recortado_denoised__seg4,030,030_recortado_denoised.wav,4,/home/ci2dt2-ai/Proyectos/Psiquiatria/Clasificación Final/Ansiedad/wav/0/030_recortado_denoised.wav,0
030_recortado_denoised__seg5,030,030_recortado_denoised.wav,5,/home/ci2dt2-ai/Proyectos/Psiquiatria/Clasificación Final/Ansiedad/wav/0/030_recortado_denoised.wav,0
030_recortado_denoised__seg6,030,030_recortado_denoised.wav,6,/home/ci2dt2-ai/Proyectos/Psiquiatria/Clasificación Final/Ansiedad/wav/0/030_recortado_denoised.wav,0
030_recortado_denoised__seg7,030,030_recortado_denoised.wav,7,/home/ci2dt2-ai/Proyectos/Psiquiatria/Clasificación Final/Ansiedad/wav/0/030_recortado_denoised.wav,0
030_recortado_denoised__seg8,030,030_recortado_denoised.wav,8,/home/ci2dt2-ai/Proyectos/Psiquiatria/Clasificación Final/Ansiedad/wav/0/030_recortado_denoised.wav,0
030_recortado_denoised__seg9,030,030_recortado_denoised.wav,9,/home/ci2dt2-ai/Proyectos/Psiquiatria/Clasificación Final/Ansiedad/wav/0/030_recortado_denoised.wav,0
030_recortado_denoised__seg10,030,030_recortado_denoised.wav,10,/home/ci2dt2-ai/Proyectos/Psiquiatria/Clasificación Final/Ansiedad/wav/0/030_recortado_denoised.wav,0
030_recortado_denoised__seg11,030,030_recortado_denoised.wav,11,/home/ci2dt2-ai/Proyectos/Psiquiatria/Clasificación Final/Ansiedad/wav/0/030_recortado_denoised.wav,0
030_recortado_denoised__seg12,030,030_recortado_denoised.wav,12,/home/ci2dt2-ai/Proyectos/Psiquiatria/Clasificación Final/Ansiedad/wav/0/030_recortado_denoised.wav,0
030_recortado_denoised__seg13,030,030_recortado_denoised.wav,13,/home/ci2dt2-ai/Proyectos/Psiquiatria/Clasificación Final/Ansiedad/wav/0/030_recortado_denoised.wav,0
030_recortado_denoised__seg14,030,030_recortado_denoised.wav,14,/home/ci2dt2-ai/Proyectos/Psiquiatria/Clasificación Final/Ansiedad/wav/0/030_recortado_denoised.wav,0
030_recortado_denoised__seg15,030,030_recortado_denoised.wav,15,/home/ci2dt2-ai/Proyectos/Psiquiatria/Clasificación Final/Ansiedad/wav/0/030_recortado_denoised.wav,0
030_recortado_denoised__seg16,030,030_recortado_denoised.wav,16,/home/ci2dt2-ai/Proyectos/Psiquiatria/Clasificación Final/Ansiedad/wav/0/030_recortado_denoised.wav,0
030_recortado_denoised__seg17,030,030_recortado_denoised.wav,17,/home/ci2dt2-ai/Proyectos/Psiquiatria/Clasificación Final/Ansiedad/wav/0/030_recortado_denoised.wav,0
030_recortado_denoised__seg18,030,030_recortado_denoised.wav,18,/home/ci2dt2-ai/Proyectos/Psiquiatria/Clasificación Final/Ansiedad/wav/0/030_recortado_denoised.wav,0
030_recortado_denoised__seg19,030,030_recortado_denoised.wav,19,/home/ci2dt2-ai/Proyectos/Psiquiatria/Clasificación Final/Ansiedad/wav/0/030_recortado_denoised.wav,0
030_recortado_denoised__seg20,030,030_recortado_denoised.wav,20,/home/ci2dt2-ai/Proyectos/Psiquiatria/Clasificación Final/Ansiedad/wav/0/030_recortado_denoised.wav,0
030_recortado_denoised__seg21,030,030_recortado_denoised.wav,21,/home/ci2dt2-ai/Proyectos/Psiquiatria/Clasificación Final/Ansiedad/wav/0/030_recortado_denoised.wav,0
030_recortado_denoised__seg22,030,030_recortado_denoised.wav,22,/home/ci2dt2-ai/Proyectos/Psiquiatria/Clasificación Final/Ansiedad/wav/0/030_recortado_denoised.wav,0
030_recortado_denoised__seg23,030,030_recortado_denoised.wav,23,/home/ci2dt2-ai/Proyectos/Psiquiatria/Clasificación Final/Ansiedad/wav/0/030_recortado_denoised.wav,0
030_recortado_denoised__seg24,030,030_recortado_denoised.wav,24,/home/ci2dt2-ai/Proyectos/Psiquiatria/Clasificación Final/Ansiedad/wav/0/030_recortado_denoised.wav,0
030_recortado_denoised__seg25,030,030_recortado_denoised.wav,25,/home/ci2dt2-ai/Proyectos/Psiquiatria/Clasificación Final/Ansiedad/wav/0/030_recortado_denoised.wav,0
030_recortado_denoised__seg26,030,030_recortado_denoised.wav,26,/home/ci2dt2-ai/Proyectos/Psiquiatria/Clasificación Final/Ansiedad/wav/0/030_recortado_denoised.wav,0
030_recortado_denoised__seg27,030,030_recortado_denoised.wav,27,/home/ci2dt2-ai/Proyectos/Psiquiatria/Clasificación Final/Ansiedad/wav/0/030_recortado_denoised.wav,0
030_recortado_denoised__seg28,030,030_recortado_denoised.wav,28,/home/ci2dt2-ai/Proyectos/Psiquiatria/Clasificación Final/Ansiedad/wav/0/030_recortado_denoised.wav,0
030_recortado_denoised__seg29,030,030_recortado_denoised.wav,29,/home/ci2dt2-ai/Proyectos/Psiquiatria/Clasificación Final/Ansiedad/wav/0/030_recortado_denoised.wav,0
030_recortado_denoised__seg30,030,030_recortado_denoised.wav,30,/home/ci2dt2-ai/Proyectos/Psiquiatria/Clasificación Final/Ansiedad/wav/0/030_recortado_denoised.wav,0
030_recortado_denoised__seg31,030,030_recortado_denoised.wav,31,/home/ci2dt2-ai/Proyectos/Psiquiatria/Clasificación Final/Ansiedad/wav/0/030_recortado_denoised.wav,0
030_recortado_denoised__seg32,030,030_recortado_denoised.wav,32,/home/ci2dt2-ai/Proyectos/Psiquiatria/Clasificación Final/Ansiedad/wav/0/030_recortado_denoised.wav,0
030_recortado_denoised__seg33,030,030_recortado_denoised.wav,33,/home/ci2dt2-ai/Proyectos/Psiquiatria/Clasificación Final/Ansiedad/wav/0/030_recortado_denoised.wav,0
030_recortado_denoised__seg34,030,030_recortado_denoised.wav,34,/home/ci2dt2-ai/Proyectos/Psiquiatria/Clasificación Final/Ansiedad/wav/0/030_recortado_denoised.wav,0
030_recortado_denoised__seg35,030,030_recortado_denoised.wav,35,/home/ci2dt2-ai/Proyectos/Psiquiatria/Clasificación Final/Ansiedad/wav/0/030_recortado_denoised.wav,0
030_recortado_denoised__seg36,030,030_recortado_denoised.wav,36,/home/ci2dt2-ai/Proyectos/Psiquiatria/Clasificación Final/Ansiedad/wav/0/030_recortado_denoised.wav,0
030_recortado_denoised__seg37,030,030_recortado_denoised.wav,37,/home/ci2dt2-ai/Proyectos/Psiquiatria/Clasificación Final/Ansiedad/wav/0/030_recortado_denoised.wav,0
030_recortado_denoised__seg38,030,030_recortado_denoised.wav,38,/home/ci2dt2-ai/Proyectos/Psiquiatria/Clasificación Final/Ansiedad/wav/0/030_recortado_denoised.wav,0
030_recortado_denoised__seg39,030,030_recortado_denoised.wav,39,/home/ci2dt2-ai/Proyectos/Psiquiatria/Clasificación Final/Ansiedad/wav/0/030_recortado_denoised.wav,0
030_recortado_denoised__seg40,030,030_recortado_denoised.wav,40,/home/ci2dt2-ai/Proyectos/Psiquiatria/Clasificación Final/Ansiedad/wav/0/030_recortado_denoised.wav,0
030_recortado_denoised__seg41,030,030_recortado_denoised.wav,41,/home/ci2dt2-ai/Proyectos/Psiquiatria/Clasificación Final/Ansiedad/wav/0/030_recortado_denoised.wav,0
030_recortado_denoised__seg42,030,030_recortado_denoised.wav,42,/home/ci2dt2-ai/Proyectos/Psiquiatria/Clasificación Final/Ansiedad/wav/0/030_recortado_denoised.wav,0
030_recortado_denoised__seg43,030,030_recortado_denoised.wav,43,/home/ci2dt2-ai/Proyectos/Psiquiatria/Clasificación Final/Ansiedad/wav/0/030_recortado_denoised.wav,0
030_recortado_denoised__seg44,030,030_recortado_denoised.wav,44,/home/ci2dt2-ai/Proyectos/Psiquiatria/Clasificación Final/Ansiedad/wav/0/030_recortado_denoised.wav,0
030_recortado_denoised__seg45,030,030_recortado_denoised.wav,45,/home/ci2dt2-ai/Proyectos/Psiquiatria/Clasificación Final/Ansiedad/wav/0/030_recortado_denoised.wav,0
030_recortado_denoised__seg46,030,030_recortado_denoised.wav,46,/home/ci2dt2-ai/Proyectos/Psiquiatria/Clasificación Final/Ansiedad/wav/0/030_recortado_denoised.wav,0
030_recortado_denoised__seg47,030,030_recortado_denoised.wav,47,/home/ci2dt2-ai/Proyectos/Psiquiatria/Clasificación Final/Ansiedad/wav/0/030_recortado_denoised.wav,0
031_recortado_denoised__seg0,031,031_recortado_denoised.wav,0,/home/ci2dt2-ai/Proyectos/Psiquiatria/Clasificación Final/Ansiedad/wav/0/031_recortado_denoised.wav,0
031_recortado_denoised__seg1,031,031_recortado_denoised.wav,1,/home/ci2dt2-ai/Proyectos/Psiquiatria/Clasificación Final/Ansiedad/wav/0/031_recortado_denoised.wav,0
031_recortado_denoised__seg2,031,031_recortado_denoised.wav,2,/home/ci2dt2-ai/Proyectos/Psiquiatria/Clasificación Final/Ansiedad/wav/0/031_recortado_denoised.wav,0
031_recortado_denoised__seg3,031,031_recortado_denoised.wav,3,/home/ci2dt2-ai/Proyectos/Psiquiatria/Clasificación Final/Ansiedad/wav/0/031_recortado_denoised.wav,0
031_recortado_denoised__seg4,031,031_recortado_denoised.wav,4,/home/ci2dt2-ai/Proyectos/Psiquiatria/Clasificación Final/Ansiedad/wav/0/031_recortado_denoised.wav,0
031_recortado_denoised__seg5,031,031_recortado_denoised.wav,5,/home/ci2dt2-ai/Proyectos/Psiquiatria/Clasificación Final/Ansiedad/wav/0/031_recortado_denoised.wav,0
031_recortado_denoised__seg6,031,031_recortado_denoised.wav,6,/home/ci2dt2-ai/Proyectos/Psiquiatria/Clasificación Final/Ansiedad/wav/0/031_recortado_denoised.wav,0
031_recortado_denoised__seg7,031,031_recortado_denoised.wav,7,/home/ci2dt2-ai/Proyectos/Psiquiatria/Clasificación Final/Ansiedad/wav/0/031_recortado_denoised.wav,0
031_recortado_denoised__seg8,031,031_recortado_denoised.wav,8,/home/ci2dt2-ai/Proyectos/Psiquiatria/Clasificación Final/Ansiedad/wav/0/031_recortado_denoised.wav,0
031_recortado_denoised__seg9,031,031_recortado_denoised.wav,9,/home/ci2dt2-ai/Proyectos/Psiquiatria/Clasificación Final/Ansiedad/wav/0/031_recortado_denoised.wav,0
031_recortado_denoised__seg10,031,031_recortado_denoised.wav,10,/home/ci2dt2-ai/Proyectos/Psiquiatria/Clasificación Final/Ansiedad/wav/0/031_recortado_denoised.wav,0
031_recortado_denoised__seg11,031,031_recortado_denoised.wav,11,/home/ci2dt2-ai/Proyectos/Psiquiatria/Clasificación Final/Ansiedad/wav/0/031_recortado_denoised.wav,0
031_recortado_denoised__seg12,031,031_recortado_denoised.wav,12,/home/ci2dt2-ai/Proyectos/Psiquiatria/Clasificación Final/Ansiedad/wav/0/031_recortado_denoised.wav,0
031_recortado_denoised__seg13,031,031_recortado_denoised.wav,13,/home/ci2dt2-ai/Proyectos/Psiquiatria/Clasificación Final/Ansiedad/wav/0/031_recortado_denoised.wav,0
031_recortado_denoised__seg14,031,031_recortado_denoised.wav,14,/home/ci2dt2-ai/Proyectos/Psiquiatria/Clasificación Final/Ansiedad/wav/0/031_recortado_denoised.wav,0
031_recortado_denoised__seg15,031,031_recortado_denoised.wav,15,/home/ci2dt2-ai/Proyectos/Psiquiatria/Clasificación Final/Ansiedad/wav/0/031_recortado_denoised.wav,0
031_recortado_denoised__seg16,031,031_recortado_denoised.wav,16,/home/ci2dt2-ai/Proyectos/Psiquiatria/Clasificación Final/Ansiedad/wav/0/031_recortado_denoised.wav,0
031_recortado_denoised__seg17,031,031_recortado_denoised.wav,17,/home/ci2dt2-ai/Proyectos/Psiquiatria/Clasificación Final/Ansiedad/wav/0/031_recortado_denoised.wav,0
031_recortado_denoised__seg18,031,031_recortado_denoised.wav,18,/home/ci2dt2-ai/Proyectos/Psiquiatria/Clasificación Final/Ansiedad/wav/0/031_recortado_denoised.wav,0
031_recortado_denoised__seg19,031,031_recortado_denoised.wav,19,/home/ci2dt2-ai/Proyectos/Psiquiatria/Clasificación Final/Ansiedad/wav/0/031_recortado_denoised.wav,0
031_recortado_denoised__seg20,031,031_recortado_denoised.wav,20,/home/ci2dt2-ai/Proyectos/Psiquiatria/Clasificación Final/Ansiedad/wav/0/031_recortado_denoised.wav,0
031_recortado_denoised__seg21,031,031_recortado_denoised.wav,21,/home/ci2dt2-ai/Proyectos/Psiquiatria/Clasificación Final/Ansiedad/wav/0/031_recortado_denoised.wav,0
031_recortado_denoised__seg22,031,031_recortado_denoised.wav,22,/home/ci2dt2-ai/Proyectos/Psiquiatria/Clasificación Final/Ansiedad/wav/0/031_recortado_denoised.wav,0
031_recortado_denoised__seg23,031,031_recortado_denoised.wav,23,/home/ci2dt2-ai/Proyectos/Psiquiatria/Clasificación Final/Ansiedad/wav/0/031_recortado_denoised.wav,0
031_recortado_denoised__seg24,031,031_recortado_denoised.wav,24,/home/ci2dt2-ai/Proyectos/Psiquiatria/Clasificación Final/Ansiedad/wav/0/031_recortado_denoised.wav,0
031_recortado_denoised__seg25,031,031_recortado_denoised.wav,25,/home/ci2dt2-ai/Proyectos/Psiquiatria/Clasificación Final/Ansiedad/wav/0/031_recortado_denoised.wav,0
031_recortado_denoised__seg26,031,031_recortado_denoised.wav,26,/home/ci2dt2-ai/Proyectos/Psiquiatria/Clasificación Final/Ansiedad/wav/0/031_recortado_denoised.wav,0
031_recortado_denoised__seg27,031,031_recortado_denoised.wav,27,/home/ci2dt2-ai/Proyectos/Psiquiatria/Clasificación Final/Ansiedad/wav/0/031_recortado_denoised.wav,0
031_recortado_denoised__seg28,031,031_recortado_denoised.wav,28,/home/ci2dt2-ai/Proyectos/Psiquiatria/Clasificación Final/Ansiedad/wav/0/031_recortado_denoised.wav,0
031_recortado_denoised__seg29,031,031_recortado_denoised.wav,29,/home/ci2dt2-ai/Proyectos/Psiquiatria/Clasificación Final/Ansiedad/wav/0/031_recortado_denoised.wav,0
031_recortado_denoised__seg30,031,031_recortado_denoised.wav,30,/home/ci2dt2-ai/Proyectos/Psiquiatria/Clasificación Final/Ansiedad/wav/0/031_recortado_denoised.wav,0
031_recortado_denoised__seg31,031,031_recortado_denoised.wav,31,/home/ci2dt2-ai/Proyectos/Psiquiatria/Clasificación Final/Ansiedad/wav/0/031_recortado_denoised.wav,0
031_recortado_denoised__seg32,031,031_recortado_denoised.wav,32,/home/ci2dt2-ai/Proyectos/Psiquiatria/Clasificación Final/Ansiedad/wav/0/031_recortado_denoised.wav,0
031_recortado_denoised__seg33,031,031_recortado_denoised.wav,33,/home/ci2dt2-ai/Proyectos/Psiquiatria/Clasificación Final/Ansiedad/wav/0/031_recortado_denoised.wav,0
031_recortado_denoised__seg34,031,031_recortado_denoised.wav,34,/home/ci2dt2-ai/Proyectos/Psiquiatria/Clasificación Final/Ansiedad/wav/0/031_recortado_denoised.wav,0
031_recortado_denoised__seg35,031,031_recortado_denoised.wav,35,/home/ci2dt2-ai/Proyectos/Psiquiatria/Clasificación Final/Ansiedad/wav/0/031_recortado_denoised.wav,0
031_recortado_denoised__seg36,031,031_recortado_denoised.wav,36,/home/ci2dt2-ai/Proyectos/Psiquiatria/Clasificación Final/Ansiedad/wav/0/031_recortado_denoised.wav,0
031_recortado_denoised__seg37,031,031_recortado_denoised.wav,37,/home/ci2dt2-ai/Proyectos/Psiquiatria/Clasificación Final/Ansiedad/wav/0/031_recortado_denoised.wav,0
031_recortado_denoised__seg38,031,031_recortado_denoised.wav,38,/home/ci2dt2-ai/Proyectos/Psiquiatria/Clasificación Final/Ansiedad/wav/0/031_recortado_denoised.wav,0
031_recortado_denoised__seg39,031,031_recortado_denoised.wav,39,/home/ci2dt2-ai/Proyectos/Psiquiatria/Clasificación Final/Ansiedad/wav/0/031_recortado_denoised.wav,0
031_recortado_denoised__seg40,031,031_recortado_denoised.wav,40,/home/ci2dt2-ai/Proyectos/Psiquiatria/Clasificación Final/Ansiedad/wav/0/031_recortado_denoised.wav,0
031_recortado_denoised__seg41,031,031_recortado_denoised.wav,41,/home/ci2dt2-ai/Proyectos/Psiquiatria/Clasificación Final/Ansiedad/wav/0/031_recortado_denoised.wav,0
031_recortado_denoised__seg42,031,031_recortado_denoised.wav,42,/home/ci2dt2-ai/Proyectos/Psiquiatria/Clasificación Final/Ansiedad/wav/0/031_recortado_denoised.wav,0
031_recortado_denoised__seg43,031,031_recortado_denoised.wav,43,/home/ci2dt2-ai/Proyectos/Psiquiatria/Clasificación Final/Ansiedad/wav/0/031_recortado_denoised.wav,0
031_recortado_denoised__seg44,031,031_recortado_denoised.wav,44,/home/ci2dt2-ai/Proyectos/Psiquiatria/Clasificación Final/Ansiedad/wav/0/031_recortado_denoised.wav,0
031_recortado_denoised__seg45,031,031_recortado_denoised.wav,45,/home/ci2dt2-ai/Proyectos/Psiquiatria/Clasificación Final/Ansiedad/wav/0/031_recortado_denoised.wav,0
031_recortado_denoised__seg46,031,031_recortado_denoised.wav,46,/home/ci2dt2-ai/Proyectos/Psiquiatria/Clasificación Final/Ansiedad/wav/0/031_recortado_denoised.wav,0
031_recortado_denoised__seg47,031,031_recortado_denoised.wav,47,/home/ci2dt2-ai/Proyectos/Psiquiatria/Clasificación Final/Ansiedad/wav/0/031_recortado_denoised.wav,0
031_recortado_denoised__seg48,031,031_recortado_denoised.wav,48,/home/ci2dt2-ai/Proyectos/Psiquiatria/Clasificación Final/Ansiedad/wav/0/031_recortado_denoised.wav,0
031_recortado_denoised__seg49,031,031_recortado_denoised.wav,49,/home/ci2dt2-ai/Proyectos/Psiquiatria/Clasificación Final/Ansiedad/wav/0/031_recortado_denoised.wav,0
031_recortado_denoised__seg50,031,031_recortado_denoised.wav,50,/home/ci2dt2-ai/Proyectos/Psiquiatria/Clasificación Final/Ansiedad/wav/0/031_recortado_denoised.wav,0
031_recortado_denoised__seg51,031,031_recortado_denoised.wav,51,/home/ci2dt2-ai/Proyectos/Psiquiatria/Clasificación Final/Ansiedad/wav/0/031_recortado_denoised.wav,0
031_recortado_denoised__seg52,031,031_recortado_denoised.wav,52,/home/ci2dt2-ai/Proyectos/Psiquiatria/Clasificación Final/Ansiedad/wav/0/031_recortado_denoised.wav,0
031_recortado_denoised__seg53,031,031_recortado_denoised.wav,53,/home/ci2dt2-ai/Proyectos/Psiquiatria/Clasificación Final/Ansiedad/wav/0/031_recortado_denoised.wav,0
031_recortado_denoised__seg54,031,031_recortado_denoised.wav,54,/home/ci2dt2-ai/Proyectos/Psiquiatria/Clasificación Final/Ansiedad/wav/0/031_recortado_denoised.wav,0
031_recortado_denoised__seg55,031,031_recortado_denoised.wav,55,/home/ci2dt2-ai/Proyectos/Psiquiatria/Clasificación Final/Ansiedad/wav/0/031_recortado_denoised.wav,0
031_recortado_denoised__seg56,031,031_recortado_denoised.wav,56,/home/ci2dt2-ai/Proyectos/Psiquiatria/Clasificación Final/Ansiedad/wav/0/031_recortado_denoised.wav,0
031_recortado_denoised__seg57,031,031_recortado_denoised.wav,57,/home/ci2dt2-ai/Proyectos/Psiquiatria/Clasificación Final/Ansiedad/wav/0/031_recortado_denoised.wav,0
031_recortado_denoised__seg58,031,031_recortado_denoised.wav,58,/home/ci2dt2-ai/Proyectos/Psiquiatria/Clasificación Final/Ansiedad/wav/0/031_recortado_denoised.wav,0
031_recortado_denoised__seg59,031,031_recortado_denoised.wav,59,/home/ci2dt2-ai/Proyectos/Psiquiatria/Clasificación Final/Ansiedad/wav/0/031_recortado_denoised.wav,0
031_recortado_denoised__seg60,031,031_recortado_denoised.wav,60,/home/ci2dt2-ai/Proyectos/Psiquiatria/Clasificación Final/Ansiedad/wav/0/031_recortado_denoised.wav,0
031_recortado_denoised__seg61,031,031_recortado_denoised.wav,61,/home/ci2dt2-ai/Proyectos/Psiquiatria/Clasificación Final/Ansiedad/wav/0/031_recortado_denoised.wav,0
031_recortado_denoised__seg62,031,031_recortado_denoised.wav,62,/home/ci2dt2-ai/Proyectos/Psiquiatria/Clasificación Final/Ansiedad/wav/0/031_recortado_denoised.wav,0
031_recortado_denoised__seg63,031,031_recortado_denoised.wav,63,/home/ci2dt2-ai/Proyectos/Psiquiatria/Clasificación Final/Ansiedad/wav/0/031_recortado_denoised.wav,0
031_recortado_denoised__seg64,031,031_recortado_denoised.wav,64,/home/ci2dt2-ai/Proyectos/Psiquiatria/Clasificación Final/Ansiedad/wav/0/031_recortado_denoised.wav,0
031_recortado_denoised__seg65,031,031_recortado_denoised.wav,65,/home/ci2dt2-ai/Proyectos/Psiquiatria/Clasificación Final/Ansiedad/wav/0/031_recortado_denoised.wav,0
031_recortado_denoised__seg66,031,031_recortado_denoised.wav,66,/home/ci2dt2-ai/Proyectos/Psiquiatria/Clasificación Final/Ansiedad/wav/0/031_recortado_denoised.wav,0
031_recortado_denoised__seg67,031,031_recortado_denoised.wav,67,/home/ci2dt2-ai/Proyectos/Psiquiatria/Clasificación Final/Ansiedad/wav/0/031_recortado_denoised.wav,0
031_recortado_denoised__seg68,031,031_recortado_denoised.wav,68,/home/ci2dt2-ai/Proyectos/Psiquiatria/Clasificación Final/Ansiedad/wav/0/031_recortado_denoised.wav,0
031_recortado_denoised__seg69,031,031_recortado_denoised.wav,69,/home/ci2dt2-ai/Proyectos/Psiquiatria/Clasificación Final/Ansiedad/wav/0/031_recortado_denoised.wav,0
031_recortado_denoised__seg70,031,031_recortado_denoised.wav,70,/home/ci2dt2-ai/Proyectos/Psiquiatria/Clasificación Final/Ansiedad/wav/0/031_recortado_denoised.wav,0
031_recortado_denoised__seg71,031,031_recortado_denoised.wav,71,/home/ci2dt2-ai/Proyectos/Psiquiatria/Clasificación Final/Ansiedad/wav/0/031_recortado_denoised.wav,0
031_recortado_denoised__seg72,031,031_recortado_denoised.wav,72,/home/ci2dt2-ai/Proyectos/Psiquiatria/Clasificación Final/Ansiedad/wav/0/031_recortado_denoised.wav,0
031_recortado_denoised__seg73,031,031_recortado_denoised.wav,73,/home/ci2dt2-ai/Proyectos/Psiquiatria/Clasificación Final/Ansiedad/wav/0/031_recortado_denoised.wav,0
031_recortado_denoised__seg74,031,031_recortado_denoised.wav,74,/home/ci2dt2-ai/Proyectos/Psiquiatria/Clasificación Final/Ansiedad/wav/0/031_recortado_denoised.wav,0
031_recortado_denoised__seg75,031,031_recortado_denoised.wav,75,/home/ci2dt2-ai/Proyectos/Psiquiatria/Clasificación Final/Ansiedad/wav/0/031_recortado_denoised.wav,0
031_recortado_denoised__seg76,031,031_recortado_denoised.wav,76,/home/ci2dt2-ai/Proyectos/Psiquiatria/Clasificación Final/Ansiedad/wav/0/031_recortado_denoised.wav,0
031_recortado_denoised__seg77,031,031_recortado_denoised.wav,77,/home/ci2dt2-ai/Proyectos/Psiquiatria/Clasificación Final/Ansiedad/wav/0/031_recortado_denoised.wav,0
031_recortado_denoised__seg78,031,031_recortado_denoised.wav,78,/home/ci2dt2-ai/Proyectos/Psiquiatria/Clasificación Final/Ansiedad/wav/0/031_recortado_denoised.wav,0
031_recortado_denoised__seg79,031,031_recortado_denoised.wav,79,/home/ci2dt2-ai/Proyectos/Psiquiatria/Clasificación Final/Ansiedad/wav/0/031_recortado_denoised.wav,0
031_recortado_denoised__seg80,031,031_recortado_denoised.wav,80,/home/ci2dt2-ai/Proyectos/Psiquiatria/Clasificación Final/Ansiedad/wav/0/031_recortado_denoised.wav,0
031_recortado_denoised__seg81,031,031_recortado_denoised.wav,81,/home/ci2dt2-ai/Proyectos/Psiquiatria/Clasificación Final/Ansiedad/wav/0/031_recortado_denoised.wav,0
031_recortado_denoised__seg82,031,031_recortado_denoised.wav,82,/home/ci2dt2-ai/Proyectos/Psiquiatria/Clasificación Final/Ansiedad/wav/0/031_recortado_denoised.wav,0
031_recortado_denoised__seg83,031,031_recortado_denoised.wav,83,/home/ci2dt2-ai/Proyectos/Psiquiatria/Clasificación Final/Ansiedad/wav/0/031_recortado_denoised.wav,0
031_recortado_denoised__seg84,031,031_recortado_denoised.wav,84,/home/ci2dt2-ai/Proyectos/Psiquiatria/Clasificación Final/Ansiedad/wav/0/031_recortado_denoised.wav,0
031_recortado_denoised__seg85,031,031_recortado_denoised.wav,85,/home/ci2dt2-ai/Proyectos/Psiquiatria/Clasificación Final/Ansiedad/wav/0/031_recortado_denoised.wav,0
031_recortado_denoised__seg86,031,031_recortado_denoised.wav,86,/home/ci2dt2-ai/Proyectos/Psiquiatria/Clasificación Final/Ansiedad/wav/0/031_recortado_denoised.wav,0
031_recortado_denoised__seg87,031,031_recortado_denoised.wav,87,/home/ci2dt2-ai/Proyectos/Psiquiatria/Clasificación Final/Ansiedad/wav/0/031_recortado_denoised.wav,0
031_recortado_denoised__seg88,031,031_recortado_denoised.wav,88,/home/ci2dt2-ai/Proyectos/Psiquiatria/Clasificación Final/Ansiedad/wav/0/031_recortado_denoised.wav,0
031_recortado_denoised__seg89,031,031_recortado_denoised.wav,89,/home/ci2dt2-ai/Proyectos/Psiquiatria/Clasificación Final/Ansiedad/wav/0/031_recortado_denoised.wav,0
031_recortado_denoised__seg90,031,031_recortado_denoised.wav,90,/home/ci2dt2-ai/Proyectos/Psiquiatria/Clasificación Final/Ansiedad/wav/0/031_recortado_denoised.wav,0
031_recortado_denoised__seg91,031,031_recortado_denoised.wav,91,/home/ci2dt2-ai/Proyectos/Psiquiatria/Clasificación Final/Ansiedad/wav/0/031_recortado_denoised.wav,0
031_recortado_denoised__seg92,031,031_recortado_denoised.wav,92,/home/ci2dt2-ai/Proyectos/Psiquiatria/Clasificación Final/Ansiedad/wav/0/031_recortado_denoised.wav,0
031_recortado_denoised__seg93,031,031_recortado_denoised.wav,93,/home/ci2dt2-ai/Proyectos/Psiquiatria/Clasificación Final/Ansiedad/wav/0/031_recortado_denoised.wav,0
031_recortado_denoised__seg94,031,031_recortado_denoised.wav,94,/home/ci2dt2-ai/Proyectos/Psiquiatria/Clasificación Final/Ansiedad/wav/0/031_recortado_denoised.wav,0
031_recortado_denoised__seg95,031,031_recortado_denoised.wav,95,/home/ci2dt2-ai/Proyectos/Psiquiatria/Clasificación Final/Ansiedad/wav/0/031_recortado_denoised.wav,0
031_recortado_denoised__seg96,031,031_recortado_denoised.wav,96,/home/ci2dt2-ai/Proyectos/Psiquiatria/Clasificación Final/Ansiedad/wav/0/031_recortado_denoised.wav,0
031_recortado_denoised__seg97,031,031_recortado_denoised.wav,97,/home/ci2dt2-ai/Proyectos/Psiquiatria/Clasificación Final/Ansiedad/wav/0/031_recortado_denoised.wav,0
031_recortado_denoised__seg98,031,031_recortado_denoised.wav,98,/home/ci2dt2-ai/Proyectos/Psiquiatria/Clasificación Final/Ansiedad/wav/0/031_recortado_denoised.wav,0
034_recortado_denoised__seg0,034,034_recortado_denoised.wav,0,/home/ci2dt2-ai/Proyectos/Psiquiatria/Clasificación Final/Ansiedad/wav/0/034_recortado_denoised.wav,0
034_recortado_denoised__seg1,034,034_recortado_denoised.wav,1,/home/ci2dt2-ai/Proyectos/Psiquiatria/Clasificación Final/Ansiedad/wav/0/034_recortado_denoised.wav,0
034_recortado_denoised__seg2,034,034_recortado_denoised.wav,2,/home/ci2dt2-ai/Proyectos/Psiquiatria/Clasificación Final/Ansiedad/wav/0/034_recortado_denoised.wav,0
034_recortado_denoised__seg3,034,034_recortado_denoised.wav,3,/home/ci2dt2-ai/Proyectos/Psiquiatria/Clasificación Final/Ansiedad/wav/0/034_recortado_denoised.wav,0
034_recortado_denoised__seg4,034,034_recortado_denoised.wav,4,/home/ci2dt2-ai/Proyectos/Psiquiatria/Clasificación Final/Ansiedad/wav/0/034_recortado_denoised.wav,0
034_recortado_denoised__seg5,034,034_recortado_denoised.wav,5,/home/ci2dt2-ai/Proyectos/Psiquiatria/Clasificación Final/Ansiedad/wav/0/034_recortado_denoised.wav,0
034_recortado_denoised__seg6,034,034_recortado_denoised.wav,6,/home/ci2dt2-ai/Proyectos/Psiquiatria/Clasificación Final/Ansiedad/wav/0/034_recortado_denoised.wav,0
034_recortado_denoised__seg7,034,034_recortado_denoised.wav,7,/home/ci2dt2-ai/Proyectos/Psiquiatria/Clasificación Final/Ansiedad/wav/0/034_recortado_denoised.wav,0
034_recortado_denoised__seg8,034,034_recortado_denoised.wav,8,/home/ci2dt2-ai/Proyectos/Psiquiatria/Clasificación Final/Ansiedad/wav/0/034_recortado_denoised.wav,0
034_recortado_denoised__seg9,034,034_recortado_denoised.wav,9,/home/ci2dt2-ai/Proyectos/Psiquiatria/Clasificación Final/Ansiedad/wav/0/034_recortado_denoised.wav,0
034_recortado_denoised__seg10,034,034_recortado_denoised.wav,10,/home/ci2dt2-ai/Proyectos/Psiquiatria/Clasificación Final/Ansiedad/wav/0/034_recortado_denoised.wav,0
034_recortado_denoised__seg11,034,034_recortado_denoised.wav,11,/home/ci2dt2-ai/Proyectos/Psiquiatria/Clasificación Final/Ansiedad/wav/0/034_recortado_denoised.wav,0
034_recortado_denoised__seg12,034,034_recortado_denoised.wav,12,/home/ci2dt2-ai/Proyectos/Psiquiatria/Clasificación Final/Ansiedad/wav/0/034_recortado_denoised.wav,0
034_recortado_denoised__seg13,034,034_recortado_denoised.wav,13,/home/ci2dt2-ai/Proyectos/Psiquiatria/Clasificación Final/Ansiedad/wav/0/034_recortado_denoised.wav,0
034_recortado_denoised__seg14,034,034_recortado_denoised.wav,14,/home/ci2dt2-ai/Proyectos/Psiquiatria/Clasificación Final/Ansiedad/wav/0/034_recortado_denoised.wav,0
034_recortado_denoised__seg15,034,034_recortado_denoised.wav,15,/home/ci2dt2-ai/Proyectos/Psiquiatria/Clasificación Final/Ansiedad/wav/0/034_recortado_denoised.wav,0
034_recortado_denoised__seg16,034,034_recortado_denoised.wav,16,/home/ci2dt2-ai/Proyectos/Psiquiatria/Clasificación Final/Ansiedad/wav/0/034_recortado_denoised.wav,0
034_recortado_denoised__seg17,034,034_recortado_denoised.wav,17,/home/ci2dt2-ai/Proyectos/Psiquiatria/Clasificación Final/Ansiedad/wav/0/034_recortado_denoised.wav,0
034_recortado_denoised__seg18,034,034_recortado_denoised.wav,18,/home/ci2dt2-ai/Proyectos/Psiquiatria/Clasificación Final/Ansiedad/wav/0/034_recortado_denoised.wav,0
034_recortado_denoised__seg19,034,034_recortado_denoised.wav,19,/home/ci2dt2-ai/Proyectos/Psiquiatria/Clasificación Final/Ansiedad/wav/0/034_recortado_denoised.wav,0
034_recortado_denoised__seg20,034,034_recortado_denoised.wav,20,/home/ci2dt2-ai/Proyectos/Psiquiatria/Clasificación Final/Ansiedad/wav/0/034_recortado_denoised.wav,0
034_recortado_denoised__seg21,034,034_recortado_denoised.wav,21,/home/ci2dt2-ai/Proyectos/Psiquiatria/Clasificación Final/Ansiedad/wav/0/034_recortado_denoised.wav,0
034_recortado_denoised__seg22,034,034_recortado_denoised.wav,22,/home/ci2dt2-ai/Proyectos/Psiquiatria/Clasificación Final/Ansiedad/wav/0/034_recortado_denoised.wav,0
034_recortado_denoised__seg23,034,034_recortado_denoised.wav,23,/home/ci2dt2-ai/Proyectos/Psiquiatria/Clasificación Final/Ansiedad/wav/0/034_recortado_denoised.wav,0
034_recortado_denoised__seg24,034,034_recortado_denoised.wav,24,/home/ci2dt2-ai/Proyectos/Psiquiatria/Clasificación Final/Ansiedad/wav/0/034_recortado_denoised.wav,0
034_recortado_denoised__seg25,034,034_recortado_denoised.wav,25,/home/ci2dt2-ai/Proyectos/Psiquiatria/Clasificación Final/Ansiedad/wav/0/034_recortado_denoised.wav,0
034_recortado_denoised__seg26,034,034_recortado_denoised.wav,26,/home/ci2dt2-ai/Proyectos/Psiquiatria/Clasificación Final/Ansiedad/wav/0/034_recortado_denoised.wav,0
034_recortado_denoised__seg27,034,034_recortado_denoised.wav,27,/home/ci2dt2-ai/Proyectos/Psiquiatria/Clasificación Final/Ansiedad/wav/0/034_recortado_denoised.wav,0
034_recortado_denoised__seg28,034,034_recortado_denoised.wav,28,/home/ci2dt2-ai/Proyectos/Psiquiatria/Clasificación Final/Ansiedad/wav/0/034_recortado_denoised.wav,0
034_recortado_denoised__seg29,034,034_recortado_denoised.wav,29,/home/ci2dt2-ai/Proyectos/Psiquiatria/Clasificación Final/Ansiedad/wav/0/034_recortado_denoised.wav,0
034_recortado_denoised__seg30,034,034_recortado_denoised.wav,30,/home/ci2dt2-ai/Proyectos/Psiquiatria/Clasificación Final/Ansiedad/wav/0/034_recortado_denoised.wav,0
034_recortado_denoised__seg31,034,034_recortado_denoised.wav,31,/home/ci2dt2-ai/Proyectos/Psiquiatria/Clasificación Final/Ansiedad/wav/0/034_recortado_denoised.wav,0
034_recortado_denoised__seg32,034,034_recortado_denoised.wav,32,/home/ci2dt2-ai/Proyectos/Psiquiatria/Clasificación Final/Ansiedad/wav/0/034_recortado_denoised.wav,0
034_recortado_denoised__seg33,034,034_recortado_denoised.wav,33,/home/ci2dt2-ai/Proyectos/Psiquiatria/Clasificación Final/Ansiedad/wav/0/034_recortado_denoised.wav,0
034_recortado_denoised__seg34,034,034_recortado_denoised.wav,34,/home/ci2dt2-ai/Proyectos/Psiquiatria/Clasificación Final/Ansiedad/wav/0/034_recortado_denoised.wav,0
034_recortado_denoised__seg35,034,034_recortado_denoised.wav,35,/home/ci2dt2-ai/Proyectos/Psiquiatria/Clasificación Final/Ansiedad/wav/0/034_recortado_denoised.wav,0
034_recortado_denoised__seg36,034,034_recortado_denoised.wav,36,/home/ci2dt2-ai/Proyectos/Psiquiatria/Clasificación Final/Ansiedad/wav/0/034_recortado_denoised.wav,0
034_recortado_denoised__seg37,034,034_recortado_denoised.wav,37,/home/ci2dt2-ai/Proyectos/Psiquiatria/Clasificación Final/Ansiedad/wav/0/034_recortado_denoised.wav,0
034_recortado_denoised__seg38,034,034_recortado_denoised.wav,38,/home/ci2dt2-ai/Proyectos/Psiquiatria/Clasificación Final/Ansiedad/wav/0/034_recortado_denoised.wav,0
034_recortado_denoised__seg39,034,034_recortado_denoised.wav,39,/home/ci2dt2-ai/Proyectos/Psiquiatria/Clasificación Final/Ansiedad/wav/0/034_recortado_denoised.wav,0
034_recortado_denoised__seg40,034,034_recortado_denoised.wav,40,/home/ci2dt2-ai/Proyectos/Psiquiatria/Clasificación Final/Ansiedad/wav/0/034_recortado_denoised.wav,0
034_recortado_denoised__seg41,034,034_recortado_denoised.wav,41,/home/ci2dt2-ai/Proyectos/Psiquiatria/Clasificación Final/Ansiedad/wav/0/034_recortado_denoised.wav,0
034_recortado_denoised__seg42,034,034_recortado_denoised.wav,42,/home/ci2dt2-ai/Proyectos/Psiquiatria/Clasificación Final/Ansiedad/wav/0/034_recortado_denoised.wav,0
034_recortado_denoised__seg43,034,034_recortado_denoised.wav,43,/home/ci2dt2-ai/Proyectos/Psiquiatria/Clasificación Final/Ansiedad/wav/0/034_recortado_denoised.wav,0
034_recortado_denoised__seg44,034,034_recortado_denoised.wav,44,/home/ci2dt2-ai/Proyectos/Psiquiatria/Clasificación Final/Ansiedad/wav/0/034_recortado_denoised.wav,0
034_recortado_denoised__seg45,034,034_recortado_denoised.wav,45,/home/ci2dt2-ai/Proyectos/Psiquiatria/Clasificación Final/Ansiedad/wav/0/034_recortado_denoised.wav,0
034_recortado_denoised__seg46,034,034_recortado_denoised.wav,46,/home/ci2dt2-ai/Proyectos/Psiquiatria/Clasificación Final/Ansiedad/wav/0/034_recortado_denoised.wav,0
034_recortado_denoised__seg47,034,034_recortado_denoised.wav,47,/home/ci2dt2-ai/Proyectos/Psiquiatria/Clasificación Final/Ansiedad/wav/0/034_recortado_denoised.wav,0
034_recortado_denoised__seg48,034,034_recortado_denoised.wav,48,/home/ci2dt2-ai/Proyectos/Psiquiatria/Clasificación Final/Ansiedad/wav/0/034_recortado_denoised.wav,0
034_recortado_denoised__seg49,034,034_recortado_denoised.wav,49,/home/ci2dt2-ai/Proyectos/Psiquiatria/Clasificación Final/Ansiedad/wav/0/034_recortado_denoised.wav,0
034_recortado_denoised__seg50,034,034_recortado_denoised.wav,50,/home/ci2dt2-ai/Proyectos/Psiquiatria/Clasificación Final/Ansiedad/wav/0/034_recortado_denoised.wav,0
034_recortado_denoised__seg51,034,034_recortado_denoised.wav,51,/home/ci2dt2-ai/Proyectos/Psiquiatria/Clasificación Final/Ansiedad/wav/0/034_recortado_denoised.wav,0
034_recortado_denoised__seg52,034,034_recortado_denoised.wav,52,/home/ci2dt2-ai/Proyectos/Psiquiatria/Clasificación Final/Ansiedad/wav/0/034_recortado_denoised.wav,0
034_recortado_denoised__seg53,034,034_recortado_denoised.wav,53,/home/ci2dt2-ai/Proyectos/Psiquiatria/Clasificación Final/Ansiedad/wav/0/034_recortado_denoised.wav,0
034_recortado_denoised__seg54,034,034_recortado_denoised.wav,54,/home/ci2dt2-ai/Proyectos/Psiquiatria/Clasificación Final/Ansiedad/wav/0/034_recortado_denoised.wav,0
034_recortado_denoised__seg55,034,034_recortado_denoised.wav,55,/home/ci2dt2-ai/Proyectos/Psiquiatria/Clasificación Final/Ansiedad/wav/0/034_recortado_denoised.wav,0
034_recortado_denoised__seg56,034,034_recortado_denoised.wav,56,/home/ci2dt2-ai/Proyectos/Psiquiatria/Clasificación Final/Ansiedad/wav/0/034_recortado_denoised.wav,0
034_recortado_denoised__seg57,034,034_recortado_denoised.wav,57,/home/ci2dt2-ai/Proyectos/Psiquiatria/Clasificación Final/Ansiedad/wav/0/034_recortado_denoised.wav,0
034_recortado_denoised__seg58,034,034_recortado_denoised.wav,58,/home/ci2dt2-ai/Proyectos/Psiquiatria/Clasificación Final/Ansiedad/wav/0/034_recortado_denoised.wav,0
034_recortado_denoised__seg59,034,034_recortado_denoised.wav,59,/home/ci2dt2-ai/Proyectos/Psiquiatria/Clasificación Final/Ansiedad/wav/0/034_recortado_denoised.wav,0
034_recortado_denoised__seg60,034,034_recortado_denoised.wav,60,/home/ci2dt2-ai/Proyectos/Psiquiatria/Clasificación Final/Ansiedad/wav/0/034_recortado_denoised.wav,0
034_recortado_denoised__seg61,034,034_recortado_denoised.wav,61,/home/ci2dt2-ai/Proyectos/Psiquiatria/Clasificación Final/Ansiedad/wav/0/034_recortado_denoised.wav,0
034_recortado_denoised__seg62,034,034_recortado_denoised.wav,62,/home/ci2dt2-ai/Proyectos/Psiquiatria/Clasificación Final/Ansiedad/wav/0/034_recortado_denoised.wav,0
034_recortado_denoised__seg63,034,034_recortado_denoised.wav,63,/home/ci2dt2-ai/Proyectos/Psiquiatria/Clasificación Final/Ansiedad/wav/0/034_recortado_denoised.wav,0
034_recortado_denoised__seg64,034,034_recortado_denoised.wav,64,/home/ci2dt2-ai/Proyectos/Psiquiatria/Clasificación Final/Ansiedad/wav/0/034_recortado_denoised.wav,0
034_recortado_denoised__seg65,034,034_recortado_denoised.wav,65,/home/ci2dt2-ai/Proyectos/Psiquiatria/Clasificación Final/Ansiedad/wav/0/034_recortado_denoised.wav,0
034_recortado_denoised__seg66,034,034_recortado_denoised.wav,66,/home/ci2dt2-ai/Proyectos/Psiquiatria/Clasificación Final/Ansiedad/wav/0/034_recortado_denoised.wav,0
034_recortado_denoised__seg67,034,034_recortado_denoised.wav,67,/home/ci2dt2-ai/Proyectos/Psiquiatria/Clasificación Final/Ansiedad/wav/0/034_recortado_denoised.wav,0
034_recortado_denoised__seg68,034,034_recortado_denoised.wav,68,/home/ci2dt2-ai/Proyectos/Psiquiatria/Clasificación Final/Ansiedad/wav/0/034_recortado_denoised.wav,0
034_recortado_denoised__seg69,034,034_recortado_denoised.wav,69,/home/ci2dt2-ai/Proyectos/Psiquiatria/Clasificación Final/Ansiedad/wav/0/034_recortado_denoised.wav,0
034_recortado_denoised__seg70,034,034_recortado_denoised.wav,70,/home/ci2dt2-ai/Proyectos/Psiquiatria/Clasificación Final/Ansiedad/wav/0/034_recortado_denoised.wav,0
034_recortado_denoised__seg71,034,034_recortado_denoised.wav,71,/home/ci2dt2-ai/Proyectos/Psiquiatria/Clasificación Final/Ansiedad/wav/0/034_recortado_denoised.wav,0
034_recortado_denoised__seg72,034,034_recortado_denoised.wav,72,/home/ci2dt2-ai/Proyectos/Psiquiatria/Clasificación Final/Ansiedad/wav/0/034_recortado_denoised.wav,0
034_recortado_denoised__seg73,034,034_recortado_denoised.wav,73,/home/ci2dt2-ai/Proyectos/Psiquiatria/Clasificación Final/Ansiedad/wav/0/034_recortado_denoised.wav,0
034_recortado_denoised__seg74,034,034_recortado_denoised.wav,74,/home/ci2dt2-ai/Proyectos/Psiquiatria/Clasificación Final/Ansiedad/wav/0/034_recortado_denoised.wav,0
034_recortado_denoised__seg75,034,034_recortado_denoised.wav,75,/home/ci2dt2-ai/Proyectos/Psiquiatria/Clasificación Final/Ansiedad/wav/0/034_recortado_denoised.wav,0
034_recortado_denoised__seg76,034,034_recortado_denoised.wav,76,/home/ci2dt2-ai/Proyectos/Psiquiatria/Clasificación Final/Ansiedad/wav/0/034_recortado_denoised.wav,0
034_recortado_denoised__seg77,034,034_recortado_denoised.wav,77,/home/ci2dt2-ai/Proyectos/Psiquiatria/Clasificación Final/Ansiedad/wav/0/034_recortado_denoised.wav,0
034_recortado_denoised__seg78,034,034_recortado_denoised.wav,78,/home/ci2dt2-ai/Proyectos/Psiquiatria/Clasificación Final/Ansiedad/wav/0/034_recortado_denoised.wav,0
034_recortado_denoised__seg79,034,034_recortado_denoised.wav,79,/home/ci2dt2-ai/Proyectos/Psiquiatria/Clasificación Final/Ansiedad/wav/0/034_recortado_denoised.wav,0
034_recortado_denoised__seg80,034,034_recortado_denoised.wav,80,/home/ci2dt2-ai/Proyectos/Psiquiatria/Clasificación Final/Ansiedad/wav/0/034_recortado_denoised.wav,0
034_recortado_denoised__seg81,034,034_recortado_denoised.wav,81,/home/ci2dt2-ai/Proyectos/Psiquiatria/Clasificación Final/Ansiedad/wav/0/034_recortado_denoised.wav,0
034_recortado_denoised__seg82,034,034_recortado_denoised.wav,82,/home/ci2dt2-ai/Proyectos/Psiquiatria/Clasificación Final/Ansiedad/wav/0/034_recortado_denoised.wav,0
034_recortado_denoised__seg83,034,034_recortado_denoised.wav,83,/home/ci2dt2-ai/Proyectos/Psiquiatria/Clasificación Final/Ansiedad/wav/0/034_recortado_denoised.wav,0
034_recortado_denoised__seg84,034,034_recortado_denoised.wav,84,/home/ci2dt2-ai/Proyectos/Psiquiatria/Clasificación Final/Ansiedad/wav/0/034_recortado_denoised.wav,0
034_recortado_denoised__seg85,034,034_recortado_denoised.wav,85,/home/ci2dt2-ai/Proyectos/Psiquiatria/Clasificación Final/Ansiedad/wav/0/034_recortado_denoised.wav,0
034_recortado_denoised__seg86,034,034_recortado_denoised.wav,86,/home/ci2dt2-ai/Proyectos/Psiquiatria/Clasificación Final/Ansiedad/wav/0/034_recortado_denoised.wav,0
034_recortado_denoised__seg87,034,034_recortado_denoised.wav,87,/home/ci2dt2-ai/Proyectos/Psiquiatria/Clasificación Final/Ansiedad/wav/0/034_recortado_denoised.wav,0
034_recortado_denoised__seg88,034,034_recortado_denoised.wav,88,/home/ci2dt2-ai/Proyectos/Psiquiatria/Clasificación Final/Ansiedad/wav/0/034_recortado_denoised.wav,0
034_recortado_denoised__seg89,034,034_recortado_denoised.wav,89,/home/ci2dt2-ai/Proyectos/Psiquiatria/Clasificación Final/Ansiedad/wav/0/034_recortado_denoised.wav,0
034_recortado_denoised__seg90,034,034_recortado_denoised.wav,90,/home/ci2dt2-ai/Proyectos/Psiquiatria/Clasificación Final/Ansiedad/wav/0/034_recortado_denoised.wav,0
034_recortado_denoised__seg91,034,034_recortado_denoised.wav,91,/home/ci2dt2-ai/Proyectos/Psiquiatria/Clasificación Final/Ansiedad/wav/0/034_recortado_denoised.wav,0
034_recortado_denoised__seg92,034,034_recortado_denoised.wav,92,/home/ci2dt2-ai/Proyectos/Psiquiatria/Clasificación Final/Ansiedad/wav/0/034_recortado_denoised.wav,0
034_recortado_denoised__seg93,034,034_recortado_denoised.wav,93,/home/ci2dt2-ai/Proyectos/Psiquiatria/Clasificación Final/Ansiedad/wav/0/034_recortado_denoised.wav,0
034_recortado_denoised__seg94,034,034_recortado_denoised.wav,94,/home/ci2dt2-ai/Proyectos/Psiquiatria/Clasificación Final/Ansiedad/wav/0/034_recortado_denoised.wav,0
034_recortado_denoised__seg95,034,034_recortado_denoised.wav,95,/home/ci2dt2-ai/Proyectos/Psiquiatria/Clasificación Final/Ansiedad/wav/0/034_recortado_denoised.wav,0
034_recortado_denoised__seg96,034,034_recortado_denoised.wav,96,/home/ci2dt2-ai/Proyectos/Psiquiatria/Clasificación Final/Ansiedad/wav/0/034_recortado_denoised.wav,0
034_recortado_denoised__seg97,034,034_recortado_denoised.wav,97,/home/ci2dt2-ai/Proyectos/Psiquiatria/Clasificación Final/Ansiedad/wav/0/034_recortado_denoised.wav,0
034_recortado_denoised__seg98,034,034_recortado_denoised.wav,98,/home/ci2dt2-ai/Proyectos/Psiquiatria/Clasificación Final/Ansiedad/wav/0/034_recortado_denoised.wav,0
034_recortado_denoised__seg99,034,034_recortado_denoised.wav,99,/home/ci2dt2-ai/Proyectos/Psiquiatria/Clasificación Final/Ansiedad/wav/0/034_recortado_denoised.wav,0
034_recortado_denoised__seg100,034,034_recortado_denoised.wav,100,/home/ci2dt2-ai/Proyectos/Psiquiatria/Clasificación Final/Ansiedad/wav/0/034_recortado_denoised.wav,0
034_recortado_denoised__seg101,034,034_recortado_denoised.wav,101,/home/ci2dt2-ai/Proyectos/Psiquiatria/Clasificación Final/Ansiedad/wav/0/034_recortado_denoised.wav,0
034_recortado_denoised__seg102,034,034_recortado_denoised.wav,102,/home/ci2dt2-ai/Proyectos/Psiquiatria/Clasificación Final/Ansiedad/wav/0/034_recortado_denoised.wav,0
034_recortado_denoised__seg103,034,034_recortado_denoised.wav,103,/home/ci2dt2-ai/Proyectos/Psiquiatria/Clasificación Final/Ansiedad/wav/0/034_recortado_denoised.wav,0
034_recortado_denoised__seg104,034,034_recortado_denoised.wav,104,/home/ci2dt2-ai/Proyectos/Psiquiatria/Clasificación Final/Ansiedad/wav/0/034_recortado_denoised.wav,0
034_recortado_denoised__seg105,034,034_recortado_denoised.wav,105,/home/ci2dt2-ai/Proyectos/Psiquiatria/Clasificación Final/Ansiedad/wav/0/034_recortado_denoised.wav,0
034_recortado_denoised__seg106,034,034_recortado_denoised.wav,106,/home/ci2dt2-ai/Proyectos/Psiquiatria/Clasificación Final/Ansiedad/wav/0/034_recortado_denoised.wav,0
034_recortado_denoised__seg107,034,034_recortado_denoised.wav,107,/home/ci2dt2-ai/Proyectos/Psiquiatria/Clasificación Final/Ansiedad/wav/0/034_recortado_denoised.wav,0
035_recortado_denoised__seg0,035,035_recortado_denoised.wav,0,/home/ci2dt2-ai/Proyectos/Psiquiatria/Clasificación Final/Ansiedad/wav/0/035_recortado_denoised.wav,0
035_recortado_denoised__seg1,035,035_recortado_denoised.wav,1,/home/ci2dt2-ai/Proyectos/Psiquiatria/Clasificación Final/Ansiedad/wav/0/035_recortado_denoised.wav,0
035_recortado_denoised__seg2,035,035_recortado_denoised.wav,2,/home/ci2dt2-ai/Proyectos/Psiquiatria/Clasificación Final/Ansiedad/wav/0/035_recortado_denoised.wav,0
035_recortado_denoised__seg3,035,035_recortado_denoised.wav,3,/home/ci2dt2-ai/Proyectos/Psiquiatria/Clasificación Final/Ansiedad/wav/0/035_recortado_denoised.wav,0
035_recortado_denoised__seg4,035,035_recortado_denoised.wav,4,/home/ci2dt2-ai/Proyectos/Psiquiatria/Clasificación Final/Ansiedad/wav/0/035_recortado_denoised.wav,0
035_recortado_denoised__seg5,035,035_recortado_denoised.wav,5,/home/ci2dt2-ai/Proyectos/Psiquiatria/Clasificación Final/Ansiedad/wav/0/035_recortado_denoised.wav,0
035_recortado_denoised__seg6,035,035_recortado_denoised.wav,6,/home/ci2dt2-ai/Proyectos/Psiquiatria/Clasificación Final/Ansiedad/wav/0/035_recortado_denoised.wav,0
035_recortado_denoised__seg7,035,035_recortado_denoised.wav,7,/home/ci2dt2-ai/Proyectos/Psiquiatria/Clasificación Final/Ansiedad/wav/0/035_recortado_denoised.wav,0
035_recortado_denoised__seg8,035,035_recortado_denoised.wav,8,/home/ci2dt2-ai/Proyectos/Psiquiatria/Clasificación Final/Ansiedad/wav/0/035_recortado_denoised.wav,0
035_recortado_denoised__seg9,035,035_recortado_denoised.wav,9,/home/ci2dt2-ai/Proyectos/Psiquiatria/Clasificación Final/Ansiedad/wav/0/035_recortado_denoised.wav,0
035_recortado_denoised__seg10,035,035_recortado_denoised.wav,10,/home/ci2dt2-ai/Proyectos/Psiquiatria/Clasificación Final/Ansiedad/wav/0/035_recortado_denoised.wav,0
035_recortado_denoised__seg11,035,035_recortado_denoised.wav,11,/home/ci2dt2-ai/Proyectos/Psiquiatria/Clasificación Final/Ansiedad/wav/0/035_recortado_denoised.wav,0
035_recortado_denoised__seg12,035,035_recortado_denoised.wav,12,/home/ci2dt2-ai/Proyectos/Psiquiatria/Clasificación Final/Ansiedad/wav/0/035_recortado_denoised.wav,0
035_recortado_denoised__seg13,035,035_recortado_denoised.wav,13,/home/ci2dt2-ai/Proyectos/Psiquiatria/Clasificación Final/Ansiedad/wav/0/035_recortado_denoised.wav,0
035_recortado_denoised__seg14,035,035_recortado_denoised.wav,14,/home/ci2dt2-ai/Proyectos/Psiquiatria/Clasificación Final/Ansiedad/wav/0/035_recortado_denoised.wav,0
035_recortado_denoised__seg15,035,035_recortado_denoised.wav,15,/home/ci2dt2-ai/Proyectos/Psiquiatria/Clasificación Final/Ansiedad/wav/0/035_recortado_denoised.wav,0
035_recortado_denoised__seg16,035,035_recortado_denoised.wav,16,/home/ci2dt2-ai/Proyectos/Psiquiatria/Clasificación Final/Ansiedad/wav/0/035_recortado_denoised.wav,0
035_recortado_denoised__seg17,035,035_recortado_denoised.wav,17,/home/ci2dt2-ai/Proyectos/Psiquiatria/Clasificación Final/Ansiedad/wav/0/035_recortado_denoised.wav,0
035_recortado_denoised__seg18,035,035_recortado_denoised.wav,18,/home/ci2dt2-ai/Proyectos/Psiquiatria/Clasificación Final/Ansiedad/wav/0/035_recortado_denoised.wav,0
035_recortado_denoised__seg19,035,035_recortado_denoised.wav,19,/home/ci2dt2-ai/Proyectos/Psiquiatria/Clasificación Final/Ansiedad/wav/0/035_recortado_denoised.wav,0
035_recortado_denoised__seg20,035,035_recortado_denoised.wav,20,/home/ci2dt2-ai/Proyectos/Psiquiatria/Clasificación Final/Ansiedad/wav/0/035_recortado_denoised.wav,0
035_recortado_denoised__seg21,035,035_recortado_denoised.wav,21,/home/ci2dt2-ai/Proyectos/Psiquiatria/Clasificación Final/Ansiedad/wav/0/035_recortado_denoised.wav,0
035_recortado_denoised__seg22,035,035_recortado_denoised.wav,22,/home/ci2dt2-ai/Proyectos/Psiquiatria/Clasificación Final/Ansiedad/wav/0/035_recortado_denoised.wav,0
035_recortado_denoised__seg23,035,035_recortado_denoised.wav,23,/home/ci2dt2-ai/Proyectos/Psiquiatria/Clasificación Final/Ansiedad/wav/0/035_recortado_denoised.wav,0
035_recortado_denoised__seg24,035,035_recortado_denoised.wav,24,/home/ci2dt2-ai/Proyectos/Psiquiatria/Clasificación Final/Ansiedad/wav/0/035_recortado_denoised.wav,0
035_recortado_denoised__seg25,035,035_recortado_denoised.wav,25,/home/ci2dt2-ai/Proyectos/Psiquiatria/Clasificación Final/Ansiedad/wav/0/035_recortado_denoised.wav,0
035_recortado_denoised__seg26,035,035_recortado_denoised.wav,26,/home/ci2dt2-ai/Proyectos/Psiquiatria/Clasificación Final/Ansiedad/wav/0/035_recortado_denoised.wav,0
035_recortado_denoised__seg27,035,035_recortado_denoised.wav,27,/home/ci2dt2-ai/Proyectos/Psiquiatria/Clasificación Final/Ansiedad/wav/0/035_recortado_denoised.wav,0
035_recortado_denoised__seg28,035,035_recortado_denoised.wav,28,/home/ci2dt2-ai/Proyectos/Psiquiatria/Clasificación Final/Ansiedad/wav/0/035_recortado_denoised.wav,0
035_recortado_denoised__seg29,035,035_recortado_denoised.wav,29,/home/ci2dt2-ai/Proyectos/Psiquiatria/Clasificación Final/Ansiedad/wav/0/035_recortado_denoised.wav,0
035_recortado_denoised__seg30,035,035_recortado_denoised.wav,30,/home/ci2dt2-ai/Proyectos/Psiquiatria/Clasificación Final/Ansiedad/wav/0/035_recortado_denoised.wav,0
035_recortado_denoised__seg31,035,035_recortado_denoised.wav,31,/home/ci2dt2-ai/Proyectos/Psiquiatria/Clasificación Final/Ansiedad/wav/0/035_recortado_denoised.wav,0
035_recortado_denoised__seg32,035,035_recortado_denoised.wav,32,/home/ci2dt2-ai/Proyectos/Psiquiatria/Clasificación Final/Ansiedad/wav/0/035_recortado_denoised.wav,0
035_recortado_denoised__seg33,035,035_recortado_denoised.wav,33,/home/ci2dt2-ai/Proyectos/Psiquiatria/Clasificación Final/Ansiedad/wav/0/035_recortado_denoised.wav,0
035_recortado_denoised__seg34,035,035_recortado_denoised.wav,34,/home/ci2dt2-ai/Proyectos/Psiquiatria/Clasificación Final/Ansiedad/wav/0/035_recortado_denoised.wav,0
035_recortado_denoised__seg35,035,035_recortado_denoised.wav,35,/home/ci2dt2-ai/Proyectos/Psiquiatria/Clasificación Final/Ansiedad/wav/0/035_recortado_denoised.wav,0
035_recortado_denoised__seg36,035,035_recortado_denoised.wav,36,/home/ci2dt2-ai/Proyectos/Psiquiatria/Clasificación Final/Ansiedad/wav/0/035_recortado_denoised.wav,0
035_recortado_denoised__seg37,035,035_recortado_denoised.wav,37,/home/ci2dt2-ai/Proyectos/Psiquiatria/Clasificación Final/Ansiedad/wav/0/035_recortado_denoised.wav,0
035_recortado_denoised__seg38,035,035_recortado_denoised.wav,38,/home/ci2dt2-ai/Proyectos/Psiquiatria/Clasificación Final/Ansiedad/wav/0/035_recortado_denoised.wav,0
035_recortado_denoised__seg39,035,035_recortado_denoised.wav,39,/home/ci2dt2-ai/Proyectos/Psiquiatria/Clasificación Final/Ansiedad/wav/0/035_recortado_denoised.wav,0
035_recortado_denoised__seg40,035,035_recortado_denoised.wav,40,/home/ci2dt2-ai/Proyectos/Psiquiatria/Clasificación Final/Ansiedad/wav/0/035_recortado_denoised.wav,0
035_recortado_denoised__seg41,035,035_recortado_denoised.wav,41,/home/ci2dt2-ai/Proyectos/Psiquiatria/Clasificación Final/Ansiedad/wav/0/035_recortado_denoised.wav,0
035_recortado_denoised__seg42,035,035_recortado_denoised.wav,42,/home/ci2dt2-ai/Proyectos/Psiquiatria/Clasificación Final/Ansiedad/wav/0/035_recortado_denoised.wav,0
035_recortado_denoised__seg43,035,035_recortado_denoised.wav,43,/home/ci2dt2-ai/Proyectos/Psiquiatria/Clasificación Final/Ansiedad/wav/0/035_recortado_denoised.wav,0
035_recortado_denoised__seg44,035,035_recortado_denoised.wav,44,/home/ci2dt2-ai/Proyectos/Psiquiatria/Clasificación Final/Ansiedad/wav/0/035_recortado_denoised.wav,0
035_recortado_denoised__seg45,035,035_recortado_denoised.wav,45,/home/ci2dt2-ai/Proyectos/Psiquiatria/Clasificación Final/Ansiedad/wav/0/035_recortado_denoised.wav,0
035_recortado_denoised__seg46,035,035_recortado_denoised.wav,46,/home/ci2dt2-ai/Proyectos/Psiquiatria/Clasificación Final/Ansiedad/wav/0/035_recortado_denoised.wav,0
035_recortado_denoised__seg47,035,035_recortado_denoised.wav,47,/home/ci2dt2-ai/Proyectos/Psiquiatria/Clasificación Final/Ansiedad/wav/0/035_recortado_denoised.wav,0
035_recortado_denoised__seg48,035,035_recortado_denoised.wav,48,/home/ci2dt2-ai/Proyectos/Psiquiatria/Clasificación Final/Ansiedad/wav/0/035_recortado_denoised.wav,0
035_recortado_denoised__seg49,035,035_recortado_denoised.wav,49,/home/ci2dt2-ai/Proyectos/Psiquiatria/Clasificación Final/Ansiedad/wav/0/035_recortado_denoised.wav,0
035_recortado_denoised__seg50,035,035_recortado_denoised.wav,50,/home/ci2dt2-ai/Proyectos/Psiquiatria/Clasificación Final/Ansiedad/wav/0/035_recortado_denoised.wav,0
035_recortado_denoised__seg51,035,035_recortado_denoised.wav,51,/home/ci2dt2-ai/Proyectos/Psiquiatria/Clasificación Final/Ansiedad/wav/0/035_recortado_denoised.wav,0
035_recortado_denoised__seg52,035,035_recortado_denoised.wav,52,/home/ci2dt2-ai/Proyectos/Psiquiatria/Clasificación Final/Ansiedad/wav/0/035_recortado_denoised.wav,0
035_recortado_denoised__seg53,035,035_recortado_denoised.wav,53,/home/ci2dt2-ai/Proyectos/Psiquiatria/Clasificación Final/Ansiedad/wav/0/035_recortado_denoised.wav,0
035_recortado_denoised__seg54,035,035_recortado_denoised.wav,54,/home/ci2dt2-ai/Proyectos/Psiquiatria/Clasificación Final/Ansiedad/wav/0/035_recortado_denoised.wav,0
035_recortado_denoised__seg55,035,035_recortado_denoised.wav,55,/home/ci2dt2-ai/Proyectos/Psiquiatria/Clasificación Final/Ansiedad/wav/0/035_recortado_denoised.wav,0
035_recortado_denoised__seg56,035,035_recortado_denoised.wav,56,/home/ci2dt2-ai/Proyectos/Psiquiatria/Clasificación Final/Ansiedad/wav/0/035_recortado_denoised.wav,0
035_recortado_denoised__seg57,035,035_recortado_denoised.wav,57,/home/ci2dt2-ai/Proyectos/Psiquiatria/Clasificación Final/Ansiedad/wav/0/035_recortado_denoised.wav,0
035_recortado_denoised__seg58,035,035_recortado_denoised.wav,58,/home/ci2dt2-ai/Proyectos/Psiquiatria/Clasificación Final/Ansiedad/wav/0/035_recortado_denoised.wav,0
035_recortado_denoised__seg59,035,035_recortado_denoised.wav,59,/home/ci2dt2-ai/Proyectos/Psiquiatria/Clasificación Final/Ansiedad/wav/0/035_recortado_denoised.wav,0
035_recortado_denoised__seg60,035,035_recortado_denoised.wav,60,/home/ci2dt2-ai/Proyectos/Psiquiatria/Clasificación Final/Ansiedad/wav/0/035_recortado_denoised.wav,0
035_recortado_denoised__seg61,035,035_recortado_denoised.wav,61,/home/ci2dt2-ai/Proyectos/Psiquiatria/Clasificación Final/Ansiedad/wav/0/035_recortado_denoised.wav,0
035_recortado_denoised__seg62,035,035_recortado_denoised.wav,62,/home/ci2dt2-ai/Proyectos/Psiquiatria/Clasificación Final/Ansiedad/wav/0/035_recortado_denoised.wav,0
035_recortado_denoised__seg63,035,035_recortado_denoised.wav,63,/home/ci2dt2-ai/Proyectos/Psiquiatria/Clasificación Final/Ansiedad/wav/0/035_recortado_denoised.wav,0
035_recortado_denoised__seg64,035,035_recortado_denoised.wav,64,/home/ci2dt2-ai/Proyectos/Psiquiatria/Clasificación Final/Ansiedad/wav/0/035_recortado_denoised.wav,0
035_recortado_denoised__seg65,035,035_recortado_denoised.wav,65,/home/ci2dt2-ai/Proyectos/Psiquiatria/Clasificación Final/Ansiedad/wav/0/035_recortado_denoised.wav,0
035_recortado_denoised__seg66,035,035_recortado_denoised.wav,66,/home/ci2dt2-ai/Proyectos/Psiquiatria/Clasificación Final/Ansiedad/wav/0/035_recortado_denoised.wav,0
035_recortado_denoised__seg67,035,035_recortado_denoised.wav,67,/home/ci2dt2-ai/Proyectos/Psiquiatria/Clasificación Final/Ansiedad/wav/0/035_recortado_denoised.wav,0
035_recortado_denoised__seg68,035,035_recortado_denoised.wav,68,/home/ci2dt2-ai/Proyectos/Psiquiatria/Clasificación Final/Ansiedad/wav/0/035_recortado_denoised.wav,0
035_recortado_denoised__seg69,035,035_recortado_denoised.wav,69,/home/ci2dt2-ai/Proyectos/Psiquiatria/Clasificación Final/Ansiedad/wav/0/035_recortado_denoised.wav,0
035_recortado_denoised__seg70,035,035_recortado_denoised.wav,70,/home/ci2dt2-ai/Proyectos/Psiquiatria/Clasificación Final/Ansiedad/wav/0/035_recortado_denoised.wav,0
035_recortado_denoised__seg71,035,035_recortado_denoised.wav,71,/home/ci2dt2-ai/Proyectos/Psiquiatria/Clasificación Final/Ansiedad/wav/0/035_recortado_denoised.wav,0
035_recortado_denoised__seg72,035,035_recortado_denoised.wav,72,/home/ci2dt2-ai/Proyectos/Psiquiatria/Clasificación Final/Ansiedad/wav/0/035_recortado_denoised.wav,0
035_recortado_denoised__seg73,035,035_recortado_denoised.wav,73,/home/ci2dt2-ai/Proyectos/Psiquiatria/Clasificación Final/Ansiedad/wav/0/035_recortado_denoised.wav,0
035_recortado_denoised__seg74,035,035_recortado_denoised.wav,74,/home/ci2dt2-ai/Proyectos/Psiquiatria/Clasificación Final/Ansiedad/wav/0/035_recortado_denoised.wav,0
035_recortado_denoised__seg75,035,035_recortado_denoised.wav,75,/home/ci2dt2-ai/Proyectos/Psiquiatria/Clasificación Final/Ansiedad/wav/0/035_recortado_denoised.wav,0
035_recortado_denoised__seg76,035,035_recortado_denoised.wav,76,/home/ci2dt2-ai/Proyectos/Psiquiatria/Clasificación Final/Ansiedad/wav/0/035_recortado_denoised.wav,0
035_recortado_denoised__seg77,035,035_recortado_denoised.wav,77,/home/ci2dt2-ai/Proyectos/Psiquiatria/Clasificación Final/Ansiedad/wav/0/035_recortado_denoised.wav,0
035_recortado_denoised__seg78,035,035_recortado_denoised.wav,78,/home/ci2dt2-ai/Proyectos/Psiquiatria/Clasificación Final/Ansiedad/wav/0/035_recortado_denoised.wav,0
035_recortado_denoised__seg79,035,035_recortado_denoised.wav,79,/home/ci2dt2-ai/Proyectos/Psiquiatria/Clasificación Final/Ansiedad/wav/0/035_recortado_denoised.wav,0
035_recortado_denoised__seg80,035,035_recortado_denoised.wav,80,/home/ci2dt2-ai/Proyectos/Psiquiatria/Clasificación Final/Ansiedad/wav/0/035_recortado_denoised.wav,0
035_recortado_denoised__seg81,035,035_recortado_denoised.wav,81,/home/ci2dt2-ai/Proyectos/Psiquiatria/Clasificación Final/Ansiedad/wav/0/035_recortado_denoised.wav,0
035_recortado_denoised__seg82,035,035_recortado_denoised.wav,82,/home/ci2dt2-ai/Proyectos/Psiquiatria/Clasificación Final/Ansiedad/wav/0/035_recortado_denoised.wav,0
035_recortado_denoised__seg83,035,035_recortado_denoised.wav,83,/home/ci2dt2-ai/Proyectos/Psiquiatria/Clasificación Final/Ansiedad/wav/0/035_recortado_denoised.wav,0
035_recortado_denoised__seg84,035,035_recortado_denoised.wav,84,/home/ci2dt2-ai/Proyectos/Psiquiatria/Clasificación Final/Ansiedad/wav/0/035_recortado_denoised.wav,0
036_recortado_denoised__seg0,036,036_recortado_denoised.wav,0,/home/ci2dt2-ai/Proyectos/Psiquiatria/Clasificación Final/Ansiedad/wav/0/036_recortado_denoised.wav,0
036_recortado_denoised__seg1,036,036_recortado_denoised.wav,1,/home/ci2dt2-ai/Proyectos/Psiquiatria/Clasificación Final/Ansiedad/wav/0/036_recortado_denoised.wav,0
036_recortado_denoised__seg2,036,036_recortado_denoised.wav,2,/home/ci2dt2-ai/Proyectos/Psiquiatria/Clasificación Final/Ansiedad/wav/0/036_recortado_denoised.wav,0
036_recortado_denoised__seg3,036,036_recortado_denoised.wav,3,/home/ci2dt2-ai/Proyectos/Psiquiatria/Clasificación Final/Ansiedad/wav/0/036_recortado_denoised.wav,0
036_recortado_denoised__seg4,036,036_recortado_denoised.wav,4,/home/ci2dt2-ai/Proyectos/Psiquiatria/Clasificación Final/Ansiedad/wav/0/036_recortado_denoised.wav,0
036_recortado_denoised__seg5,036,036_recortado_denoised.wav,5,/home/ci2dt2-ai/Proyectos/Psiquiatria/Clasificación Final/Ansiedad/wav/0/036_recortado_denoised.wav,0
036_recortado_denoised__seg6,036,036_recortado_denoised.wav,6,/home/ci2dt2-ai/Proyectos/Psiquiatria/Clasificación Final/Ansiedad/wav/0/036_recortado_denoised.wav,0
036_recortado_denoised__seg7,036,036_recortado_denoised.wav,7,/home/ci2dt2-ai/Proyectos/Psiquiatria/Clasificación Final/Ansiedad/wav/0/036_recortado_denoised.wav,0
036_recortado_denoised__seg8,036,036_recortado_denoised.wav,8,/home/ci2dt2-ai/Proyectos/Psiquiatria/Clasificación Final/Ansiedad/wav/0/036_recortado_denoised.wav,0
036_recortado_denoised__seg9,036,036_recortado_denoised.wav,9,/home/ci2dt2-ai/Proyectos/Psiquiatria/Clasificación Final/Ansiedad/wav/0/036_recortado_denoised.wav,0
036_recortado_denoised__seg10,036,036_recortado_denoised.wav,10,/home/ci2dt2-ai/Proyectos/Psiquiatria/Clasificación Final/Ansiedad/wav/0/036_recortado_denoised.wav,0
036_recortado_denoised__seg11,036,036_recortado_denoised.wav,11,/home/ci2dt2-ai/Proyectos/Psiquiatria/Clasificación Final/Ansiedad/wav/0/036_recortado_denoised.wav,0
036_recortado_denoised__seg12,036,036_recortado_denoised.wav,12,/home/ci2dt2-ai/Proyectos/Psiquiatria/Clasificación Final/Ansiedad/wav/0/036_recortado_denoised.wav,0
036_recortado_denoised__seg13,036,036_recortado_denoised.wav,13,/home/ci2dt2-ai/Proyectos/Psiquiatria/Clasificación Final/Ansiedad/wav/0/036_recortado_denoised.wav,0
036_recortado_denoised__seg14,036,036_recortado_denoised.wav,14,/home/ci2dt2-ai/Proyectos/Psiquiatria/Clasificación Final/Ansiedad/wav/0/036_recortado_denoised.wav,0
036_recortado_denoised__seg15,036,036_recortado_denoised.wav,15,/home/ci2dt2-ai/Proyectos/Psiquiatria/Clasificación Final/Ansiedad/wav/0/036_recortado_denoised.wav,0
036_recortado_denoised__seg16,036,036_recortado_denoised.wav,16,/home/ci2dt2-ai/Proyectos/Psiquiatria/Clasificación Final/Ansiedad/wav/0/036_recortado_denoised.wav,0
036_recortado_denoised__seg17,036,036_recortado_denoised.wav,17,/home/ci2dt2-ai/Proyectos/Psiquiatria/Clasificación Final/Ansiedad/wav/0/036_recortado_denoised.wav,0
036_recortado_denoised__seg18,036,036_recortado_denoised.wav,18,/home/ci2dt2-ai/Proyectos/Psiquiatria/Clasificación Final/Ansiedad/wav/0/036_recortado_denoised.wav,0
036_recortado_denoised__seg19,036,036_recortado_denoised.wav,19,/home/ci2dt2-ai/Proyectos/Psiquiatria/Clasificación Final/Ansiedad/wav/0/036_recortado_denoised.wav,0
036_recortado_denoised__seg20,036,036_recortado_denoised.wav,20,/home/ci2dt2-ai/Proyectos/Psiquiatria/Clasificación Final/Ansiedad/wav/0/036_recortado_denoised.wav,0
036_recortado_denoised__seg21,036,036_recortado_denoised.wav,21,/home/ci2dt2-ai/Proyectos/Psiquiatria/Clasificación Final/Ansiedad/wav/0/036_recortado_denoised.wav,0
036_recortado_denoised__seg22,036,036_recortado_denoised.wav,22,/home/ci2dt2-ai/Proyectos/Psiquiatria/Clasificación Final/Ansiedad/wav/0/036_recortado_denoised.wav,0
036_recortado_denoised__seg23,036,036_recortado_denoised.wav,23,/home/ci2dt2-ai/Proyectos/Psiquiatria/Clasificación Final/Ansiedad/wav/0/036_recortado_denoised.wav,0
036_recortado_denoised__seg24,036,036_recortado_denoised.wav,24,/home/ci2dt2-ai/Proyectos/Psiquiatria/Clasificación Final/Ansiedad/wav/0/036_recortado_denoised.wav,0
036_recortado_denoised__seg25,036,036_recortado_denoised.wav,25,/home/ci2dt2-ai/Proyectos/Psiquiatria/Clasificación Final/Ansiedad/wav/0/036_recortado_denoised.wav,0
036_recortado_denoised__seg26,036,036_recortado_denoised.wav,26,/home/ci2dt2-ai/Proyectos/Psiquiatria/Clasificación Final/Ansiedad/wav/0/036_recortado_denoised.wav,0
036_recortado_denoised__seg27,036,036_recortado_denoised.wav,27,/home/ci2dt2-ai/Proyectos/Psiquiatria/Clasificación Final/Ansiedad/wav/0/036_recortado_denoised.wav,0
036_recortado_denoised__seg28,036,036_recortado_denoised.wav,28,/home/ci2dt2-ai/Proyectos/Psiquiatria/Clasificación Final/Ansiedad/wav/0/036_recortado_denoised.wav,0
036_recortado_denoised__seg29,036,036_recortado_denoised.wav,29,/home/ci2dt2-ai/Proyectos/Psiquiatria/Clasificación Final/Ansiedad/wav/0/036_recortado_denoised.wav,0
036_recortado_denoised__seg30,036,036_recortado_denoised.wav,30,/home/ci2dt2-ai/Proyectos/Psiquiatria/Clasificación Final/Ansiedad/wav/0/036_recortado_denoised.wav,0
036_recortado_denoised__seg31,036,036_recortado_denoised.wav,31,/home/ci2dt2-ai/Proyectos/Psiquiatria/Clasificación Final/Ansiedad/wav/0/036_recortado_denoised.wav,0
036_recortado_denoised__seg32,036,036_recortado_denoised.wav,32,/home/ci2dt2-ai/Proyectos/Psiquiatria/Clasificación Final/Ansiedad/wav/0/036_recortado_denoised.wav,0
036_recortado_denoised__seg33,036,036_recortado_denoised.wav,33,/home/ci2dt2-ai/Proyectos/Psiquiatria/Clasificación Final/Ansiedad/wav/0/036_recortado_denoised.wav,0
036_recortado_denoised__seg34,036,036_recortado_denoised.wav,34,/home/ci2dt2-ai/Proyectos/Psiquiatria/Clasificación Final/Ansiedad/wav/0/036_recortado_denoised.wav,0
036_recortado_denoised__seg35,036,036_recortado_denoised.wav,35,/home/ci2dt2-ai/Proyectos/Psiquiatria/Clasificación Final/Ansiedad/wav/0/036_recortado_denoised.wav,0
036_recortado_denoised__seg36,036,036_recortado_denoised.wav,36,/home/ci2dt2-ai/Proyectos/Psiquiatria/Clasificación Final/Ansiedad/wav/0/036_recortado_denoised.wav,0
036_recortado_denoised__seg37,036,036_recortado_denoised.wav,37,/home/ci2dt2-ai/Proyectos/Psiquiatria/Clasificación Final/Ansiedad/wav/0/036_recortado_denoised.wav,0
036_recortado_denoised__seg38,036,036_recortado_denoised.wav,38,/home/ci2dt2-ai/Proyectos/Psiquiatria/Clasificación Final/Ansiedad/wav/0/036_recortado_denoised.wav,0
036_recortado_denoised__seg39,036,036_recortado_denoised.wav,39,/home/ci2dt2-ai/Proyectos/Psiquiatria/Clasificación Final/Ansiedad/wav/0/036_recortado_denoised.wav,0
036_recortado_denoised__seg40,036,036_recortado_denoised.wav,40,/home/ci2dt2-ai/Proyectos/Psiquiatria/Clasificación Final/Ansiedad/wav/0/036_recortado_denoised.wav,0
036_recortado_denoised__seg41,036,036_recortado_denoised.wav,41,/home/ci2dt2-ai/Proyectos/Psiquiatria/Clasificación Final/Ansiedad/wav/0/036_recortado_denoised.wav,0
036_recortado_denoised__seg42,036,036_recortado_denoised.wav,42,/home/ci2dt2-ai/Proyectos/Psiquiatria/Clasificación Final/Ansiedad/wav/0/036_recortado_denoised.wav,0
036_recortado_denoised__seg43,036,036_recortado_denoised.wav,43,/home/ci2dt2-ai/Proyectos/Psiquiatria/Clasificación Final/Ansiedad/wav/0/036_recortado_denoised.wav,0
036_recortado_denoised__seg44,036,036_recortado_denoised.wav,44,/home/ci2dt2-ai/Proyectos/Psiquiatria/Clasificación Final/Ansiedad/wav/0/036_recortado_denoised.wav,0
036_recortado_denoised__seg45,036,036_recortado_denoised.wav,45,/home/ci2dt2-ai/Proyectos/Psiquiatria/Clasificación Final/Ansiedad/wav/0/036_recortado_denoised.wav,0
036_recortado_denoised__seg46,036,036_recortado_denoised.wav,46,/home/ci2dt2-ai/Proyectos/Psiquiatria/Clasificación Final/Ansiedad/wav/0/036_recortado_denoised.wav,0
036_recortado_denoised__seg47,036,036_recortado_denoised.wav,47,/home/ci2dt2-ai/Proyectos/Psiquiatria/Clasificación Final/Ansiedad/wav/0/036_recortado_denoised.wav,0
037_recortado_denoised__seg0,037,037_recortado_denoised.wav,0,/home/ci2dt2-ai/Proyectos/Psiquiatria/Clasificación Final/Ansiedad/wav/0/037_recortado_denoised.wav,0
037_recortado_denoised__seg1,037,037_recortado_denoised.wav,1,/home/ci2dt2-ai/Proyectos/Psiquiatria/Clasificación Final/Ansiedad/wav/0/037_recortado_denoised.wav,0
037_recortado_denoised__seg2,037,037_recortado_denoised.wav,2,/home/ci2dt2-ai/Proyectos/Psiquiatria/Clasificación Final/Ansiedad/wav/0/037_recortado_denoised.wav,0
037_recortado_denoised__seg3,037,037_recortado_denoised.wav,3,/home/ci2dt2-ai/Proyectos/Psiquiatria/Clasificación Final/Ansiedad/wav/0/037_recortado_denoised.wav,0
037_recortado_denoised__seg4,037,037_recortado_denoised.wav,4,/home/ci2dt2-ai/Proyectos/Psiquiatria/Clasificación Final/Ansiedad/wav/0/037_recortado_denoised.wav,0
037_recortado_denoised__seg5,037,037_recortado_denoised.wav,5,/home/ci2dt2-ai/Proyectos/Psiquiatria/Clasificación Final/Ansiedad/wav/0/037_recortado_denoised.wav,0
037_recortado_denoised__seg6,037,037_recortado_denoised.wav,6,/home/ci2dt2-ai/Proyectos/Psiquiatria/Clasificación Final/Ansiedad/wav/0/037_recortado_denoised.wav,0
037_recortado_denoised__seg7,037,037_recortado_denoised.wav,7,/home/ci2dt2-ai/Proyectos/Psiquiatria/Clasificación Final/Ansiedad/wav/0/037_recortado_denoised.wav,0
037_recortado_denoised__seg8,037,037_recortado_denoised.wav,8,/home/ci2dt2-ai/Proyectos/Psiquiatria/Clasificación Final/Ansiedad/wav/0/037_recortado_denoised.wav,0
037_recortado_denoised__seg9,037,037_recortado_denoised.wav,9,/home/ci2dt2-ai/Proyectos/Psiquiatria/Clasificación Final/Ansiedad/wav/0/037_recortado_denoised.wav,0
037_recortado_denoised__seg10,037,037_recortado_denoised.wav,10,/home/ci2dt2-ai/Proyectos/Psiquiatria/Clasificación Final/Ansiedad/wav/0/037_recortado_denoised.wav,0
037_recortado_denoised__seg11,037,037_recortado_denoised.wav,11,/home/ci2dt2-ai/Proyectos/Psiquiatria/Clasificación Final/Ansiedad/wav/0/037_recortado_denoised.wav,0
037_recortado_denoised__seg12,037,037_recortado_denoised.wav,12,/home/ci2dt2-ai/Proyectos/Psiquiatria/Clasificación Final/Ansiedad/wav/0/037_recortado_denoised.wav,0
037_recortado_denoised__seg13,037,037_recortado_denoised.wav,13,/home/ci2dt2-ai/Proyectos/Psiquiatria/Clasificación Final/Ansiedad/wav/0/037_recortado_denoised.wav,0
037_recortado_denoised__seg14,037,037_recortado_denoised.wav,14,/home/ci2dt2-ai/Proyectos/Psiquiatria/Clasificación Final/Ansiedad/wav/0/037_recortado_denoised.wav,0
037_recortado_denoised__seg15,037,037_recortado_denoised.wav,15,/home/ci2dt2-ai/Proyectos/Psiquiatria/Clasificación Final/Ansiedad/wav/0/037_recortado_denoised.wav,0
037_recortado_denoised__seg16,037,037_recortado_denoised.wav,16,/home/ci2dt2-ai/Proyectos/Psiquiatria/Clasificación Final/Ansiedad/wav/0/037_recortado_denoised.wav,0
037_recortado_denoised__seg17,037,037_recortado_denoised.wav,17,/home/ci2dt2-ai/Proyectos/Psiquiatria/Clasificación Final/Ansiedad/wav/0/037_recortado_denoised.wav,0
037_recortado_denoised__seg18,037,037_recortado_denoised.wav,18,/home/ci2dt2-ai/Proyectos/Psiquiatria/Clasificación Final/Ansiedad/wav/0/037_recortado_denoised.wav,0
037_recortado_denoised__seg19,037,037_recortado_denoised.wav,19,/home/ci2dt2-ai/Proyectos/Psiquiatria/Clasificación Final/Ansiedad/wav/0/037_recortado_denoised.wav,0
037_recortado_denoised__seg20,037,037_recortado_denoised.wav,20,/home/ci2dt2-ai/Proyectos/Psiquiatria/Clasificación Final/Ansiedad/wav/0/037_recortado_denoised.wav,0
037_recortado_denoised__seg21,037,037_recortado_denoised.wav,21,/home/ci2dt2-ai/Proyectos/Psiquiatria/Clasificación Final/Ansiedad/wav/0/037_recortado_denoised.wav,0
037_recortado_denoised__seg22,037,037_recortado_denoised.wav,22,/home/ci2dt2-ai/Proyectos/Psiquiatria/Clasificación Final/Ansiedad/wav/0/037_recortado_denoised.wav,0
037_recortado_denoised__seg23,037,037_recortado_denoised.wav,23,/home/ci2dt2-ai/Proyectos/Psiquiatria/Clasificación Final/Ansiedad/wav/0/037_recortado_denoised.wav,0
037_recortado_denoised__seg24,037,037_recortado_denoised.wav,24,/home/ci2dt2-ai/Proyectos/Psiquiatria/Clasificación Final/Ansiedad/wav/0/037_recortado_denoised.wav,0
037_recortado_denoised__seg25,037,037_recortado_denoised.wav,25,/home/ci2dt2-ai/Proyectos/Psiquiatria/Clasificación Final/Ansiedad/wav/0/037_recortado_denoised.wav,0
037_recortado_denoised__seg26,037,037_recortado_denoised.wav,26,/home/ci2dt2-ai/Proyectos/Psiquiatria/Clasificación Final/Ansiedad/wav/0/037_recortado_denoised.wav,0
037_recortado_denoised__seg27,037,037_recortado_denoised.wav,27,/home/ci2dt2-ai/Proyectos/Psiquiatria/Clasificación Final/Ansiedad/wav/0/037_recortado_denoised.wav,0
037_recortado_denoised__seg28,037,037_recortado_denoised.wav,28,/home/ci2dt2-ai/Proyectos/Psiquiatria/Clasificación Final/Ansiedad/wav/0/037_recortado_denoised.wav,0
037_recortado_denoised__seg29,037,037_recortado_denoised.wav,29,/home/ci2dt2-ai/Proyectos/Psiquiatria/Clasificación Final/Ansiedad/wav/0/037_recortado_denoised.wav,0
037_recortado_denoised__seg30,037,037_recortado_denoised.wav,30,/home/ci2dt2-ai/Proyectos/Psiquiatria/Clasificación Final/Ansiedad/wav/0/037_recortado_denoised.wav,0
037_recortado_denoised__seg31,037,037_recortado_denoised.wav,31,/home/ci2dt2-ai/Proyectos/Psiquiatria/Clasificación Final/Ansiedad/wav/0/037_recortado_denoised.wav,0
037_recortado_denoised__seg32,037,037_recortado_denoised.wav,32,/home/ci2dt2-ai/Proyectos/Psiquiatria/Clasificación Final/Ansiedad/wav/0/037_recortado_denoised.wav,0
037_recortado_denoised__seg33,037,037_recortado_denoised.wav,33,/home/ci2dt2-ai/Proyectos/Psiquiatria/Clasificación Final/Ansiedad/wav/0/037_recortado_denoised.wav,0
037_recortado_denoised__seg34,037,037_recortado_denoised.wav,34,/home/ci2dt2-ai/Proyectos/Psiquiatria/Clasificación Final/Ansiedad/wav/0/037_recortado_denoised.wav,0
037_recortado_denoised__seg35,037,037_recortado_denoised.wav,35,/home/ci2dt2-ai/Proyectos/Psiquiatria/Clasificación Final/Ansiedad/wav/0/037_recortado_denoised.wav,0
037_recortado_denoised__seg36,037,037_recortado_denoised.wav,36,/home/ci2dt2-ai/Proyectos/Psiquiatria/Clasificación Final/Ansiedad/wav/0/037_recortado_denoised.wav,0
037_recortado_denoised__seg37,037,037_recortado_denoised.wav,37,/home/ci2dt2-ai/Proyectos/Psiquiatria/Clasificación Final/Ansiedad/wav/0/037_recortado_denoised.wav,0
037_recortado_denoised__seg38,037,037_recortado_denoised.wav,38,/home/ci2dt2-ai/Proyectos/Psiquiatria/Clasificación Final/Ansiedad/wav/0/037_recortado_denoised.wav,0
037_recortado_denoised__seg39,037,037_recortado_denoised.wav,39,/home/ci2dt2-ai/Proyectos/Psiquiatria/Clasificación Final/Ansiedad/wav/0/037_recortado_denoised.wav,0
037_recortado_denoised__seg40,037,037_recortado_denoised.wav,40,/home/ci2dt2-ai/Proyectos/Psiquiatria/Clasificación Final/Ansiedad/wav/0/037_recortado_denoised.wav,0
037_recortado_denoised__seg41,037,037_recortado_denoised.wav,41,/home/ci2dt2-ai/Proyectos/Psiquiatria/Clasificación Final/Ansiedad/wav/0/037_recortado_denoised.wav,0
037_recortado_denoised__seg42,037,037_recortado_denoised.wav,42,/home/ci2dt2-ai/Proyectos/Psiquiatria/Clasificación Final/Ansiedad/wav/0/037_recortado_denoised.wav,0
037_recortado_denoised__seg43,037,037_recortado_denoised.wav,43,/home/ci2dt2-ai/Proyectos/Psiquiatria/Clasificación Final/Ansiedad/wav/0/037_recortado_denoised.wav,0
037_recortado_denoised__seg44,037,037_recortado_denoised.wav,44,/home/ci2dt2-ai/Proyectos/Psiquiatria/Clasificación Final/Ansiedad/wav/0/037_recortado_denoised.wav,0
037_recortado_denoised__seg45,037,037_recortado_denoised.wav,45,/home/ci2dt2-ai/Proyectos/Psiquiatria/Clasificación Final/Ansiedad/wav/0/037_recortado_denoised.wav,0
038_recortado_denoised__seg0,038,038_recortado_denoised.wav,0,/home/ci2dt2-ai/Proyectos/Psiquiatria/Clasificación Final/Ansiedad/wav/0/038_recortado_denoised.wav,0
038_recortado_denoised__seg1,038,038_recortado_denoised.wav,1,/home/ci2dt2-ai/Proyectos/Psiquiatria/Clasificación Final/Ansiedad/wav/0/038_recortado_denoised.wav,0
038_recortado_denoised__seg2,038,038_recortado_denoised.wav,2,/home/ci2dt2-ai/Proyectos/Psiquiatria/Clasificación Final/Ansiedad/wav/0/038_recortado_denoised.wav,0
038_recortado_denoised__seg3,038,038_recortado_denoised.wav,3,/home/ci2dt2-ai/Proyectos/Psiquiatria/Clasificación Final/Ansiedad/wav/0/038_recortado_denoised.wav,0
038_recortado_denoised__seg4,038,038_recortado_denoised.wav,4,/home/ci2dt2-ai/Proyectos/Psiquiatria/Clasificación Final/Ansiedad/wav/0/038_recortado_denoised.wav,0
038_recortado_denoised__seg5,038,038_recortado_denoised.wav,5,/home/ci2dt2-ai/Proyectos/Psiquiatria/Clasificación Final/Ansiedad/wav/0/038_recortado_denoised.wav,0
038_recortado_denoised__seg6,038,038_recortado_denoised.wav,6,/home/ci2dt2-ai/Proyectos/Psiquiatria/Clasificación Final/Ansiedad/wav/0/038_recortado_denoised.wav,0
038_recortado_denoised__seg7,038,038_recortado_denoised.wav,7,/home/ci2dt2-ai/Proyectos/Psiquiatria/Clasificación Final/Ansiedad/wav/0/038_recortado_denoised.wav,0
038_recortado_denoised__seg8,038,038_recortado_denoised.wav,8,/home/ci2dt2-ai/Proyectos/Psiquiatria/Clasificación Final/Ansiedad/wav/0/038_recortado_denoised.wav,0
038_recortado_denoised__seg9,038,038_recortado_denoised.wav,9,/home/ci2dt2-ai/Proyectos/Psiquiatria/Clasificación Final/Ansiedad/wav/0/038_recortado_denoised.wav,0
038_recortado_denoised__seg10,038,038_recortado_denoised.wav,10,/home/ci2dt2-ai/Proyectos/Psiquiatria/Clasificación Final/Ansiedad/wav/0/038_recortado_denoised.wav,0
038_recortado_denoised__seg11,038,038_recortado_denoised.wav,11,/home/ci2dt2-ai/Proyectos/Psiquiatria/Clasificación Final/Ansiedad/wav/0/038_recortado_denoised.wav,0
038_recortado_denoised__seg12,038,038_recortado_denoised.wav,12,/home/ci2dt2-ai/Proyectos/Psiquiatria/Clasificación Final/Ansiedad/wav/0/038_recortado_denoised.wav,0
038_recortado_denoised__seg13,038,038_recortado_denoised.wav,13,/home/ci2dt2-ai/Proyectos/Psiquiatria/Clasificación Final/Ansiedad/wav/0/038_recortado_denoised.wav,0
038_recortado_denoised__seg14,038,038_recortado_denoised.wav,14,/home/ci2dt2-ai/Proyectos/Psiquiatria/Clasificación Final/Ansiedad/wav/0/038_recortado_denoised.wav,0
038_recortado_denoised__seg15,038,038_recortado_denoised.wav,15,/home/ci2dt2-ai/Proyectos/Psiquiatria/Clasificación Final/Ansiedad/wav/0/038_recortado_denoised.wav,0
038_recortado_denoised__seg16,038,038_recortado_denoised.wav,16,/home/ci2dt2-ai/Proyectos/Psiquiatria/Clasificación Final/Ansiedad/wav/0/038_recortado_denoised.wav,0
038_recortado_denoised__seg17,038,038_recortado_denoised.wav,17,/home/ci2dt2-ai/Proyectos/Psiquiatria/Clasificación Final/Ansiedad/wav/0/038_recortado_denoised.wav,0
038_recortado_denoised__seg18,038,038_recortado_denoised.wav,18,/home/ci2dt2-ai/Proyectos/Psiquiatria/Clasificación Final/Ansiedad/wav/0/038_recortado_denoised.wav,0
038_recortado_denoised__seg19,038,038_recortado_denoised.wav,19,/home/ci2dt2-ai/Proyectos/Psiquiatria/Clasificación Final/Ansiedad/wav/0/038_recortado_denoised.wav,0
038_recortado_denoised__seg20,038,038_recortado_denoised.wav,20,/home/ci2dt2-ai/Proyectos/Psiquiatria/Clasificación Final/Ansiedad/wav/0/038_recortado_denoised.wav,0
038_recortado_denoised__seg21,038,038_recortado_denoised.wav,21,/home/ci2dt2-ai/Proyectos/Psiquiatria/Clasificación Final/Ansiedad/wav/0/038_recortado_denoised.wav,0
038_recortado_denoised__seg22,038,038_recortado_denoised.wav,22,/home/ci2dt2-ai/Proyectos/Psiquiatria/Clasificación Final/Ansiedad/wav/0/038_recortado_denoised.wav,0
038_recortado_denoised__seg23,038,038_recortado_denoised.wav,23,/home/ci2dt2-ai/Proyectos/Psiquiatria/Clasificación Final/Ansiedad/wav/0/038_recortado_denoised.wav,0
038_recortado_denoised__seg24,038,038_recortado_denoised.wav,24,/home/ci2dt2-ai/Proyectos/Psiquiatria/Clasificación Final/Ansiedad/wav/0/038_recortado_denoised.wav,0
038_recortado_denoised__seg25,038,038_recortado_denoised.wav,25,/home/ci2dt2-ai/Proyectos/Psiquiatria/Clasificación Final/Ansiedad/wav/0/038_recortado_denoised.wav,0
038_recortado_denoised__seg26,038,038_recortado_denoised.wav,26,/home/ci2dt2-ai/Proyectos/Psiquiatria/Clasificación Final/Ansiedad/wav/0/038_recortado_denoised.wav,0
038_recortado_denoised__seg27,038,038_recortado_denoised.wav,27,/home/ci2dt2-ai/Proyectos/Psiquiatria/Clasificación Final/Ansiedad/wav/0/038_recortado_denoised.wav,0
038_recortado_denoised__seg28,038,038_recortado_denoised.wav,28,/home/ci2dt2-ai/Proyectos/Psiquiatria/Clasificación Final/Ansiedad/wav/0/038_recortado_denoised.wav,0
038_recortado_denoised__seg29,038,038_recortado_denoised.wav,29,/home/ci2dt2-ai/Proyectos/Psiquiatria/Clasificación Final/Ansiedad/wav/0/038_recortado_denoised.wav,0
038_recortado_denoised__seg30,038,038_recortado_denoised.wav,30,/home/ci2dt2-ai/Proyectos/Psiquiatria/Clasificación Final/Ansiedad/wav/0/038_recortado_denoised.wav,0
038_recortado_denoised__seg31,038,038_recortado_denoised.wav,31,/home/ci2dt2-ai/Proyectos/Psiquiatria/Clasificación Final/Ansiedad/wav/0/038_recortado_denoised.wav,0
038_recortado_denoised__seg32,038,038_recortado_denoised.wav,32,/home/ci2dt2-ai/Proyectos/Psiquiatria/Clasificación Final/Ansiedad/wav/0/038_recortado_denoised.wav,0
038_recortado_denoised__seg33,038,038_recortado_denoised.wav,33,/home/ci2dt2-ai/Proyectos/Psiquiatria/Clasificación Final/Ansiedad/wav/0/038_recortado_denoised.wav,0
038_recortado_denoised__seg34,038,038_recortado_denoised.wav,34,/home/ci2dt2-ai/Proyectos/Psiquiatria/Clasificación Final/Ansiedad/wav/0/038_recortado_denoised.wav,0
038_recortado_denoised__seg35,038,038_recortado_denoised.wav,35,/home/ci2dt2-ai/Proyectos/Psiquiatria/Clasificación Final/Ansiedad/wav/0/038_recortado_denoised.wav,0
038_recortado_denoised__seg36,038,038_recortado_denoised.wav,36,/home/ci2dt2-ai/Proyectos/Psiquiatria/Clasificación Final/Ansiedad/wav/0/038_recortado_denoised.wav,0
038_recortado_denoised__seg37,038,038_recortado_denoised.wav,37,/home/ci2dt2-ai/Proyectos/Psiquiatria/Clasificación Final/Ansiedad/wav/0/038_recortado_denoised.wav,0
038_recortado_denoised__seg38,038,038_recortado_denoised.wav,38,/home/ci2dt2-ai/Proyectos/Psiquiatria/Clasificación Final/Ansiedad/wav/0/038_recortado_denoised.wav,0
038_recortado_denoised__seg39,038,038_recortado_denoised.wav,39,/home/ci2dt2-ai/Proyectos/Psiquiatria/Clasificación Final/Ansiedad/wav/0/038_recortado_denoised.wav,0
038_recortado_denoised__seg40,038,038_recortado_denoised.wav,40,/home/ci2dt2-ai/Proyectos/Psiquiatria/Clasificación Final/Ansiedad/wav/0/038_recortado_denoised.wav,0
038_recortado_denoised__seg41,038,038_recortado_denoised.wav,41,/home/ci2dt2-ai/Proyectos/Psiquiatria/Clasificación Final/Ansiedad/wav/0/038_recortado_denoised.wav,0
038_recortado_denoised__seg42,038,038_recortado_denoised.wav,42,/home/ci2dt2-ai/Proyectos/Psiquiatria/Clasificación Final/Ansiedad/wav/0/038_recortado_denoised.wav,0
038_recortado_denoised__seg43,038,038_recortado_denoised.wav,43,/home/ci2dt2-ai/Proyectos/Psiquiatria/Clasificación Final/Ansiedad/wav/0/038_recortado_denoised.wav,0
038_recortado_denoised__seg44,038,038_recortado_denoised.wav,44,/home/ci2dt2-ai/Proyectos/Psiquiatria/Clasificación Final/Ansiedad/wav/0/038_recortado_denoised.wav,0
038_recortado_denoised__seg45,038,038_recortado_denoised.wav,45,/home/ci2dt2-ai/Proyectos/Psiquiatria/Clasificación Final/Ansiedad/wav/0/038_recortado_denoised.wav,0
038_recortado_denoised__seg46,038,038_recortado_denoised.wav,46,/home/ci2dt2-ai/Proyectos/Psiquiatria/Clasificación Final/Ansiedad/wav/0/038_recortado_denoised.wav,0
038_recortado_denoised__seg47,038,038_recortado_denoised.wav,47,/home/ci2dt2-ai/Proyectos/Psiquiatria/Clasificación Final/Ansiedad/wav/0/038_recortado_denoised.wav,0
038_recortado_denoised__seg48,038,038_recortado_denoised.wav,48,/home/ci2dt2-ai/Proyectos/Psiquiatria/Clasificación Final/Ansiedad/wav/0/038_recortado_denoised.wav,0
038_recortado_denoised__seg49,038,038_recortado_denoised.wav,49,/home/ci2dt2-ai/Proyectos/Psiquiatria/Clasificación Final/Ansiedad/wav/0/038_recortado_denoised.wav,0
038_recortado_denoised__seg50,038,038_recortado_denoised.wav,50,/home/ci2dt2-ai/Proyectos/Psiquiatria/Clasificación Final/Ansiedad/wav/0/038_recortado_denoised.wav,0
038_recortado_denoised__seg51,038,038_recortado_denoised.wav,51,/home/ci2dt2-ai/Proyectos/Psiquiatria/Clasificación Final/Ansiedad/wav/0/038_recortado_denoised.wav,0
038_recortado_denoised__seg52,038,038_recortado_denoised.wav,52,/home/ci2dt2-ai/Proyectos/Psiquiatria/Clasificación Final/Ansiedad/wav/0/038_recortado_denoised.wav,0
038_recortado_denoised__seg53,038,038_recortado_denoised.wav,53,/home/ci2dt2-ai/Proyectos/Psiquiatria/Clasificación Final/Ansiedad/wav/0/038_recortado_denoised.wav,0
038_recortado_denoised__seg54,038,038_recortado_denoised.wav,54,/home/ci2dt2-ai/Proyectos/Psiquiatria/Clasificación Final/Ansiedad/wav/0/038_recortado_denoised.wav,0
038_recortado_denoised__seg55,038,038_recortado_denoised.wav,55,/home/ci2dt2-ai/Proyectos/Psiquiatria/Clasificación Final/Ansiedad/wav/0/038_recortado_denoised.wav,0
038_recortado_denoised__seg56,038,038_recortado_denoised.wav,56,/home/ci2dt2-ai/Proyectos/Psiquiatria/Clasificación Final/Ansiedad/wav/0/038_recortado_denoised.wav,0
038_recortado_denoised__seg57,038,038_recortado_denoised.wav,57,/home/ci2dt2-ai/Proyectos/Psiquiatria/Clasificación Final/Ansiedad/wav/0/038_recortado_denoised.wav,0
038_recortado_denoised__seg58,038,038_recortado_denoised.wav,58,/home/ci2dt2-ai/Proyectos/Psiquiatria/Clasificación Final/Ansiedad/wav/0/038_recortado_denoised.wav,0
038_recortado_denoised__seg59,038,038_recortado_denoised.wav,59,/home/ci2dt2-ai/Proyectos/Psiquiatria/Clasificación Final/Ansiedad/wav/0/038_recortado_denoised.wav,0
038_recortado_denoised__seg60,038,038_recortado_denoised.wav,60,/home/ci2dt2-ai/Proyectos/Psiquiatria/Clasificación Final/Ansiedad/wav/0/038_recortado_denoised.wav,0
038_recortado_denoised__seg61,038,038_recortado_denoised.wav,61,/home/ci2dt2-ai/Proyectos/Psiquiatria/Clasificación Final/Ansiedad/wav/0/038_recortado_denoised.wav,0
038_recortado_denoised__seg62,038,038_recortado_denoised.wav,62,/home/ci2dt2-ai/Proyectos/Psiquiatria/Clasificación Final/Ansiedad/wav/0/038_recortado_denoised.wav,0
038_recortado_denoised__seg63,038,038_recortado_denoised.wav,63,/home/ci2dt2-ai/Proyectos/Psiquiatria/Clasificación Final/Ansiedad/wav/0/038_recortado_denoised.wav,0
038_recortado_denoised__seg64,038,038_recortado_denoised.wav,64,/home/ci2dt2-ai/Proyectos/Psiquiatria/Clasificación Final/Ansiedad/wav/0/038_recortado_denoised.wav,0
038_recortado_denoised__seg65,038,038_recortado_denoised.wav,65,/home/ci2dt2-ai/Proyectos/Psiquiatria/Clasificación Final/Ansiedad/wav/0/038_recortado_denoised.wav,0
038_recortado_denoised__seg66,038,038_recortado_denoised.wav,66,/home/ci2dt2-ai/Proyectos/Psiquiatria/Clasificación Final/Ansiedad/wav/0/038_recortado_denoised.wav,0
038_recortado_denoised__seg67,038,038_recortado_denoised.wav,67,/home/ci2dt2-ai/Proyectos/Psiquiatria/Clasificación Final/Ansiedad/wav/0/038_recortado_denoised.wav,0
038_recortado_denoised__seg68,038,038_recortado_denoised.wav,68,/home/ci2dt2-ai/Proyectos/Psiquiatria/Clasificación Final/Ansiedad/wav/0/038_recortado_denoised.wav,0
038_recortado_denoised__seg69,038,038_recortado_denoised.wav,69,/home/ci2dt2-ai/Proyectos/Psiquiatria/Clasificación Final/Ansiedad/wav/0/038_recortado_denoised.wav,0
038_recortado_denoised__seg70,038,038_recortado_denoised.wav,70,/home/ci2dt2-ai/Proyectos/Psiquiatria/Clasificación Final/Ansiedad/wav/0/038_recortado_denoised.wav,0
038_recortado_denoised__seg71,038,038_recortado_denoised.wav,71,/home/ci2dt2-ai/Proyectos/Psiquiatria/Clasificación Final/Ansiedad/wav/0/038_recortado_denoised.wav,0
038_recortado_denoised__seg72,038,038_recortado_denoised.wav,72,/home/ci2dt2-ai/Proyectos/Psiquiatria/Clasificación Final/Ansiedad/wav/0/038_recortado_denoised.wav,0
038_recortado_denoised__seg73,038,038_recortado_denoised.wav,73,/home/ci2dt2-ai/Proyectos/Psiquiatria/Clasificación Final/Ansiedad/wav/0/038_recortado_denoised.wav,0
038_recortado_denoised__seg74,038,038_recortado_denoised.wav,74,/home/ci2dt2-ai/Proyectos/Psiquiatria/Clasificación Final/Ansiedad/wav/0/038_recortado_denoised.wav,0
038_recortado_denoised__seg75,038,038_recortado_denoised.wav,75,/home/ci2dt2-ai/Proyectos/Psiquiatria/Clasificación Final/Ansiedad/wav/0/038_recortado_denoised.wav,0
038_recortado_denoised__seg76,038,038_recortado_denoised.wav,76,/home/ci2dt2-ai/Proyectos/Psiquiatria/Clasificación Final/Ansiedad/wav/0/038_recortado_denoised.wav,0
039_recortado_denoised__seg0,039,039_recortado_denoised.wav,0,/home/ci2dt2-ai/Proyectos/Psiquiatria/Clasificación Final/Ansiedad/wav/0/039_recortado_denoised.wav,0
039_recortado_denoised__seg1,039,039_recortado_denoised.wav,1,/home/ci2dt2-ai/Proyectos/Psiquiatria/Clasificación Final/Ansiedad/wav/0/039_recortado_denoised.wav,0
039_recortado_denoised__seg2,039,039_recortado_denoised.wav,2,/home/ci2dt2-ai/Proyectos/Psiquiatria/Clasificación Final/Ansiedad/wav/0/039_recortado_denoised.wav,0
039_recortado_denoised__seg3,039,039_recortado_denoised.wav,3,/home/ci2dt2-ai/Proyectos/Psiquiatria/Clasificación Final/Ansiedad/wav/0/039_recortado_denoised.wav,0
039_recortado_denoised__seg4,039,039_recortado_denoised.wav,4,/home/ci2dt2-ai/Proyectos/Psiquiatria/Clasificación Final/Ansiedad/wav/0/039_recortado_denoised.wav,0
039_recortado_denoised__seg5,039,039_recortado_denoised.wav,5,/home/ci2dt2-ai/Proyectos/Psiquiatria/Clasificación Final/Ansiedad/wav/0/039_recortado_denoised.wav,0
039_recortado_denoised__seg6,039,039_recortado_denoised.wav,6,/home/ci2dt2-ai/Proyectos/Psiquiatria/Clasificación Final/Ansiedad/wav/0/039_recortado_denoised.wav,0
039_recortado_denoised__seg7,039,039_recortado_denoised.wav,7,/home/ci2dt2-ai/Proyectos/Psiquiatria/Clasificación Final/Ansiedad/wav/0/039_recortado_denoised.wav,0
039_recortado_denoised__seg8,039,039_recortado_denoised.wav,8,/home/ci2dt2-ai/Proyectos/Psiquiatria/Clasificación Final/Ansiedad/wav/0/039_recortado_denoised.wav,0
039_recortado_denoised__seg9,039,039_recortado_denoised.wav,9,/home/ci2dt2-ai/Proyectos/Psiquiatria/Clasificación Final/Ansiedad/wav/0/039_recortado_denoised.wav,0
039_recortado_denoised__seg10,039,039_recortado_denoised.wav,10,/home/ci2dt2-ai/Proyectos/Psiquiatria/Clasificación Final/Ansiedad/wav/0/039_recortado_denoised.wav,0
039_recortado_denoised__seg11,039,039_recortado_denoised.wav,11,/home/ci2dt2-ai/Proyectos/Psiquiatria/Clasificación Final/Ansiedad/wav/0/039_recortado_denoised.wav,0
039_recortado_denoised__seg12,039,039_recortado_denoised.wav,12,/home/ci2dt2-ai/Proyectos/Psiquiatria/Clasificación Final/Ansiedad/wav/0/039_recortado_denoised.wav,0
039_recortado_denoised__seg13,039,039_recortado_denoised.wav,13,/home/ci2dt2-ai/Proyectos/Psiquiatria/Clasificación Final/Ansiedad/wav/0/039_recortado_denoised.wav,0
039_recortado_denoised__seg14,039,039_recortado_denoised.wav,14,/home/ci2dt2-ai/Proyectos/Psiquiatria/Clasificación Final/Ansiedad/wav/0/039_recortado_denoised.wav,0
039_recortado_denoised__seg15,039,039_recortado_denoised.wav,15,/home/ci2dt2-ai/Proyectos/Psiquiatria/Clasificación Final/Ansiedad/wav/0/039_recortado_denoised.wav,0
039_recortado_denoised__seg16,039,039_recortado_denoised.wav,16,/home/ci2dt2-ai/Proyectos/Psiquiatria/Clasificación Final/Ansiedad/wav/0/039_recortado_denoised.wav,0
039_recortado_denoised__seg17,039,039_recortado_denoised.wav,17,/home/ci2dt2-ai/Proyectos/Psiquiatria/Clasificación Final/Ansiedad/wav/0/039_recortado_denoised.wav,0
039_recortado_denoised__seg18,039,039_recortado_denoised.wav,18,/home/ci2dt2-ai/Proyectos/Psiquiatria/Clasificación Final/Ansiedad/wav/0/039_recortado_denoised.wav,0
039_recortado_denoised__seg19,039,039_recortado_denoised.wav,19,/home/ci2dt2-ai/Proyectos/Psiquiatria/Clasificación Final/Ansiedad/wav/0/039_recortado_denoised.wav,0
039_recortado_denoised__seg20,039,039_recortado_denoised.wav,20,/home/ci2dt2-ai/Proyectos/Psiquiatria/Clasificación Final/Ansiedad/wav/0/039_recortado_denoised.wav,0
039_recortado_denoised__seg21,039,039_recortado_denoised.wav,21,/home/ci2dt2-ai/Proyectos/Psiquiatria/Clasificación Final/Ansiedad/wav/0/039_recortado_denoised.wav,0
039_recortado_denoised__seg22,039,039_recortado_denoised.wav,22,/home/ci2dt2-ai/Proyectos/Psiquiatria/Clasificación Final/Ansiedad/wav/0/039_recortado_denoised.wav,0
039_recortado_denoised__seg23,039,039_recortado_denoised.wav,23,/home/ci2dt2-ai/Proyectos/Psiquiatria/Clasificación Final/Ansiedad/wav/0/039_recortado_denoised.wav,0
039_recortado_denoised__seg24,039,039_recortado_denoised.wav,24,/home/ci2dt2-ai/Proyectos/Psiquiatria/Clasificación Final/Ansiedad/wav/0/039_recortado_denoised.wav,0
039_recortado_denoised__seg25,039,039_recortado_denoised.wav,25,/home/ci2dt2-ai/Proyectos/Psiquiatria/Clasificación Final/Ansiedad/wav/0/039_recortado_denoised.wav,0
039_recortado_denoised__seg26,039,039_recortado_denoised.wav,26,/home/ci2dt2-ai/Proyectos/Psiquiatria/Clasificación Final/Ansiedad/wav/0/039_recortado_denoised.wav,0
039_recortado_denoised__seg27,039,039_recortado_denoised.wav,27,/home/ci2dt2-ai/Proyectos/Psiquiatria/Clasificación Final/Ansiedad/wav/0/039_recortado_denoised.wav,0
039_recortado_denoised__seg28,039,039_recortado_denoised.wav,28,/home/ci2dt2-ai/Proyectos/Psiquiatria/Clasificación Final/Ansiedad/wav/0/039_recortado_denoised.wav,0
039_recortado_denoised__seg29,039,039_recortado_denoised.wav,29,/home/ci2dt2-ai/Proyectos/Psiquiatria/Clasificación Final/Ansiedad/wav/0/039_recortado_denoised.wav,0
039_recortado_denoised__seg30,039,039_recortado_denoised.wav,30,/home/ci2dt2-ai/Proyectos/Psiquiatria/Clasificación Final/Ansiedad/wav/0/039_recortado_denoised.wav,0
039_recortado_denoised__seg31,039,039_recortado_denoised.wav,31,/home/ci2dt2-ai/Proyectos/Psiquiatria/Clasificación Final/Ansiedad/wav/0/039_recortado_denoised.wav,0
039_recortado_denoised__seg32,039,039_recortado_denoised.wav,32,/home/ci2dt2-ai/Proyectos/Psiquiatria/Clasificación Final/Ansiedad/wav/0/039_recortado_denoised.wav,0
040_recortado_denoised__seg0,040,040_recortado_denoised.wav,0,/home/ci2dt2-ai/Proyectos/Psiquiatria/Clasificación Final/Ansiedad/wav/0/040_recortado_denoised.wav,0
040_recortado_denoised__seg1,040,040_recortado_denoised.wav,1,/home/ci2dt2-ai/Proyectos/Psiquiatria/Clasificación Final/Ansiedad/wav/0/040_recortado_denoised.wav,0
040_recortado_denoised__seg2,040,040_recortado_denoised.wav,2,/home/ci2dt2-ai/Proyectos/Psiquiatria/Clasificación Final/Ansiedad/wav/0/040_recortado_denoised.wav,0
040_recortado_denoised__seg3,040,040_recortado_denoised.wav,3,/home/ci2dt2-ai/Proyectos/Psiquiatria/Clasificación Final/Ansiedad/wav/0/040_recortado_denoised.wav,0
040_recortado_denoised__seg4,040,040_recortado_denoised.wav,4,/home/ci2dt2-ai/Proyectos/Psiquiatria/Clasificación Final/Ansiedad/wav/0/040_recortado_denoised.wav,0
040_recortado_denoised__seg5,040,040_recortado_denoised.wav,5,/home/ci2dt2-ai/Proyectos/Psiquiatria/Clasificación Final/Ansiedad/wav/0/040_recortado_denoised.wav,0
040_recortado_denoised__seg6,040,040_recortado_denoised.wav,6,/home/ci2dt2-ai/Proyectos/Psiquiatria/Clasificación Final/Ansiedad/wav/0/040_recortado_denoised.wav,0
040_recortado_denoised__seg7,040,040_recortado_denoised.wav,7,/home/ci2dt2-ai/Proyectos/Psiquiatria/Clasificación Final/Ansiedad/wav/0/040_recortado_denoised.wav,0
040_recortado_denoised__seg8,040,040_recortado_denoised.wav,8,/home/ci2dt2-ai/Proyectos/Psiquiatria/Clasificación Final/Ansiedad/wav/0/040_recortado_denoised.wav,0
040_recortado_denoised__seg9,040,040_recortado_denoised.wav,9,/home/ci2dt2-ai/Proyectos/Psiquiatria/Clasificación Final/Ansiedad/wav/0/040_recortado_denoised.wav,0
040_recortado_denoised__seg10,040,040_recortado_denoised.wav,10,/home/ci2dt2-ai/Proyectos/Psiquiatria/Clasificación Final/Ansiedad/wav/0/040_recortado_denoised.wav,0
040_recortado_denoised__seg11,040,040_recortado_denoised.wav,11,/home/ci2dt2-ai/Proyectos/Psiquiatria/Clasificación Final/Ansiedad/wav/0/040_recortado_denoised.wav,0
040_recortado_denoised__seg12,040,040_recortado_denoised.wav,12,/home/ci2dt2-ai/Proyectos/Psiquiatria/Clasificación Final/Ansiedad/wav/0/040_recortado_denoised.wav,0
040_recortado_denoised__seg13,040,040_recortado_denoised.wav,13,/home/ci2dt2-ai/Proyectos/Psiquiatria/Clasificación Final/Ansiedad/wav/0/040_recortado_denoised.wav,0
040_recortado_denoised__seg14,040,040_recortado_denoised.wav,14,/home/ci2dt2-ai/Proyectos/Psiquiatria/Clasificación Final/Ansiedad/wav/0/040_recortado_denoised.wav,0
040_recortado_denoised__seg15,040,040_recortado_denoised.wav,15,/home/ci2dt2-ai/Proyectos/Psiquiatria/Clasificación Final/Ansiedad/wav/0/040_recortado_denoised.wav,0
040_recortado_denoised__seg16,040,040_recortado_denoised.wav,16,/home/ci2dt2-ai/Proyectos/Psiquiatria/Clasificación Final/Ansiedad/wav/0/040_recortado_denoised.wav,0
040_recortado_denoised__seg17,040,040_recortado_denoised.wav,17,/home/ci2dt2-ai/Proyectos/Psiquiatria/Clasificación Final/Ansiedad/wav/0/040_recortado_denoised.wav,0
040_recortado_denoised__seg18,040,040_recortado_denoised.wav,18,/home/ci2dt2-ai/Proyectos/Psiquiatria/Clasificación Final/Ansiedad/wav/0/040_recortado_denoised.wav,0
040_recortado_denoised__seg19,040,040_recortado_denoised.wav,19,/home/ci2dt2-ai/Proyectos/Psiquiatria/Clasificación Final/Ansiedad/wav/0/040_recortado_denoised.wav,0
040_recortado_denoised__seg20,040,040_recortado_denoised.wav,20,/home/ci2dt2-ai/Proyectos/Psiquiatria/Clasificación Final/Ansiedad/wav/0/040_recortado_denoised.wav,0
040_recortado_denoised__seg21,040,040_recortado_denoised.wav,21,/home/ci2dt2-ai/Proyectos/Psiquiatria/Clasificación Final/Ansiedad/wav/0/040_recortado_denoised.wav,0
040_recortado_denoised__seg22,040,040_recortado_denoised.wav,22,/home/ci2dt2-ai/Proyectos/Psiquiatria/Clasificación Final/Ansiedad/wav/0/040_recortado_denoised.wav,0
040_recortado_denoised__seg23,040,040_recortado_denoised.wav,23,/home/ci2dt2-ai/Proyectos/Psiquiatria/Clasificación Final/Ansiedad/wav/0/040_recortado_denoised.wav,0
040_recortado_denoised__seg24,040,040_recortado_denoised.wav,24,/home/ci2dt2-ai/Proyectos/Psiquiatria/Clasificación Final/Ansiedad/wav/0/040_recortado_denoised.wav,0
040_recortado_denoised__seg25,040,040_recortado_denoised.wav,25,/home/ci2dt2-ai/Proyectos/Psiquiatria/Clasificación Final/Ansiedad/wav/0/040_recortado_denoised.wav,0
040_recortado_denoised__seg26,040,040_recortado_denoised.wav,26,/home/ci2dt2-ai/Proyectos/Psiquiatria/Clasificación Final/Ansiedad/wav/0/040_recortado_denoised.wav,0
040_recortado_denoised__seg27,040,040_recortado_denoised.wav,27,/home/ci2dt2-ai/Proyectos/Psiquiatria/Clasificación Final/Ansiedad/wav/0/040_recortado_denoised.wav,0
040_recortado_denoised__seg28,040,040_recortado_denoised.wav,28,/home/ci2dt2-ai/Proyectos/Psiquiatria/Clasificación Final/Ansiedad/wav/0/040_recortado_denoised.wav,0
040_recortado_denoised__seg29,040,040_recortado_denoised.wav,29,/home/ci2dt2-ai/Proyectos/Psiquiatria/Clasificación Final/Ansiedad/wav/0/040_recortado_denoised.wav,0
040_recortado_denoised__seg30,040,040_recortado_denoised.wav,30,/home/ci2dt2-ai/Proyectos/Psiquiatria/Clasificación Final/Ansiedad/wav/0/040_recortado_denoised.wav,0
040_recortado_denoised__seg31,040,040_recortado_denoised.wav,31,/home/ci2dt2-ai/Proyectos/Psiquiatria/Clasificación Final/Ansiedad/wav/0/040_recortado_denoised.wav,0
040_recortado_denoised__seg32,040,040_recortado_denoised.wav,32,/home/ci2dt2-ai/Proyectos/Psiquiatria/Clasificación Final/Ansiedad/wav/0/040_recortado_denoised.wav,0
040_recortado_denoised__seg33,040,040_recortado_denoised.wav,33,/home/ci2dt2-ai/Proyectos/Psiquiatria/Clasificación Final/Ansiedad/wav/0/040_recortado_denoised.wav,0
040_recortado_denoised__seg34,040,040_recortado_denoised.wav,34,/home/ci2dt2-ai/Proyectos/Psiquiatria/Clasificación Final/Ansiedad/wav/0/040_recortado_denoised.wav,0
040_recortado_denoised__seg35,040,040_recortado_denoised.wav,35,/home/ci2dt2-ai/Proyectos/Psiquiatria/Clasificación Final/Ansiedad/wav/0/040_recortado_denoised.wav,0
040_recortado_denoised__seg36,040,040_recortado_denoised.wav,36,/home/ci2dt2-ai/Proyectos/Psiquiatria/Clasificación Final/Ansiedad/wav/0/040_recortado_denoised.wav,0
040_recortado_denoised__seg37,040,040_recortado_denoised.wav,37,/home/ci2dt2-ai/Proyectos/Psiquiatria/Clasificación Final/Ansiedad/wav/0/040_recortado_denoised.wav,0
040_recortado_denoised__seg38,040,040_recortado_denoised.wav,38,/home/ci2dt2-ai/Proyectos/Psiquiatria/Clasificación Final/Ansiedad/wav/0/040_recortado_denoised.wav,0
040_recortado_denoised__seg39,040,040_recortado_denoised.wav,39,/home/ci2dt2-ai/Proyectos/Psiquiatria/Clasificación Final/Ansiedad/wav/0/040_recortado_denoised.wav,0
041_recortado_denoised__seg0,041,041_recortado_denoised.wav,0,/home/ci2dt2-ai/Proyectos/Psiquiatria/Clasificación Final/Ansiedad/wav/0/041_recortado_denoised.wav,0
041_recortado_denoised__seg1,041,041_recortado_denoised.wav,1,/home/ci2dt2-ai/Proyectos/Psiquiatria/Clasificación Final/Ansiedad/wav/0/041_recortado_denoised.wav,0
041_recortado_denoised__seg2,041,041_recortado_denoised.wav,2,/home/ci2dt2-ai/Proyectos/Psiquiatria/Clasificación Final/Ansiedad/wav/0/041_recortado_denoised.wav,0
041_recortado_denoised__seg3,041,041_recortado_denoised.wav,3,/home/ci2dt2-ai/Proyectos/Psiquiatria/Clasificación Final/Ansiedad/wav/0/041_recortado_denoised.wav,0
041_recortado_denoised__seg4,041,041_recortado_denoised.wav,4,/home/ci2dt2-ai/Proyectos/Psiquiatria/Clasificación Final/Ansiedad/wav/0/041_recortado_denoised.wav,0
041_recortado_denoised__seg5,041,041_recortado_denoised.wav,5,/home/ci2dt2-ai/Proyectos/Psiquiatria/Clasificación Final/Ansiedad/wav/0/041_recortado_denoised.wav,0
041_recortado_denoised__seg6,041,041_recortado_denoised.wav,6,/home/ci2dt2-ai/Proyectos/Psiquiatria/Clasificación Final/Ansiedad/wav/0/041_recortado_denoised.wav,0
041_recortado_denoised__seg7,041,041_recortado_denoised.wav,7,/home/ci2dt2-ai/Proyectos/Psiquiatria/Clasificación Final/Ansiedad/wav/0/041_recortado_denoised.wav,0
041_recortado_denoised__seg8,041,041_recortado_denoised.wav,8,/home/ci2dt2-ai/Proyectos/Psiquiatria/Clasificación Final/Ansiedad/wav/0/041_recortado_denoised.wav,0
041_recortado_denoised__seg9,041,041_recortado_denoised.wav,9,/home/ci2dt2-ai/Proyectos/Psiquiatria/Clasificación Final/Ansiedad/wav/0/041_recortado_denoised.wav,0
041_recortado_denoised__seg10,041,041_recortado_denoised.wav,10,/home/ci2dt2-ai/Proyectos/Psiquiatria/Clasificación Final/Ansiedad/wav/0/041_recortado_denoised.wav,0
041_recortado_denoised__seg11,041,041_recortado_denoised.wav,11,/home/ci2dt2-ai/Proyectos/Psiquiatria/Clasificación Final/Ansiedad/wav/0/041_recortado_denoised.wav,0
041_recortado_denoised__seg12,041,041_recortado_denoised.wav,12,/home/ci2dt2-ai/Proyectos/Psiquiatria/Clasificación Final/Ansiedad/wav/0/041_recortado_denoised.wav,0
041_recortado_denoised__seg13,041,041_recortado_denoised.wav,13,/home/ci2dt2-ai/Proyectos/Psiquiatria/Clasificación Final/Ansiedad/wav/0/041_recortado_denoised.wav,0
041_recortado_denoised__seg14,041,041_recortado_denoised.wav,14,/home/ci2dt2-ai/Proyectos/Psiquiatria/Clasificación Final/Ansiedad/wav/0/041_recortado_denoised.wav,0
041_recortado_denoised__seg15,041,041_recortado_denoised.wav,15,/home/ci2dt2-ai/Proyectos/Psiquiatria/Clasificación Final/Ansiedad/wav/0/041_recortado_denoised.wav,0
041_recortado_denoised__seg16,041,041_recortado_denoised.wav,16,/home/ci2dt2-ai/Proyectos/Psiquiatria/Clasificación Final/Ansiedad/wav/0/041_recortado_denoised.wav,0
041_recortado_denoised__seg17,041,041_recortado_denoised.wav,17,/home/ci2dt2-ai/Proyectos/Psiquiatria/Clasificación Final/Ansiedad/wav/0/041_recortado_denoised.wav,0
041_recortado_denoised__seg18,041,041_recortado_denoised.wav,18,/home/ci2dt2-ai/Proyectos/Psiquiatria/Clasificación Final/Ansiedad/wav/0/041_recortado_denoised.wav,0
041_recortado_denoised__seg19,041,041_recortado_denoised.wav,19,/home/ci2dt2-ai/Proyectos/Psiquiatria/Clasificación Final/Ansiedad/wav/0/041_recortado_denoised.wav,0
041_recortado_denoised__seg20,041,041_recortado_denoised.wav,20,/home/ci2dt2-ai/Proyectos/Psiquiatria/Clasificación Final/Ansiedad/wav/0/041_recortado_denoised.wav,0
041_recortado_denoised__seg21,041,041_recortado_denoised.wav,21,/home/ci2dt2-ai/Proyectos/Psiquiatria/Clasificación Final/Ansiedad/wav/0/041_recortado_denoised.wav,0
041_recortado_denoised__seg22,041,041_recortado_denoised.wav,22,/home/ci2dt2-ai/Proyectos/Psiquiatria/Clasificación Final/Ansiedad/wav/0/041_recortado_denoised.wav,0
041_recortado_denoised__seg23,041,041_recortado_denoised.wav,23,/home/ci2dt2-ai/Proyectos/Psiquiatria/Clasificación Final/Ansiedad/wav/0/041_recortado_denoised.wav,0
041_recortado_denoised__seg24,041,041_recortado_denoised.wav,24,/home/ci2dt2-ai/Proyectos/Psiquiatria/Clasificación Final/Ansiedad/wav/0/041_recortado_denoised.wav,0
041_recortado_denoised__seg25,041,041_recortado_denoised.wav,25,/home/ci2dt2-ai/Proyectos/Psiquiatria/Clasificación Final/Ansiedad/wav/0/041_recortado_denoised.wav,0
041_recortado_denoised__seg26,041,041_recortado_denoised.wav,26,/home/ci2dt2-ai/Proyectos/Psiquiatria/Clasificación Final/Ansiedad/wav/0/041_recortado_denoised.wav,0
041_recortado_denoised__seg27,041,041_recortado_denoised.wav,27,/home/ci2dt2-ai/Proyectos/Psiquiatria/Clasificación Final/Ansiedad/wav/0/041_recortado_denoised.wav,0
041_recortado_denoised__seg28,041,041_recortado_denoised.wav,28,/home/ci2dt2-ai/Proyectos/Psiquiatria/Clasificación Final/Ansiedad/wav/0/041_recortado_denoised.wav,0
044_recortado_denoised__seg0,044,044_recortado_denoised.wav,0,/home/ci2dt2-ai/Proyectos/Psiquiatria/Clasificación Final/Ansiedad/wav/0/044_recortado_denoised.wav,0
044_recortado_denoised__seg1,044,044_recortado_denoised.wav,1,/home/ci2dt2-ai/Proyectos/Psiquiatria/Clasificación Final/Ansiedad/wav/0/044_recortado_denoised.wav,0
044_recortado_denoised__seg2,044,044_recortado_denoised.wav,2,/home/ci2dt2-ai/Proyectos/Psiquiatria/Clasificación Final/Ansiedad/wav/0/044_recortado_denoised.wav,0
044_recortado_denoised__seg3,044,044_recortado_denoised.wav,3,/home/ci2dt2-ai/Proyectos/Psiquiatria/Clasificación Final/Ansiedad/wav/0/044_recortado_denoised.wav,0
044_recortado_denoised__seg4,044,044_recortado_denoised.wav,4,/home/ci2dt2-ai/Proyectos/Psiquiatria/Clasificación Final/Ansiedad/wav/0/044_recortado_denoised.wav,0
044_recortado_denoised__seg5,044,044_recortado_denoised.wav,5,/home/ci2dt2-ai/Proyectos/Psiquiatria/Clasificación Final/Ansiedad/wav/0/044_recortado_denoised.wav,0
044_recortado_denoised__seg6,044,044_recortado_denoised.wav,6,/home/ci2dt2-ai/Proyectos/Psiquiatria/Clasificación Final/Ansiedad/wav/0/044_recortado_denoised.wav,0
044_recortado_denoised__seg7,044,044_recortado_denoised.wav,7,/home/ci2dt2-ai/Proyectos/Psiquiatria/Clasificación Final/Ansiedad/wav/0/044_recortado_denoised.wav,0
044_recortado_denoised__seg8,044,044_recortado_denoised.wav,8,/home/ci2dt2-ai/Proyectos/Psiquiatria/Clasificación Final/Ansiedad/wav/0/044_recortado_denoised.wav,0
044_recortado_denoised__seg9,044,044_recortado_denoised.wav,9,/home/ci2dt2-ai/Proyectos/Psiquiatria/Clasificación Final/Ansiedad/wav/0/044_recortado_denoised.wav,0
044_recortado_denoised__seg10,044,044_recortado_denoised.wav,10,/home/ci2dt2-ai/Proyectos/Psiquiatria/Clasificación Final/Ansiedad/wav/0/044_recortado_denoised.wav,0
044_recortado_denoised__seg11,044,044_recortado_denoised.wav,11,/home/ci2dt2-ai/Proyectos/Psiquiatria/Clasificación Final/Ansiedad/wav/0/044_recortado_denoised.wav,0
044_recortado_denoised__seg12,044,044_recortado_denoised.wav,12,/home/ci2dt2-ai/Proyectos/Psiquiatria/Clasificación Final/Ansiedad/wav/0/044_recortado_denoised.wav,0
044_recortado_denoised__seg13,044,044_recortado_denoised.wav,13,/home/ci2dt2-ai/Proyectos/Psiquiatria/Clasificación Final/Ansiedad/wav/0/044_recortado_denoised.wav,0
044_recortado_denoised__seg14,044,044_recortado_denoised.wav,14,/home/ci2dt2-ai/Proyectos/Psiquiatria/Clasificación Final/Ansiedad/wav/0/044_recortado_denoised.wav,0
044_recortado_denoised__seg15,044,044_recortado_denoised.wav,15,/home/ci2dt2-ai/Proyectos/Psiquiatria/Clasificación Final/Ansiedad/wav/0/044_recortado_denoised.wav,0
044_recortado_denoised__seg16,044,044_recortado_denoised.wav,16,/home/ci2dt2-ai/Proyectos/Psiquiatria/Clasificación Final/Ansiedad/wav/0/044_recortado_denoised.wav,0
044_recortado_denoised__seg17,044,044_recortado_denoised.wav,17,/home/ci2dt2-ai/Proyectos/Psiquiatria/Clasificación Final/Ansiedad/wav/0/044_recortado_denoised.wav,0
044_recortado_denoised__seg18,044,044_recortado_denoised.wav,18,/home/ci2dt2-ai/Proyectos/Psiquiatria/Clasificación Final/Ansiedad/wav/0/044_recortado_denoised.wav,0
044_recortado_denoised__seg19,044,044_recortado_denoised.wav,19,/home/ci2dt2-ai/Proyectos/Psiquiatria/Clasificación Final/Ansiedad/wav/0/044_recortado_denoised.wav,0
044_recortado_denoised__seg20,044,044_recortado_denoised.wav,20,/home/ci2dt2-ai/Proyectos/Psiquiatria/Clasificación Final/Ansiedad/wav/0/044_recortado_denoised.wav,0
044_recortado_denoised__seg21,044,044_recortado_denoised.wav,21,/home/ci2dt2-ai/Proyectos/Psiquiatria/Clasificación Final/Ansiedad/wav/0/044_recortado_denoised.wav,0
044_recortado_denoised__seg22,044,044_recortado_denoised.wav,22,/home/ci2dt2-ai/Proyectos/Psiquiatria/Clasificación Final/Ansiedad/wav/0/044_recortado_denoised.wav,0
044_recortado_denoised__seg23,044,044_recortado_denoised.wav,23,/home/ci2dt2-ai/Proyectos/Psiquiatria/Clasificación Final/Ansiedad/wav/0/044_recortado_denoised.wav,0
044_recortado_denoised__seg24,044,044_recortado_denoised.wav,24,/home/ci2dt2-ai/Proyectos/Psiquiatria/Clasificación Final/Ansiedad/wav/0/044_recortado_denoised.wav,0
044_recortado_denoised__seg25,044,044_recortado_denoised.wav,25,/home/ci2dt2-ai/Proyectos/Psiquiatria/Clasificación Final/Ansiedad/wav/0/044_recortado_denoised.wav,0
044_recortado_denoised__seg26,044,044_recortado_denoised.wav,26,/home/ci2dt2-ai/Proyectos/Psiquiatria/Clasificación Final/Ansiedad/wav/0/044_recortado_denoised.wav,0
044_recortado_denoised__seg27,044,044_recortado_denoised.wav,27,/home/ci2dt2-ai/Proyectos/Psiquiatria/Clasificación Final/Ansiedad/wav/0/044_recortado_denoised.wav,0
044_recortado_denoised__seg28,044,044_recortado_denoised.wav,28,/home/ci2dt2-ai/Proyectos/Psiquiatria/Clasificación Final/Ansiedad/wav/0/044_recortado_denoised.wav,0
044_recortado_denoised__seg29,044,044_recortado_denoised.wav,29,/home/ci2dt2-ai/Proyectos/Psiquiatria/Clasificación Final/Ansiedad/wav/0/044_recortado_denoised.wav,0
045_recortado_denoised__seg0,045,045_recortado_denoised.wav,0,/home/ci2dt2-ai/Proyectos/Psiquiatria/Clasificación Final/Ansiedad/wav/0/045_recortado_denoised.wav,0
045_recortado_denoised__seg1,045,045_recortado_denoised.wav,1,/home/ci2dt2-ai/Proyectos/Psiquiatria/Clasificación Final/Ansiedad/wav/0/045_recortado_denoised.wav,0
045_recortado_denoised__seg2,045,045_recortado_denoised.wav,2,/home/ci2dt2-ai/Proyectos/Psiquiatria/Clasificación Final/Ansiedad/wav/0/045_recortado_denoised.wav,0
045_recortado_denoised__seg3,045,045_recortado_denoised.wav,3,/home/ci2dt2-ai/Proyectos/Psiquiatria/Clasificación Final/Ansiedad/wav/0/045_recortado_denoised.wav,0
045_recortado_denoised__seg4,045,045_recortado_denoised.wav,4,/home/ci2dt2-ai/Proyectos/Psiquiatria/Clasificación Final/Ansiedad/wav/0/045_recortado_denoised.wav,0
045_recortado_denoised__seg5,045,045_recortado_denoised.wav,5,/home/ci2dt2-ai/Proyectos/Psiquiatria/Clasificación Final/Ansiedad/wav/0/045_recortado_denoised.wav,0
045_recortado_denoised__seg6,045,045_recortado_denoised.wav,6,/home/ci2dt2-ai/Proyectos/Psiquiatria/Clasificación Final/Ansiedad/wav/0/045_recortado_denoised.wav,0
045_recortado_denoised__seg7,045,045_recortado_denoised.wav,7,/home/ci2dt2-ai/Proyectos/Psiquiatria/Clasificación Final/Ansiedad/wav/0/045_recortado_denoised.wav,0
045_recortado_denoised__seg8,045,045_recortado_denoised.wav,8,/home/ci2dt2-ai/Proyectos/Psiquiatria/Clasificación Final/Ansiedad/wav/0/045_recortado_denoised.wav,0
045_recortado_denoised__seg9,045,045_recortado_denoised.wav,9,/home/ci2dt2-ai/Proyectos/Psiquiatria/Clasificación Final/Ansiedad/wav/0/045_recortado_denoised.wav,0
045_recortado_denoised__seg10,045,045_recortado_denoised.wav,10,/home/ci2dt2-ai/Proyectos/Psiquiatria/Clasificación Final/Ansiedad/wav/0/045_recortado_denoised.wav,0
045_recortado_denoised__seg11,045,045_recortado_denoised.wav,11,/home/ci2dt2-ai/Proyectos/Psiquiatria/Clasificación Final/Ansiedad/wav/0/045_recortado_denoised.wav,0
045_recortado_denoised__seg12,045,045_recortado_denoised.wav,12,/home/ci2dt2-ai/Proyectos/Psiquiatria/Clasificación Final/Ansiedad/wav/0/045_recortado_denoised.wav,0
045_recortado_denoised__seg13,045,045_recortado_denoised.wav,13,/home/ci2dt2-ai/Proyectos/Psiquiatria/Clasificación Final/Ansiedad/wav/0/045_recortado_denoised.wav,0
045_recortado_denoised__seg14,045,045_recortado_denoised.wav,14,/home/ci2dt2-ai/Proyectos/Psiquiatria/Clasificación Final/Ansiedad/wav/0/045_recortado_denoised.wav,0
045_recortado_denoised__seg15,045,045_recortado_denoised.wav,15,/home/ci2dt2-ai/Proyectos/Psiquiatria/Clasificación Final/Ansiedad/wav/0/045_recortado_denoised.wav,0
045_recortado_denoised__seg16,045,045_recortado_denoised.wav,16,/home/ci2dt2-ai/Proyectos/Psiquiatria/Clasificación Final/Ansiedad/wav/0/045_recortado_denoised.wav,0
045_recortado_denoised__seg17,045,045_recortado_denoised.wav,17,/home/ci2dt2-ai/Proyectos/Psiquiatria/Clasificación Final/Ansiedad/wav/0/045_recortado_denoised.wav,0
045_recortado_denoised__seg18,045,045_recortado_denoised.wav,18,/home/ci2dt2-ai/Proyectos/Psiquiatria/Clasificación Final/Ansiedad/wav/0/045_recortado_denoised.wav,0
045_recortado_denoised__seg19,045,045_recortado_denoised.wav,19,/home/ci2dt2-ai/Proyectos/Psiquiatria/Clasificación Final/Ansiedad/wav/0/045_recortado_denoised.wav,0
045_recortado_denoised__seg20,045,045_recortado_denoised.wav,20,/home/ci2dt2-ai/Proyectos/Psiquiatria/Clasificación Final/Ansiedad/wav/0/045_recortado_denoised.wav,0
045_recortado_denoised__seg21,045,045_recortado_denoised.wav,21,/home/ci2dt2-ai/Proyectos/Psiquiatria/Clasificación Final/Ansiedad/wav/0/045_recortado_denoised.wav,0
045_recortado_denoised__seg22,045,045_recortado_denoised.wav,22,/home/ci2dt2-ai/Proyectos/Psiquiatria/Clasificación Final/Ansiedad/wav/0/045_recortado_denoised.wav,0
045_recortado_denoised__seg23,045,045_recortado_denoised.wav,23,/home/ci2dt2-ai/Proyectos/Psiquiatria/Clasificación Final/Ansiedad/wav/0/045_recortado_denoised.wav,0
045_recortado_denoised__seg24,045,045_recortado_denoised.wav,24,/home/ci2dt2-ai/Proyectos/Psiquiatria/Clasificación Final/Ansiedad/wav/0/045_recortado_denoised.wav,0
045_recortado_denoised__seg25,045,045_recortado_denoised.wav,25,/home/ci2dt2-ai/Proyectos/Psiquiatria/Clasificación Final/Ansiedad/wav/0/045_recortado_denoised.wav,0
045_recortado_denoised__seg26,045,045_recortado_denoised.wav,26,/home/ci2dt2-ai/Proyectos/Psiquiatria/Clasificación Final/Ansiedad/wav/0/045_recortado_denoised.wav,0
045_recortado_denoised__seg27,045,045_recortado_denoised.wav,27,/home/ci2dt2-ai/Proyectos/Psiquiatria/Clasificación Final/Ansiedad/wav/0/045_recortado_denoised.wav,0
045_recortado_denoised__seg28,045,045_recortado_denoised.wav,28,/home/ci2dt2-ai/Proyectos/Psiquiatria/Clasificación Final/Ansiedad/wav/0/045_recortado_denoised.wav,0
045_recortado_denoised__seg29,045,045_recortado_denoised.wav,29,/home/ci2dt2-ai/Proyectos/Psiquiatria/Clasificación Final/Ansiedad/wav/0/045_recortado_denoised.wav,0
045_recortado_denoised__seg30,045,045_recortado_denoised.wav,30,/home/ci2dt2-ai/Proyectos/Psiquiatria/Clasificación Final/Ansiedad/wav/0/045_recortado_denoised.wav,0
045_recortado_denoised__seg31,045,045_recortado_denoised.wav,31,/home/ci2dt2-ai/Proyectos/Psiquiatria/Clasificación Final/Ansiedad/wav/0/045_recortado_denoised.wav,0
046_recortado_denoised__seg0,046,046_recortado_denoised.wav,0,/home/ci2dt2-ai/Proyectos/Psiquiatria/Clasificación Final/Ansiedad/wav/0/046_recortado_denoised.wav,0
046_recortado_denoised__seg1,046,046_recortado_denoised.wav,1,/home/ci2dt2-ai/Proyectos/Psiquiatria/Clasificación Final/Ansiedad/wav/0/046_recortado_denoised.wav,0
046_recortado_denoised__seg2,046,046_recortado_denoised.wav,2,/home/ci2dt2-ai/Proyectos/Psiquiatria/Clasificación Final/Ansiedad/wav/0/046_recortado_denoised.wav,0
046_recortado_denoised__seg3,046,046_recortado_denoised.wav,3,/home/ci2dt2-ai/Proyectos/Psiquiatria/Clasificación Final/Ansiedad/wav/0/046_recortado_denoised.wav,0
046_recortado_denoised__seg4,046,046_recortado_denoised.wav,4,/home/ci2dt2-ai/Proyectos/Psiquiatria/Clasificación Final/Ansiedad/wav/0/046_recortado_denoised.wav,0
046_recortado_denoised__seg5,046,046_recortado_denoised.wav,5,/home/ci2dt2-ai/Proyectos/Psiquiatria/Clasificación Final/Ansiedad/wav/0/046_recortado_denoised.wav,0
046_recortado_denoised__seg6,046,046_recortado_denoised.wav,6,/home/ci2dt2-ai/Proyectos/Psiquiatria/Clasificación Final/Ansiedad/wav/0/046_recortado_denoised.wav,0
046_recortado_denoised__seg7,046,046_recortado_denoised.wav,7,/home/ci2dt2-ai/Proyectos/Psiquiatria/Clasificación Final/Ansiedad/wav/0/046_recortado_denoised.wav,0
046_recortado_denoised__seg8,046,046_recortado_denoised.wav,8,/home/ci2dt2-ai/Proyectos/Psiquiatria/Clasificación Final/Ansiedad/wav/0/046_recortado_denoised.wav,0
046_recortado_denoised__seg9,046,046_recortado_denoised.wav,9,/home/ci2dt2-ai/Proyectos/Psiquiatria/Clasificación Final/Ansiedad/wav/0/046_recortado_denoised.wav,0
046_recortado_denoised__seg10,046,046_recortado_denoised.wav,10,/home/ci2dt2-ai/Proyectos/Psiquiatria/Clasificación Final/Ansiedad/wav/0/046_recortado_denoised.wav,0
046_recortado_denoised__seg11,046,046_recortado_denoised.wav,11,/home/ci2dt2-ai/Proyectos/Psiquiatria/Clasificación Final/Ansiedad/wav/0/046_recortado_denoised.wav,0
046_recortado_denoised__seg12,046,046_recortado_denoised.wav,12,/home/ci2dt2-ai/Proyectos/Psiquiatria/Clasificación Final/Ansiedad/wav/0/046_recortado_denoised.wav,0
046_recortado_denoised__seg13,046,046_recortado_denoised.wav,13,/home/ci2dt2-ai/Proyectos/Psiquiatria/Clasificación Final/Ansiedad/wav/0/046_recortado_denoised.wav,0
046_recortado_denoised__seg14,046,046_recortado_denoised.wav,14,/home/ci2dt2-ai/Proyectos/Psiquiatria/Clasificación Final/Ansiedad/wav/0/046_recortado_denoised.wav,0
046_recortado_denoised__seg15,046,046_recortado_denoised.wav,15,/home/ci2dt2-ai/Proyectos/Psiquiatria/Clasificación Final/Ansiedad/wav/0/046_recortado_denoised.wav,0
046_recortado_denoised__seg16,046,046_recortado_denoised.wav,16,/home/ci2dt2-ai/Proyectos/Psiquiatria/Clasificación Final/Ansiedad/wav/0/046_recortado_denoised.wav,0
046_recortado_denoised__seg17,046,046_recortado_denoised.wav,17,/home/ci2dt2-ai/Proyectos/Psiquiatria/Clasificación Final/Ansiedad/wav/0/046_recortado_denoised.wav,0
046_recortado_denoised__seg18,046,046_recortado_denoised.wav,18,/home/ci2dt2-ai/Proyectos/Psiquiatria/Clasificación Final/Ansiedad/wav/0/046_recortado_denoised.wav,0
046_recortado_denoised__seg19,046,046_recortado_denoised.wav,19,/home/ci2dt2-ai/Proyectos/Psiquiatria/Clasificación Final/Ansiedad/wav/0/046_recortado_denoised.wav,0
046_recortado_denoised__seg20,046,046_recortado_denoised.wav,20,/home/ci2dt2-ai/Proyectos/Psiquiatria/Clasificación Final/Ansiedad/wav/0/046_recortado_denoised.wav,0
046_recortado_denoised__seg21,046,046_recortado_denoised.wav,21,/home/ci2dt2-ai/Proyectos/Psiquiatria/Clasificación Final/Ansiedad/wav/0/046_recortado_denoised.wav,0
046_recortado_denoised__seg22,046,046_recortado_denoised.wav,22,/home/ci2dt2-ai/Proyectos/Psiquiatria/Clasificación Final/Ansiedad/wav/0/046_recortado_denoised.wav,0
046_recortado_denoised__seg23,046,046_recortado_denoised.wav,23,/home/ci2dt2-ai/Proyectos/Psiquiatria/Clasificación Final/Ansiedad/wav/0/046_recortado_denoised.wav,0
046_recortado_denoised__seg24,046,046_recortado_denoised.wav,24,/home/ci2dt2-ai/Proyectos/Psiquiatria/Clasificación Final/Ansiedad/wav/0/046_recortado_denoised.wav,0
046_recortado_denoised__seg25,046,046_recortado_denoised.wav,25,/home/ci2dt2-ai/Proyectos/Psiquiatria/Clasificación Final/Ansiedad/wav/0/046_recortado_denoised.wav,0
046_recortado_denoised__seg26,046,046_recortado_denoised.wav,26,/home/ci2dt2-ai/Proyectos/Psiquiatria/Clasificación Final/Ansiedad/wav/0/046_recortado_denoised.wav,0
046_recortado_denoised__seg27,046,046_recortado_denoised.wav,27,/home/ci2dt2-ai/Proyectos/Psiquiatria/Clasificación Final/Ansiedad/wav/0/046_recortado_denoised.wav,0
046_recortado_denoised__seg28,046,046_recortado_denoised.wav,28,/home/ci2dt2-ai/Proyectos/Psiquiatria/Clasificación Final/Ansiedad/wav/0/046_recortado_denoised.wav,0
046_recortado_denoised__seg29,046,046_recortado_denoised.wav,29,/home/ci2dt2-ai/Proyectos/Psiquiatria/Clasificación Final/Ansiedad/wav/0/046_recortado_denoised.wav,0
046_recortado_denoised__seg30,046,046_recortado_denoised.wav,30,/home/ci2dt2-ai/Proyectos/Psiquiatria/Clasificación Final/Ansiedad/wav/0/046_recortado_denoised.wav,0
046_recortado_denoised__seg31,046,046_recortado_denoised.wav,31,/home/ci2dt2-ai/Proyectos/Psiquiatria/Clasificación Final/Ansiedad/wav/0/046_recortado_denoised.wav,0
046_recortado_denoised__seg32,046,046_recortado_denoised.wav,32,/home/ci2dt2-ai/Proyectos/Psiquiatria/Clasificación Final/Ansiedad/wav/0/046_recortado_denoised.wav,0
046_recortado_denoised__seg33,046,046_recortado_denoised.wav,33,/home/ci2dt2-ai/Proyectos/Psiquiatria/Clasificación Final/Ansiedad/wav/0/046_recortado_denoised.wav,0
046_recortado_denoised__seg34,046,046_recortado_denoised.wav,34,/home/ci2dt2-ai/Proyectos/Psiquiatria/Clasificación Final/Ansiedad/wav/0/046_recortado_denoised.wav,0
046_recortado_denoised__seg35,046,046_recortado_denoised.wav,35,/home/ci2dt2-ai/Proyectos/Psiquiatria/Clasificación Final/Ansiedad/wav/0/046_recortado_denoised.wav,0
046_recortado_denoised__seg36,046,046_recortado_denoised.wav,36,/home/ci2dt2-ai/Proyectos/Psiquiatria/Clasificación Final/Ansiedad/wav/0/046_recortado_denoised.wav,0
046_recortado_denoised__seg37,046,046_recortado_denoised.wav,37,/home/ci2dt2-ai/Proyectos/Psiquiatria/Clasificación Final/Ansiedad/wav/0/046_recortado_denoised.wav,0
046_recortado_denoised__seg38,046,046_recortado_denoised.wav,38,/home/ci2dt2-ai/Proyectos/Psiquiatria/Clasificación Final/Ansiedad/wav/0/046_recortado_denoised.wav,0
046_recortado_denoised__seg39,046,046_recortado_denoised.wav,39,/home/ci2dt2-ai/Proyectos/Psiquiatria/Clasificación Final/Ansiedad/wav/0/046_recortado_denoised.wav,0
046_recortado_denoised__seg40,046,046_recortado_denoised.wav,40,/home/ci2dt2-ai/Proyectos/Psiquiatria/Clasificación Final/Ansiedad/wav/0/046_recortado_denoised.wav,0
047_recortado_denoised__seg0,047,047_recortado_denoised.wav,0,/home/ci2dt2-ai/Proyectos/Psiquiatria/Clasificación Final/Ansiedad/wav/0/047_recortado_denoised.wav,0
047_recortado_denoised__seg1,047,047_recortado_denoised.wav,1,/home/ci2dt2-ai/Proyectos/Psiquiatria/Clasificación Final/Ansiedad/wav/0/047_recortado_denoised.wav,0
047_recortado_denoised__seg2,047,047_recortado_denoised.wav,2,/home/ci2dt2-ai/Proyectos/Psiquiatria/Clasificación Final/Ansiedad/wav/0/047_recortado_denoised.wav,0
047_recortado_denoised__seg3,047,047_recortado_denoised.wav,3,/home/ci2dt2-ai/Proyectos/Psiquiatria/Clasificación Final/Ansiedad/wav/0/047_recortado_denoised.wav,0
047_recortado_denoised__seg4,047,047_recortado_denoised.wav,4,/home/ci2dt2-ai/Proyectos/Psiquiatria/Clasificación Final/Ansiedad/wav/0/047_recortado_denoised.wav,0
047_recortado_denoised__seg5,047,047_recortado_denoised.wav,5,/home/ci2dt2-ai/Proyectos/Psiquiatria/Clasificación Final/Ansiedad/wav/0/047_recortado_denoised.wav,0
047_recortado_denoised__seg6,047,047_recortado_denoised.wav,6,/home/ci2dt2-ai/Proyectos/Psiquiatria/Clasificación Final/Ansiedad/wav/0/047_recortado_denoised.wav,0
047_recortado_denoised__seg7,047,047_recortado_denoised.wav,7,/home/ci2dt2-ai/Proyectos/Psiquiatria/Clasificación Final/Ansiedad/wav/0/047_recortado_denoised.wav,0
047_recortado_denoised__seg8,047,047_recortado_denoised.wav,8,/home/ci2dt2-ai/Proyectos/Psiquiatria/Clasificación Final/Ansiedad/wav/0/047_recortado_denoised.wav,0
047_recortado_denoised__seg9,047,047_recortado_denoised.wav,9,/home/ci2dt2-ai/Proyectos/Psiquiatria/Clasificación Final/Ansiedad/wav/0/047_recortado_denoised.wav,0
047_recortado_denoised__seg10,047,047_recortado_denoised.wav,10,/home/ci2dt2-ai/Proyectos/Psiquiatria/Clasificación Final/Ansiedad/wav/0/047_recortado_denoised.wav,0
047_recortado_denoised__seg11,047,047_recortado_denoised.wav,11,/home/ci2dt2-ai/Proyectos/Psiquiatria/Clasificación Final/Ansiedad/wav/0/047_recortado_denoised.wav,0
047_recortado_denoised__seg12,047,047_recortado_denoised.wav,12,/home/ci2dt2-ai/Proyectos/Psiquiatria/Clasificación Final/Ansiedad/wav/0/047_recortado_denoised.wav,0
047_recortado_denoised__seg13,047,047_recortado_denoised.wav,13,/home/ci2dt2-ai/Proyectos/Psiquiatria/Clasificación Final/Ansiedad/wav/0/047_recortado_denoised.wav,0
047_recortado_denoised__seg14,047,047_recortado_denoised.wav,14,/home/ci2dt2-ai/Proyectos/Psiquiatria/Clasificación Final/Ansiedad/wav/0/047_recortado_denoised.wav,0
047_recortado_denoised__seg15,047,047_recortado_denoised.wav,15,/home/ci2dt2-ai/Proyectos/Psiquiatria/Clasificación Final/Ansiedad/wav/0/047_recortado_denoised.wav,0
047_recortado_denoised__seg16,047,047_recortado_denoised.wav,16,/home/ci2dt2-ai/Proyectos/Psiquiatria/Clasificación Final/Ansiedad/wav/0/047_recortado_denoised.wav,0
047_recortado_denoised__seg17,047,047_recortado_denoised.wav,17,/home/ci2dt2-ai/Proyectos/Psiquiatria/Clasificación Final/Ansiedad/wav/0/047_recortado_denoised.wav,0
047_recortado_denoised__seg18,047,047_recortado_denoised.wav,18,/home/ci2dt2-ai/Proyectos/Psiquiatria/Clasificación Final/Ansiedad/wav/0/047_recortado_denoised.wav,0
047_recortado_denoised__seg19,047,047_recortado_denoised.wav,19,/home/ci2dt2-ai/Proyectos/Psiquiatria/Clasificación Final/Ansiedad/wav/0/047_recortado_denoised.wav,0
047_recortado_denoised__seg20,047,047_recortado_denoised.wav,20,/home/ci2dt2-ai/Proyectos/Psiquiatria/Clasificación Final/Ansiedad/wav/0/047_recortado_denoised.wav,0
047_recortado_denoised__seg21,047,047_recortado_denoised.wav,21,/home/ci2dt2-ai/Proyectos/Psiquiatria/Clasificación Final/Ansiedad/wav/0/047_recortado_denoised.wav,0
047_recortado_denoised__seg22,047,047_recortado_denoised.wav,22,/home/ci2dt2-ai/Proyectos/Psiquiatria/Clasificación Final/Ansiedad/wav/0/047_recortado_denoised.wav,0
047_recortado_denoised__seg23,047,047_recortado_denoised.wav,23,/home/ci2dt2-ai/Proyectos/Psiquiatria/Clasificación Final/Ansiedad/wav/0/047_recortado_denoised.wav,0
047_recortado_denoised__seg24,047,047_recortado_denoised.wav,24,/home/ci2dt2-ai/Proyectos/Psiquiatria/Clasificación Final/Ansiedad/wav/0/047_recortado_denoised.wav,0
047_recortado_denoised__seg25,047,047_recortado_denoised.wav,25,/home/ci2dt2-ai/Proyectos/Psiquiatria/Clasificación Final/Ansiedad/wav/0/047_recortado_denoised.wav,0
047_recortado_denoised__seg26,047,047_recortado_denoised.wav,26,/home/ci2dt2-ai/Proyectos/Psiquiatria/Clasificación Final/Ansiedad/wav/0/047_recortado_denoised.wav,0
047_recortado_denoised__seg27,047,047_recortado_denoised.wav,27,/home/ci2dt2-ai/Proyectos/Psiquiatria/Clasificación Final/Ansiedad/wav/0/047_recortado_denoised.wav,0
047_recortado_denoised__seg28,047,047_recortado_denoised.wav,28,/home/ci2dt2-ai/Proyectos/Psiquiatria/Clasificación Final/Ansiedad/wav/0/047_recortado_denoised.wav,0
047_recortado_denoised__seg29,047,047_recortado_denoised.wav,29,/home/ci2dt2-ai/Proyectos/Psiquiatria/Clasificación Final/Ansiedad/wav/0/047_recortado_denoised.wav,0
047_recortado_denoised__seg30,047,047_recortado_denoised.wav,30,/home/ci2dt2-ai/Proyectos/Psiquiatria/Clasificación Final/Ansiedad/wav/0/047_recortado_denoised.wav,0
047_recortado_denoised__seg31,047,047_recortado_denoised.wav,31,/home/ci2dt2-ai/Proyectos/Psiquiatria/Clasificación Final/Ansiedad/wav/0/047_recortado_denoised.wav,0
047_recortado_denoised__seg32,047,047_recortado_denoised.wav,32,/home/ci2dt2-ai/Proyectos/Psiquiatria/Clasificación Final/Ansiedad/wav/0/047_recortado_denoised.wav,0
047_recortado_denoised__seg33,047,047_recortado_denoised.wav,33,/home/ci2dt2-ai/Proyectos/Psiquiatria/Clasificación Final/Ansiedad/wav/0/047_recortado_denoised.wav,0
047_recortado_denoised__seg34,047,047_recortado_denoised.wav,34,/home/ci2dt2-ai/Proyectos/Psiquiatria/Clasificación Final/Ansiedad/wav/0/047_recortado_denoised.wav,0
047_recortado_denoised__seg35,047,047_recortado_denoised.wav,35,/home/ci2dt2-ai/Proyectos/Psiquiatria/Clasificación Final/Ansiedad/wav/0/047_recortado_denoised.wav,0
047_recortado_denoised__seg36,047,047_recortado_denoised.wav,36,/home/ci2dt2-ai/Proyectos/Psiquiatria/Clasificación Final/Ansiedad/wav/0/047_recortado_denoised.wav,0
047_recortado_denoised__seg37,047,047_recortado_denoised.wav,37,/home/ci2dt2-ai/Proyectos/Psiquiatria/Clasificación Final/Ansiedad/wav/0/047_recortado_denoised.wav,0
047_recortado_denoised__seg38,047,047_recortado_denoised.wav,38,/home/ci2dt2-ai/Proyectos/Psiquiatria/Clasificación Final/Ansiedad/wav/0/047_recortado_denoised.wav,0
047_recortado_denoised__seg39,047,047_recortado_denoised.wav,39,/home/ci2dt2-ai/Proyectos/Psiquiatria/Clasificación Final/Ansiedad/wav/0/047_recortado_denoised.wav,0
047_recortado_denoised__seg40,047,047_recortado_denoised.wav,40,/home/ci2dt2-ai/Proyectos/Psiquiatria/Clasificación Final/Ansiedad/wav/0/047_recortado_denoised.wav,0
047_recortado_denoised__seg41,047,047_recortado_denoised.wav,41,/home/ci2dt2-ai/Proyectos/Psiquiatria/Clasificación Final/Ansiedad/wav/0/047_recortado_denoised.wav,0
047_recortado_denoised__seg42,047,047_recortado_denoised.wav,42,/home/ci2dt2-ai/Proyectos/Psiquiatria/Clasificación Final/Ansiedad/wav/0/047_recortado_denoised.wav,0
047_recortado_denoised__seg43,047,047_recortado_denoised.wav,43,/home/ci2dt2-ai/Proyectos/Psiquiatria/Clasificación Final/Ansiedad/wav/0/047_recortado_denoised.wav,0
047_recortado_denoised__seg44,047,047_recortado_denoised.wav,44,/home/ci2dt2-ai/Proyectos/Psiquiatria/Clasificación Final/Ansiedad/wav/0/047_recortado_denoised.wav,0
047_recortado_denoised__seg45,047,047_recortado_denoised.wav,45,/home/ci2dt2-ai/Proyectos/Psiquiatria/Clasificación Final/Ansiedad/wav/0/047_recortado_denoised.wav,0
047_recortado_denoised__seg46,047,047_recortado_denoised.wav,46,/home/ci2dt2-ai/Proyectos/Psiquiatria/Clasificación Final/Ansiedad/wav/0/047_recortado_denoised.wav,0
047_recortado_denoised__seg47,047,047_recortado_denoised.wav,47,/home/ci2dt2-ai/Proyectos/Psiquiatria/Clasificación Final/Ansiedad/wav/0/047_recortado_denoised.wav,0
047_recortado_denoised__seg48,047,047_recortado_denoised.wav,48,/home/ci2dt2-ai/Proyectos/Psiquiatria/Clasificación Final/Ansiedad/wav/0/047_recortado_denoised.wav,0
047_recortado_denoised__seg49,047,047_recortado_denoised.wav,49,/home/ci2dt2-ai/Proyectos/Psiquiatria/Clasificación Final/Ansiedad/wav/0/047_recortado_denoised.wav,0
047_recortado_denoised__seg50,047,047_recortado_denoised.wav,50,/home/ci2dt2-ai/Proyectos/Psiquiatria/Clasificación Final/Ansiedad/wav/0/047_recortado_denoised.wav,0
047_recortado_denoised__seg51,047,047_recortado_denoised.wav,51,/home/ci2dt2-ai/Proyectos/Psiquiatria/Clasificación Final/Ansiedad/wav/0/047_recortado_denoised.wav,0
047_recortado_denoised__seg52,047,047_recortado_denoised.wav,52,/home/ci2dt2-ai/Proyectos/Psiquiatria/Clasificación Final/Ansiedad/wav/0/047_recortado_denoised.wav,0
047_recortado_denoised__seg53,047,047_recortado_denoised.wav,53,/home/ci2dt2-ai/Proyectos/Psiquiatria/Clasificación Final/Ansiedad/wav/0/047_recortado_denoised.wav,0
047_recortado_denoised__seg54,047,047_recortado_denoised.wav,54,/home/ci2dt2-ai/Proyectos/Psiquiatria/Clasificación Final/Ansiedad/wav/0/047_recortado_denoised.wav,0
047_recortado_denoised__seg55,047,047_recortado_denoised.wav,55,/home/ci2dt2-ai/Proyectos/Psiquiatria/Clasificación Final/Ansiedad/wav/0/047_recortado_denoised.wav,0
047_recortado_denoised__seg56,047,047_recortado_denoised.wav,56,/home/ci2dt2-ai/Proyectos/Psiquiatria/Clasificación Final/Ansiedad/wav/0/047_recortado_denoised.wav,0
047_recortado_denoised__seg57,047,047_recortado_denoised.wav,57,/home/ci2dt2-ai/Proyectos/Psiquiatria/Clasificación Final/Ansiedad/wav/0/047_recortado_denoised.wav,0
047_recortado_denoised__seg58,047,047_recortado_denoised.wav,58,/home/ci2dt2-ai/Proyectos/Psiquiatria/Clasificación Final/Ansiedad/wav/0/047_recortado_denoised.wav,0
047_recortado_denoised__seg59,047,047_recortado_denoised.wav,59,/home/ci2dt2-ai/Proyectos/Psiquiatria/Clasificación Final/Ansiedad/wav/0/047_recortado_denoised.wav,0
047_recortado_denoised__seg60,047,047_recortado_denoised.wav,60,/home/ci2dt2-ai/Proyectos/Psiquiatria/Clasificación Final/Ansiedad/wav/0/047_recortado_denoised.wav,0
047_recortado_denoised__seg61,047,047_recortado_denoised.wav,61,/home/ci2dt2-ai/Proyectos/Psiquiatria/Clasificación Final/Ansiedad/wav/0/047_recortado_denoised.wav,0
047_recortado_denoised__seg62,047,047_recortado_denoised.wav,62,/home/ci2dt2-ai/Proyectos/Psiquiatria/Clasificación Final/Ansiedad/wav/0/047_recortado_denoised.wav,0
047_recortado_denoised__seg63,047,047_recortado_denoised.wav,63,/home/ci2dt2-ai/Proyectos/Psiquiatria/Clasificación Final/Ansiedad/wav/0/047_recortado_denoised.wav,0
047_recortado_denoised__seg64,047,047_recortado_denoised.wav,64,/home/ci2dt2-ai/Proyectos/Psiquiatria/Clasificación Final/Ansiedad/wav/0/047_recortado_denoised.wav,0
047_recortado_denoised__seg65,047,047_recortado_denoised.wav,65,/home/ci2dt2-ai/Proyectos/Psiquiatria/Clasificación Final/Ansiedad/wav/0/047_recortado_denoised.wav,0
047_recortado_denoised__seg66,047,047_recortado_denoised.wav,66,/home/ci2dt2-ai/Proyectos/Psiquiatria/Clasificación Final/Ansiedad/wav/0/047_recortado_denoised.wav,0
047_recortado_denoised__seg67,047,047_recortado_denoised.wav,67,/home/ci2dt2-ai/Proyectos/Psiquiatria/Clasificación Final/Ansiedad/wav/0/047_recortado_denoised.wav,0
047_recortado_denoised__seg68,047,047_recortado_denoised.wav,68,/home/ci2dt2-ai/Proyectos/Psiquiatria/Clasificación Final/Ansiedad/wav/0/047_recortado_denoised.wav,0
047_recortado_denoised__seg69,047,047_recortado_denoised.wav,69,/home/ci2dt2-ai/Proyectos/Psiquiatria/Clasificación Final/Ansiedad/wav/0/047_recortado_denoised.wav,0
047_recortado_denoised__seg70,047,047_recortado_denoised.wav,70,/home/ci2dt2-ai/Proyectos/Psiquiatria/Clasificación Final/Ansiedad/wav/0/047_recortado_denoised.wav,0
047_recortado_denoised__seg71,047,047_recortado_denoised.wav,71,/home/ci2dt2-ai/Proyectos/Psiquiatria/Clasificación Final/Ansiedad/wav/0/047_recortado_denoised.wav,0
047_recortado_denoised__seg72,047,047_recortado_denoised.wav,72,/home/ci2dt2-ai/Proyectos/Psiquiatria/Clasificación Final/Ansiedad/wav/0/047_recortado_denoised.wav,0
047_recortado_denoised__seg73,047,047_recortado_denoised.wav,73,/home/ci2dt2-ai/Proyectos/Psiquiatria/Clasificación Final/Ansiedad/wav/0/047_recortado_denoised.wav,0
047_recortado_denoised__seg74,047,047_recortado_denoised.wav,74,/home/ci2dt2-ai/Proyectos/Psiquiatria/Clasificación Final/Ansiedad/wav/0/047_recortado_denoised.wav,0
048_recortado_denoised__seg0,048,048_recortado_denoised.wav,0,/home/ci2dt2-ai/Proyectos/Psiquiatria/Clasificación Final/Ansiedad/wav/0/048_recortado_denoised.wav,0
048_recortado_denoised__seg1,048,048_recortado_denoised.wav,1,/home/ci2dt2-ai/Proyectos/Psiquiatria/Clasificación Final/Ansiedad/wav/0/048_recortado_denoised.wav,0
048_recortado_denoised__seg2,048,048_recortado_denoised.wav,2,/home/ci2dt2-ai/Proyectos/Psiquiatria/Clasificación Final/Ansiedad/wav/0/048_recortado_denoised.wav,0
048_recortado_denoised__seg3,048,048_recortado_denoised.wav,3,/home/ci2dt2-ai/Proyectos/Psiquiatria/Clasificación Final/Ansiedad/wav/0/048_recortado_denoised.wav,0
048_recortado_denoised__seg4,048,048_recortado_denoised.wav,4,/home/ci2dt2-ai/Proyectos/Psiquiatria/Clasificación Final/Ansiedad/wav/0/048_recortado_denoised.wav,0
048_recortado_denoised__seg5,048,048_recortado_denoised.wav,5,/home/ci2dt2-ai/Proyectos/Psiquiatria/Clasificación Final/Ansiedad/wav/0/048_recortado_denoised.wav,0
048_recortado_denoised__seg6,048,048_recortado_denoised.wav,6,/home/ci2dt2-ai/Proyectos/Psiquiatria/Clasificación Final/Ansiedad/wav/0/048_recortado_denoised.wav,0
048_recortado_denoised__seg7,048,048_recortado_denoised.wav,7,/home/ci2dt2-ai/Proyectos/Psiquiatria/Clasificación Final/Ansiedad/wav/0/048_recortado_denoised.wav,0
048_recortado_denoised__seg8,048,048_recortado_denoised.wav,8,/home/ci2dt2-ai/Proyectos/Psiquiatria/Clasificación Final/Ansiedad/wav/0/048_recortado_denoised.wav,0
048_recortado_denoised__seg9,048,048_recortado_denoised.wav,9,/home/ci2dt2-ai/Proyectos/Psiquiatria/Clasificación Final/Ansiedad/wav/0/048_recortado_denoised.wav,0
048_recortado_denoised__seg10,048,048_recortado_denoised.wav,10,/home/ci2dt2-ai/Proyectos/Psiquiatria/Clasificación Final/Ansiedad/wav/0/048_recortado_denoised.wav,0
048_recortado_denoised__seg11,048,048_recortado_denoised.wav,11,/home/ci2dt2-ai/Proyectos/Psiquiatria/Clasificación Final/Ansiedad/wav/0/048_recortado_denoised.wav,0
048_recortado_denoised__seg12,048,048_recortado_denoised.wav,12,/home/ci2dt2-ai/Proyectos/Psiquiatria/Clasificación Final/Ansiedad/wav/0/048_recortado_denoised.wav,0
048_recortado_denoised__seg13,048,048_recortado_denoised.wav,13,/home/ci2dt2-ai/Proyectos/Psiquiatria/Clasificación Final/Ansiedad/wav/0/048_recortado_denoised.wav,0
048_recortado_denoised__seg14,048,048_recortado_denoised.wav,14,/home/ci2dt2-ai/Proyectos/Psiquiatria/Clasificación Final/Ansiedad/wav/0/048_recortado_denoised.wav,0
048_recortado_denoised__seg15,048,048_recortado_denoised.wav,15,/home/ci2dt2-ai/Proyectos/Psiquiatria/Clasificación Final/Ansiedad/wav/0/048_recortado_denoised.wav,0
048_recortado_denoised__seg16,048,048_recortado_denoised.wav,16,/home/ci2dt2-ai/Proyectos/Psiquiatria/Clasificación Final/Ansiedad/wav/0/048_recortado_denoised.wav,0
048_recortado_denoised__seg17,048,048_recortado_denoised.wav,17,/home/ci2dt2-ai/Proyectos/Psiquiatria/Clasificación Final/Ansiedad/wav/0/048_recortado_denoised.wav,0
048_recortado_denoised__seg18,048,048_recortado_denoised.wav,18,/home/ci2dt2-ai/Proyectos/Psiquiatria/Clasificación Final/Ansiedad/wav/0/048_recortado_denoised.wav,0
048_recortado_denoised__seg19,048,048_recortado_denoised.wav,19,/home/ci2dt2-ai/Proyectos/Psiquiatria/Clasificación Final/Ansiedad/wav/0/048_recortado_denoised.wav,0
048_recortado_denoised__seg20,048,048_recortado_denoised.wav,20,/home/ci2dt2-ai/Proyectos/Psiquiatria/Clasificación Final/Ansiedad/wav/0/048_recortado_denoised.wav,0
048_recortado_denoised__seg21,048,048_recortado_denoised.wav,21,/home/ci2dt2-ai/Proyectos/Psiquiatria/Clasificación Final/Ansiedad/wav/0/048_recortado_denoised.wav,0
048_recortado_denoised__seg22,048,048_recortado_denoised.wav,22,/home/ci2dt2-ai/Proyectos/Psiquiatria/Clasificación Final/Ansiedad/wav/0/048_recortado_denoised.wav,0
048_recortado_denoised__seg23,048,048_recortado_denoised.wav,23,/home/ci2dt2-ai/Proyectos/Psiquiatria/Clasificación Final/Ansiedad/wav/0/048_recortado_denoised.wav,0
048_recortado_denoised__seg24,048,048_recortado_denoised.wav,24,/home/ci2dt2-ai/Proyectos/Psiquiatria/Clasificación Final/Ansiedad/wav/0/048_recortado_denoised.wav,0
048_recortado_denoised__seg25,048,048_recortado_denoised.wav,25,/home/ci2dt2-ai/Proyectos/Psiquiatria/Clasificación Final/Ansiedad/wav/0/048_recortado_denoised.wav,0
048_recortado_denoised__seg26,048,048_recortado_denoised.wav,26,/home/ci2dt2-ai/Proyectos/Psiquiatria/Clasificación Final/Ansiedad/wav/0/048_recortado_denoised.wav,0
048_recortado_denoised__seg27,048,048_recortado_denoised.wav,27,/home/ci2dt2-ai/Proyectos/Psiquiatria/Clasificación Final/Ansiedad/wav/0/048_recortado_denoised.wav,0
048_recortado_denoised__seg28,048,048_recortado_denoised.wav,28,/home/ci2dt2-ai/Proyectos/Psiquiatria/Clasificación Final/Ansiedad/wav/0/048_recortado_denoised.wav,0
048_recortado_denoised__seg29,048,048_recortado_denoised.wav,29,/home/ci2dt2-ai/Proyectos/Psiquiatria/Clasificación Final/Ansiedad/wav/0/048_recortado_denoised.wav,0
048_recortado_denoised__seg30,048,048_recortado_denoised.wav,30,/home/ci2dt2-ai/Proyectos/Psiquiatria/Clasificación Final/Ansiedad/wav/0/048_recortado_denoised.wav,0
048_recortado_denoised__seg31,048,048_recortado_denoised.wav,31,/home/ci2dt2-ai/Proyectos/Psiquiatria/Clasificación Final/Ansiedad/wav/0/048_recortado_denoised.wav,0
048_recortado_denoised__seg32,048,048_recortado_denoised.wav,32,/home/ci2dt2-ai/Proyectos/Psiquiatria/Clasificación Final/Ansiedad/wav/0/048_recortado_denoised.wav,0
048_recortado_denoised__seg33,048,048_recortado_denoised.wav,33,/home/ci2dt2-ai/Proyectos/Psiquiatria/Clasificación Final/Ansiedad/wav/0/048_recortado_denoised.wav,0
048_recortado_denoised__seg34,048,048_recortado_denoised.wav,34,/home/ci2dt2-ai/Proyectos/Psiquiatria/Clasificación Final/Ansiedad/wav/0/048_recortado_denoised.wav,0
048_recortado_denoised__seg35,048,048_recortado_denoised.wav,35,/home/ci2dt2-ai/Proyectos/Psiquiatria/Clasificación Final/Ansiedad/wav/0/048_recortado_denoised.wav,0
048_recortado_denoised__seg36,048,048_recortado_denoised.wav,36,/home/ci2dt2-ai/Proyectos/Psiquiatria/Clasificación Final/Ansiedad/wav/0/048_recortado_denoised.wav,0
048_recortado_denoised__seg37,048,048_recortado_denoised.wav,37,/home/ci2dt2-ai/Proyectos/Psiquiatria/Clasificación Final/Ansiedad/wav/0/048_recortado_denoised.wav,0
048_recortado_denoised__seg38,048,048_recortado_denoised.wav,38,/home/ci2dt2-ai/Proyectos/Psiquiatria/Clasificación Final/Ansiedad/wav/0/048_recortado_denoised.wav,0
048_recortado_denoised__seg39,048,048_recortado_denoised.wav,39,/home/ci2dt2-ai/Proyectos/Psiquiatria/Clasificación Final/Ansiedad/wav/0/048_recortado_denoised.wav,0
048_recortado_denoised__seg40,048,048_recortado_denoised.wav,40,/home/ci2dt2-ai/Proyectos/Psiquiatria/Clasificación Final/Ansiedad/wav/0/048_recortado_denoised.wav,0
050_recortado_denoised__seg0,050,050_recortado_denoised.wav,0,/home/ci2dt2-ai/Proyectos/Psiquiatria/Clasificación Final/Ansiedad/wav/0/050_recortado_denoised.wav,0
050_recortado_denoised__seg1,050,050_recortado_denoised.wav,1,/home/ci2dt2-ai/Proyectos/Psiquiatria/Clasificación Final/Ansiedad/wav/0/050_recortado_denoised.wav,0
050_recortado_denoised__seg2,050,050_recortado_denoised.wav,2,/home/ci2dt2-ai/Proyectos/Psiquiatria/Clasificación Final/Ansiedad/wav/0/050_recortado_denoised.wav,0
050_recortado_denoised__seg3,050,050_recortado_denoised.wav,3,/home/ci2dt2-ai/Proyectos/Psiquiatria/Clasificación Final/Ansiedad/wav/0/050_recortado_denoised.wav,0
050_recortado_denoised__seg4,050,050_recortado_denoised.wav,4,/home/ci2dt2-ai/Proyectos/Psiquiatria/Clasificación Final/Ansiedad/wav/0/050_recortado_denoised.wav,0
050_recortado_denoised__seg5,050,050_recortado_denoised.wav,5,/home/ci2dt2-ai/Proyectos/Psiquiatria/Clasificación Final/Ansiedad/wav/0/050_recortado_denoised.wav,0
050_recortado_denoised__seg6,050,050_recortado_denoised.wav,6,/home/ci2dt2-ai/Proyectos/Psiquiatria/Clasificación Final/Ansiedad/wav/0/050_recortado_denoised.wav,0
050_recortado_denoised__seg7,050,050_recortado_denoised.wav,7,/home/ci2dt2-ai/Proyectos/Psiquiatria/Clasificación Final/Ansiedad/wav/0/050_recortado_denoised.wav,0
050_recortado_denoised__seg8,050,050_recortado_denoised.wav,8,/home/ci2dt2-ai/Proyectos/Psiquiatria/Clasificación Final/Ansiedad/wav/0/050_recortado_denoised.wav,0
050_recortado_denoised__seg9,050,050_recortado_denoised.wav,9,/home/ci2dt2-ai/Proyectos/Psiquiatria/Clasificación Final/Ansiedad/wav/0/050_recortado_denoised.wav,0
050_recortado_denoised__seg10,050,050_recortado_denoised.wav,10,/home/ci2dt2-ai/Proyectos/Psiquiatria/Clasificación Final/Ansiedad/wav/0/050_recortado_denoised.wav,0
050_recortado_denoised__seg11,050,050_recortado_denoised.wav,11,/home/ci2dt2-ai/Proyectos/Psiquiatria/Clasificación Final/Ansiedad/wav/0/050_recortado_denoised.wav,0
050_recortado_denoised__seg12,050,050_recortado_denoised.wav,12,/home/ci2dt2-ai/Proyectos/Psiquiatria/Clasificación Final/Ansiedad/wav/0/050_recortado_denoised.wav,0
050_recortado_denoised__seg13,050,050_recortado_denoised.wav,13,/home/ci2dt2-ai/Proyectos/Psiquiatria/Clasificación Final/Ansiedad/wav/0/050_recortado_denoised.wav,0
050_recortado_denoised__seg14,050,050_recortado_denoised.wav,14,/home/ci2dt2-ai/Proyectos/Psiquiatria/Clasificación Final/Ansiedad/wav/0/050_recortado_denoised.wav,0
050_recortado_denoised__seg15,050,050_recortado_denoised.wav,15,/home/ci2dt2-ai/Proyectos/Psiquiatria/Clasificación Final/Ansiedad/wav/0/050_recortado_denoised.wav,0
050_recortado_denoised__seg16,050,050_recortado_denoised.wav,16,/home/ci2dt2-ai/Proyectos/Psiquiatria/Clasificación Final/Ansiedad/wav/0/050_recortado_denoised.wav,0
050_recortado_denoised__seg17,050,050_recortado_denoised.wav,17,/home/ci2dt2-ai/Proyectos/Psiquiatria/Clasificación Final/Ansiedad/wav/0/050_recortado_denoised.wav,0
050_recortado_denoised__seg18,050,050_recortado_denoised.wav,18,/home/ci2dt2-ai/Proyectos/Psiquiatria/Clasificación Final/Ansiedad/wav/0/050_recortado_denoised.wav,0
050_recortado_denoised__seg19,050,050_recortado_denoised.wav,19,/home/ci2dt2-ai/Proyectos/Psiquiatria/Clasificación Final/Ansiedad/wav/0/050_recortado_denoised.wav,0
050_recortado_denoised__seg20,050,050_recortado_denoised.wav,20,/home/ci2dt2-ai/Proyectos/Psiquiatria/Clasificación Final/Ansiedad/wav/0/050_recortado_denoised.wav,0
050_recortado_denoised__seg21,050,050_recortado_denoised.wav,21,/home/ci2dt2-ai/Proyectos/Psiquiatria/Clasificación Final/Ansiedad/wav/0/050_recortado_denoised.wav,0
050_recortado_denoised__seg22,050,050_recortado_denoised.wav,22,/home/ci2dt2-ai/Proyectos/Psiquiatria/Clasificación Final/Ansiedad/wav/0/050_recortado_denoised.wav,0
050_recortado_denoised__seg23,050,050_recortado_denoised.wav,23,/home/ci2dt2-ai/Proyectos/Psiquiatria/Clasificación Final/Ansiedad/wav/0/050_recortado_denoised.wav,0
050_recortado_denoised__seg24,050,050_recortado_denoised.wav,24,/home/ci2dt2-ai/Proyectos/Psiquiatria/Clasificación Final/Ansiedad/wav/0/050_recortado_denoised.wav,0
050_recortado_denoised__seg25,050,050_recortado_denoised.wav,25,/home/ci2dt2-ai/Proyectos/Psiquiatria/Clasificación Final/Ansiedad/wav/0/050_recortado_denoised.wav,0
050_recortado_denoised__seg26,050,050_recortado_denoised.wav,26,/home/ci2dt2-ai/Proyectos/Psiquiatria/Clasificación Final/Ansiedad/wav/0/050_recortado_denoised.wav,0
050_recortado_denoised__seg27,050,050_recortado_denoised.wav,27,/home/ci2dt2-ai/Proyectos/Psiquiatria/Clasificación Final/Ansiedad/wav/0/050_recortado_denoised.wav,0
050_recortado_denoised__seg28,050,050_recortado_denoised.wav,28,/home/ci2dt2-ai/Proyectos/Psiquiatria/Clasificación Final/Ansiedad/wav/0/050_recortado_denoised.wav,0
050_recortado_denoised__seg29,050,050_recortado_denoised.wav,29,/home/ci2dt2-ai/Proyectos/Psiquiatria/Clasificación Final/Ansiedad/wav/0/050_recortado_denoised.wav,0
050_recortado_denoised__seg30,050,050_recortado_denoised.wav,30,/home/ci2dt2-ai/Proyectos/Psiquiatria/Clasificación Final/Ansiedad/wav/0/050_recortado_denoised.wav,0
050_recortado_denoised__seg31,050,050_recortado_denoised.wav,31,/home/ci2dt2-ai/Proyectos/Psiquiatria/Clasificación Final/Ansiedad/wav/0/050_recortado_denoised.wav,0
050_recortado_denoised__seg32,050,050_recortado_denoised.wav,32,/home/ci2dt2-ai/Proyectos/Psiquiatria/Clasificación Final/Ansiedad/wav/0/050_recortado_denoised.wav,0
050_recortado_denoised__seg33,050,050_recortado_denoised.wav,33,/home/ci2dt2-ai/Proyectos/Psiquiatria/Clasificación Final/Ansiedad/wav/0/050_recortado_denoised.wav,0
050_recortado_denoised__seg34,050,050_recortado_denoised.wav,34,/home/ci2dt2-ai/Proyectos/Psiquiatria/Clasificación Final/Ansiedad/wav/0/050_recortado_denoised.wav,0
050_recortado_denoised__seg35,050,050_recortado_denoised.wav,35,/home/ci2dt2-ai/Proyectos/Psiquiatria/Clasificación Final/Ansiedad/wav/0/050_recortado_denoised.wav,0
050_recortado_denoised__seg36,050,050_recortado_denoised.wav,36,/home/ci2dt2-ai/Proyectos/Psiquiatria/Clasificación Final/Ansiedad/wav/0/050_recortado_denoised.wav,0
050_recortado_denoised__seg37,050,050_recortado_denoised.wav,37,/home/ci2dt2-ai/Proyectos/Psiquiatria/Clasificación Final/Ansiedad/wav/0/050_recortado_denoised.wav,0
050_recortado_denoised__seg38,050,050_recortado_denoised.wav,38,/home/ci2dt2-ai/Proyectos/Psiquiatria/Clasificación Final/Ansiedad/wav/0/050_recortado_denoised.wav,0
050_recortado_denoised__seg39,050,050_recortado_denoised.wav,39,/home/ci2dt2-ai/Proyectos/Psiquiatria/Clasificación Final/Ansiedad/wav/0/050_recortado_denoised.wav,0
050_recortado_denoised__seg40,050,050_recortado_denoised.wav,40,/home/ci2dt2-ai/Proyectos/Psiquiatria/Clasificación Final/Ansiedad/wav/0/050_recortado_denoised.wav,0
050_recortado_denoised__seg41,050,050_recortado_denoised.wav,41,/home/ci2dt2-ai/Proyectos/Psiquiatria/Clasificación Final/Ansiedad/wav/0/050_recortado_denoised.wav,0
050_recortado_denoised__seg42,050,050_recortado_denoised.wav,42,/home/ci2dt2-ai/Proyectos/Psiquiatria/Clasificación Final/Ansiedad/wav/0/050_recortado_denoised.wav,0
050_recortado_denoised__seg43,050,050_recortado_denoised.wav,43,/home/ci2dt2-ai/Proyectos/Psiquiatria/Clasificación Final/Ansiedad/wav/0/050_recortado_denoised.wav,0
050_recortado_denoised__seg44,050,050_recortado_denoised.wav,44,/home/ci2dt2-ai/Proyectos/Psiquiatria/Clasificación Final/Ansiedad/wav/0/050_recortado_denoised.wav,0
050_recortado_denoised__seg45,050,050_recortado_denoised.wav,45,/home/ci2dt2-ai/Proyectos/Psiquiatria/Clasificación Final/Ansiedad/wav/0/050_recortado_denoised.wav,0
050_recortado_denoised__seg46,050,050_recortado_denoised.wav,46,/home/ci2dt2-ai/Proyectos/Psiquiatria/Clasificación Final/Ansiedad/wav/0/050_recortado_denoised.wav,0
050_recortado_denoised__seg47,050,050_recortado_denoised.wav,47,/home/ci2dt2-ai/Proyectos/Psiquiatria/Clasificación Final/Ansiedad/wav/0/050_recortado_denoised.wav,0
050_recortado_denoised__seg48,050,050_recortado_denoised.wav,48,/home/ci2dt2-ai/Proyectos/Psiquiatria/Clasificación Final/Ansiedad/wav/0/050_recortado_denoised.wav,0
050_recortado_denoised__seg49,050,050_recortado_denoised.wav,49,/home/ci2dt2-ai/Proyectos/Psiquiatria/Clasificación Final/Ansiedad/wav/0/050_recortado_denoised.wav,0
050_recortado_denoised__seg50,050,050_recortado_denoised.wav,50,/home/ci2dt2-ai/Proyectos/Psiquiatria/Clasificación Final/Ansiedad/wav/0/050_recortado_denoised.wav,0
050_recortado_denoised__seg51,050,050_recortado_denoised.wav,51,/home/ci2dt2-ai/Proyectos/Psiquiatria/Clasificación Final/Ansiedad/wav/0/050_recortado_denoised.wav,0
050_recortado_denoised__seg52,050,050_recortado_denoised.wav,52,/home/ci2dt2-ai/Proyectos/Psiquiatria/Clasificación Final/Ansiedad/wav/0/050_recortado_denoised.wav,0
050_recortado_denoised__seg53,050,050_recortado_denoised.wav,53,/home/ci2dt2-ai/Proyectos/Psiquiatria/Clasificación Final/Ansiedad/wav/0/050_recortado_denoised.wav,0
050_recortado_denoised__seg54,050,050_recortado_denoised.wav,54,/home/ci2dt2-ai/Proyectos/Psiquiatria/Clasificación Final/Ansiedad/wav/0/050_recortado_denoised.wav,0
052_recortado_denoised__seg0,052,052_recortado_denoised.wav,0,/home/ci2dt2-ai/Proyectos/Psiquiatria/Clasificación Final/Ansiedad/wav/0/052_recortado_denoised.wav,0
052_recortado_denoised__seg1,052,052_recortado_denoised.wav,1,/home/ci2dt2-ai/Proyectos/Psiquiatria/Clasificación Final/Ansiedad/wav/0/052_recortado_denoised.wav,0
052_recortado_denoised__seg2,052,052_recortado_denoised.wav,2,/home/ci2dt2-ai/Proyectos/Psiquiatria/Clasificación Final/Ansiedad/wav/0/052_recortado_denoised.wav,0
052_recortado_denoised__seg3,052,052_recortado_denoised.wav,3,/home/ci2dt2-ai/Proyectos/Psiquiatria/Clasificación Final/Ansiedad/wav/0/052_recortado_denoised.wav,0
052_recortado_denoised__seg4,052,052_recortado_denoised.wav,4,/home/ci2dt2-ai/Proyectos/Psiquiatria/Clasificación Final/Ansiedad/wav/0/052_recortado_denoised.wav,0
052_recortado_denoised__seg5,052,052_recortado_denoised.wav,5,/home/ci2dt2-ai/Proyectos/Psiquiatria/Clasificación Final/Ansiedad/wav/0/052_recortado_denoised.wav,0
052_recortado_denoised__seg6,052,052_recortado_denoised.wav,6,/home/ci2dt2-ai/Proyectos/Psiquiatria/Clasificación Final/Ansiedad/wav/0/052_recortado_denoised.wav,0
052_recortado_denoised__seg7,052,052_recortado_denoised.wav,7,/home/ci2dt2-ai/Proyectos/Psiquiatria/Clasificación Final/Ansiedad/wav/0/052_recortado_denoised.wav,0
052_recortado_denoised__seg8,052,052_recortado_denoised.wav,8,/home/ci2dt2-ai/Proyectos/Psiquiatria/Clasificación Final/Ansiedad/wav/0/052_recortado_denoised.wav,0
052_recortado_denoised__seg9,052,052_recortado_denoised.wav,9,/home/ci2dt2-ai/Proyectos/Psiquiatria/Clasificación Final/Ansiedad/wav/0/052_recortado_denoised.wav,0
052_recortado_denoised__seg10,052,052_recortado_denoised.wav,10,/home/ci2dt2-ai/Proyectos/Psiquiatria/Clasificación Final/Ansiedad/wav/0/052_recortado_denoised.wav,0
052_recortado_denoised__seg11,052,052_recortado_denoised.wav,11,/home/ci2dt2-ai/Proyectos/Psiquiatria/Clasificación Final/Ansiedad/wav/0/052_recortado_denoised.wav,0
052_recortado_denoised__seg12,052,052_recortado_denoised.wav,12,/home/ci2dt2-ai/Proyectos/Psiquiatria/Clasificación Final/Ansiedad/wav/0/052_recortado_denoised.wav,0
052_recortado_denoised__seg13,052,052_recortado_denoised.wav,13,/home/ci2dt2-ai/Proyectos/Psiquiatria/Clasificación Final/Ansiedad/wav/0/052_recortado_denoised.wav,0
052_recortado_denoised__seg14,052,052_recortado_denoised.wav,14,/home/ci2dt2-ai/Proyectos/Psiquiatria/Clasificación Final/Ansiedad/wav/0/052_recortado_denoised.wav,0
052_recortado_denoised__seg15,052,052_recortado_denoised.wav,15,/home/ci2dt2-ai/Proyectos/Psiquiatria/Clasificación Final/Ansiedad/wav/0/052_recortado_denoised.wav,0
052_recortado_denoised__seg16,052,052_recortado_denoised.wav,16,/home/ci2dt2-ai/Proyectos/Psiquiatria/Clasificación Final/Ansiedad/wav/0/052_recortado_denoised.wav,0
052_recortado_denoised__seg17,052,052_recortado_denoised.wav,17,/home/ci2dt2-ai/Proyectos/Psiquiatria/Clasificación Final/Ansiedad/wav/0/052_recortado_denoised.wav,0
052_recortado_denoised__seg18,052,052_recortado_denoised.wav,18,/home/ci2dt2-ai/Proyectos/Psiquiatria/Clasificación Final/Ansiedad/wav/0/052_recortado_denoised.wav,0
052_recortado_denoised__seg19,052,052_recortado_denoised.wav,19,/home/ci2dt2-ai/Proyectos/Psiquiatria/Clasificación Final/Ansiedad/wav/0/052_recortado_denoised.wav,0
052_recortado_denoised__seg20,052,052_recortado_denoised.wav,20,/home/ci2dt2-ai/Proyectos/Psiquiatria/Clasificación Final/Ansiedad/wav/0/052_recortado_denoised.wav,0
052_recortado_denoised__seg21,052,052_recortado_denoised.wav,21,/home/ci2dt2-ai/Proyectos/Psiquiatria/Clasificación Final/Ansiedad/wav/0/052_recortado_denoised.wav,0
052_recortado_denoised__seg22,052,052_recortado_denoised.wav,22,/home/ci2dt2-ai/Proyectos/Psiquiatria/Clasificación Final/Ansiedad/wav/0/052_recortado_denoised.wav,0
052_recortado_denoised__seg23,052,052_recortado_denoised.wav,23,/home/ci2dt2-ai/Proyectos/Psiquiatria/Clasificación Final/Ansiedad/wav/0/052_recortado_denoised.wav,0
052_recortado_denoised__seg24,052,052_recortado_denoised.wav,24,/home/ci2dt2-ai/Proyectos/Psiquiatria/Clasificación Final/Ansiedad/wav/0/052_recortado_denoised.wav,0
052_recortado_denoised__seg25,052,052_recortado_denoised.wav,25,/home/ci2dt2-ai/Proyectos/Psiquiatria/Clasificación Final/Ansiedad/wav/0/052_recortado_denoised.wav,0
052_recortado_denoised__seg26,052,052_recortado_denoised.wav,26,/home/ci2dt2-ai/Proyectos/Psiquiatria/Clasificación Final/Ansiedad/wav/0/052_recortado_denoised.wav,0
052_recortado_denoised__seg27,052,052_recortado_denoised.wav,27,/home/ci2dt2-ai/Proyectos/Psiquiatria/Clasificación Final/Ansiedad/wav/0/052_recortado_denoised.wav,0
052_recortado_denoised__seg28,052,052_recortado_denoised.wav,28,/home/ci2dt2-ai/Proyectos/Psiquiatria/Clasificación Final/Ansiedad/wav/0/052_recortado_denoised.wav,0
052_recortado_denoised__seg29,052,052_recortado_denoised.wav,29,/home/ci2dt2-ai/Proyectos/Psiquiatria/Clasificación Final/Ansiedad/wav/0/052_recortado_denoised.wav,0
052_recortado_denoised__seg30,052,052_recortado_denoised.wav,30,/home/ci2dt2-ai/Proyectos/Psiquiatria/Clasificación Final/Ansiedad/wav/0/052_recortado_denoised.wav,0
052_recortado_denoised__seg31,052,052_recortado_denoised.wav,31,/home/ci2dt2-ai/Proyectos/Psiquiatria/Clasificación Final/Ansiedad/wav/0/052_recortado_denoised.wav,0
052_recortado_denoised__seg32,052,052_recortado_denoised.wav,32,/home/ci2dt2-ai/Proyectos/Psiquiatria/Clasificación Final/Ansiedad/wav/0/052_recortado_denoised.wav,0
052_recortado_denoised__seg33,052,052_recortado_denoised.wav,33,/home/ci2dt2-ai/Proyectos/Psiquiatria/Clasificación Final/Ansiedad/wav/0/052_recortado_denoised.wav,0
052_recortado_denoised__seg34,052,052_recortado_denoised.wav,34,/home/ci2dt2-ai/Proyectos/Psiquiatria/Clasificación Final/Ansiedad/wav/0/052_recortado_denoised.wav,0
052_recortado_denoised__seg35,052,052_recortado_denoised.wav,35,/home/ci2dt2-ai/Proyectos/Psiquiatria/Clasificación Final/Ansiedad/wav/0/052_recortado_denoised.wav,0
052_recortado_denoised__seg36,052,052_recortado_denoised.wav,36,/home/ci2dt2-ai/Proyectos/Psiquiatria/Clasificación Final/Ansiedad/wav/0/052_recortado_denoised.wav,0
052_recortado_denoised__seg37,052,052_recortado_denoised.wav,37,/home/ci2dt2-ai/Proyectos/Psiquiatria/Clasificación Final/Ansiedad/wav/0/052_recortado_denoised.wav,0
052_recortado_denoised__seg38,052,052_recortado_denoised.wav,38,/home/ci2dt2-ai/Proyectos/Psiquiatria/Clasificación Final/Ansiedad/wav/0/052_recortado_denoised.wav,0
052_recortado_denoised__seg39,052,052_recortado_denoised.wav,39,/home/ci2dt2-ai/Proyectos/Psiquiatria/Clasificación Final/Ansiedad/wav/0/052_recortado_denoised.wav,0
052_recortado_denoised__seg40,052,052_recortado_denoised.wav,40,/home/ci2dt2-ai/Proyectos/Psiquiatria/Clasificación Final/Ansiedad/wav/0/052_recortado_denoised.wav,0
052_recortado_denoised__seg41,052,052_recortado_denoised.wav,41,/home/ci2dt2-ai/Proyectos/Psiquiatria/Clasificación Final/Ansiedad/wav/0/052_recortado_denoised.wav,0
052_recortado_denoised__seg42,052,052_recortado_denoised.wav,42,/home/ci2dt2-ai/Proyectos/Psiquiatria/Clasificación Final/Ansiedad/wav/0/052_recortado_denoised.wav,0
053_recortado_denoised__seg0,053,053_recortado_denoised.wav,0,/home/ci2dt2-ai/Proyectos/Psiquiatria/Clasificación Final/Ansiedad/wav/0/053_recortado_denoised.wav,0
053_recortado_denoised__seg1,053,053_recortado_denoised.wav,1,/home/ci2dt2-ai/Proyectos/Psiquiatria/Clasificación Final/Ansiedad/wav/0/053_recortado_denoised.wav,0
053_recortado_denoised__seg2,053,053_recortado_denoised.wav,2,/home/ci2dt2-ai/Proyectos/Psiquiatria/Clasificación Final/Ansiedad/wav/0/053_recortado_denoised.wav,0
053_recortado_denoised__seg3,053,053_recortado_denoised.wav,3,/home/ci2dt2-ai/Proyectos/Psiquiatria/Clasificación Final/Ansiedad/wav/0/053_recortado_denoised.wav,0
053_recortado_denoised__seg4,053,053_recortado_denoised.wav,4,/home/ci2dt2-ai/Proyectos/Psiquiatria/Clasificación Final/Ansiedad/wav/0/053_recortado_denoised.wav,0
053_recortado_denoised__seg5,053,053_recortado_denoised.wav,5,/home/ci2dt2-ai/Proyectos/Psiquiatria/Clasificación Final/Ansiedad/wav/0/053_recortado_denoised.wav,0
053_recortado_denoised__seg6,053,053_recortado_denoised.wav,6,/home/ci2dt2-ai/Proyectos/Psiquiatria/Clasificación Final/Ansiedad/wav/0/053_recortado_denoised.wav,0
053_recortado_denoised__seg7,053,053_recortado_denoised.wav,7,/home/ci2dt2-ai/Proyectos/Psiquiatria/Clasificación Final/Ansiedad/wav/0/053_recortado_denoised.wav,0
053_recortado_denoised__seg8,053,053_recortado_denoised.wav,8,/home/ci2dt2-ai/Proyectos/Psiquiatria/Clasificación Final/Ansiedad/wav/0/053_recortado_denoised.wav,0
053_recortado_denoised__seg9,053,053_recortado_denoised.wav,9,/home/ci2dt2-ai/Proyectos/Psiquiatria/Clasificación Final/Ansiedad/wav/0/053_recortado_denoised.wav,0
053_recortado_denoised__seg10,053,053_recortado_denoised.wav,10,/home/ci2dt2-ai/Proyectos/Psiquiatria/Clasificación Final/Ansiedad/wav/0/053_recortado_denoised.wav,0
053_recortado_denoised__seg11,053,053_recortado_denoised.wav,11,/home/ci2dt2-ai/Proyectos/Psiquiatria/Clasificación Final/Ansiedad/wav/0/053_recortado_denoised.wav,0
053_recortado_denoised__seg12,053,053_recortado_denoised.wav,12,/home/ci2dt2-ai/Proyectos/Psiquiatria/Clasificación Final/Ansiedad/wav/0/053_recortado_denoised.wav,0
053_recortado_denoised__seg13,053,053_recortado_denoised.wav,13,/home/ci2dt2-ai/Proyectos/Psiquiatria/Clasificación Final/Ansiedad/wav/0/053_recortado_denoised.wav,0
053_recortado_denoised__seg14,053,053_recortado_denoised.wav,14,/home/ci2dt2-ai/Proyectos/Psiquiatria/Clasificación Final/Ansiedad/wav/0/053_recortado_denoised.wav,0
053_recortado_denoised__seg15,053,053_recortado_denoised.wav,15,/home/ci2dt2-ai/Proyectos/Psiquiatria/Clasificación Final/Ansiedad/wav/0/053_recortado_denoised.wav,0
053_recortado_denoised__seg16,053,053_recortado_denoised.wav,16,/home/ci2dt2-ai/Proyectos/Psiquiatria/Clasificación Final/Ansiedad/wav/0/053_recortado_denoised.wav,0
053_recortado_denoised__seg17,053,053_recortado_denoised.wav,17,/home/ci2dt2-ai/Proyectos/Psiquiatria/Clasificación Final/Ansiedad/wav/0/053_recortado_denoised.wav,0
053_recortado_denoised__seg18,053,053_recortado_denoised.wav,18,/home/ci2dt2-ai/Proyectos/Psiquiatria/Clasificación Final/Ansiedad/wav/0/053_recortado_denoised.wav,0
053_recortado_denoised__seg19,053,053_recortado_denoised.wav,19,/home/ci2dt2-ai/Proyectos/Psiquiatria/Clasificación Final/Ansiedad/wav/0/053_recortado_denoised.wav,0
053_recortado_denoised__seg20,053,053_recortado_denoised.wav,20,/home/ci2dt2-ai/Proyectos/Psiquiatria/Clasificación Final/Ansiedad/wav/0/053_recortado_denoised.wav,0
053_recortado_denoised__seg21,053,053_recortado_denoised.wav,21,/home/ci2dt2-ai/Proyectos/Psiquiatria/Clasificación Final/Ansiedad/wav/0/053_recortado_denoised.wav,0
053_recortado_denoised__seg22,053,053_recortado_denoised.wav,22,/home/ci2dt2-ai/Proyectos/Psiquiatria/Clasificación Final/Ansiedad/wav/0/053_recortado_denoised.wav,0
053_recortado_denoised__seg23,053,053_recortado_denoised.wav,23,/home/ci2dt2-ai/Proyectos/Psiquiatria/Clasificación Final/Ansiedad/wav/0/053_recortado_denoised.wav,0
053_recortado_denoised__seg24,053,053_recortado_denoised.wav,24,/home/ci2dt2-ai/Proyectos/Psiquiatria/Clasificación Final/Ansiedad/wav/0/053_recortado_denoised.wav,0
053_recortado_denoised__seg25,053,053_recortado_denoised.wav,25,/home/ci2dt2-ai/Proyectos/Psiquiatria/Clasificación Final/Ansiedad/wav/0/053_recortado_denoised.wav,0
053_recortado_denoised__seg26,053,053_recortado_denoised.wav,26,/home/ci2dt2-ai/Proyectos/Psiquiatria/Clasificación Final/Ansiedad/wav/0/053_recortado_denoised.wav,0
053_recortado_denoised__seg27,053,053_recortado_denoised.wav,27,/home/ci2dt2-ai/Proyectos/Psiquiatria/Clasificación Final/Ansiedad/wav/0/053_recortado_denoised.wav,0
053_recortado_denoised__seg28,053,053_recortado_denoised.wav,28,/home/ci2dt2-ai/Proyectos/Psiquiatria/Clasificación Final/Ansiedad/wav/0/053_recortado_denoised.wav,0
053_recortado_denoised__seg29,053,053_recortado_denoised.wav,29,/home/ci2dt2-ai/Proyectos/Psiquiatria/Clasificación Final/Ansiedad/wav/0/053_recortado_denoised.wav,0
053_recortado_denoised__seg30,053,053_recortado_denoised.wav,30,/home/ci2dt2-ai/Proyectos/Psiquiatria/Clasificación Final/Ansiedad/wav/0/053_recortado_denoised.wav,0
053_recortado_denoised__seg31,053,053_recortado_denoised.wav,31,/home/ci2dt2-ai/Proyectos/Psiquiatria/Clasificación Final/Ansiedad/wav/0/053_recortado_denoised.wav,0
053_recortado_denoised__seg32,053,053_recortado_denoised.wav,32,/home/ci2dt2-ai/Proyectos/Psiquiatria/Clasificación Final/Ansiedad/wav/0/053_recortado_denoised.wav,0
053_recortado_denoised__seg33,053,053_recortado_denoised.wav,33,/home/ci2dt2-ai/Proyectos/Psiquiatria/Clasificación Final/Ansiedad/wav/0/053_recortado_denoised.wav,0
053_recortado_denoised__seg34,053,053_recortado_denoised.wav,34,/home/ci2dt2-ai/Proyectos/Psiquiatria/Clasificación Final/Ansiedad/wav/0/053_recortado_denoised.wav,0
053_recortado_denoised__seg35,053,053_recortado_denoised.wav,35,/home/ci2dt2-ai/Proyectos/Psiquiatria/Clasificación Final/Ansiedad/wav/0/053_recortado_denoised.wav,0
053_recortado_denoised__seg36,053,053_recortado_denoised.wav,36,/home/ci2dt2-ai/Proyectos/Psiquiatria/Clasificación Final/Ansiedad/wav/0/053_recortado_denoised.wav,0
053_recortado_denoised__seg37,053,053_recortado_denoised.wav,37,/home/ci2dt2-ai/Proyectos/Psiquiatria/Clasificación Final/Ansiedad/wav/0/053_recortado_denoised.wav,0
053_recortado_denoised__seg38,053,053_recortado_denoised.wav,38,/home/ci2dt2-ai/Proyectos/Psiquiatria/Clasificación Final/Ansiedad/wav/0/053_recortado_denoised.wav,0
053_recortado_denoised__seg39,053,053_recortado_denoised.wav,39,/home/ci2dt2-ai/Proyectos/Psiquiatria/Clasificación Final/Ansiedad/wav/0/053_recortado_denoised.wav,0
053_recortado_denoised__seg40,053,053_recortado_denoised.wav,40,/home/ci2dt2-ai/Proyectos/Psiquiatria/Clasificación Final/Ansiedad/wav/0/053_recortado_denoised.wav,0
053_recortado_denoised__seg41,053,053_recortado_denoised.wav,41,/home/ci2dt2-ai/Proyectos/Psiquiatria/Clasificación Final/Ansiedad/wav/0/053_recortado_denoised.wav,0
053_recortado_denoised__seg42,053,053_recortado_denoised.wav,42,/home/ci2dt2-ai/Proyectos/Psiquiatria/Clasificación Final/Ansiedad/wav/0/053_recortado_denoised.wav,0
053_recortado_denoised__seg43,053,053_recortado_denoised.wav,43,/home/ci2dt2-ai/Proyectos/Psiquiatria/Clasificación Final/Ansiedad/wav/0/053_recortado_denoised.wav,0
053_recortado_denoised__seg44,053,053_recortado_denoised.wav,44,/home/ci2dt2-ai/Proyectos/Psiquiatria/Clasificación Final/Ansiedad/wav/0/053_recortado_denoised.wav,0
053_recortado_denoised__seg45,053,053_recortado_denoised.wav,45,/home/ci2dt2-ai/Proyectos/Psiquiatria/Clasificación Final/Ansiedad/wav/0/053_recortado_denoised.wav,0
053_recortado_denoised__seg46,053,053_recortado_denoised.wav,46,/home/ci2dt2-ai/Proyectos/Psiquiatria/Clasificación Final/Ansiedad/wav/0/053_recortado_denoised.wav,0
053_recortado_denoised__seg47,053,053_recortado_denoised.wav,47,/home/ci2dt2-ai/Proyectos/Psiquiatria/Clasificación Final/Ansiedad/wav/0/053_recortado_denoised.wav,0
053_recortado_denoised__seg48,053,053_recortado_denoised.wav,48,/home/ci2dt2-ai/Proyectos/Psiquiatria/Clasificación Final/Ansiedad/wav/0/053_recortado_denoised.wav,0
053_recortado_denoised__seg49,053,053_recortado_denoised.wav,49,/home/ci2dt2-ai/Proyectos/Psiquiatria/Clasificación Final/Ansiedad/wav/0/053_recortado_denoised.wav,0
053_recortado_denoised__seg50,053,053_recortado_denoised.wav,50,/home/ci2dt2-ai/Proyectos/Psiquiatria/Clasificación Final/Ansiedad/wav/0/053_recortado_denoised.wav,0
054_recortado_denoised__seg0,054,054_recortado_denoised.wav,0,/home/ci2dt2-ai/Proyectos/Psiquiatria/Clasificación Final/Ansiedad/wav/0/054_recortado_denoised.wav,0
054_recortado_denoised__seg1,054,054_recortado_denoised.wav,1,/home/ci2dt2-ai/Proyectos/Psiquiatria/Clasificación Final/Ansiedad/wav/0/054_recortado_denoised.wav,0
054_recortado_denoised__seg2,054,054_recortado_denoised.wav,2,/home/ci2dt2-ai/Proyectos/Psiquiatria/Clasificación Final/Ansiedad/wav/0/054_recortado_denoised.wav,0
054_recortado_denoised__seg3,054,054_recortado_denoised.wav,3,/home/ci2dt2-ai/Proyectos/Psiquiatria/Clasificación Final/Ansiedad/wav/0/054_recortado_denoised.wav,0
054_recortado_denoised__seg4,054,054_recortado_denoised.wav,4,/home/ci2dt2-ai/Proyectos/Psiquiatria/Clasificación Final/Ansiedad/wav/0/054_recortado_denoised.wav,0
054_recortado_denoised__seg5,054,054_recortado_denoised.wav,5,/home/ci2dt2-ai/Proyectos/Psiquiatria/Clasificación Final/Ansiedad/wav/0/054_recortado_denoised.wav,0
054_recortado_denoised__seg6,054,054_recortado_denoised.wav,6,/home/ci2dt2-ai/Proyectos/Psiquiatria/Clasificación Final/Ansiedad/wav/0/054_recortado_denoised.wav,0
054_recortado_denoised__seg7,054,054_recortado_denoised.wav,7,/home/ci2dt2-ai/Proyectos/Psiquiatria/Clasificación Final/Ansiedad/wav/0/054_recortado_denoised.wav,0
054_recortado_denoised__seg8,054,054_recortado_denoised.wav,8,/home/ci2dt2-ai/Proyectos/Psiquiatria/Clasificación Final/Ansiedad/wav/0/054_recortado_denoised.wav,0
054_recortado_denoised__seg9,054,054_recortado_denoised.wav,9,/home/ci2dt2-ai/Proyectos/Psiquiatria/Clasificación Final/Ansiedad/wav/0/054_recortado_denoised.wav,0
054_recortado_denoised__seg10,054,054_recortado_denoised.wav,10,/home/ci2dt2-ai/Proyectos/Psiquiatria/Clasificación Final/Ansiedad/wav/0/054_recortado_denoised.wav,0
054_recortado_denoised__seg11,054,054_recortado_denoised.wav,11,/home/ci2dt2-ai/Proyectos/Psiquiatria/Clasificación Final/Ansiedad/wav/0/054_recortado_denoised.wav,0
054_recortado_denoised__seg12,054,054_recortado_denoised.wav,12,/home/ci2dt2-ai/Proyectos/Psiquiatria/Clasificación Final/Ansiedad/wav/0/054_recortado_denoised.wav,0
054_recortado_denoised__seg13,054,054_recortado_denoised.wav,13,/home/ci2dt2-ai/Proyectos/Psiquiatria/Clasificación Final/Ansiedad/wav/0/054_recortado_denoised.wav,0
054_recortado_denoised__seg14,054,054_recortado_denoised.wav,14,/home/ci2dt2-ai/Proyectos/Psiquiatria/Clasificación Final/Ansiedad/wav/0/054_recortado_denoised.wav,0
054_recortado_denoised__seg15,054,054_recortado_denoised.wav,15,/home/ci2dt2-ai/Proyectos/Psiquiatria/Clasificación Final/Ansiedad/wav/0/054_recortado_denoised.wav,0
054_recortado_denoised__seg16,054,054_recortado_denoised.wav,16,/home/ci2dt2-ai/Proyectos/Psiquiatria/Clasificación Final/Ansiedad/wav/0/054_recortado_denoised.wav,0
054_recortado_denoised__seg17,054,054_recortado_denoised.wav,17,/home/ci2dt2-ai/Proyectos/Psiquiatria/Clasificación Final/Ansiedad/wav/0/054_recortado_denoised.wav,0
054_recortado_denoised__seg18,054,054_recortado_denoised.wav,18,/home/ci2dt2-ai/Proyectos/Psiquiatria/Clasificación Final/Ansiedad/wav/0/054_recortado_denoised.wav,0
054_recortado_denoised__seg19,054,054_recortado_denoised.wav,19,/home/ci2dt2-ai/Proyectos/Psiquiatria/Clasificación Final/Ansiedad/wav/0/054_recortado_denoised.wav,0
054_recortado_denoised__seg20,054,054_recortado_denoised.wav,20,/home/ci2dt2-ai/Proyectos/Psiquiatria/Clasificación Final/Ansiedad/wav/0/054_recortado_denoised.wav,0
054_recortado_denoised__seg21,054,054_recortado_denoised.wav,21,/home/ci2dt2-ai/Proyectos/Psiquiatria/Clasificación Final/Ansiedad/wav/0/054_recortado_denoised.wav,0
054_recortado_denoised__seg22,054,054_recortado_denoised.wav,22,/home/ci2dt2-ai/Proyectos/Psiquiatria/Clasificación Final/Ansiedad/wav/0/054_recortado_denoised.wav,0
054_recortado_denoised__seg23,054,054_recortado_denoised.wav,23,/home/ci2dt2-ai/Proyectos/Psiquiatria/Clasificación Final/Ansiedad/wav/0/054_recortado_denoised.wav,0
054_recortado_denoised__seg24,054,054_recortado_denoised.wav,24,/home/ci2dt2-ai/Proyectos/Psiquiatria/Clasificación Final/Ansiedad/wav/0/054_recortado_denoised.wav,0
054_recortado_denoised__seg25,054,054_recortado_denoised.wav,25,/home/ci2dt2-ai/Proyectos/Psiquiatria/Clasificación Final/Ansiedad/wav/0/054_recortado_denoised.wav,0
054_recortado_denoised__seg26,054,054_recortado_denoised.wav,26,/home/ci2dt2-ai/Proyectos/Psiquiatria/Clasificación Final/Ansiedad/wav/0/054_recortado_denoised.wav,0
054_recortado_denoised__seg27,054,054_recortado_denoised.wav,27,/home/ci2dt2-ai/Proyectos/Psiquiatria/Clasificación Final/Ansiedad/wav/0/054_recortado_denoised.wav,0
054_recortado_denoised__seg28,054,054_recortado_denoised.wav,28,/home/ci2dt2-ai/Proyectos/Psiquiatria/Clasificación Final/Ansiedad/wav/0/054_recortado_denoised.wav,0
054_recortado_denoised__seg29,054,054_recortado_denoised.wav,29,/home/ci2dt2-ai/Proyectos/Psiquiatria/Clasificación Final/Ansiedad/wav/0/054_recortado_denoised.wav,0
054_recortado_denoised__seg30,054,054_recortado_denoised.wav,30,/home/ci2dt2-ai/Proyectos/Psiquiatria/Clasificación Final/Ansiedad/wav/0/054_recortado_denoised.wav,0
054_recortado_denoised__seg31,054,054_recortado_denoised.wav,31,/home/ci2dt2-ai/Proyectos/Psiquiatria/Clasificación Final/Ansiedad/wav/0/054_recortado_denoised.wav,0
054_recortado_denoised__seg32,054,054_recortado_denoised.wav,32,/home/ci2dt2-ai/Proyectos/Psiquiatria/Clasificación Final/Ansiedad/wav/0/054_recortado_denoised.wav,0
054_recortado_denoised__seg33,054,054_recortado_denoised.wav,33,/home/ci2dt2-ai/Proyectos/Psiquiatria/Clasificación Final/Ansiedad/wav/0/054_recortado_denoised.wav,0
054_recortado_denoised__seg34,054,054_recortado_denoised.wav,34,/home/ci2dt2-ai/Proyectos/Psiquiatria/Clasificación Final/Ansiedad/wav/0/054_recortado_denoised.wav,0
054_recortado_denoised__seg35,054,054_recortado_denoised.wav,35,/home/ci2dt2-ai/Proyectos/Psiquiatria/Clasificación Final/Ansiedad/wav/0/054_recortado_denoised.wav,0
054_recortado_denoised__seg36,054,054_recortado_denoised.wav,36,/home/ci2dt2-ai/Proyectos/Psiquiatria/Clasificación Final/Ansiedad/wav/0/054_recortado_denoised.wav,0
054_recortado_denoised__seg37,054,054_recortado_denoised.wav,37,/home/ci2dt2-ai/Proyectos/Psiquiatria/Clasificación Final/Ansiedad/wav/0/054_recortado_denoised.wav,0
054_recortado_denoised__seg38,054,054_recortado_denoised.wav,38,/home/ci2dt2-ai/Proyectos/Psiquiatria/Clasificación Final/Ansiedad/wav/0/054_recortado_denoised.wav,0
054_recortado_denoised__seg39,054,054_recortado_denoised.wav,39,/home/ci2dt2-ai/Proyectos/Psiquiatria/Clasificación Final/Ansiedad/wav/0/054_recortado_denoised.wav,0
054_recortado_denoised__seg40,054,054_recortado_denoised.wav,40,/home/ci2dt2-ai/Proyectos/Psiquiatria/Clasificación Final/Ansiedad/wav/0/054_recortado_denoised.wav,0
054_recortado_denoised__seg41,054,054_recortado_denoised.wav,41,/home/ci2dt2-ai/Proyectos/Psiquiatria/Clasificación Final/Ansiedad/wav/0/054_recortado_denoised.wav,0
057_recortado_denoised__seg0,057,057_recortado_denoised.wav,0,/home/ci2dt2-ai/Proyectos/Psiquiatria/Clasificación Final/Ansiedad/wav/0/057_recortado_denoised.wav,0
057_recortado_denoised__seg1,057,057_recortado_denoised.wav,1,/home/ci2dt2-ai/Proyectos/Psiquiatria/Clasificación Final/Ansiedad/wav/0/057_recortado_denoised.wav,0
057_recortado_denoised__seg2,057,057_recortado_denoised.wav,2,/home/ci2dt2-ai/Proyectos/Psiquiatria/Clasificación Final/Ansiedad/wav/0/057_recortado_denoised.wav,0
057_recortado_denoised__seg3,057,057_recortado_denoised.wav,3,/home/ci2dt2-ai/Proyectos/Psiquiatria/Clasificación Final/Ansiedad/wav/0/057_recortado_denoised.wav,0
057_recortado_denoised__seg4,057,057_recortado_denoised.wav,4,/home/ci2dt2-ai/Proyectos/Psiquiatria/Clasificación Final/Ansiedad/wav/0/057_recortado_denoised.wav,0
057_recortado_denoised__seg5,057,057_recortado_denoised.wav,5,/home/ci2dt2-ai/Proyectos/Psiquiatria/Clasificación Final/Ansiedad/wav/0/057_recortado_denoised.wav,0
057_recortado_denoised__seg6,057,057_recortado_denoised.wav,6,/home/ci2dt2-ai/Proyectos/Psiquiatria/Clasificación Final/Ansiedad/wav/0/057_recortado_denoised.wav,0
057_recortado_denoised__seg7,057,057_recortado_denoised.wav,7,/home/ci2dt2-ai/Proyectos/Psiquiatria/Clasificación Final/Ansiedad/wav/0/057_recortado_denoised.wav,0
057_recortado_denoised__seg8,057,057_recortado_denoised.wav,8,/home/ci2dt2-ai/Proyectos/Psiquiatria/Clasificación Final/Ansiedad/wav/0/057_recortado_denoised.wav,0
057_recortado_denoised__seg9,057,057_recortado_denoised.wav,9,/home/ci2dt2-ai/Proyectos/Psiquiatria/Clasificación Final/Ansiedad/wav/0/057_recortado_denoised.wav,0
057_recortado_denoised__seg10,057,057_recortado_denoised.wav,10,/home/ci2dt2-ai/Proyectos/Psiquiatria/Clasificación Final/Ansiedad/wav/0/057_recortado_denoised.wav,0
057_recortado_denoised__seg11,057,057_recortado_denoised.wav,11,/home/ci2dt2-ai/Proyectos/Psiquiatria/Clasificación Final/Ansiedad/wav/0/057_recortado_denoised.wav,0
057_recortado_denoised__seg12,057,057_recortado_denoised.wav,12,/home/ci2dt2-ai/Proyectos/Psiquiatria/Clasificación Final/Ansiedad/wav/0/057_recortado_denoised.wav,0
057_recortado_denoised__seg13,057,057_recortado_denoised.wav,13,/home/ci2dt2-ai/Proyectos/Psiquiatria/Clasificación Final/Ansiedad/wav/0/057_recortado_denoised.wav,0
057_recortado_denoised__seg14,057,057_recortado_denoised.wav,14,/home/ci2dt2-ai/Proyectos/Psiquiatria/Clasificación Final/Ansiedad/wav/0/057_recortado_denoised.wav,0
057_recortado_denoised__seg15,057,057_recortado_denoised.wav,15,/home/ci2dt2-ai/Proyectos/Psiquiatria/Clasificación Final/Ansiedad/wav/0/057_recortado_denoised.wav,0
057_recortado_denoised__seg16,057,057_recortado_denoised.wav,16,/home/ci2dt2-ai/Proyectos/Psiquiatria/Clasificación Final/Ansiedad/wav/0/057_recortado_denoised.wav,0
057_recortado_denoised__seg17,057,057_recortado_denoised.wav,17,/home/ci2dt2-ai/Proyectos/Psiquiatria/Clasificación Final/Ansiedad/wav/0/057_recortado_denoised.wav,0
057_recortado_denoised__seg18,057,057_recortado_denoised.wav,18,/home/ci2dt2-ai/Proyectos/Psiquiatria/Clasificación Final/Ansiedad/wav/0/057_recortado_denoised.wav,0
057_recortado_denoised__seg19,057,057_recortado_denoised.wav,19,/home/ci2dt2-ai/Proyectos/Psiquiatria/Clasificación Final/Ansiedad/wav/0/057_recortado_denoised.wav,0
057_recortado_denoised__seg20,057,057_recortado_denoised.wav,20,/home/ci2dt2-ai/Proyectos/Psiquiatria/Clasificación Final/Ansiedad/wav/0/057_recortado_denoised.wav,0
057_recortado_denoised__seg21,057,057_recortado_denoised.wav,21,/home/ci2dt2-ai/Proyectos/Psiquiatria/Clasificación Final/Ansiedad/wav/0/057_recortado_denoised.wav,0
057_recortado_denoised__seg22,057,057_recortado_denoised.wav,22,/home/ci2dt2-ai/Proyectos/Psiquiatria/Clasificación Final/Ansiedad/wav/0/057_recortado_denoised.wav,0
057_recortado_denoised__seg23,057,057_recortado_denoised.wav,23,/home/ci2dt2-ai/Proyectos/Psiquiatria/Clasificación Final/Ansiedad/wav/0/057_recortado_denoised.wav,0
057_recortado_denoised__seg24,057,057_recortado_denoised.wav,24,/home/ci2dt2-ai/Proyectos/Psiquiatria/Clasificación Final/Ansiedad/wav/0/057_recortado_denoised.wav,0
057_recortado_denoised__seg25,057,057_recortado_denoised.wav,25,/home/ci2dt2-ai/Proyectos/Psiquiatria/Clasificación Final/Ansiedad/wav/0/057_recortado_denoised.wav,0
057_recortado_denoised__seg26,057,057_recortado_denoised.wav,26,/home/ci2dt2-ai/Proyectos/Psiquiatria/Clasificación Final/Ansiedad/wav/0/057_recortado_denoised.wav,0
057_recortado_denoised__seg27,057,057_recortado_denoised.wav,27,/home/ci2dt2-ai/Proyectos/Psiquiatria/Clasificación Final/Ansiedad/wav/0/057_recortado_denoised.wav,0
057_recortado_denoised__seg28,057,057_recortado_denoised.wav,28,/home/ci2dt2-ai/Proyectos/Psiquiatria/Clasificación Final/Ansiedad/wav/0/057_recortado_denoised.wav,0
057_recortado_denoised__seg29,057,057_recortado_denoised.wav,29,/home/ci2dt2-ai/Proyectos/Psiquiatria/Clasificación Final/Ansiedad/wav/0/057_recortado_denoised.wav,0
057_recortado_denoised__seg30,057,057_recortado_denoised.wav,30,/home/ci2dt2-ai/Proyectos/Psiquiatria/Clasificación Final/Ansiedad/wav/0/057_recortado_denoised.wav,0
057_recortado_denoised__seg31,057,057_recortado_denoised.wav,31,/home/ci2dt2-ai/Proyectos/Psiquiatria/Clasificación Final/Ansiedad/wav/0/057_recortado_denoised.wav,0
057_recortado_denoised__seg32,057,057_recortado_denoised.wav,32,/home/ci2dt2-ai/Proyectos/Psiquiatria/Clasificación Final/Ansiedad/wav/0/057_recortado_denoised.wav,0
057_recortado_denoised__seg33,057,057_recortado_denoised.wav,33,/home/ci2dt2-ai/Proyectos/Psiquiatria/Clasificación Final/Ansiedad/wav/0/057_recortado_denoised.wav,0
057_recortado_denoised__seg34,057,057_recortado_denoised.wav,34,/home/ci2dt2-ai/Proyectos/Psiquiatria/Clasificación Final/Ansiedad/wav/0/057_recortado_denoised.wav,0
057_recortado_denoised__seg35,057,057_recortado_denoised.wav,35,/home/ci2dt2-ai/Proyectos/Psiquiatria/Clasificación Final/Ansiedad/wav/0/057_recortado_denoised.wav,0
057_recortado_denoised__seg36,057,057_recortado_denoised.wav,36,/home/ci2dt2-ai/Proyectos/Psiquiatria/Clasificación Final/Ansiedad/wav/0/057_recortado_denoised.wav,0
057_recortado_denoised__seg37,057,057_recortado_denoised.wav,37,/home/ci2dt2-ai/Proyectos/Psiquiatria/Clasificación Final/Ansiedad/wav/0/057_recortado_denoised.wav,0
057_recortado_denoised__seg38,057,057_recortado_denoised.wav,38,/home/ci2dt2-ai/Proyectos/Psiquiatria/Clasificación Final/Ansiedad/wav/0/057_recortado_denoised.wav,0
057_recortado_denoised__seg39,057,057_recortado_denoised.wav,39,/home/ci2dt2-ai/Proyectos/Psiquiatria/Clasificación Final/Ansiedad/wav/0/057_recortado_denoised.wav,0
057_recortado_denoised__seg40,057,057_recortado_denoised.wav,40,/home/ci2dt2-ai/Proyectos/Psiquiatria/Clasificación Final/Ansiedad/wav/0/057_recortado_denoised.wav,0
057_recortado_denoised__seg41,057,057_recortado_denoised.wav,41,/home/ci2dt2-ai/Proyectos/Psiquiatria/Clasificación Final/Ansiedad/wav/0/057_recortado_denoised.wav,0
057_recortado_denoised__seg42,057,057_recortado_denoised.wav,42,/home/ci2dt2-ai/Proyectos/Psiquiatria/Clasificación Final/Ansiedad/wav/0/057_recortado_denoised.wav,0
057_recortado_denoised__seg43,057,057_recortado_denoised.wav,43,/home/ci2dt2-ai/Proyectos/Psiquiatria/Clasificación Final/Ansiedad/wav/0/057_recortado_denoised.wav,0
057_recortado_denoised__seg44,057,057_recortado_denoised.wav,44,/home/ci2dt2-ai/Proyectos/Psiquiatria/Clasificación Final/Ansiedad/wav/0/057_recortado_denoised.wav,0
057_recortado_denoised__seg45,057,057_recortado_denoised.wav,45,/home/ci2dt2-ai/Proyectos/Psiquiatria/Clasificación Final/Ansiedad/wav/0/057_recortado_denoised.wav,0
057_recortado_denoised__seg46,057,057_recortado_denoised.wav,46,/home/ci2dt2-ai/Proyectos/Psiquiatria/Clasificación Final/Ansiedad/wav/0/057_recortado_denoised.wav,0
057_recortado_denoised__seg47,057,057_recortado_denoised.wav,47,/home/ci2dt2-ai/Proyectos/Psiquiatria/Clasificación Final/Ansiedad/wav/0/057_recortado_denoised.wav,0
057_recortado_denoised__seg48,057,057_recortado_denoised.wav,48,/home/ci2dt2-ai/Proyectos/Psiquiatria/Clasificación Final/Ansiedad/wav/0/057_recortado_denoised.wav,0
057_recortado_denoised__seg49,057,057_recortado_denoised.wav,49,/home/ci2dt2-ai/Proyectos/Psiquiatria/Clasificación Final/Ansiedad/wav/0/057_recortado_denoised.wav,0
057_recortado_denoised__seg50,057,057_recortado_denoised.wav,50,/home/ci2dt2-ai/Proyectos/Psiquiatria/Clasificación Final/Ansiedad/wav/0/057_recortado_denoised.wav,0
057_recortado_denoised__seg51,057,057_recortado_denoised.wav,51,/home/ci2dt2-ai/Proyectos/Psiquiatria/Clasificación Final/Ansiedad/wav/0/057_recortado_denoised.wav,0
057_recortado_denoised__seg52,057,057_recortado_denoised.wav,52,/home/ci2dt2-ai/Proyectos/Psiquiatria/Clasificación Final/Ansiedad/wav/0/057_recortado_denoised.wav,0
057_recortado_denoised__seg53,057,057_recortado_denoised.wav,53,/home/ci2dt2-ai/Proyectos/Psiquiatria/Clasificación Final/Ansiedad/wav/0/057_recortado_denoised.wav,0
057_recortado_denoised__seg54,057,057_recortado_denoised.wav,54,/home/ci2dt2-ai/Proyectos/Psiquiatria/Clasificación Final/Ansiedad/wav/0/057_recortado_denoised.wav,0
057_recortado_denoised__seg55,057,057_recortado_denoised.wav,55,/home/ci2dt2-ai/Proyectos/Psiquiatria/Clasificación Final/Ansiedad/wav/0/057_recortado_denoised.wav,0
057_recortado_denoised__seg56,057,057_recortado_denoised.wav,56,/home/ci2dt2-ai/Proyectos/Psiquiatria/Clasificación Final/Ansiedad/wav/0/057_recortado_denoised.wav,0
057_recortado_denoised__seg57,057,057_recortado_denoised.wav,57,/home/ci2dt2-ai/Proyectos/Psiquiatria/Clasificación Final/Ansiedad/wav/0/057_recortado_denoised.wav,0
057_recortado_denoised__seg58,057,057_recortado_denoised.wav,58,/home/ci2dt2-ai/Proyectos/Psiquiatria/Clasificación Final/Ansiedad/wav/0/057_recortado_denoised.wav,0
057_recortado_denoised__seg59,057,057_recortado_denoised.wav,59,/home/ci2dt2-ai/Proyectos/Psiquiatria/Clasificación Final/Ansiedad/wav/0/057_recortado_denoised.wav,0
057_recortado_denoised__seg60,057,057_recortado_denoised.wav,60,/home/ci2dt2-ai/Proyectos/Psiquiatria/Clasificación Final/Ansiedad/wav/0/057_recortado_denoised.wav,0
057_recortado_denoised__seg61,057,057_recortado_denoised.wav,61,/home/ci2dt2-ai/Proyectos/Psiquiatria/Clasificación Final/Ansiedad/wav/0/057_recortado_denoised.wav,0
057_recortado_denoised__seg62,057,057_recortado_denoised.wav,62,/home/ci2dt2-ai/Proyectos/Psiquiatria/Clasificación Final/Ansiedad/wav/0/057_recortado_denoised.wav,0
057_recortado_denoised__seg63,057,057_recortado_denoised.wav,63,/home/ci2dt2-ai/Proyectos/Psiquiatria/Clasificación Final/Ansiedad/wav/0/057_recortado_denoised.wav,0
057_recortado_denoised__seg64,057,057_recortado_denoised.wav,64,/home/ci2dt2-ai/Proyectos/Psiquiatria/Clasificación Final/Ansiedad/wav/0/057_recortado_denoised.wav,0
057_recortado_denoised__seg65,057,057_recortado_denoised.wav,65,/home/ci2dt2-ai/Proyectos/Psiquiatria/Clasificación Final/Ansiedad/wav/0/057_recortado_denoised.wav,0
057_recortado_denoised__seg66,057,057_recortado_denoised.wav,66,/home/ci2dt2-ai/Proyectos/Psiquiatria/Clasificación Final/Ansiedad/wav/0/057_recortado_denoised.wav,0
057_recortado_denoised__seg67,057,057_recortado_denoised.wav,67,/home/ci2dt2-ai/Proyectos/Psiquiatria/Clasificación Final/Ansiedad/wav/0/057_recortado_denoised.wav,0
058_recortado_denoised__seg0,058,058_recortado_denoised.wav,0,/home/ci2dt2-ai/Proyectos/Psiquiatria/Clasificación Final/Ansiedad/wav/0/058_recortado_denoised.wav,0
058_recortado_denoised__seg1,058,058_recortado_denoised.wav,1,/home/ci2dt2-ai/Proyectos/Psiquiatria/Clasificación Final/Ansiedad/wav/0/058_recortado_denoised.wav,0
058_recortado_denoised__seg2,058,058_recortado_denoised.wav,2,/home/ci2dt2-ai/Proyectos/Psiquiatria/Clasificación Final/Ansiedad/wav/0/058_recortado_denoised.wav,0
058_recortado_denoised__seg3,058,058_recortado_denoised.wav,3,/home/ci2dt2-ai/Proyectos/Psiquiatria/Clasificación Final/Ansiedad/wav/0/058_recortado_denoised.wav,0
058_recortado_denoised__seg4,058,058_recortado_denoised.wav,4,/home/ci2dt2-ai/Proyectos/Psiquiatria/Clasificación Final/Ansiedad/wav/0/058_recortado_denoised.wav,0
058_recortado_denoised__seg5,058,058_recortado_denoised.wav,5,/home/ci2dt2-ai/Proyectos/Psiquiatria/Clasificación Final/Ansiedad/wav/0/058_recortado_denoised.wav,0
058_recortado_denoised__seg6,058,058_recortado_denoised.wav,6,/home/ci2dt2-ai/Proyectos/Psiquiatria/Clasificación Final/Ansiedad/wav/0/058_recortado_denoised.wav,0
058_recortado_denoised__seg7,058,058_recortado_denoised.wav,7,/home/ci2dt2-ai/Proyectos/Psiquiatria/Clasificación Final/Ansiedad/wav/0/058_recortado_denoised.wav,0
058_recortado_denoised__seg8,058,058_recortado_denoised.wav,8,/home/ci2dt2-ai/Proyectos/Psiquiatria/Clasificación Final/Ansiedad/wav/0/058_recortado_denoised.wav,0
058_recortado_denoised__seg9,058,058_recortado_denoised.wav,9,/home/ci2dt2-ai/Proyectos/Psiquiatria/Clasificación Final/Ansiedad/wav/0/058_recortado_denoised.wav,0
058_recortado_denoised__seg10,058,058_recortado_denoised.wav,10,/home/ci2dt2-ai/Proyectos/Psiquiatria/Clasificación Final/Ansiedad/wav/0/058_recortado_denoised.wav,0
058_recortado_denoised__seg11,058,058_recortado_denoised.wav,11,/home/ci2dt2-ai/Proyectos/Psiquiatria/Clasificación Final/Ansiedad/wav/0/058_recortado_denoised.wav,0
058_recortado_denoised__seg12,058,058_recortado_denoised.wav,12,/home/ci2dt2-ai/Proyectos/Psiquiatria/Clasificación Final/Ansiedad/wav/0/058_recortado_denoised.wav,0
058_recortado_denoised__seg13,058,058_recortado_denoised.wav,13,/home/ci2dt2-ai/Proyectos/Psiquiatria/Clasificación Final/Ansiedad/wav/0/058_recortado_denoised.wav,0
058_recortado_denoised__seg14,058,058_recortado_denoised.wav,14,/home/ci2dt2-ai/Proyectos/Psiquiatria/Clasificación Final/Ansiedad/wav/0/058_recortado_denoised.wav,0
058_recortado_denoised__seg15,058,058_recortado_denoised.wav,15,/home/ci2dt2-ai/Proyectos/Psiquiatria/Clasificación Final/Ansiedad/wav/0/058_recortado_denoised.wav,0
058_recortado_denoised__seg16,058,058_recortado_denoised.wav,16,/home/ci2dt2-ai/Proyectos/Psiquiatria/Clasificación Final/Ansiedad/wav/0/058_recortado_denoised.wav,0
058_recortado_denoised__seg17,058,058_recortado_denoised.wav,17,/home/ci2dt2-ai/Proyectos/Psiquiatria/Clasificación Final/Ansiedad/wav/0/058_recortado_denoised.wav,0
058_recortado_denoised__seg18,058,058_recortado_denoised.wav,18,/home/ci2dt2-ai/Proyectos/Psiquiatria/Clasificación Final/Ansiedad/wav/0/058_recortado_denoised.wav,0
058_recortado_denoised__seg19,058,058_recortado_denoised.wav,19,/home/ci2dt2-ai/Proyectos/Psiquiatria/Clasificación Final/Ansiedad/wav/0/058_recortado_denoised.wav,0
058_recortado_denoised__seg20,058,058_recortado_denoised.wav,20,/home/ci2dt2-ai/Proyectos/Psiquiatria/Clasificación Final/Ansiedad/wav/0/058_recortado_denoised.wav,0
058_recortado_denoised__seg21,058,058_recortado_denoised.wav,21,/home/ci2dt2-ai/Proyectos/Psiquiatria/Clasificación Final/Ansiedad/wav/0/058_recortado_denoised.wav,0
058_recortado_denoised__seg22,058,058_recortado_denoised.wav,22,/home/ci2dt2-ai/Proyectos/Psiquiatria/Clasificación Final/Ansiedad/wav/0/058_recortado_denoised.wav,0
058_recortado_denoised__seg23,058,058_recortado_denoised.wav,23,/home/ci2dt2-ai/Proyectos/Psiquiatria/Clasificación Final/Ansiedad/wav/0/058_recortado_denoised.wav,0
058_recortado_denoised__seg24,058,058_recortado_denoised.wav,24,/home/ci2dt2-ai/Proyectos/Psiquiatria/Clasificación Final/Ansiedad/wav/0/058_recortado_denoised.wav,0
058_recortado_denoised__seg25,058,058_recortado_denoised.wav,25,/home/ci2dt2-ai/Proyectos/Psiquiatria/Clasificación Final/Ansiedad/wav/0/058_recortado_denoised.wav,0
058_recortado_denoised__seg26,058,058_recortado_denoised.wav,26,/home/ci2dt2-ai/Proyectos/Psiquiatria/Clasificación Final/Ansiedad/wav/0/058_recortado_denoised.wav,0
058_recortado_denoised__seg27,058,058_recortado_denoised.wav,27,/home/ci2dt2-ai/Proyectos/Psiquiatria/Clasificación Final/Ansiedad/wav/0/058_recortado_denoised.wav,0
058_recortado_denoised__seg28,058,058_recortado_denoised.wav,28,/home/ci2dt2-ai/Proyectos/Psiquiatria/Clasificación Final/Ansiedad/wav/0/058_recortado_denoised.wav,0
058_recortado_denoised__seg29,058,058_recortado_denoised.wav,29,/home/ci2dt2-ai/Proyectos/Psiquiatria/Clasificación Final/Ansiedad/wav/0/058_recortado_denoised.wav,0
058_recortado_denoised__seg30,058,058_recortado_denoised.wav,30,/home/ci2dt2-ai/Proyectos/Psiquiatria/Clasificación Final/Ansiedad/wav/0/058_recortado_denoised.wav,0
058_recortado_denoised__seg31,058,058_recortado_denoised.wav,31,/home/ci2dt2-ai/Proyectos/Psiquiatria/Clasificación Final/Ansiedad/wav/0/058_recortado_denoised.wav,0
058_recortado_denoised__seg32,058,058_recortado_denoised.wav,32,/home/ci2dt2-ai/Proyectos/Psiquiatria/Clasificación Final/Ansiedad/wav/0/058_recortado_denoised.wav,0
058_recortado_denoised__seg33,058,058_recortado_denoised.wav,33,/home/ci2dt2-ai/Proyectos/Psiquiatria/Clasificación Final/Ansiedad/wav/0/058_recortado_denoised.wav,0
058_recortado_denoised__seg34,058,058_recortado_denoised.wav,34,/home/ci2dt2-ai/Proyectos/Psiquiatria/Clasificación Final/Ansiedad/wav/0/058_recortado_denoised.wav,0
058_recortado_denoised__seg35,058,058_recortado_denoised.wav,35,/home/ci2dt2-ai/Proyectos/Psiquiatria/Clasificación Final/Ansiedad/wav/0/058_recortado_denoised.wav,0
058_recortado_denoised__seg36,058,058_recortado_denoised.wav,36,/home/ci2dt2-ai/Proyectos/Psiquiatria/Clasificación Final/Ansiedad/wav/0/058_recortado_denoised.wav,0
058_recortado_denoised__seg37,058,058_recortado_denoised.wav,37,/home/ci2dt2-ai/Proyectos/Psiquiatria/Clasificación Final/Ansiedad/wav/0/058_recortado_denoised.wav,0
058_recortado_denoised__seg38,058,058_recortado_denoised.wav,38,/home/ci2dt2-ai/Proyectos/Psiquiatria/Clasificación Final/Ansiedad/wav/0/058_recortado_denoised.wav,0
058_recortado_denoised__seg39,058,058_recortado_denoised.wav,39,/home/ci2dt2-ai/Proyectos/Psiquiatria/Clasificación Final/Ansiedad/wav/0/058_recortado_denoised.wav,0
058_recortado_denoised__seg40,058,058_recortado_denoised.wav,40,/home/ci2dt2-ai/Proyectos/Psiquiatria/Clasificación Final/Ansiedad/wav/0/058_recortado_denoised.wav,0
058_recortado_denoised__seg41,058,058_recortado_denoised.wav,41,/home/ci2dt2-ai/Proyectos/Psiquiatria/Clasificación Final/Ansiedad/wav/0/058_recortado_denoised.wav,0
058_recortado_denoised__seg42,058,058_recortado_denoised.wav,42,/home/ci2dt2-ai/Proyectos/Psiquiatria/Clasificación Final/Ansiedad/wav/0/058_recortado_denoised.wav,0
058_recortado_denoised__seg43,058,058_recortado_denoised.wav,43,/home/ci2dt2-ai/Proyectos/Psiquiatria/Clasificación Final/Ansiedad/wav/0/058_recortado_denoised.wav,0
058_recortado_denoised__seg44,058,058_recortado_denoised.wav,44,/home/ci2dt2-ai/Proyectos/Psiquiatria/Clasificación Final/Ansiedad/wav/0/058_recortado_denoised.wav,0
058_recortado_denoised__seg45,058,058_recortado_denoised.wav,45,/home/ci2dt2-ai/Proyectos/Psiquiatria/Clasificación Final/Ansiedad/wav/0/058_recortado_denoised.wav,0
058_recortado_denoised__seg46,058,058_recortado_denoised.wav,46,/home/ci2dt2-ai/Proyectos/Psiquiatria/Clasificación Final/Ansiedad/wav/0/058_recortado_denoised.wav,0
058_recortado_denoised__seg47,058,058_recortado_denoised.wav,47,/home/ci2dt2-ai/Proyectos/Psiquiatria/Clasificación Final/Ansiedad/wav/0/058_recortado_denoised.wav,0
058_recortado_denoised__seg48,058,058_recortado_denoised.wav,48,/home/ci2dt2-ai/Proyectos/Psiquiatria/Clasificación Final/Ansiedad/wav/0/058_recortado_denoised.wav,0
058_recortado_denoised__seg49,058,058_recortado_denoised.wav,49,/home/ci2dt2-ai/Proyectos/Psiquiatria/Clasificación Final/Ansiedad/wav/0/058_recortado_denoised.wav,0
058_recortado_denoised__seg50,058,058_recortado_denoised.wav,50,/home/ci2dt2-ai/Proyectos/Psiquiatria/Clasificación Final/Ansiedad/wav/0/058_recortado_denoised.wav,0
058_recortado_denoised__seg51,058,058_recortado_denoised.wav,51,/home/ci2dt2-ai/Proyectos/Psiquiatria/Clasificación Final/Ansiedad/wav/0/058_recortado_denoised.wav,0
058_recortado_denoised__seg52,058,058_recortado_denoised.wav,52,/home/ci2dt2-ai/Proyectos/Psiquiatria/Clasificación Final/Ansiedad/wav/0/058_recortado_denoised.wav,0
058_recortado_denoised__seg53,058,058_recortado_denoised.wav,53,/home/ci2dt2-ai/Proyectos/Psiquiatria/Clasificación Final/Ansiedad/wav/0/058_recortado_denoised.wav,0
059_recortado_denoised__seg0,059,059_recortado_denoised.wav,0,/home/ci2dt2-ai/Proyectos/Psiquiatria/Clasificación Final/Ansiedad/wav/0/059_recortado_denoised.wav,0
059_recortado_denoised__seg1,059,059_recortado_denoised.wav,1,/home/ci2dt2-ai/Proyectos/Psiquiatria/Clasificación Final/Ansiedad/wav/0/059_recortado_denoised.wav,0
059_recortado_denoised__seg2,059,059_recortado_denoised.wav,2,/home/ci2dt2-ai/Proyectos/Psiquiatria/Clasificación Final/Ansiedad/wav/0/059_recortado_denoised.wav,0
059_recortado_denoised__seg3,059,059_recortado_denoised.wav,3,/home/ci2dt2-ai/Proyectos/Psiquiatria/Clasificación Final/Ansiedad/wav/0/059_recortado_denoised.wav,0
059_recortado_denoised__seg4,059,059_recortado_denoised.wav,4,/home/ci2dt2-ai/Proyectos/Psiquiatria/Clasificación Final/Ansiedad/wav/0/059_recortado_denoised.wav,0
059_recortado_denoised__seg5,059,059_recortado_denoised.wav,5,/home/ci2dt2-ai/Proyectos/Psiquiatria/Clasificación Final/Ansiedad/wav/0/059_recortado_denoised.wav,0
059_recortado_denoised__seg6,059,059_recortado_denoised.wav,6,/home/ci2dt2-ai/Proyectos/Psiquiatria/Clasificación Final/Ansiedad/wav/0/059_recortado_denoised.wav,0
059_recortado_denoised__seg7,059,059_recortado_denoised.wav,7,/home/ci2dt2-ai/Proyectos/Psiquiatria/Clasificación Final/Ansiedad/wav/0/059_recortado_denoised.wav,0
059_recortado_denoised__seg8,059,059_recortado_denoised.wav,8,/home/ci2dt2-ai/Proyectos/Psiquiatria/Clasificación Final/Ansiedad/wav/0/059_recortado_denoised.wav,0
059_recortado_denoised__seg9,059,059_recortado_denoised.wav,9,/home/ci2dt2-ai/Proyectos/Psiquiatria/Clasificación Final/Ansiedad/wav/0/059_recortado_denoised.wav,0
059_recortado_denoised__seg10,059,059_recortado_denoised.wav,10,/home/ci2dt2-ai/Proyectos/Psiquiatria/Clasificación Final/Ansiedad/wav/0/059_recortado_denoised.wav,0
059_recortado_denoised__seg11,059,059_recortado_denoised.wav,11,/home/ci2dt2-ai/Proyectos/Psiquiatria/Clasificación Final/Ansiedad/wav/0/059_recortado_denoised.wav,0
059_recortado_denoised__seg12,059,059_recortado_denoised.wav,12,/home/ci2dt2-ai/Proyectos/Psiquiatria/Clasificación Final/Ansiedad/wav/0/059_recortado_denoised.wav,0
059_recortado_denoised__seg13,059,059_recortado_denoised.wav,13,/home/ci2dt2-ai/Proyectos/Psiquiatria/Clasificación Final/Ansiedad/wav/0/059_recortado_denoised.wav,0
059_recortado_denoised__seg14,059,059_recortado_denoised.wav,14,/home/ci2dt2-ai/Proyectos/Psiquiatria/Clasificación Final/Ansiedad/wav/0/059_recortado_denoised.wav,0
059_recortado_denoised__seg15,059,059_recortado_denoised.wav,15,/home/ci2dt2-ai/Proyectos/Psiquiatria/Clasificación Final/Ansiedad/wav/0/059_recortado_denoised.wav,0
059_recortado_denoised__seg16,059,059_recortado_denoised.wav,16,/home/ci2dt2-ai/Proyectos/Psiquiatria/Clasificación Final/Ansiedad/wav/0/059_recortado_denoised.wav,0
059_recortado_denoised__seg17,059,059_recortado_denoised.wav,17,/home/ci2dt2-ai/Proyectos/Psiquiatria/Clasificación Final/Ansiedad/wav/0/059_recortado_denoised.wav,0
059_recortado_denoised__seg18,059,059_recortado_denoised.wav,18,/home/ci2dt2-ai/Proyectos/Psiquiatria/Clasificación Final/Ansiedad/wav/0/059_recortado_denoised.wav,0
059_recortado_denoised__seg19,059,059_recortado_denoised.wav,19,/home/ci2dt2-ai/Proyectos/Psiquiatria/Clasificación Final/Ansiedad/wav/0/059_recortado_denoised.wav,0
059_recortado_denoised__seg20,059,059_recortado_denoised.wav,20,/home/ci2dt2-ai/Proyectos/Psiquiatria/Clasificación Final/Ansiedad/wav/0/059_recortado_denoised.wav,0
059_recortado_denoised__seg21,059,059_recortado_denoised.wav,21,/home/ci2dt2-ai/Proyectos/Psiquiatria/Clasificación Final/Ansiedad/wav/0/059_recortado_denoised.wav,0
059_recortado_denoised__seg22,059,059_recortado_denoised.wav,22,/home/ci2dt2-ai/Proyectos/Psiquiatria/Clasificación Final/Ansiedad/wav/0/059_recortado_denoised.wav,0
059_recortado_denoised__seg23,059,059_recortado_denoised.wav,23,/home/ci2dt2-ai/Proyectos/Psiquiatria/Clasificación Final/Ansiedad/wav/0/059_recortado_denoised.wav,0
059_recortado_denoised__seg24,059,059_recortado_denoised.wav,24,/home/ci2dt2-ai/Proyectos/Psiquiatria/Clasificación Final/Ansiedad/wav/0/059_recortado_denoised.wav,0
059_recortado_denoised__seg25,059,059_recortado_denoised.wav,25,/home/ci2dt2-ai/Proyectos/Psiquiatria/Clasificación Final/Ansiedad/wav/0/059_recortado_denoised.wav,0
059_recortado_denoised__seg26,059,059_recortado_denoised.wav,26,/home/ci2dt2-ai/Proyectos/Psiquiatria/Clasificación Final/Ansiedad/wav/0/059_recortado_denoised.wav,0
059_recortado_denoised__seg27,059,059_recortado_denoised.wav,27,/home/ci2dt2-ai/Proyectos/Psiquiatria/Clasificación Final/Ansiedad/wav/0/059_recortado_denoised.wav,0
059_recortado_denoised__seg28,059,059_recortado_denoised.wav,28,/home/ci2dt2-ai/Proyectos/Psiquiatria/Clasificación Final/Ansiedad/wav/0/059_recortado_denoised.wav,0
059_recortado_denoised__seg29,059,059_recortado_denoised.wav,29,/home/ci2dt2-ai/Proyectos/Psiquiatria/Clasificación Final/Ansiedad/wav/0/059_recortado_denoised.wav,0
059_recortado_denoised__seg30,059,059_recortado_denoised.wav,30,/home/ci2dt2-ai/Proyectos/Psiquiatria/Clasificación Final/Ansiedad/wav/0/059_recortado_denoised.wav,0
059_recortado_denoised__seg31,059,059_recortado_denoised.wav,31,/home/ci2dt2-ai/Proyectos/Psiquiatria/Clasificación Final/Ansiedad/wav/0/059_recortado_denoised.wav,0
059_recortado_denoised__seg32,059,059_recortado_denoised.wav,32,/home/ci2dt2-ai/Proyectos/Psiquiatria/Clasificación Final/Ansiedad/wav/0/059_recortado_denoised.wav,0
059_recortado_denoised__seg33,059,059_recortado_denoised.wav,33,/home/ci2dt2-ai/Proyectos/Psiquiatria/Clasificación Final/Ansiedad/wav/0/059_recortado_denoised.wav,0
059_recortado_denoised__seg34,059,059_recortado_denoised.wav,34,/home/ci2dt2-ai/Proyectos/Psiquiatria/Clasificación Final/Ansiedad/wav/0/059_recortado_denoised.wav,0
059_recortado_denoised__seg35,059,059_recortado_denoised.wav,35,/home/ci2dt2-ai/Proyectos/Psiquiatria/Clasificación Final/Ansiedad/wav/0/059_recortado_denoised.wav,0
059_recortado_denoised__seg36,059,059_recortado_denoised.wav,36,/home/ci2dt2-ai/Proyectos/Psiquiatria/Clasificación Final/Ansiedad/wav/0/059_recortado_denoised.wav,0
062_recortado_denoised__seg0,062,062_recortado_denoised.wav,0,/home/ci2dt2-ai/Proyectos/Psiquiatria/Clasificación Final/Ansiedad/wav/0/062_recortado_denoised.wav,0
062_recortado_denoised__seg1,062,062_recortado_denoised.wav,1,/home/ci2dt2-ai/Proyectos/Psiquiatria/Clasificación Final/Ansiedad/wav/0/062_recortado_denoised.wav,0
062_recortado_denoised__seg2,062,062_recortado_denoised.wav,2,/home/ci2dt2-ai/Proyectos/Psiquiatria/Clasificación Final/Ansiedad/wav/0/062_recortado_denoised.wav,0
062_recortado_denoised__seg3,062,062_recortado_denoised.wav,3,/home/ci2dt2-ai/Proyectos/Psiquiatria/Clasificación Final/Ansiedad/wav/0/062_recortado_denoised.wav,0
062_recortado_denoised__seg4,062,062_recortado_denoised.wav,4,/home/ci2dt2-ai/Proyectos/Psiquiatria/Clasificación Final/Ansiedad/wav/0/062_recortado_denoised.wav,0
062_recortado_denoised__seg5,062,062_recortado_denoised.wav,5,/home/ci2dt2-ai/Proyectos/Psiquiatria/Clasificación Final/Ansiedad/wav/0/062_recortado_denoised.wav,0
062_recortado_denoised__seg6,062,062_recortado_denoised.wav,6,/home/ci2dt2-ai/Proyectos/Psiquiatria/Clasificación Final/Ansiedad/wav/0/062_recortado_denoised.wav,0
062_recortado_denoised__seg7,062,062_recortado_denoised.wav,7,/home/ci2dt2-ai/Proyectos/Psiquiatria/Clasificación Final/Ansiedad/wav/0/062_recortado_denoised.wav,0
062_recortado_denoised__seg8,062,062_recortado_denoised.wav,8,/home/ci2dt2-ai/Proyectos/Psiquiatria/Clasificación Final/Ansiedad/wav/0/062_recortado_denoised.wav,0
062_recortado_denoised__seg9,062,062_recortado_denoised.wav,9,/home/ci2dt2-ai/Proyectos/Psiquiatria/Clasificación Final/Ansiedad/wav/0/062_recortado_denoised.wav,0
062_recortado_denoised__seg10,062,062_recortado_denoised.wav,10,/home/ci2dt2-ai/Proyectos/Psiquiatria/Clasificación Final/Ansiedad/wav/0/062_recortado_denoised.wav,0
062_recortado_denoised__seg11,062,062_recortado_denoised.wav,11,/home/ci2dt2-ai/Proyectos/Psiquiatria/Clasificación Final/Ansiedad/wav/0/062_recortado_denoised.wav,0
062_recortado_denoised__seg12,062,062_recortado_denoised.wav,12,/home/ci2dt2-ai/Proyectos/Psiquiatria/Clasificación Final/Ansiedad/wav/0/062_recortado_denoised.wav,0
062_recortado_denoised__seg13,062,062_recortado_denoised.wav,13,/home/ci2dt2-ai/Proyectos/Psiquiatria/Clasificación Final/Ansiedad/wav/0/062_recortado_denoised.wav,0
062_recortado_denoised__seg14,062,062_recortado_denoised.wav,14,/home/ci2dt2-ai/Proyectos/Psiquiatria/Clasificación Final/Ansiedad/wav/0/062_recortado_denoised.wav,0
062_recortado_denoised__seg15,062,062_recortado_denoised.wav,15,/home/ci2dt2-ai/Proyectos/Psiquiatria/Clasificación Final/Ansiedad/wav/0/062_recortado_denoised.wav,0
062_recortado_denoised__seg16,062,062_recortado_denoised.wav,16,/home/ci2dt2-ai/Proyectos/Psiquiatria/Clasificación Final/Ansiedad/wav/0/062_recortado_denoised.wav,0
062_recortado_denoised__seg17,062,062_recortado_denoised.wav,17,/home/ci2dt2-ai/Proyectos/Psiquiatria/Clasificación Final/Ansiedad/wav/0/062_recortado_denoised.wav,0
062_recortado_denoised__seg18,062,062_recortado_denoised.wav,18,/home/ci2dt2-ai/Proyectos/Psiquiatria/Clasificación Final/Ansiedad/wav/0/062_recortado_denoised.wav,0
062_recortado_denoised__seg19,062,062_recortado_denoised.wav,19,/home/ci2dt2-ai/Proyectos/Psiquiatria/Clasificación Final/Ansiedad/wav/0/062_recortado_denoised.wav,0
062_recortado_denoised__seg20,062,062_recortado_denoised.wav,20,/home/ci2dt2-ai/Proyectos/Psiquiatria/Clasificación Final/Ansiedad/wav/0/062_recortado_denoised.wav,0
062_recortado_denoised__seg21,062,062_recortado_denoised.wav,21,/home/ci2dt2-ai/Proyectos/Psiquiatria/Clasificación Final/Ansiedad/wav/0/062_recortado_denoised.wav,0
062_recortado_denoised__seg22,062,062_recortado_denoised.wav,22,/home/ci2dt2-ai/Proyectos/Psiquiatria/Clasificación Final/Ansiedad/wav/0/062_recortado_denoised.wav,0
062_recortado_denoised__seg23,062,062_recortado_denoised.wav,23,/home/ci2dt2-ai/Proyectos/Psiquiatria/Clasificación Final/Ansiedad/wav/0/062_recortado_denoised.wav,0
062_recortado_denoised__seg24,062,062_recortado_denoised.wav,24,/home/ci2dt2-ai/Proyectos/Psiquiatria/Clasificación Final/Ansiedad/wav/0/062_recortado_denoised.wav,0
062_recortado_denoised__seg25,062,062_recortado_denoised.wav,25,/home/ci2dt2-ai/Proyectos/Psiquiatria/Clasificación Final/Ansiedad/wav/0/062_recortado_denoised.wav,0
062_recortado_denoised__seg26,062,062_recortado_denoised.wav,26,/home/ci2dt2-ai/Proyectos/Psiquiatria/Clasificación Final/Ansiedad/wav/0/062_recortado_denoised.wav,0
062_recortado_denoised__seg27,062,062_recortado_denoised.wav,27,/home/ci2dt2-ai/Proyectos/Psiquiatria/Clasificación Final/Ansiedad/wav/0/062_recortado_denoised.wav,0
062_recortado_denoised__seg28,062,062_recortado_denoised.wav,28,/home/ci2dt2-ai/Proyectos/Psiquiatria/Clasificación Final/Ansiedad/wav/0/062_recortado_denoised.wav,0
062_recortado_denoised__seg29,062,062_recortado_denoised.wav,29,/home/ci2dt2-ai/Proyectos/Psiquiatria/Clasificación Final/Ansiedad/wav/0/062_recortado_denoised.wav,0
062_recortado_denoised__seg30,062,062_recortado_denoised.wav,30,/home/ci2dt2-ai/Proyectos/Psiquiatria/Clasificación Final/Ansiedad/wav/0/062_recortado_denoised.wav,0
062_recortado_denoised__seg31,062,062_recortado_denoised.wav,31,/home/ci2dt2-ai/Proyectos/Psiquiatria/Clasificación Final/Ansiedad/wav/0/062_recortado_denoised.wav,0
062_recortado_denoised__seg32,062,062_recortado_denoised.wav,32,/home/ci2dt2-ai/Proyectos/Psiquiatria/Clasificación Final/Ansiedad/wav/0/062_recortado_denoised.wav,0
062_recortado_denoised__seg33,062,062_recortado_denoised.wav,33,/home/ci2dt2-ai/Proyectos/Psiquiatria/Clasificación Final/Ansiedad/wav/0/062_recortado_denoised.wav,0
062_recortado_denoised__seg34,062,062_recortado_denoised.wav,34,/home/ci2dt2-ai/Proyectos/Psiquiatria/Clasificación Final/Ansiedad/wav/0/062_recortado_denoised.wav,0
062_recortado_denoised__seg35,062,062_recortado_denoised.wav,35,/home/ci2dt2-ai/Proyectos/Psiquiatria/Clasificación Final/Ansiedad/wav/0/062_recortado_denoised.wav,0
062_recortado_denoised__seg36,062,062_recortado_denoised.wav,36,/home/ci2dt2-ai/Proyectos/Psiquiatria/Clasificación Final/Ansiedad/wav/0/062_recortado_denoised.wav,0
062_recortado_denoised__seg37,062,062_recortado_denoised.wav,37,/home/ci2dt2-ai/Proyectos/Psiquiatria/Clasificación Final/Ansiedad/wav/0/062_recortado_denoised.wav,0
062_recortado_denoised__seg38,062,062_recortado_denoised.wav,38,/home/ci2dt2-ai/Proyectos/Psiquiatria/Clasificación Final/Ansiedad/wav/0/062_recortado_denoised.wav,0
062_recortado_denoised__seg39,062,062_recortado_denoised.wav,39,/home/ci2dt2-ai/Proyectos/Psiquiatria/Clasificación Final/Ansiedad/wav/0/062_recortado_denoised.wav,0
062_recortado_denoised__seg40,062,062_recortado_denoised.wav,40,/home/ci2dt2-ai/Proyectos/Psiquiatria/Clasificación Final/Ansiedad/wav/0/062_recortado_denoised.wav,0
062_recortado_denoised__seg41,062,062_recortado_denoised.wav,41,/home/ci2dt2-ai/Proyectos/Psiquiatria/Clasificación Final/Ansiedad/wav/0/062_recortado_denoised.wav,0
062_recortado_denoised__seg42,062,062_recortado_denoised.wav,42,/home/ci2dt2-ai/Proyectos/Psiquiatria/Clasificación Final/Ansiedad/wav/0/062_recortado_denoised.wav,0
062_recortado_denoised__seg43,062,062_recortado_denoised.wav,43,/home/ci2dt2-ai/Proyectos/Psiquiatria/Clasificación Final/Ansiedad/wav/0/062_recortado_denoised.wav,0
062_recortado_denoised__seg44,062,062_recortado_denoised.wav,44,/home/ci2dt2-ai/Proyectos/Psiquiatria/Clasificación Final/Ansiedad/wav/0/062_recortado_denoised.wav,0
062_recortado_denoised__seg45,062,062_recortado_denoised.wav,45,/home/ci2dt2-ai/Proyectos/Psiquiatria/Clasificación Final/Ansiedad/wav/0/062_recortado_denoised.wav,0
062_recortado_denoised__seg46,062,062_recortado_denoised.wav,46,/home/ci2dt2-ai/Proyectos/Psiquiatria/Clasificación Final/Ansiedad/wav/0/062_recortado_denoised.wav,0
062_recortado_denoised__seg47,062,062_recortado_denoised.wav,47,/home/ci2dt2-ai/Proyectos/Psiquiatria/Clasificación Final/Ansiedad/wav/0/062_recortado_denoised.wav,0
062_recortado_denoised__seg48,062,062_recortado_denoised.wav,48,/home/ci2dt2-ai/Proyectos/Psiquiatria/Clasificación Final/Ansiedad/wav/0/062_recortado_denoised.wav,0
062_recortado_denoised__seg49,062,062_recortado_denoised.wav,49,/home/ci2dt2-ai/Proyectos/Psiquiatria/Clasificación Final/Ansiedad/wav/0/062_recortado_denoised.wav,0
062_recortado_denoised__seg50,062,062_recortado_denoised.wav,50,/home/ci2dt2-ai/Proyectos/Psiquiatria/Clasificación Final/Ansiedad/wav/0/062_recortado_denoised.wav,0
062_recortado_denoised__seg51,062,062_recortado_denoised.wav,51,/home/ci2dt2-ai/Proyectos/Psiquiatria/Clasificación Final/Ansiedad/wav/0/062_recortado_denoised.wav,0
062_recortado_denoised__seg52,062,062_recortado_denoised.wav,52,/home/ci2dt2-ai/Proyectos/Psiquiatria/Clasificación Final/Ansiedad/wav/0/062_recortado_denoised.wav,0
062_recortado_denoised__seg53,062,062_recortado_denoised.wav,53,/home/ci2dt2-ai/Proyectos/Psiquiatria/Clasificación Final/Ansiedad/wav/0/062_recortado_denoised.wav,0
062_recortado_denoised__seg54,062,062_recortado_denoised.wav,54,/home/ci2dt2-ai/Proyectos/Psiquiatria/Clasificación Final/Ansiedad/wav/0/062_recortado_denoised.wav,0
062_recortado_denoised__seg55,062,062_recortado_denoised.wav,55,/home/ci2dt2-ai/Proyectos/Psiquiatria/Clasificación Final/Ansiedad/wav/0/062_recortado_denoised.wav,0
062_recortado_denoised__seg56,062,062_recortado_denoised.wav,56,/home/ci2dt2-ai/Proyectos/Psiquiatria/Clasificación Final/Ansiedad/wav/0/062_recortado_denoised.wav,0
062_recortado_denoised__seg57,062,062_recortado_denoised.wav,57,/home/ci2dt2-ai/Proyectos/Psiquiatria/Clasificación Final/Ansiedad/wav/0/062_recortado_denoised.wav,0
062_recortado_denoised__seg58,062,062_recortado_denoised.wav,58,/home/ci2dt2-ai/Proyectos/Psiquiatria/Clasificación Final/Ansiedad/wav/0/062_recortado_denoised.wav,0
062_recortado_denoised__seg59,062,062_recortado_denoised.wav,59,/home/ci2dt2-ai/Proyectos/Psiquiatria/Clasificación Final/Ansiedad/wav/0/062_recortado_denoised.wav,0
062_recortado_denoised__seg60,062,062_recortado_denoised.wav,60,/home/ci2dt2-ai/Proyectos/Psiquiatria/Clasificación Final/Ansiedad/wav/0/062_recortado_denoised.wav,0
062_recortado_denoised__seg61,062,062_recortado_denoised.wav,61,/home/ci2dt2-ai/Proyectos/Psiquiatria/Clasificación Final/Ansiedad/wav/0/062_recortado_denoised.wav,0
062_recortado_denoised__seg62,062,062_recortado_denoised.wav,62,/home/ci2dt2-ai/Proyectos/Psiquiatria/Clasificación Final/Ansiedad/wav/0/062_recortado_denoised.wav,0
062_recortado_denoised__seg63,062,062_recortado_denoised.wav,63,/home/ci2dt2-ai/Proyectos/Psiquiatria/Clasificación Final/Ansiedad/wav/0/062_recortado_denoised.wav,0
062_recortado_denoised__seg64,062,062_recortado_denoised.wav,64,/home/ci2dt2-ai/Proyectos/Psiquiatria/Clasificación Final/Ansiedad/wav/0/062_recortado_denoised.wav,0
062_recortado_denoised__seg65,062,062_recortado_denoised.wav,65,/home/ci2dt2-ai/Proyectos/Psiquiatria/Clasificación Final/Ansiedad/wav/0/062_recortado_denoised.wav,0
062_recortado_denoised__seg66,062,062_recortado_denoised.wav,66,/home/ci2dt2-ai/Proyectos/Psiquiatria/Clasificación Final/Ansiedad/wav/0/062_recortado_denoised.wav,0
062_recortado_denoised__seg67,062,062_recortado_denoised.wav,67,/home/ci2dt2-ai/Proyectos/Psiquiatria/Clasificación Final/Ansiedad/wav/0/062_recortado_denoised.wav,0
062_recortado_denoised__seg68,062,062_recortado_denoised.wav,68,/home/ci2dt2-ai/Proyectos/Psiquiatria/Clasificación Final/Ansiedad/wav/0/062_recortado_denoised.wav,0
062_recortado_denoised__seg69,062,062_recortado_denoised.wav,69,/home/ci2dt2-ai/Proyectos/Psiquiatria/Clasificación Final/Ansiedad/wav/0/062_recortado_denoised.wav,0
062_recortado_denoised__seg70,062,062_recortado_denoised.wav,70,/home/ci2dt2-ai/Proyectos/Psiquiatria/Clasificación Final/Ansiedad/wav/0/062_recortado_denoised.wav,0
062_recortado_denoised__seg71,062,062_recortado_denoised.wav,71,/home/ci2dt2-ai/Proyectos/Psiquiatria/Clasificación Final/Ansiedad/wav/0/062_recortado_denoised.wav,0
062_recortado_denoised__seg72,062,062_recortado_denoised.wav,72,/home/ci2dt2-ai/Proyectos/Psiquiatria/Clasificación Final/Ansiedad/wav/0/062_recortado_denoised.wav,0
062_recortado_denoised__seg73,062,062_recortado_denoised.wav,73,/home/ci2dt2-ai/Proyectos/Psiquiatria/Clasificación Final/Ansiedad/wav/0/062_recortado_denoised.wav,0
062_recortado_denoised__seg74,062,062_recortado_denoised.wav,74,/home/ci2dt2-ai/Proyectos/Psiquiatria/Clasificación Final/Ansiedad/wav/0/062_recortado_denoised.wav,0
062_recortado_denoised__seg75,062,062_recortado_denoised.wav,75,/home/ci2dt2-ai/Proyectos/Psiquiatria/Clasificación Final/Ansiedad/wav/0/062_recortado_denoised.wav,0
062_recortado_denoised__seg76,062,062_recortado_denoised.wav,76,/home/ci2dt2-ai/Proyectos/Psiquiatria/Clasificación Final/Ansiedad/wav/0/062_recortado_denoised.wav,0
062_recortado_denoised__seg77,062,062_recortado_denoised.wav,77,/home/ci2dt2-ai/Proyectos/Psiquiatria/Clasificación Final/Ansiedad/wav/0/062_recortado_denoised.wav,0
062_recortado_denoised__seg78,062,062_recortado_denoised.wav,78,/home/ci2dt2-ai/Proyectos/Psiquiatria/Clasificación Final/Ansiedad/wav/0/062_recortado_denoised.wav,0
062_recortado_denoised__seg79,062,062_recortado_denoised.wav,79,/home/ci2dt2-ai/Proyectos/Psiquiatria/Clasificación Final/Ansiedad/wav/0/062_recortado_denoised.wav,0
062_recortado_denoised__seg80,062,062_recortado_denoised.wav,80,/home/ci2dt2-ai/Proyectos/Psiquiatria/Clasificación Final/Ansiedad/wav/0/062_recortado_denoised.wav,0
062_recortado_denoised__seg81,062,062_recortado_denoised.wav,81,/home/ci2dt2-ai/Proyectos/Psiquiatria/Clasificación Final/Ansiedad/wav/0/062_recortado_denoised.wav,0
062_recortado_denoised__seg82,062,062_recortado_denoised.wav,82,/home/ci2dt2-ai/Proyectos/Psiquiatria/Clasificación Final/Ansiedad/wav/0/062_recortado_denoised.wav,0
062_recortado_denoised__seg83,062,062_recortado_denoised.wav,83,/home/ci2dt2-ai/Proyectos/Psiquiatria/Clasificación Final/Ansiedad/wav/0/062_recortado_denoised.wav,0
062_recortado_denoised__seg84,062,062_recortado_denoised.wav,84,/home/ci2dt2-ai/Proyectos/Psiquiatria/Clasificación Final/Ansiedad/wav/0/062_recortado_denoised.wav,0
062_recortado_denoised__seg85,062,062_recortado_denoised.wav,85,/home/ci2dt2-ai/Proyectos/Psiquiatria/Clasificación Final/Ansiedad/wav/0/062_recortado_denoised.wav,0
062_recortado_denoised__seg86,062,062_recortado_denoised.wav,86,/home/ci2dt2-ai/Proyectos/Psiquiatria/Clasificación Final/Ansiedad/wav/0/062_recortado_denoised.wav,0
062_recortado_denoised__seg87,062,062_recortado_denoised.wav,87,/home/ci2dt2-ai/Proyectos/Psiquiatria/Clasificación Final/Ansiedad/wav/0/062_recortado_denoised.wav,0
062_recortado_denoised__seg88,062,062_recortado_denoised.wav,88,/home/ci2dt2-ai/Proyectos/Psiquiatria/Clasificación Final/Ansiedad/wav/0/062_recortado_denoised.wav,0
062_recortado_denoised__seg89,062,062_recortado_denoised.wav,89,/home/ci2dt2-ai/Proyectos/Psiquiatria/Clasificación Final/Ansiedad/wav/0/062_recortado_denoised.wav,0
062_recortado_denoised__seg90,062,062_recortado_denoised.wav,90,/home/ci2dt2-ai/Proyectos/Psiquiatria/Clasificación Final/Ansiedad/wav/0/062_recortado_denoised.wav,0
062_recortado_denoised__seg91,062,062_recortado_denoised.wav,91,/home/ci2dt2-ai/Proyectos/Psiquiatria/Clasificación Final/Ansiedad/wav/0/062_recortado_denoised.wav,0
062_recortado_denoised__seg92,062,062_recortado_denoised.wav,92,/home/ci2dt2-ai/Proyectos/Psiquiatria/Clasificación Final/Ansiedad/wav/0/062_recortado_denoised.wav,0
062_recortado_denoised__seg93,062,062_recortado_denoised.wav,93,/home/ci2dt2-ai/Proyectos/Psiquiatria/Clasificación Final/Ansiedad/wav/0/062_recortado_denoised.wav,0
062_recortado_denoised__seg94,062,062_recortado_denoised.wav,94,/home/ci2dt2-ai/Proyectos/Psiquiatria/Clasificación Final/Ansiedad/wav/0/062_recortado_denoised.wav,0
062_recortado_denoised__seg95,062,062_recortado_denoised.wav,95,/home/ci2dt2-ai/Proyectos/Psiquiatria/Clasificación Final/Ansiedad/wav/0/062_recortado_denoised.wav,0
062_recortado_denoised__seg96,062,062_recortado_denoised.wav,96,/home/ci2dt2-ai/Proyectos/Psiquiatria/Clasificación Final/Ansiedad/wav/0/062_recortado_denoised.wav,0
062_recortado_denoised__seg97,062,062_recortado_denoised.wav,97,/home/ci2dt2-ai/Proyectos/Psiquiatria/Clasificación Final/Ansiedad/wav/0/062_recortado_denoised.wav,0
062_recortado_denoised__seg98,062,062_recortado_denoised.wav,98,/home/ci2dt2-ai/Proyectos/Psiquiatria/Clasificación Final/Ansiedad/wav/0/062_recortado_denoised.wav,0
062_recortado_denoised__seg99,062,062_recortado_denoised.wav,99,/home/ci2dt2-ai/Proyectos/Psiquiatria/Clasificación Final/Ansiedad/wav/0/062_recortado_denoised.wav,0
062_recortado_denoised__seg100,062,062_recortado_denoised.wav,100,/home/ci2dt2-ai/Proyectos/Psiquiatria/Clasificación Final/Ansiedad/wav/0/062_recortado_denoised.wav,0
062_recortado_denoised__seg101,062,062_recortado_denoised.wav,101,/home/ci2dt2-ai/Proyectos/Psiquiatria/Clasificación Final/Ansiedad/wav/0/062_recortado_denoised.wav,0
062_recortado_denoised__seg102,062,062_recortado_denoised.wav,102,/home/ci2dt2-ai/Proyectos/Psiquiatria/Clasificación Final/Ansiedad/wav/0/062_recortado_denoised.wav,0
062_recortado_denoised__seg103,062,062_recortado_denoised.wav,103,/home/ci2dt2-ai/Proyectos/Psiquiatria/Clasificación Final/Ansiedad/wav/0/062_recortado_denoised.wav,0
062_recortado_denoised__seg104,062,062_recortado_denoised.wav,104,/home/ci2dt2-ai/Proyectos/Psiquiatria/Clasificación Final/Ansiedad/wav/0/062_recortado_denoised.wav,0
062_recortado_denoised__seg105,062,062_recortado_denoised.wav,105,/home/ci2dt2-ai/Proyectos/Psiquiatria/Clasificación Final/Ansiedad/wav/0/062_recortado_denoised.wav,0
062_recortado_denoised__seg106,062,062_recortado_denoised.wav,106,/home/ci2dt2-ai/Proyectos/Psiquiatria/Clasificación Final/Ansiedad/wav/0/062_recortado_denoised.wav,0
062_recortado_denoised__seg107,062,062_recortado_denoised.wav,107,/home/ci2dt2-ai/Proyectos/Psiquiatria/Clasificación Final/Ansiedad/wav/0/062_recortado_denoised.wav,0
064_recortado_denoised__seg0,064,064_recortado_denoised.wav,0,/home/ci2dt2-ai/Proyectos/Psiquiatria/Clasificación Final/Ansiedad/wav/0/064_recortado_denoised.wav,0
064_recortado_denoised__seg1,064,064_recortado_denoised.wav,1,/home/ci2dt2-ai/Proyectos/Psiquiatria/Clasificación Final/Ansiedad/wav/0/064_recortado_denoised.wav,0
064_recortado_denoised__seg2,064,064_recortado_denoised.wav,2,/home/ci2dt2-ai/Proyectos/Psiquiatria/Clasificación Final/Ansiedad/wav/0/064_recortado_denoised.wav,0
064_recortado_denoised__seg3,064,064_recortado_denoised.wav,3,/home/ci2dt2-ai/Proyectos/Psiquiatria/Clasificación Final/Ansiedad/wav/0/064_recortado_denoised.wav,0
064_recortado_denoised__seg4,064,064_recortado_denoised.wav,4,/home/ci2dt2-ai/Proyectos/Psiquiatria/Clasificación Final/Ansiedad/wav/0/064_recortado_denoised.wav,0
064_recortado_denoised__seg5,064,064_recortado_denoised.wav,5,/home/ci2dt2-ai/Proyectos/Psiquiatria/Clasificación Final/Ansiedad/wav/0/064_recortado_denoised.wav,0
064_recortado_denoised__seg6,064,064_recortado_denoised.wav,6,/home/ci2dt2-ai/Proyectos/Psiquiatria/Clasificación Final/Ansiedad/wav/0/064_recortado_denoised.wav,0
064_recortado_denoised__seg7,064,064_recortado_denoised.wav,7,/home/ci2dt2-ai/Proyectos/Psiquiatria/Clasificación Final/Ansiedad/wav/0/064_recortado_denoised.wav,0
064_recortado_denoised__seg8,064,064_recortado_denoised.wav,8,/home/ci2dt2-ai/Proyectos/Psiquiatria/Clasificación Final/Ansiedad/wav/0/064_recortado_denoised.wav,0
064_recortado_denoised__seg9,064,064_recortado_denoised.wav,9,/home/ci2dt2-ai/Proyectos/Psiquiatria/Clasificación Final/Ansiedad/wav/0/064_recortado_denoised.wav,0
064_recortado_denoised__seg10,064,064_recortado_denoised.wav,10,/home/ci2dt2-ai/Proyectos/Psiquiatria/Clasificación Final/Ansiedad/wav/0/064_recortado_denoised.wav,0
064_recortado_denoised__seg11,064,064_recortado_denoised.wav,11,/home/ci2dt2-ai/Proyectos/Psiquiatria/Clasificación Final/Ansiedad/wav/0/064_recortado_denoised.wav,0
064_recortado_denoised__seg12,064,064_recortado_denoised.wav,12,/home/ci2dt2-ai/Proyectos/Psiquiatria/Clasificación Final/Ansiedad/wav/0/064_recortado_denoised.wav,0
064_recortado_denoised__seg13,064,064_recortado_denoised.wav,13,/home/ci2dt2-ai/Proyectos/Psiquiatria/Clasificación Final/Ansiedad/wav/0/064_recortado_denoised.wav,0
064_recortado_denoised__seg14,064,064_recortado_denoised.wav,14,/home/ci2dt2-ai/Proyectos/Psiquiatria/Clasificación Final/Ansiedad/wav/0/064_recortado_denoised.wav,0
064_recortado_denoised__seg15,064,064_recortado_denoised.wav,15,/home/ci2dt2-ai/Proyectos/Psiquiatria/Clasificación Final/Ansiedad/wav/0/064_recortado_denoised.wav,0
064_recortado_denoised__seg16,064,064_recortado_denoised.wav,16,/home/ci2dt2-ai/Proyectos/Psiquiatria/Clasificación Final/Ansiedad/wav/0/064_recortado_denoised.wav,0
064_recortado_denoised__seg17,064,064_recortado_denoised.wav,17,/home/ci2dt2-ai/Proyectos/Psiquiatria/Clasificación Final/Ansiedad/wav/0/064_recortado_denoised.wav,0
064_recortado_denoised__seg18,064,064_recortado_denoised.wav,18,/home/ci2dt2-ai/Proyectos/Psiquiatria/Clasificación Final/Ansiedad/wav/0/064_recortado_denoised.wav,0
064_recortado_denoised__seg19,064,064_recortado_denoised.wav,19,/home/ci2dt2-ai/Proyectos/Psiquiatria/Clasificación Final/Ansiedad/wav/0/064_recortado_denoised.wav,0
064_recortado_denoised__seg20,064,064_recortado_denoised.wav,20,/home/ci2dt2-ai/Proyectos/Psiquiatria/Clasificación Final/Ansiedad/wav/0/064_recortado_denoised.wav,0
064_recortado_denoised__seg21,064,064_recortado_denoised.wav,21,/home/ci2dt2-ai/Proyectos/Psiquiatria/Clasificación Final/Ansiedad/wav/0/064_recortado_denoised.wav,0
064_recortado_denoised__seg22,064,064_recortado_denoised.wav,22,/home/ci2dt2-ai/Proyectos/Psiquiatria/Clasificación Final/Ansiedad/wav/0/064_recortado_denoised.wav,0
064_recortado_denoised__seg23,064,064_recortado_denoised.wav,23,/home/ci2dt2-ai/Proyectos/Psiquiatria/Clasificación Final/Ansiedad/wav/0/064_recortado_denoised.wav,0
064_recortado_denoised__seg24,064,064_recortado_denoised.wav,24,/home/ci2dt2-ai/Proyectos/Psiquiatria/Clasificación Final/Ansiedad/wav/0/064_recortado_denoised.wav,0
064_recortado_denoised__seg25,064,064_recortado_denoised.wav,25,/home/ci2dt2-ai/Proyectos/Psiquiatria/Clasificación Final/Ansiedad/wav/0/064_recortado_denoised.wav,0
064_recortado_denoised__seg26,064,064_recortado_denoised.wav,26,/home/ci2dt2-ai/Proyectos/Psiquiatria/Clasificación Final/Ansiedad/wav/0/064_recortado_denoised.wav,0
064_recortado_denoised__seg27,064,064_recortado_denoised.wav,27,/home/ci2dt2-ai/Proyectos/Psiquiatria/Clasificación Final/Ansiedad/wav/0/064_recortado_denoised.wav,0
064_recortado_denoised__seg28,064,064_recortado_denoised.wav,28,/home/ci2dt2-ai/Proyectos/Psiquiatria/Clasificación Final/Ansiedad/wav/0/064_recortado_denoised.wav,0
064_recortado_denoised__seg29,064,064_recortado_denoised.wav,29,/home/ci2dt2-ai/Proyectos/Psiquiatria/Clasificación Final/Ansiedad/wav/0/064_recortado_denoised.wav,0
064_recortado_denoised__seg30,064,064_recortado_denoised.wav,30,/home/ci2dt2-ai/Proyectos/Psiquiatria/Clasificación Final/Ansiedad/wav/0/064_recortado_denoised.wav,0
064_recortado_denoised__seg31,064,064_recortado_denoised.wav,31,/home/ci2dt2-ai/Proyectos/Psiquiatria/Clasificación Final/Ansiedad/wav/0/064_recortado_denoised.wav,0
064_recortado_denoised__seg32,064,064_recortado_denoised.wav,32,/home/ci2dt2-ai/Proyectos/Psiquiatria/Clasificación Final/Ansiedad/wav/0/064_recortado_denoised.wav,0
064_recortado_denoised__seg33,064,064_recortado_denoised.wav,33,/home/ci2dt2-ai/Proyectos/Psiquiatria/Clasificación Final/Ansiedad/wav/0/064_recortado_denoised.wav,0
064_recortado_denoised__seg34,064,064_recortado_denoised.wav,34,/home/ci2dt2-ai/Proyectos/Psiquiatria/Clasificación Final/Ansiedad/wav/0/064_recortado_denoised.wav,0
064_recortado_denoised__seg35,064,064_recortado_denoised.wav,35,/home/ci2dt2-ai/Proyectos/Psiquiatria/Clasificación Final/Ansiedad/wav/0/064_recortado_denoised.wav,0
064_recortado_denoised__seg36,064,064_recortado_denoised.wav,36,/home/ci2dt2-ai/Proyectos/Psiquiatria/Clasificación Final/Ansiedad/wav/0/064_recortado_denoised.wav,0
064_recortado_denoised__seg37,064,064_recortado_denoised.wav,37,/home/ci2dt2-ai/Proyectos/Psiquiatria/Clasificación Final/Ansiedad/wav/0/064_recortado_denoised.wav,0
064_recortado_denoised__seg38,064,064_recortado_denoised.wav,38,/home/ci2dt2-ai/Proyectos/Psiquiatria/Clasificación Final/Ansiedad/wav/0/064_recortado_denoised.wav,0
064_recortado_denoised__seg39,064,064_recortado_denoised.wav,39,/home/ci2dt2-ai/Proyectos/Psiquiatria/Clasificación Final/Ansiedad/wav/0/064_recortado_denoised.wav,0
064_recortado_denoised__seg40,064,064_recortado_denoised.wav,40,/home/ci2dt2-ai/Proyectos/Psiquiatria/Clasificación Final/Ansiedad/wav/0/064_recortado_denoised.wav,0
064_recortado_denoised__seg41,064,064_recortado_denoised.wav,41,/home/ci2dt2-ai/Proyectos/Psiquiatria/Clasificación Final/Ansiedad/wav/0/064_recortado_denoised.wav,0
064_recortado_denoised__seg42,064,064_recortado_denoised.wav,42,/home/ci2dt2-ai/Proyectos/Psiquiatria/Clasificación Final/Ansiedad/wav/0/064_recortado_denoised.wav,0
064_recortado_denoised__seg43,064,064_recortado_denoised.wav,43,/home/ci2dt2-ai/Proyectos/Psiquiatria/Clasificación Final/Ansiedad/wav/0/064_recortado_denoised.wav,0
064_recortado_denoised__seg44,064,064_recortado_denoised.wav,44,/home/ci2dt2-ai/Proyectos/Psiquiatria/Clasificación Final/Ansiedad/wav/0/064_recortado_denoised.wav,0
064_recortado_denoised__seg45,064,064_recortado_denoised.wav,45,/home/ci2dt2-ai/Proyectos/Psiquiatria/Clasificación Final/Ansiedad/wav/0/064_recortado_denoised.wav,0
064_recortado_denoised__seg46,064,064_recortado_denoised.wav,46,/home/ci2dt2-ai/Proyectos/Psiquiatria/Clasificación Final/Ansiedad/wav/0/064_recortado_denoised.wav,0
064_recortado_denoised__seg47,064,064_recortado_denoised.wav,47,/home/ci2dt2-ai/Proyectos/Psiquiatria/Clasificación Final/Ansiedad/wav/0/064_recortado_denoised.wav,0
064_recortado_denoised__seg48,064,064_recortado_denoised.wav,48,/home/ci2dt2-ai/Proyectos/Psiquiatria/Clasificación Final/Ansiedad/wav/0/064_recortado_denoised.wav,0
064_recortado_denoised__seg49,064,064_recortado_denoised.wav,49,/home/ci2dt2-ai/Proyectos/Psiquiatria/Clasificación Final/Ansiedad/wav/0/064_recortado_denoised.wav,0
064_recortado_denoised__seg50,064,064_recortado_denoised.wav,50,/home/ci2dt2-ai/Proyectos/Psiquiatria/Clasificación Final/Ansiedad/wav/0/064_recortado_denoised.wav,0
064_recortado_denoised__seg51,064,064_recortado_denoised.wav,51,/home/ci2dt2-ai/Proyectos/Psiquiatria/Clasificación Final/Ansiedad/wav/0/064_recortado_denoised.wav,0
064_recortado_denoised__seg52,064,064_recortado_denoised.wav,52,/home/ci2dt2-ai/Proyectos/Psiquiatria/Clasificación Final/Ansiedad/wav/0/064_recortado_denoised.wav,0
064_recortado_denoised__seg53,064,064_recortado_denoised.wav,53,/home/ci2dt2-ai/Proyectos/Psiquiatria/Clasificación Final/Ansiedad/wav/0/064_recortado_denoised.wav,0
064_recortado_denoised__seg54,064,064_recortado_denoised.wav,54,/home/ci2dt2-ai/Proyectos/Psiquiatria/Clasificación Final/Ansiedad/wav/0/064_recortado_denoised.wav,0
064_recortado_denoised__seg55,064,064_recortado_denoised.wav,55,/home/ci2dt2-ai/Proyectos/Psiquiatria/Clasificación Final/Ansiedad/wav/0/064_recortado_denoised.wav,0
068_recortado_denoised__seg0,068,068_recortado_denoised.wav,0,/home/ci2dt2-ai/Proyectos/Psiquiatria/Clasificación Final/Ansiedad/wav/0/068_recortado_denoised.wav,0
068_recortado_denoised__seg1,068,068_recortado_denoised.wav,1,/home/ci2dt2-ai/Proyectos/Psiquiatria/Clasificación Final/Ansiedad/wav/0/068_recortado_denoised.wav,0
068_recortado_denoised__seg2,068,068_recortado_denoised.wav,2,/home/ci2dt2-ai/Proyectos/Psiquiatria/Clasificación Final/Ansiedad/wav/0/068_recortado_denoised.wav,0
068_recortado_denoised__seg3,068,068_recortado_denoised.wav,3,/home/ci2dt2-ai/Proyectos/Psiquiatria/Clasificación Final/Ansiedad/wav/0/068_recortado_denoised.wav,0
068_recortado_denoised__seg4,068,068_recortado_denoised.wav,4,/home/ci2dt2-ai/Proyectos/Psiquiatria/Clasificación Final/Ansiedad/wav/0/068_recortado_denoised.wav,0
068_recortado_denoised__seg5,068,068_recortado_denoised.wav,5,/home/ci2dt2-ai/Proyectos/Psiquiatria/Clasificación Final/Ansiedad/wav/0/068_recortado_denoised.wav,0
068_recortado_denoised__seg6,068,068_recortado_denoised.wav,6,/home/ci2dt2-ai/Proyectos/Psiquiatria/Clasificación Final/Ansiedad/wav/0/068_recortado_denoised.wav,0
068_recortado_denoised__seg7,068,068_recortado_denoised.wav,7,/home/ci2dt2-ai/Proyectos/Psiquiatria/Clasificación Final/Ansiedad/wav/0/068_recortado_denoised.wav,0
068_recortado_denoised__seg8,068,068_recortado_denoised.wav,8,/home/ci2dt2-ai/Proyectos/Psiquiatria/Clasificación Final/Ansiedad/wav/0/068_recortado_denoised.wav,0
068_recortado_denoised__seg9,068,068_recortado_denoised.wav,9,/home/ci2dt2-ai/Proyectos/Psiquiatria/Clasificación Final/Ansiedad/wav/0/068_recortado_denoised.wav,0
068_recortado_denoised__seg10,068,068_recortado_denoised.wav,10,/home/ci2dt2-ai/Proyectos/Psiquiatria/Clasificación Final/Ansiedad/wav/0/068_recortado_denoised.wav,0
068_recortado_denoised__seg11,068,068_recortado_denoised.wav,11,/home/ci2dt2-ai/Proyectos/Psiquiatria/Clasificación Final/Ansiedad/wav/0/068_recortado_denoised.wav,0
068_recortado_denoised__seg12,068,068_recortado_denoised.wav,12,/home/ci2dt2-ai/Proyectos/Psiquiatria/Clasificación Final/Ansiedad/wav/0/068_recortado_denoised.wav,0
068_recortado_denoised__seg13,068,068_recortado_denoised.wav,13,/home/ci2dt2-ai/Proyectos/Psiquiatria/Clasificación Final/Ansiedad/wav/0/068_recortado_denoised.wav,0
068_recortado_denoised__seg14,068,068_recortado_denoised.wav,14,/home/ci2dt2-ai/Proyectos/Psiquiatria/Clasificación Final/Ansiedad/wav/0/068_recortado_denoised.wav,0
068_recortado_denoised__seg15,068,068_recortado_denoised.wav,15,/home/ci2dt2-ai/Proyectos/Psiquiatria/Clasificación Final/Ansiedad/wav/0/068_recortado_denoised.wav,0
068_recortado_denoised__seg16,068,068_recortado_denoised.wav,16,/home/ci2dt2-ai/Proyectos/Psiquiatria/Clasificación Final/Ansiedad/wav/0/068_recortado_denoised.wav,0
068_recortado_denoised__seg17,068,068_recortado_denoised.wav,17,/home/ci2dt2-ai/Proyectos/Psiquiatria/Clasificación Final/Ansiedad/wav/0/068_recortado_denoised.wav,0
068_recortado_denoised__seg18,068,068_recortado_denoised.wav,18,/home/ci2dt2-ai/Proyectos/Psiquiatria/Clasificación Final/Ansiedad/wav/0/068_recortado_denoised.wav,0
068_recortado_denoised__seg19,068,068_recortado_denoised.wav,19,/home/ci2dt2-ai/Proyectos/Psiquiatria/Clasificación Final/Ansiedad/wav/0/068_recortado_denoised.wav,0
068_recortado_denoised__seg20,068,068_recortado_denoised.wav,20,/home/ci2dt2-ai/Proyectos/Psiquiatria/Clasificación Final/Ansiedad/wav/0/068_recortado_denoised.wav,0
068_recortado_denoised__seg21,068,068_recortado_denoised.wav,21,/home/ci2dt2-ai/Proyectos/Psiquiatria/Clasificación Final/Ansiedad/wav/0/068_recortado_denoised.wav,0
068_recortado_denoised__seg22,068,068_recortado_denoised.wav,22,/home/ci2dt2-ai/Proyectos/Psiquiatria/Clasificación Final/Ansiedad/wav/0/068_recortado_denoised.wav,0
068_recortado_denoised__seg23,068,068_recortado_denoised.wav,23,/home/ci2dt2-ai/Proyectos/Psiquiatria/Clasificación Final/Ansiedad/wav/0/068_recortado_denoised.wav,0
068_recortado_denoised__seg24,068,068_recortado_denoised.wav,24,/home/ci2dt2-ai/Proyectos/Psiquiatria/Clasificación Final/Ansiedad/wav/0/068_recortado_denoised.wav,0
068_recortado_denoised__seg25,068,068_recortado_denoised.wav,25,/home/ci2dt2-ai/Proyectos/Psiquiatria/Clasificación Final/Ansiedad/wav/0/068_recortado_denoised.wav,0
068_recortado_denoised__seg26,068,068_recortado_denoised.wav,26,/home/ci2dt2-ai/Proyectos/Psiquiatria/Clasificación Final/Ansiedad/wav/0/068_recortado_denoised.wav,0
068_recortado_denoised__seg27,068,068_recortado_denoised.wav,27,/home/ci2dt2-ai/Proyectos/Psiquiatria/Clasificación Final/Ansiedad/wav/0/068_recortado_denoised.wav,0
068_recortado_denoised__seg28,068,068_recortado_denoised.wav,28,/home/ci2dt2-ai/Proyectos/Psiquiatria/Clasificación Final/Ansiedad/wav/0/068_recortado_denoised.wav,0
068_recortado_denoised__seg29,068,068_recortado_denoised.wav,29,/home/ci2dt2-ai/Proyectos/Psiquiatria/Clasificación Final/Ansiedad/wav/0/068_recortado_denoised.wav,0
068_recortado_denoised__seg30,068,068_recortado_denoised.wav,30,/home/ci2dt2-ai/Proyectos/Psiquiatria/Clasificación Final/Ansiedad/wav/0/068_recortado_denoised.wav,0
069_recortado_denoised__seg0,069,069_recortado_denoised.wav,0,/home/ci2dt2-ai/Proyectos/Psiquiatria/Clasificación Final/Ansiedad/wav/0/069_recortado_denoised.wav,0
069_recortado_denoised__seg1,069,069_recortado_denoised.wav,1,/home/ci2dt2-ai/Proyectos/Psiquiatria/Clasificación Final/Ansiedad/wav/0/069_recortado_denoised.wav,0
069_recortado_denoised__seg2,069,069_recortado_denoised.wav,2,/home/ci2dt2-ai/Proyectos/Psiquiatria/Clasificación Final/Ansiedad/wav/0/069_recortado_denoised.wav,0
069_recortado_denoised__seg3,069,069_recortado_denoised.wav,3,/home/ci2dt2-ai/Proyectos/Psiquiatria/Clasificación Final/Ansiedad/wav/0/069_recortado_denoised.wav,0
069_recortado_denoised__seg4,069,069_recortado_denoised.wav,4,/home/ci2dt2-ai/Proyectos/Psiquiatria/Clasificación Final/Ansiedad/wav/0/069_recortado_denoised.wav,0
069_recortado_denoised__seg5,069,069_recortado_denoised.wav,5,/home/ci2dt2-ai/Proyectos/Psiquiatria/Clasificación Final/Ansiedad/wav/0/069_recortado_denoised.wav,0
069_recortado_denoised__seg6,069,069_recortado_denoised.wav,6,/home/ci2dt2-ai/Proyectos/Psiquiatria/Clasificación Final/Ansiedad/wav/0/069_recortado_denoised.wav,0
069_recortado_denoised__seg7,069,069_recortado_denoised.wav,7,/home/ci2dt2-ai/Proyectos/Psiquiatria/Clasificación Final/Ansiedad/wav/0/069_recortado_denoised.wav,0
069_recortado_denoised__seg8,069,069_recortado_denoised.wav,8,/home/ci2dt2-ai/Proyectos/Psiquiatria/Clasificación Final/Ansiedad/wav/0/069_recortado_denoised.wav,0
069_recortado_denoised__seg9,069,069_recortado_denoised.wav,9,/home/ci2dt2-ai/Proyectos/Psiquiatria/Clasificación Final/Ansiedad/wav/0/069_recortado_denoised.wav,0
069_recortado_denoised__seg10,069,069_recortado_denoised.wav,10,/home/ci2dt2-ai/Proyectos/Psiquiatria/Clasificación Final/Ansiedad/wav/0/069_recortado_denoised.wav,0
069_recortado_denoised__seg11,069,069_recortado_denoised.wav,11,/home/ci2dt2-ai/Proyectos/Psiquiatria/Clasificación Final/Ansiedad/wav/0/069_recortado_denoised.wav,0
069_recortado_denoised__seg12,069,069_recortado_denoised.wav,12,/home/ci2dt2-ai/Proyectos/Psiquiatria/Clasificación Final/Ansiedad/wav/0/069_recortado_denoised.wav,0
069_recortado_denoised__seg13,069,069_recortado_denoised.wav,13,/home/ci2dt2-ai/Proyectos/Psiquiatria/Clasificación Final/Ansiedad/wav/0/069_recortado_denoised.wav,0
069_recortado_denoised__seg14,069,069_recortado_denoised.wav,14,/home/ci2dt2-ai/Proyectos/Psiquiatria/Clasificación Final/Ansiedad/wav/0/069_recortado_denoised.wav,0
069_recortado_denoised__seg15,069,069_recortado_denoised.wav,15,/home/ci2dt2-ai/Proyectos/Psiquiatria/Clasificación Final/Ansiedad/wav/0/069_recortado_denoised.wav,0
069_recortado_denoised__seg16,069,069_recortado_denoised.wav,16,/home/ci2dt2-ai/Proyectos/Psiquiatria/Clasificación Final/Ansiedad/wav/0/069_recortado_denoised.wav,0
069_recortado_denoised__seg17,069,069_recortado_denoised.wav,17,/home/ci2dt2-ai/Proyectos/Psiquiatria/Clasificación Final/Ansiedad/wav/0/069_recortado_denoised.wav,0
069_recortado_denoised__seg18,069,069_recortado_denoised.wav,18,/home/ci2dt2-ai/Proyectos/Psiquiatria/Clasificación Final/Ansiedad/wav/0/069_recortado_denoised.wav,0
069_recortado_denoised__seg19,069,069_recortado_denoised.wav,19,/home/ci2dt2-ai/Proyectos/Psiquiatria/Clasificación Final/Ansiedad/wav/0/069_recortado_denoised.wav,0
069_recortado_denoised__seg20,069,069_recortado_denoised.wav,20,/home/ci2dt2-ai/Proyectos/Psiquiatria/Clasificación Final/Ansiedad/wav/0/069_recortado_denoised.wav,0
069_recortado_denoised__seg21,069,069_recortado_denoised.wav,21,/home/ci2dt2-ai/Proyectos/Psiquiatria/Clasificación Final/Ansiedad/wav/0/069_recortado_denoised.wav,0
069_recortado_denoised__seg22,069,069_recortado_denoised.wav,22,/home/ci2dt2-ai/Proyectos/Psiquiatria/Clasificación Final/Ansiedad/wav/0/069_recortado_denoised.wav,0
069_recortado_denoised__seg23,069,069_recortado_denoised.wav,23,/home/ci2dt2-ai/Proyectos/Psiquiatria/Clasificación Final/Ansiedad/wav/0/069_recortado_denoised.wav,0
069_recortado_denoised__seg24,069,069_recortado_denoised.wav,24,/home/ci2dt2-ai/Proyectos/Psiquiatria/Clasificación Final/Ansiedad/wav/0/069_recortado_denoised.wav,0
069_recortado_denoised__seg25,069,069_recortado_denoised.wav,25,/home/ci2dt2-ai/Proyectos/Psiquiatria/Clasificación Final/Ansiedad/wav/0/069_recortado_denoised.wav,0
069_recortado_denoised__seg26,069,069_recortado_denoised.wav,26,/home/ci2dt2-ai/Proyectos/Psiquiatria/Clasificación Final/Ansiedad/wav/0/069_recortado_denoised.wav,0
069_recortado_denoised__seg27,069,069_recortado_denoised.wav,27,/home/ci2dt2-ai/Proyectos/Psiquiatria/Clasificación Final/Ansiedad/wav/0/069_recortado_denoised.wav,0
069_recortado_denoised__seg28,069,069_recortado_denoised.wav,28,/home/ci2dt2-ai/Proyectos/Psiquiatria/Clasificación Final/Ansiedad/wav/0/069_recortado_denoised.wav,0
069_recortado_denoised__seg29,069,069_recortado_denoised.wav,29,/home/ci2dt2-ai/Proyectos/Psiquiatria/Clasificación Final/Ansiedad/wav/0/069_recortado_denoised.wav,0
069_recortado_denoised__seg30,069,069_recortado_denoised.wav,30,/home/ci2dt2-ai/Proyectos/Psiquiatria/Clasificación Final/Ansiedad/wav/0/069_recortado_denoised.wav,0
069_recortado_denoised__seg31,069,069_recortado_denoised.wav,31,/home/ci2dt2-ai/Proyectos/Psiquiatria/Clasificación Final/Ansiedad/wav/0/069_recortado_denoised.wav,0
069_recortado_denoised__seg32,069,069_recortado_denoised.wav,32,/home/ci2dt2-ai/Proyectos/Psiquiatria/Clasificación Final/Ansiedad/wav/0/069_recortado_denoised.wav,0
069_recortado_denoised__seg33,069,069_recortado_denoised.wav,33,/home/ci2dt2-ai/Proyectos/Psiquiatria/Clasificación Final/Ansiedad/wav/0/069_recortado_denoised.wav,0
069_recortado_denoised__seg34,069,069_recortado_denoised.wav,34,/home/ci2dt2-ai/Proyectos/Psiquiatria/Clasificación Final/Ansiedad/wav/0/069_recortado_denoised.wav,0
069_recortado_denoised__seg35,069,069_recortado_denoised.wav,35,/home/ci2dt2-ai/Proyectos/Psiquiatria/Clasificación Final/Ansiedad/wav/0/069_recortado_denoised.wav,0
069_recortado_denoised__seg36,069,069_recortado_denoised.wav,36,/home/ci2dt2-ai/Proyectos/Psiquiatria/Clasificación Final/Ansiedad/wav/0/069_recortado_denoised.wav,0
069_recortado_denoised__seg37,069,069_recortado_denoised.wav,37,/home/ci2dt2-ai/Proyectos/Psiquiatria/Clasificación Final/Ansiedad/wav/0/069_recortado_denoised.wav,0
069_recortado_denoised__seg38,069,069_recortado_denoised.wav,38,/home/ci2dt2-ai/Proyectos/Psiquiatria/Clasificación Final/Ansiedad/wav/0/069_recortado_denoised.wav,0
069_recortado_denoised__seg39,069,069_recortado_denoised.wav,39,/home/ci2dt2-ai/Proyectos/Psiquiatria/Clasificación Final/Ansiedad/wav/0/069_recortado_denoised.wav,0
069_recortado_denoised__seg40,069,069_recortado_denoised.wav,40,/home/ci2dt2-ai/Proyectos/Psiquiatria/Clasificación Final/Ansiedad/wav/0/069_recortado_denoised.wav,0
069_recortado_denoised__seg41,069,069_recortado_denoised.wav,41,/home/ci2dt2-ai/Proyectos/Psiquiatria/Clasificación Final/Ansiedad/wav/0/069_recortado_denoised.wav,0
069_recortado_denoised__seg42,069,069_recortado_denoised.wav,42,/home/ci2dt2-ai/Proyectos/Psiquiatria/Clasificación Final/Ansiedad/wav/0/069_recortado_denoised.wav,0
069_recortado_denoised__seg43,069,069_recortado_denoised.wav,43,/home/ci2dt2-ai/Proyectos/Psiquiatria/Clasificación Final/Ansiedad/wav/0/069_recortado_denoised.wav,0
069_recortado_denoised__seg44,069,069_recortado_denoised.wav,44,/home/ci2dt2-ai/Proyectos/Psiquiatria/Clasificación Final/Ansiedad/wav/0/069_recortado_denoised.wav,0
069_recortado_denoised__seg45,069,069_recortado_denoised.wav,45,/home/ci2dt2-ai/Proyectos/Psiquiatria/Clasificación Final/Ansiedad/wav/0/069_recortado_denoised.wav,0
069_recortado_denoised__seg46,069,069_recortado_denoised.wav,46,/home/ci2dt2-ai/Proyectos/Psiquiatria/Clasificación Final/Ansiedad/wav/0/069_recortado_denoised.wav,0
069_recortado_denoised__seg47,069,069_recortado_denoised.wav,47,/home/ci2dt2-ai/Proyectos/Psiquiatria/Clasificación Final/Ansiedad/wav/0/069_recortado_denoised.wav,0
069_recortado_denoised__seg48,069,069_recortado_denoised.wav,48,/home/ci2dt2-ai/Proyectos/Psiquiatria/Clasificación Final/Ansiedad/wav/0/069_recortado_denoised.wav,0
069_recortado_denoised__seg49,069,069_recortado_denoised.wav,49,/home/ci2dt2-ai/Proyectos/Psiquiatria/Clasificación Final/Ansiedad/wav/0/069_recortado_denoised.wav,0
069_recortado_denoised__seg50,069,069_recortado_denoised.wav,50,/home/ci2dt2-ai/Proyectos/Psiquiatria/Clasificación Final/Ansiedad/wav/0/069_recortado_denoised.wav,0
069_recortado_denoised__seg51,069,069_recortado_denoised.wav,51,/home/ci2dt2-ai/Proyectos/Psiquiatria/Clasificación Final/Ansiedad/wav/0/069_recortado_denoised.wav,0
069_recortado_denoised__seg52,069,069_recortado_denoised.wav,52,/home/ci2dt2-ai/Proyectos/Psiquiatria/Clasificación Final/Ansiedad/wav/0/069_recortado_denoised.wav,0
069_recortado_denoised__seg53,069,069_recortado_denoised.wav,53,/home/ci2dt2-ai/Proyectos/Psiquiatria/Clasificación Final/Ansiedad/wav/0/069_recortado_denoised.wav,0
069_recortado_denoised__seg54,069,069_recortado_denoised.wav,54,/home/ci2dt2-ai/Proyectos/Psiquiatria/Clasificación Final/Ansiedad/wav/0/069_recortado_denoised.wav,0
069_recortado_denoised__seg55,069,069_recortado_denoised.wav,55,/home/ci2dt2-ai/Proyectos/Psiquiatria/Clasificación Final/Ansiedad/wav/0/069_recortado_denoised.wav,0
069_recortado_denoised__seg56,069,069_recortado_denoised.wav,56,/home/ci2dt2-ai/Proyectos/Psiquiatria/Clasificación Final/Ansiedad/wav/0/069_recortado_denoised.wav,0
069_recortado_denoised__seg57,069,069_recortado_denoised.wav,57,/home/ci2dt2-ai/Proyectos/Psiquiatria/Clasificación Final/Ansiedad/wav/0/069_recortado_denoised.wav,0
069_recortado_denoised__seg58,069,069_recortado_denoised.wav,58,/home/ci2dt2-ai/Proyectos/Psiquiatria/Clasificación Final/Ansiedad/wav/0/069_recortado_denoised.wav,0
069_recortado_denoised__seg59,069,069_recortado_denoised.wav,59,/home/ci2dt2-ai/Proyectos/Psiquiatria/Clasificación Final/Ansiedad/wav/0/069_recortado_denoised.wav,0
069_recortado_denoised__seg60,069,069_recortado_denoised.wav,60,/home/ci2dt2-ai/Proyectos/Psiquiatria/Clasificación Final/Ansiedad/wav/0/069_recortado_denoised.wav,0
069_recortado_denoised__seg61,069,069_recortado_denoised.wav,61,/home/ci2dt2-ai/Proyectos/Psiquiatria/Clasificación Final/Ansiedad/wav/0/069_recortado_denoised.wav,0
069_recortado_denoised__seg62,069,069_recortado_denoised.wav,62,/home/ci2dt2-ai/Proyectos/Psiquiatria/Clasificación Final/Ansiedad/wav/0/069_recortado_denoised.wav,0
069_recortado_denoised__seg63,069,069_recortado_denoised.wav,63,/home/ci2dt2-ai/Proyectos/Psiquiatria/Clasificación Final/Ansiedad/wav/0/069_recortado_denoised.wav,0
069_recortado_denoised__seg64,069,069_recortado_denoised.wav,64,/home/ci2dt2-ai/Proyectos/Psiquiatria/Clasificación Final/Ansiedad/wav/0/069_recortado_denoised.wav,0
069_recortado_denoised__seg65,069,069_recortado_denoised.wav,65,/home/ci2dt2-ai/Proyectos/Psiquiatria/Clasificación Final/Ansiedad/wav/0/069_recortado_denoised.wav,0
069_recortado_denoised__seg66,069,069_recortado_denoised.wav,66,/home/ci2dt2-ai/Proyectos/Psiquiatria/Clasificación Final/Ansiedad/wav/0/069_recortado_denoised.wav,0
069_recortado_denoised__seg67,069,069_recortado_denoised.wav,67,/home/ci2dt2-ai/Proyectos/Psiquiatria/Clasificación Final/Ansiedad/wav/0/069_recortado_denoised.wav,0
069_recortado_denoised__seg68,069,069_recortado_denoised.wav,68,/home/ci2dt2-ai/Proyectos/Psiquiatria/Clasificación Final/Ansiedad/wav/0/069_recortado_denoised.wav,0
069_recortado_denoised__seg69,069,069_recortado_denoised.wav,69,/home/ci2dt2-ai/Proyectos/Psiquiatria/Clasificación Final/Ansiedad/wav/0/069_recortado_denoised.wav,0
069_recortado_denoised__seg70,069,069_recortado_denoised.wav,70,/home/ci2dt2-ai/Proyectos/Psiquiatria/Clasificación Final/Ansiedad/wav/0/069_recortado_denoised.wav,0
069_recortado_denoised__seg71,069,069_recortado_denoised.wav,71,/home/ci2dt2-ai/Proyectos/Psiquiatria/Clasificación Final/Ansiedad/wav/0/069_recortado_denoised.wav,0
069_recortado_denoised__seg72,069,069_recortado_denoised.wav,72,/home/ci2dt2-ai/Proyectos/Psiquiatria/Clasificación Final/Ansiedad/wav/0/069_recortado_denoised.wav,0
069_recortado_denoised__seg73,069,069_recortado_denoised.wav,73,/home/ci2dt2-ai/Proyectos/Psiquiatria/Clasificación Final/Ansiedad/wav/0/069_recortado_denoised.wav,0
069_recortado_denoised__seg74,069,069_recortado_denoised.wav,74,/home/ci2dt2-ai/Proyectos/Psiquiatria/Clasificación Final/Ansiedad/wav/0/069_recortado_denoised.wav,0
069_recortado_denoised__seg75,069,069_recortado_denoised.wav,75,/home/ci2dt2-ai/Proyectos/Psiquiatria/Clasificación Final/Ansiedad/wav/0/069_recortado_denoised.wav,0
069_recortado_denoised__seg76,069,069_recortado_denoised.wav,76,/home/ci2dt2-ai/Proyectos/Psiquiatria/Clasificación Final/Ansiedad/wav/0/069_recortado_denoised.wav,0
069_recortado_denoised__seg77,069,069_recortado_denoised.wav,77,/home/ci2dt2-ai/Proyectos/Psiquiatria/Clasificación Final/Ansiedad/wav/0/069_recortado_denoised.wav,0
069_recortado_denoised__seg78,069,069_recortado_denoised.wav,78,/home/ci2dt2-ai/Proyectos/Psiquiatria/Clasificación Final/Ansiedad/wav/0/069_recortado_denoised.wav,0
069_recortado_denoised__seg79,069,069_recortado_denoised.wav,79,/home/ci2dt2-ai/Proyectos/Psiquiatria/Clasificación Final/Ansiedad/wav/0/069_recortado_denoised.wav,0
069_recortado_denoised__seg80,069,069_recortado_denoised.wav,80,/home/ci2dt2-ai/Proyectos/Psiquiatria/Clasificación Final/Ansiedad/wav/0/069_recortado_denoised.wav,0
069_recortado_denoised__seg81,069,069_recortado_denoised.wav,81,/home/ci2dt2-ai/Proyectos/Psiquiatria/Clasificación Final/Ansiedad/wav/0/069_recortado_denoised.wav,0
069_recortado_denoised__seg82,069,069_recortado_denoised.wav,82,/home/ci2dt2-ai/Proyectos/Psiquiatria/Clasificación Final/Ansiedad/wav/0/069_recortado_denoised.wav,0
069_recortado_denoised__seg83,069,069_recortado_denoised.wav,83,/home/ci2dt2-ai/Proyectos/Psiquiatria/Clasificación Final/Ansiedad/wav/0/069_recortado_denoised.wav,0
069_recortado_denoised__seg84,069,069_recortado_denoised.wav,84,/home/ci2dt2-ai/Proyectos/Psiquiatria/Clasificación Final/Ansiedad/wav/0/069_recortado_denoised.wav,0
069_recortado_denoised__seg85,069,069_recortado_denoised.wav,85,/home/ci2dt2-ai/Proyectos/Psiquiatria/Clasificación Final/Ansiedad/wav/0/069_recortado_denoised.wav,0
069_recortado_denoised__seg86,069,069_recortado_denoised.wav,86,/home/ci2dt2-ai/Proyectos/Psiquiatria/Clasificación Final/Ansiedad/wav/0/069_recortado_denoised.wav,0
069_recortado_denoised__seg87,069,069_recortado_denoised.wav,87,/home/ci2dt2-ai/Proyectos/Psiquiatria/Clasificación Final/Ansiedad/wav/0/069_recortado_denoised.wav,0
069_recortado_denoised__seg88,069,069_recortado_denoised.wav,88,/home/ci2dt2-ai/Proyectos/Psiquiatria/Clasificación Final/Ansiedad/wav/0/069_recortado_denoised.wav,0
069_recortado_denoised__seg89,069,069_recortado_denoised.wav,89,/home/ci2dt2-ai/Proyectos/Psiquiatria/Clasificación Final/Ansiedad/wav/0/069_recortado_denoised.wav,0
069_recortado_denoised__seg90,069,069_recortado_denoised.wav,90,/home/ci2dt2-ai/Proyectos/Psiquiatria/Clasificación Final/Ansiedad/wav/0/069_recortado_denoised.wav,0
069_recortado_denoised__seg91,069,069_recortado_denoised.wav,91,/home/ci2dt2-ai/Proyectos/Psiquiatria/Clasificación Final/Ansiedad/wav/0/069_recortado_denoised.wav,0
069_recortado_denoised__seg92,069,069_recortado_denoised.wav,92,/home/ci2dt2-ai/Proyectos/Psiquiatria/Clasificación Final/Ansiedad/wav/0/069_recortado_denoised.wav,0
069_recortado_denoised__seg93,069,069_recortado_denoised.wav,93,/home/ci2dt2-ai/Proyectos/Psiquiatria/Clasificación Final/Ansiedad/wav/0/069_recortado_denoised.wav,0
069_recortado_denoised__seg94,069,069_recortado_denoised.wav,94,/home/ci2dt2-ai/Proyectos/Psiquiatria/Clasificación Final/Ansiedad/wav/0/069_recortado_denoised.wav,0
069_recortado_denoised__seg95,069,069_recortado_denoised.wav,95,/home/ci2dt2-ai/Proyectos/Psiquiatria/Clasificación Final/Ansiedad/wav/0/069_recortado_denoised.wav,0
069_recortado_denoised__seg96,069,069_recortado_denoised.wav,96,/home/ci2dt2-ai/Proyectos/Psiquiatria/Clasificación Final/Ansiedad/wav/0/069_recortado_denoised.wav,0
069_recortado_denoised__seg97,069,069_recortado_denoised.wav,97,/home/ci2dt2-ai/Proyectos/Psiquiatria/Clasificación Final/Ansiedad/wav/0/069_recortado_denoised.wav,0
069_recortado_denoised__seg98,069,069_recortado_denoised.wav,98,/home/ci2dt2-ai/Proyectos/Psiquiatria/Clasificación Final/Ansiedad/wav/0/069_recortado_denoised.wav,0
069_recortado_denoised__seg99,069,069_recortado_denoised.wav,99,/home/ci2dt2-ai/Proyectos/Psiquiatria/Clasificación Final/Ansiedad/wav/0/069_recortado_denoised.wav,0
070_recortado_denoised__seg0,070,070_recortado_denoised.wav,0,/home/ci2dt2-ai/Proyectos/Psiquiatria/Clasificación Final/Ansiedad/wav/0/070_recortado_denoised.wav,0
070_recortado_denoised__seg1,070,070_recortado_denoised.wav,1,/home/ci2dt2-ai/Proyectos/Psiquiatria/Clasificación Final/Ansiedad/wav/0/070_recortado_denoised.wav,0
070_recortado_denoised__seg2,070,070_recortado_denoised.wav,2,/home/ci2dt2-ai/Proyectos/Psiquiatria/Clasificación Final/Ansiedad/wav/0/070_recortado_denoised.wav,0
070_recortado_denoised__seg3,070,070_recortado_denoised.wav,3,/home/ci2dt2-ai/Proyectos/Psiquiatria/Clasificación Final/Ansiedad/wav/0/070_recortado_denoised.wav,0
070_recortado_denoised__seg4,070,070_recortado_denoised.wav,4,/home/ci2dt2-ai/Proyectos/Psiquiatria/Clasificación Final/Ansiedad/wav/0/070_recortado_denoised.wav,0
070_recortado_denoised__seg5,070,070_recortado_denoised.wav,5,/home/ci2dt2-ai/Proyectos/Psiquiatria/Clasificación Final/Ansiedad/wav/0/070_recortado_denoised.wav,0
070_recortado_denoised__seg6,070,070_recortado_denoised.wav,6,/home/ci2dt2-ai/Proyectos/Psiquiatria/Clasificación Final/Ansiedad/wav/0/070_recortado_denoised.wav,0
070_recortado_denoised__seg7,070,070_recortado_denoised.wav,7,/home/ci2dt2-ai/Proyectos/Psiquiatria/Clasificación Final/Ansiedad/wav/0/070_recortado_denoised.wav,0
070_recortado_denoised__seg8,070,070_recortado_denoised.wav,8,/home/ci2dt2-ai/Proyectos/Psiquiatria/Clasificación Final/Ansiedad/wav/0/070_recortado_denoised.wav,0
070_recortado_denoised__seg9,070,070_recortado_denoised.wav,9,/home/ci2dt2-ai/Proyectos/Psiquiatria/Clasificación Final/Ansiedad/wav/0/070_recortado_denoised.wav,0
070_recortado_denoised__seg10,070,070_recortado_denoised.wav,10,/home/ci2dt2-ai/Proyectos/Psiquiatria/Clasificación Final/Ansiedad/wav/0/070_recortado_denoised.wav,0
070_recortado_denoised__seg11,070,070_recortado_denoised.wav,11,/home/ci2dt2-ai/Proyectos/Psiquiatria/Clasificación Final/Ansiedad/wav/0/070_recortado_denoised.wav,0
070_recortado_denoised__seg12,070,070_recortado_denoised.wav,12,/home/ci2dt2-ai/Proyectos/Psiquiatria/Clasificación Final/Ansiedad/wav/0/070_recortado_denoised.wav,0
070_recortado_denoised__seg13,070,070_recortado_denoised.wav,13,/home/ci2dt2-ai/Proyectos/Psiquiatria/Clasificación Final/Ansiedad/wav/0/070_recortado_denoised.wav,0
070_recortado_denoised__seg14,070,070_recortado_denoised.wav,14,/home/ci2dt2-ai/Proyectos/Psiquiatria/Clasificación Final/Ansiedad/wav/0/070_recortado_denoised.wav,0
070_recortado_denoised__seg15,070,070_recortado_denoised.wav,15,/home/ci2dt2-ai/Proyectos/Psiquiatria/Clasificación Final/Ansiedad/wav/0/070_recortado_denoised.wav,0
070_recortado_denoised__seg16,070,070_recortado_denoised.wav,16,/home/ci2dt2-ai/Proyectos/Psiquiatria/Clasificación Final/Ansiedad/wav/0/070_recortado_denoised.wav,0
070_recortado_denoised__seg17,070,070_recortado_denoised.wav,17,/home/ci2dt2-ai/Proyectos/Psiquiatria/Clasificación Final/Ansiedad/wav/0/070_recortado_denoised.wav,0
070_recortado_denoised__seg18,070,070_recortado_denoised.wav,18,/home/ci2dt2-ai/Proyectos/Psiquiatria/Clasificación Final/Ansiedad/wav/0/070_recortado_denoised.wav,0
070_recortado_denoised__seg19,070,070_recortado_denoised.wav,19,/home/ci2dt2-ai/Proyectos/Psiquiatria/Clasificación Final/Ansiedad/wav/0/070_recortado_denoised.wav,0
070_recortado_denoised__seg20,070,070_recortado_denoised.wav,20,/home/ci2dt2-ai/Proyectos/Psiquiatria/Clasificación Final/Ansiedad/wav/0/070_recortado_denoised.wav,0
070_recortado_denoised__seg21,070,070_recortado_denoised.wav,21,/home/ci2dt2-ai/Proyectos/Psiquiatria/Clasificación Final/Ansiedad/wav/0/070_recortado_denoised.wav,0
070_recortado_denoised__seg22,070,070_recortado_denoised.wav,22,/home/ci2dt2-ai/Proyectos/Psiquiatria/Clasificación Final/Ansiedad/wav/0/070_recortado_denoised.wav,0
070_recortado_denoised__seg23,070,070_recortado_denoised.wav,23,/home/ci2dt2-ai/Proyectos/Psiquiatria/Clasificación Final/Ansiedad/wav/0/070_recortado_denoised.wav,0
070_recortado_denoised__seg24,070,070_recortado_denoised.wav,24,/home/ci2dt2-ai/Proyectos/Psiquiatria/Clasificación Final/Ansiedad/wav/0/070_recortado_denoised.wav,0
070_recortado_denoised__seg25,070,070_recortado_denoised.wav,25,/home/ci2dt2-ai/Proyectos/Psiquiatria/Clasificación Final/Ansiedad/wav/0/070_recortado_denoised.wav,0
070_recortado_denoised__seg26,070,070_recortado_denoised.wav,26,/home/ci2dt2-ai/Proyectos/Psiquiatria/Clasificación Final/Ansiedad/wav/0/070_recortado_denoised.wav,0
070_recortado_denoised__seg27,070,070_recortado_denoised.wav,27,/home/ci2dt2-ai/Proyectos/Psiquiatria/Clasificación Final/Ansiedad/wav/0/070_recortado_denoised.wav,0
070_recortado_denoised__seg28,070,070_recortado_denoised.wav,28,/home/ci2dt2-ai/Proyectos/Psiquiatria/Clasificación Final/Ansiedad/wav/0/070_recortado_denoised.wav,0
070_recortado_denoised__seg29,070,070_recortado_denoised.wav,29,/home/ci2dt2-ai/Proyectos/Psiquiatria/Clasificación Final/Ansiedad/wav/0/070_recortado_denoised.wav,0
070_recortado_denoised__seg30,070,070_recortado_denoised.wav,30,/home/ci2dt2-ai/Proyectos/Psiquiatria/Clasificación Final/Ansiedad/wav/0/070_recortado_denoised.wav,0
070_recortado_denoised__seg31,070,070_recortado_denoised.wav,31,/home/ci2dt2-ai/Proyectos/Psiquiatria/Clasificación Final/Ansiedad/wav/0/070_recortado_denoised.wav,0
070_recortado_denoised__seg32,070,070_recortado_denoised.wav,32,/home/ci2dt2-ai/Proyectos/Psiquiatria/Clasificación Final/Ansiedad/wav/0/070_recortado_denoised.wav,0
070_recortado_denoised__seg33,070,070_recortado_denoised.wav,33,/home/ci2dt2-ai/Proyectos/Psiquiatria/Clasificación Final/Ansiedad/wav/0/070_recortado_denoised.wav,0
070_recortado_denoised__seg34,070,070_recortado_denoised.wav,34,/home/ci2dt2-ai/Proyectos/Psiquiatria/Clasificación Final/Ansiedad/wav/0/070_recortado_denoised.wav,0
070_recortado_denoised__seg35,070,070_recortado_denoised.wav,35,/home/ci2dt2-ai/Proyectos/Psiquiatria/Clasificación Final/Ansiedad/wav/0/070_recortado_denoised.wav,0
070_recortado_denoised__seg36,070,070_recortado_denoised.wav,36,/home/ci2dt2-ai/Proyectos/Psiquiatria/Clasificación Final/Ansiedad/wav/0/070_recortado_denoised.wav,0
070_recortado_denoised__seg37,070,070_recortado_denoised.wav,37,/home/ci2dt2-ai/Proyectos/Psiquiatria/Clasificación Final/Ansiedad/wav/0/070_recortado_denoised.wav,0
070_recortado_denoised__seg38,070,070_recortado_denoised.wav,38,/home/ci2dt2-ai/Proyectos/Psiquiatria/Clasificación Final/Ansiedad/wav/0/070_recortado_denoised.wav,0
070_recortado_denoised__seg39,070,070_recortado_denoised.wav,39,/home/ci2dt2-ai/Proyectos/Psiquiatria/Clasificación Final/Ansiedad/wav/0/070_recortado_denoised.wav,0
070_recortado_denoised__seg40,070,070_recortado_denoised.wav,40,/home/ci2dt2-ai/Proyectos/Psiquiatria/Clasificación Final/Ansiedad/wav/0/070_recortado_denoised.wav,0
070_recortado_denoised__seg41,070,070_recortado_denoised.wav,41,/home/ci2dt2-ai/Proyectos/Psiquiatria/Clasificación Final/Ansiedad/wav/0/070_recortado_denoised.wav,0
070_recortado_denoised__seg42,070,070_recortado_denoised.wav,42,/home/ci2dt2-ai/Proyectos/Psiquiatria/Clasificación Final/Ansiedad/wav/0/070_recortado_denoised.wav,0
070_recortado_denoised__seg43,070,070_recortado_denoised.wav,43,/home/ci2dt2-ai/Proyectos/Psiquiatria/Clasificación Final/Ansiedad/wav/0/070_recortado_denoised.wav,0
070_recortado_denoised__seg44,070,070_recortado_denoised.wav,44,/home/ci2dt2-ai/Proyectos/Psiquiatria/Clasificación Final/Ansiedad/wav/0/070_recortado_denoised.wav,0
070_recortado_denoised__seg45,070,070_recortado_denoised.wav,45,/home/ci2dt2-ai/Proyectos/Psiquiatria/Clasificación Final/Ansiedad/wav/0/070_recortado_denoised.wav,0
070_recortado_denoised__seg46,070,070_recortado_denoised.wav,46,/home/ci2dt2-ai/Proyectos/Psiquiatria/Clasificación Final/Ansiedad/wav/0/070_recortado_denoised.wav,0
070_recortado_denoised__seg47,070,070_recortado_denoised.wav,47,/home/ci2dt2-ai/Proyectos/Psiquiatria/Clasificación Final/Ansiedad/wav/0/070_recortado_denoised.wav,0
070_recortado_denoised__seg48,070,070_recortado_denoised.wav,48,/home/ci2dt2-ai/Proyectos/Psiquiatria/Clasificación Final/Ansiedad/wav/0/070_recortado_denoised.wav,0
070_recortado_denoised__seg49,070,070_recortado_denoised.wav,49,/home/ci2dt2-ai/Proyectos/Psiquiatria/Clasificación Final/Ansiedad/wav/0/070_recortado_denoised.wav,0
070_recortado_denoised__seg50,070,070_recortado_denoised.wav,50,/home/ci2dt2-ai/Proyectos/Psiquiatria/Clasificación Final/Ansiedad/wav/0/070_recortado_denoised.wav,0
070_recortado_denoised__seg51,070,070_recortado_denoised.wav,51,/home/ci2dt2-ai/Proyectos/Psiquiatria/Clasificación Final/Ansiedad/wav/0/070_recortado_denoised.wav,0
070_recortado_denoised__seg52,070,070_recortado_denoised.wav,52,/home/ci2dt2-ai/Proyectos/Psiquiatria/Clasificación Final/Ansiedad/wav/0/070_recortado_denoised.wav,0
070_recortado_denoised__seg53,070,070_recortado_denoised.wav,53,/home/ci2dt2-ai/Proyectos/Psiquiatria/Clasificación Final/Ansiedad/wav/0/070_recortado_denoised.wav,0
070_recortado_denoised__seg54,070,070_recortado_denoised.wav,54,/home/ci2dt2-ai/Proyectos/Psiquiatria/Clasificación Final/Ansiedad/wav/0/070_recortado_denoised.wav,0
070_recortado_denoised__seg55,070,070_recortado_denoised.wav,55,/home/ci2dt2-ai/Proyectos/Psiquiatria/Clasificación Final/Ansiedad/wav/0/070_recortado_denoised.wav,0
070_recortado_denoised__seg56,070,070_recortado_denoised.wav,56,/home/ci2dt2-ai/Proyectos/Psiquiatria/Clasificación Final/Ansiedad/wav/0/070_recortado_denoised.wav,0
070_recortado_denoised__seg57,070,070_recortado_denoised.wav,57,/home/ci2dt2-ai/Proyectos/Psiquiatria/Clasificación Final/Ansiedad/wav/0/070_recortado_denoised.wav,0
070_recortado_denoised__seg58,070,070_recortado_denoised.wav,58,/home/ci2dt2-ai/Proyectos/Psiquiatria/Clasificación Final/Ansiedad/wav/0/070_recortado_denoised.wav,0
070_recortado_denoised__seg59,070,070_recortado_denoised.wav,59,/home/ci2dt2-ai/Proyectos/Psiquiatria/Clasificación Final/Ansiedad/wav/0/070_recortado_denoised.wav,0
070_recortado_denoised__seg60,070,070_recortado_denoised.wav,60,/home/ci2dt2-ai/Proyectos/Psiquiatria/Clasificación Final/Ansiedad/wav/0/070_recortado_denoised.wav,0
070_recortado_denoised__seg61,070,070_recortado_denoised.wav,61,/home/ci2dt2-ai/Proyectos/Psiquiatria/Clasificación Final/Ansiedad/wav/0/070_recortado_denoised.wav,0
070_recortado_denoised__seg62,070,070_recortado_denoised.wav,62,/home/ci2dt2-ai/Proyectos/Psiquiatria/Clasificación Final/Ansiedad/wav/0/070_recortado_denoised.wav,0
070_recortado_denoised__seg63,070,070_recortado_denoised.wav,63,/home/ci2dt2-ai/Proyectos/Psiquiatria/Clasificación Final/Ansiedad/wav/0/070_recortado_denoised.wav,0
070_recortado_denoised__seg64,070,070_recortado_denoised.wav,64,/home/ci2dt2-ai/Proyectos/Psiquiatria/Clasificación Final/Ansiedad/wav/0/070_recortado_denoised.wav,0
070_recortado_denoised__seg65,070,070_recortado_denoised.wav,65,/home/ci2dt2-ai/Proyectos/Psiquiatria/Clasificación Final/Ansiedad/wav/0/070_recortado_denoised.wav,0
070_recortado_denoised__seg66,070,070_recortado_denoised.wav,66,/home/ci2dt2-ai/Proyectos/Psiquiatria/Clasificación Final/Ansiedad/wav/0/070_recortado_denoised.wav,0
070_recortado_denoised__seg67,070,070_recortado_denoised.wav,67,/home/ci2dt2-ai/Proyectos/Psiquiatria/Clasificación Final/Ansiedad/wav/0/070_recortado_denoised.wav,0
070_recortado_denoised__seg68,070,070_recortado_denoised.wav,68,/home/ci2dt2-ai/Proyectos/Psiquiatria/Clasificación Final/Ansiedad/wav/0/070_recortado_denoised.wav,0
070_recortado_denoised__seg69,070,070_recortado_denoised.wav,69,/home/ci2dt2-ai/Proyectos/Psiquiatria/Clasificación Final/Ansiedad/wav/0/070_recortado_denoised.wav,0
070_recortado_denoised__seg70,070,070_recortado_denoised.wav,70,/home/ci2dt2-ai/Proyectos/Psiquiatria/Clasificación Final/Ansiedad/wav/0/070_recortado_denoised.wav,0
070_recortado_denoised__seg71,070,070_recortado_denoised.wav,71,/home/ci2dt2-ai/Proyectos/Psiquiatria/Clasificación Final/Ansiedad/wav/0/070_recortado_denoised.wav,0
070_recortado_denoised__seg72,070,070_recortado_denoised.wav,72,/home/ci2dt2-ai/Proyectos/Psiquiatria/Clasificación Final/Ansiedad/wav/0/070_recortado_denoised.wav,0
070_recortado_denoised__seg73,070,070_recortado_denoised.wav,73,/home/ci2dt2-ai/Proyectos/Psiquiatria/Clasificación Final/Ansiedad/wav/0/070_recortado_denoised.wav,0
070_recortado_denoised__seg74,070,070_recortado_denoised.wav,74,/home/ci2dt2-ai/Proyectos/Psiquiatria/Clasificación Final/Ansiedad/wav/0/070_recortado_denoised.wav,0
070_recortado_denoised__seg75,070,070_recortado_denoised.wav,75,/home/ci2dt2-ai/Proyectos/Psiquiatria/Clasificación Final/Ansiedad/wav/0/070_recortado_denoised.wav,0
070_recortado_denoised__seg76,070,070_recortado_denoised.wav,76,/home/ci2dt2-ai/Proyectos/Psiquiatria/Clasificación Final/Ansiedad/wav/0/070_recortado_denoised.wav,0
070_recortado_denoised__seg77,070,070_recortado_denoised.wav,77,/home/ci2dt2-ai/Proyectos/Psiquiatria/Clasificación Final/Ansiedad/wav/0/070_recortado_denoised.wav,0
070_recortado_denoised__seg78,070,070_recortado_denoised.wav,78,/home/ci2dt2-ai/Proyectos/Psiquiatria/Clasificación Final/Ansiedad/wav/0/070_recortado_denoised.wav,0
070_recortado_denoised__seg79,070,070_recortado_denoised.wav,79,/home/ci2dt2-ai/Proyectos/Psiquiatria/Clasificación Final/Ansiedad/wav/0/070_recortado_denoised.wav,0
070_recortado_denoised__seg80,070,070_recortado_denoised.wav,80,/home/ci2dt2-ai/Proyectos/Psiquiatria/Clasificación Final/Ansiedad/wav/0/070_recortado_denoised.wav,0
070_recortado_denoised__seg81,070,070_recortado_denoised.wav,81,/home/ci2dt2-ai/Proyectos/Psiquiatria/Clasificación Final/Ansiedad/wav/0/070_recortado_denoised.wav,0
070_recortado_denoised__seg82,070,070_recortado_denoised.wav,82,/home/ci2dt2-ai/Proyectos/Psiquiatria/Clasificación Final/Ansiedad/wav/0/070_recortado_denoised.wav,0
070_recortado_denoised__seg83,070,070_recortado_denoised.wav,83,/home/ci2dt2-ai/Proyectos/Psiquiatria/Clasificación Final/Ansiedad/wav/0/070_recortado_denoised.wav,0
070_recortado_denoised__seg84,070,070_recortado_denoised.wav,84,/home/ci2dt2-ai/Proyectos/Psiquiatria/Clasificación Final/Ansiedad/wav/0/070_recortado_denoised.wav,0
070_recortado_denoised__seg85,070,070_recortado_denoised.wav,85,/home/ci2dt2-ai/Proyectos/Psiquiatria/Clasificación Final/Ansiedad/wav/0/070_recortado_denoised.wav,0
070_recortado_denoised__seg86,070,070_recortado_denoised.wav,86,/home/ci2dt2-ai/Proyectos/Psiquiatria/Clasificación Final/Ansiedad/wav/0/070_recortado_denoised.wav,0
070_recortado_denoised__seg87,070,070_recortado_denoised.wav,87,/home/ci2dt2-ai/Proyectos/Psiquiatria/Clasificación Final/Ansiedad/wav/0/070_recortado_denoised.wav,0
070_recortado_denoised__seg88,070,070_recortado_denoised.wav,88,/home/ci2dt2-ai/Proyectos/Psiquiatria/Clasificación Final/Ansiedad/wav/0/070_recortado_denoised.wav,0
070_recortado_denoised__seg89,070,070_recortado_denoised.wav,89,/home/ci2dt2-ai/Proyectos/Psiquiatria/Clasificación Final/Ansiedad/wav/0/070_recortado_denoised.wav,0
070_recortado_denoised__seg90,070,070_recortado_denoised.wav,90,/home/ci2dt2-ai/Proyectos/Psiquiatria/Clasificación Final/Ansiedad/wav/0/070_recortado_denoised.wav,0
070_recortado_denoised__seg91,070,070_recortado_denoised.wav,91,/home/ci2dt2-ai/Proyectos/Psiquiatria/Clasificación Final/Ansiedad/wav/0/070_recortado_denoised.wav,0
070_recortado_denoised__seg92,070,070_recortado_denoised.wav,92,/home/ci2dt2-ai/Proyectos/Psiquiatria/Clasificación Final/Ansiedad/wav/0/070_recortado_denoised.wav,0
070_recortado_denoised__seg93,070,070_recortado_denoised.wav,93,/home/ci2dt2-ai/Proyectos/Psiquiatria/Clasificación Final/Ansiedad/wav/0/070_recortado_denoised.wav,0
070_recortado_denoised__seg94,070,070_recortado_denoised.wav,94,/home/ci2dt2-ai/Proyectos/Psiquiatria/Clasificación Final/Ansiedad/wav/0/070_recortado_denoised.wav,0
070_recortado_denoised__seg95,070,070_recortado_denoised.wav,95,/home/ci2dt2-ai/Proyectos/Psiquiatria/Clasificación Final/Ansiedad/wav/0/070_recortado_denoised.wav,0
070_recortado_denoised__seg96,070,070_recortado_denoised.wav,96,/home/ci2dt2-ai/Proyectos/Psiquiatria/Clasificación Final/Ansiedad/wav/0/070_recortado_denoised.wav,0
070_recortado_denoised__seg97,070,070_recortado_denoised.wav,97,/home/ci2dt2-ai/Proyectos/Psiquiatria/Clasificación Final/Ansiedad/wav/0/070_recortado_denoised.wav,0
070_recortado_denoised__seg98,070,070_recortado_denoised.wav,98,/home/ci2dt2-ai/Proyectos/Psiquiatria/Clasificación Final/Ansiedad/wav/0/070_recortado_denoised.wav,0
070_recortado_denoised__seg99,070,070_recortado_denoised.wav,99,/home/ci2dt2-ai/Proyectos/Psiquiatria/Clasificación Final/Ansiedad/wav/0/070_recortado_denoised.wav,0
070_recortado_denoised__seg100,070,070_recortado_denoised.wav,100,/home/ci2dt2-ai/Proyectos/Psiquiatria/Clasificación Final/Ansiedad/wav/0/070_recortado_denoised.wav,0
070_recortado_denoised__seg101,070,070_recortado_denoised.wav,101,/home/ci2dt2-ai/Proyectos/Psiquiatria/Clasificación Final/Ansiedad/wav/0/070_recortado_denoised.wav,0
070_recortado_denoised__seg102,070,070_recortado_denoised.wav,102,/home/ci2dt2-ai/Proyectos/Psiquiatria/Clasificación Final/Ansiedad/wav/0/070_recortado_denoised.wav,0
070_recortado_denoised__seg103,070,070_recortado_denoised.wav,103,/home/ci2dt2-ai/Proyectos/Psiquiatria/Clasificación Final/Ansiedad/wav/0/070_recortado_denoised.wav,0
070_recortado_denoised__seg104,070,070_recortado_denoised.wav,104,/home/ci2dt2-ai/Proyectos/Psiquiatria/Clasificación Final/Ansiedad/wav/0/070_recortado_denoised.wav,0
071_recortado_denoised__seg0,071,071_recortado_denoised.wav,0,/home/ci2dt2-ai/Proyectos/Psiquiatria/Clasificación Final/Ansiedad/wav/0/071_recortado_denoised.wav,0
071_recortado_denoised__seg1,071,071_recortado_denoised.wav,1,/home/ci2dt2-ai/Proyectos/Psiquiatria/Clasificación Final/Ansiedad/wav/0/071_recortado_denoised.wav,0
071_recortado_denoised__seg2,071,071_recortado_denoised.wav,2,/home/ci2dt2-ai/Proyectos/Psiquiatria/Clasificación Final/Ansiedad/wav/0/071_recortado_denoised.wav,0
071_recortado_denoised__seg3,071,071_recortado_denoised.wav,3,/home/ci2dt2-ai/Proyectos/Psiquiatria/Clasificación Final/Ansiedad/wav/0/071_recortado_denoised.wav,0
071_recortado_denoised__seg4,071,071_recortado_denoised.wav,4,/home/ci2dt2-ai/Proyectos/Psiquiatria/Clasificación Final/Ansiedad/wav/0/071_recortado_denoised.wav,0
071_recortado_denoised__seg5,071,071_recortado_denoised.wav,5,/home/ci2dt2-ai/Proyectos/Psiquiatria/Clasificación Final/Ansiedad/wav/0/071_recortado_denoised.wav,0
071_recortado_denoised__seg6,071,071_recortado_denoised.wav,6,/home/ci2dt2-ai/Proyectos/Psiquiatria/Clasificación Final/Ansiedad/wav/0/071_recortado_denoised.wav,0
071_recortado_denoised__seg7,071,071_recortado_denoised.wav,7,/home/ci2dt2-ai/Proyectos/Psiquiatria/Clasificación Final/Ansiedad/wav/0/071_recortado_denoised.wav,0
071_recortado_denoised__seg8,071,071_recortado_denoised.wav,8,/home/ci2dt2-ai/Proyectos/Psiquiatria/Clasificación Final/Ansiedad/wav/0/071_recortado_denoised.wav,0
071_recortado_denoised__seg9,071,071_recortado_denoised.wav,9,/home/ci2dt2-ai/Proyectos/Psiquiatria/Clasificación Final/Ansiedad/wav/0/071_recortado_denoised.wav,0
071_recortado_denoised__seg10,071,071_recortado_denoised.wav,10,/home/ci2dt2-ai/Proyectos/Psiquiatria/Clasificación Final/Ansiedad/wav/0/071_recortado_denoised.wav,0
071_recortado_denoised__seg11,071,071_recortado_denoised.wav,11,/home/ci2dt2-ai/Proyectos/Psiquiatria/Clasificación Final/Ansiedad/wav/0/071_recortado_denoised.wav,0
071_recortado_denoised__seg12,071,071_recortado_denoised.wav,12,/home/ci2dt2-ai/Proyectos/Psiquiatria/Clasificación Final/Ansiedad/wav/0/071_recortado_denoised.wav,0
071_recortado_denoised__seg13,071,071_recortado_denoised.wav,13,/home/ci2dt2-ai/Proyectos/Psiquiatria/Clasificación Final/Ansiedad/wav/0/071_recortado_denoised.wav,0
071_recortado_denoised__seg14,071,071_recortado_denoised.wav,14,/home/ci2dt2-ai/Proyectos/Psiquiatria/Clasificación Final/Ansiedad/wav/0/071_recortado_denoised.wav,0
071_recortado_denoised__seg15,071,071_recortado_denoised.wav,15,/home/ci2dt2-ai/Proyectos/Psiquiatria/Clasificación Final/Ansiedad/wav/0/071_recortado_denoised.wav,0
071_recortado_denoised__seg16,071,071_recortado_denoised.wav,16,/home/ci2dt2-ai/Proyectos/Psiquiatria/Clasificación Final/Ansiedad/wav/0/071_recortado_denoised.wav,0
071_recortado_denoised__seg17,071,071_recortado_denoised.wav,17,/home/ci2dt2-ai/Proyectos/Psiquiatria/Clasificación Final/Ansiedad/wav/0/071_recortado_denoised.wav,0
071_recortado_denoised__seg18,071,071_recortado_denoised.wav,18,/home/ci2dt2-ai/Proyectos/Psiquiatria/Clasificación Final/Ansiedad/wav/0/071_recortado_denoised.wav,0
071_recortado_denoised__seg19,071,071_recortado_denoised.wav,19,/home/ci2dt2-ai/Proyectos/Psiquiatria/Clasificación Final/Ansiedad/wav/0/071_recortado_denoised.wav,0
071_recortado_denoised__seg20,071,071_recortado_denoised.wav,20,/home/ci2dt2-ai/Proyectos/Psiquiatria/Clasificación Final/Ansiedad/wav/0/071_recortado_denoised.wav,0
071_recortado_denoised__seg21,071,071_recortado_denoised.wav,21,/home/ci2dt2-ai/Proyectos/Psiquiatria/Clasificación Final/Ansiedad/wav/0/071_recortado_denoised.wav,0
071_recortado_denoised__seg22,071,071_recortado_denoised.wav,22,/home/ci2dt2-ai/Proyectos/Psiquiatria/Clasificación Final/Ansiedad/wav/0/071_recortado_denoised.wav,0
071_recortado_denoised__seg23,071,071_recortado_denoised.wav,23,/home/ci2dt2-ai/Proyectos/Psiquiatria/Clasificación Final/Ansiedad/wav/0/071_recortado_denoised.wav,0
071_recortado_denoised__seg24,071,071_recortado_denoised.wav,24,/home/ci2dt2-ai/Proyectos/Psiquiatria/Clasificación Final/Ansiedad/wav/0/071_recortado_denoised.wav,0
071_recortado_denoised__seg25,071,071_recortado_denoised.wav,25,/home/ci2dt2-ai/Proyectos/Psiquiatria/Clasificación Final/Ansiedad/wav/0/071_recortado_denoised.wav,0
071_recortado_denoised__seg26,071,071_recortado_denoised.wav,26,/home/ci2dt2-ai/Proyectos/Psiquiatria/Clasificación Final/Ansiedad/wav/0/071_recortado_denoised.wav,0
071_recortado_denoised__seg27,071,071_recortado_denoised.wav,27,/home/ci2dt2-ai/Proyectos/Psiquiatria/Clasificación Final/Ansiedad/wav/0/071_recortado_denoised.wav,0
071_recortado_denoised__seg28,071,071_recortado_denoised.wav,28,/home/ci2dt2-ai/Proyectos/Psiquiatria/Clasificación Final/Ansiedad/wav/0/071_recortado_denoised.wav,0
071_recortado_denoised__seg29,071,071_recortado_denoised.wav,29,/home/ci2dt2-ai/Proyectos/Psiquiatria/Clasificación Final/Ansiedad/wav/0/071_recortado_denoised.wav,0
071_recortado_denoised__seg30,071,071_recortado_denoised.wav,30,/home/ci2dt2-ai/Proyectos/Psiquiatria/Clasificación Final/Ansiedad/wav/0/071_recortado_denoised.wav,0
071_recortado_denoised__seg31,071,071_recortado_denoised.wav,31,/home/ci2dt2-ai/Proyectos/Psiquiatria/Clasificación Final/Ansiedad/wav/0/071_recortado_denoised.wav,0
071_recortado_denoised__seg32,071,071_recortado_denoised.wav,32,/home/ci2dt2-ai/Proyectos/Psiquiatria/Clasificación Final/Ansiedad/wav/0/071_recortado_denoised.wav,0
071_recortado_denoised__seg33,071,071_recortado_denoised.wav,33,/home/ci2dt2-ai/Proyectos/Psiquiatria/Clasificación Final/Ansiedad/wav/0/071_recortado_denoised.wav,0
071_recortado_denoised__seg34,071,071_recortado_denoised.wav,34,/home/ci2dt2-ai/Proyectos/Psiquiatria/Clasificación Final/Ansiedad/wav/0/071_recortado_denoised.wav,0
071_recortado_denoised__seg35,071,071_recortado_denoised.wav,35,/home/ci2dt2-ai/Proyectos/Psiquiatria/Clasificación Final/Ansiedad/wav/0/071_recortado_denoised.wav,0
071_recortado_denoised__seg36,071,071_recortado_denoised.wav,36,/home/ci2dt2-ai/Proyectos/Psiquiatria/Clasificación Final/Ansiedad/wav/0/071_recortado_denoised.wav,0
071_recortado_denoised__seg37,071,071_recortado_denoised.wav,37,/home/ci2dt2-ai/Proyectos/Psiquiatria/Clasificación Final/Ansiedad/wav/0/071_recortado_denoised.wav,0
071_recortado_denoised__seg38,071,071_recortado_denoised.wav,38,/home/ci2dt2-ai/Proyectos/Psiquiatria/Clasificación Final/Ansiedad/wav/0/071_recortado_denoised.wav,0
071_recortado_denoised__seg39,071,071_recortado_denoised.wav,39,/home/ci2dt2-ai/Proyectos/Psiquiatria/Clasificación Final/Ansiedad/wav/0/071_recortado_denoised.wav,0
071_recortado_denoised__seg40,071,071_recortado_denoised.wav,40,/home/ci2dt2-ai/Proyectos/Psiquiatria/Clasificación Final/Ansiedad/wav/0/071_recortado_denoised.wav,0
071_recortado_denoised__seg41,071,071_recortado_denoised.wav,41,/home/ci2dt2-ai/Proyectos/Psiquiatria/Clasificación Final/Ansiedad/wav/0/071_recortado_denoised.wav,0
071_recortado_denoised__seg42,071,071_recortado_denoised.wav,42,/home/ci2dt2-ai/Proyectos/Psiquiatria/Clasificación Final/Ansiedad/wav/0/071_recortado_denoised.wav,0
071_recortado_denoised__seg43,071,071_recortado_denoised.wav,43,/home/ci2dt2-ai/Proyectos/Psiquiatria/Clasificación Final/Ansiedad/wav/0/071_recortado_denoised.wav,0
071_recortado_denoised__seg44,071,071_recortado_denoised.wav,44,/home/ci2dt2-ai/Proyectos/Psiquiatria/Clasificación Final/Ansiedad/wav/0/071_recortado_denoised.wav,0
071_recortado_denoised__seg45,071,071_recortado_denoised.wav,45,/home/ci2dt2-ai/Proyectos/Psiquiatria/Clasificación Final/Ansiedad/wav/0/071_recortado_denoised.wav,0
071_recortado_denoised__seg46,071,071_recortado_denoised.wav,46,/home/ci2dt2-ai/Proyectos/Psiquiatria/Clasificación Final/Ansiedad/wav/0/071_recortado_denoised.wav,0
071_recortado_denoised__seg47,071,071_recortado_denoised.wav,47,/home/ci2dt2-ai/Proyectos/Psiquiatria/Clasificación Final/Ansiedad/wav/0/071_recortado_denoised.wav,0
071_recortado_denoised__seg48,071,071_recortado_denoised.wav,48,/home/ci2dt2-ai/Proyectos/Psiquiatria/Clasificación Final/Ansiedad/wav/0/071_recortado_denoised.wav,0
071_recortado_denoised__seg49,071,071_recortado_denoised.wav,49,/home/ci2dt2-ai/Proyectos/Psiquiatria/Clasificación Final/Ansiedad/wav/0/071_recortado_denoised.wav,0
071_recortado_denoised__seg50,071,071_recortado_denoised.wav,50,/home/ci2dt2-ai/Proyectos/Psiquiatria/Clasificación Final/Ansiedad/wav/0/071_recortado_denoised.wav,0
071_recortado_denoised__seg51,071,071_recortado_denoised.wav,51,/home/ci2dt2-ai/Proyectos/Psiquiatria/Clasificación Final/Ansiedad/wav/0/071_recortado_denoised.wav,0
071_recortado_denoised__seg52,071,071_recortado_denoised.wav,52,/home/ci2dt2-ai/Proyectos/Psiquiatria/Clasificación Final/Ansiedad/wav/0/071_recortado_denoised.wav,0
071_recortado_denoised__seg53,071,071_recortado_denoised.wav,53,/home/ci2dt2-ai/Proyectos/Psiquiatria/Clasificación Final/Ansiedad/wav/0/071_recortado_denoised.wav,0
071_recortado_denoised__seg54,071,071_recortado_denoised.wav,54,/home/ci2dt2-ai/Proyectos/Psiquiatria/Clasificación Final/Ansiedad/wav/0/071_recortado_denoised.wav,0
071_recortado_denoised__seg55,071,071_recortado_denoised.wav,55,/home/ci2dt2-ai/Proyectos/Psiquiatria/Clasificación Final/Ansiedad/wav/0/071_recortado_denoised.wav,0
071_recortado_denoised__seg56,071,071_recortado_denoised.wav,56,/home/ci2dt2-ai/Proyectos/Psiquiatria/Clasificación Final/Ansiedad/wav/0/071_recortado_denoised.wav,0
071_recortado_denoised__seg57,071,071_recortado_denoised.wav,57,/home/ci2dt2-ai/Proyectos/Psiquiatria/Clasificación Final/Ansiedad/wav/0/071_recortado_denoised.wav,0
071_recortado_denoised__seg58,071,071_recortado_denoised.wav,58,/home/ci2dt2-ai/Proyectos/Psiquiatria/Clasificación Final/Ansiedad/wav/0/071_recortado_denoised.wav,0
071_recortado_denoised__seg59,071,071_recortado_denoised.wav,59,/home/ci2dt2-ai/Proyectos/Psiquiatria/Clasificación Final/Ansiedad/wav/0/071_recortado_denoised.wav,0
071_recortado_denoised__seg60,071,071_recortado_denoised.wav,60,/home/ci2dt2-ai/Proyectos/Psiquiatria/Clasificación Final/Ansiedad/wav/0/071_recortado_denoised.wav,0
071_recortado_denoised__seg61,071,071_recortado_denoised.wav,61,/home/ci2dt2-ai/Proyectos/Psiquiatria/Clasificación Final/Ansiedad/wav/0/071_recortado_denoised.wav,0
071_recortado_denoised__seg62,071,071_recortado_denoised.wav,62,/home/ci2dt2-ai/Proyectos/Psiquiatria/Clasificación Final/Ansiedad/wav/0/071_recortado_denoised.wav,0
071_recortado_denoised__seg63,071,071_recortado_denoised.wav,63,/home/ci2dt2-ai/Proyectos/Psiquiatria/Clasificación Final/Ansiedad/wav/0/071_recortado_denoised.wav,0
071_recortado_denoised__seg64,071,071_recortado_denoised.wav,64,/home/ci2dt2-ai/Proyectos/Psiquiatria/Clasificación Final/Ansiedad/wav/0/071_recortado_denoised.wav,0
071_recortado_denoised__seg65,071,071_recortado_denoised.wav,65,/home/ci2dt2-ai/Proyectos/Psiquiatria/Clasificación Final/Ansiedad/wav/0/071_recortado_denoised.wav,0
071_recortado_denoised__seg66,071,071_recortado_denoised.wav,66,/home/ci2dt2-ai/Proyectos/Psiquiatria/Clasificación Final/Ansiedad/wav/0/071_recortado_denoised.wav,0
071_recortado_denoised__seg67,071,071_recortado_denoised.wav,67,/home/ci2dt2-ai/Proyectos/Psiquiatria/Clasificación Final/Ansiedad/wav/0/071_recortado_denoised.wav,0
071_recortado_denoised__seg68,071,071_recortado_denoised.wav,68,/home/ci2dt2-ai/Proyectos/Psiquiatria/Clasificación Final/Ansiedad/wav/0/071_recortado_denoised.wav,0
071_recortado_denoised__seg69,071,071_recortado_denoised.wav,69,/home/ci2dt2-ai/Proyectos/Psiquiatria/Clasificación Final/Ansiedad/wav/0/071_recortado_denoised.wav,0
071_recortado_denoised__seg70,071,071_recortado_denoised.wav,70,/home/ci2dt2-ai/Proyectos/Psiquiatria/Clasificación Final/Ansiedad/wav/0/071_recortado_denoised.wav,0
071_recortado_denoised__seg71,071,071_recortado_denoised.wav,71,/home/ci2dt2-ai/Proyectos/Psiquiatria/Clasificación Final/Ansiedad/wav/0/071_recortado_denoised.wav,0
071_recortado_denoised__seg72,071,071_recortado_denoised.wav,72,/home/ci2dt2-ai/Proyectos/Psiquiatria/Clasificación Final/Ansiedad/wav/0/071_recortado_denoised.wav,0
071_recortado_denoised__seg73,071,071_recortado_denoised.wav,73,/home/ci2dt2-ai/Proyectos/Psiquiatria/Clasificación Final/Ansiedad/wav/0/071_recortado_denoised.wav,0
071_recortado_denoised__seg74,071,071_recortado_denoised.wav,74,/home/ci2dt2-ai/Proyectos/Psiquiatria/Clasificación Final/Ansiedad/wav/0/071_recortado_denoised.wav,0
071_recortado_denoised__seg75,071,071_recortado_denoised.wav,75,/home/ci2dt2-ai/Proyectos/Psiquiatria/Clasificación Final/Ansiedad/wav/0/071_recortado_denoised.wav,0
071_recortado_denoised__seg76,071,071_recortado_denoised.wav,76,/home/ci2dt2-ai/Proyectos/Psiquiatria/Clasificación Final/Ansiedad/wav/0/071_recortado_denoised.wav,0
071_recortado_denoised__seg77,071,071_recortado_denoised.wav,77,/home/ci2dt2-ai/Proyectos/Psiquiatria/Clasificación Final/Ansiedad/wav/0/071_recortado_denoised.wav,0
072_recortado_denoised__seg0,072,072_recortado_denoised.wav,0,/home/ci2dt2-ai/Proyectos/Psiquiatria/Clasificación Final/Ansiedad/wav/0/072_recortado_denoised.wav,0
072_recortado_denoised__seg1,072,072_recortado_denoised.wav,1,/home/ci2dt2-ai/Proyectos/Psiquiatria/Clasificación Final/Ansiedad/wav/0/072_recortado_denoised.wav,0
072_recortado_denoised__seg2,072,072_recortado_denoised.wav,2,/home/ci2dt2-ai/Proyectos/Psiquiatria/Clasificación Final/Ansiedad/wav/0/072_recortado_denoised.wav,0
072_recortado_denoised__seg3,072,072_recortado_denoised.wav,3,/home/ci2dt2-ai/Proyectos/Psiquiatria/Clasificación Final/Ansiedad/wav/0/072_recortado_denoised.wav,0
072_recortado_denoised__seg4,072,072_recortado_denoised.wav,4,/home/ci2dt2-ai/Proyectos/Psiquiatria/Clasificación Final/Ansiedad/wav/0/072_recortado_denoised.wav,0
072_recortado_denoised__seg5,072,072_recortado_denoised.wav,5,/home/ci2dt2-ai/Proyectos/Psiquiatria/Clasificación Final/Ansiedad/wav/0/072_recortado_denoised.wav,0
072_recortado_denoised__seg6,072,072_recortado_denoised.wav,6,/home/ci2dt2-ai/Proyectos/Psiquiatria/Clasificación Final/Ansiedad/wav/0/072_recortado_denoised.wav,0
072_recortado_denoised__seg7,072,072_recortado_denoised.wav,7,/home/ci2dt2-ai/Proyectos/Psiquiatria/Clasificación Final/Ansiedad/wav/0/072_recortado_denoised.wav,0
072_recortado_denoised__seg8,072,072_recortado_denoised.wav,8,/home/ci2dt2-ai/Proyectos/Psiquiatria/Clasificación Final/Ansiedad/wav/0/072_recortado_denoised.wav,0
072_recortado_denoised__seg9,072,072_recortado_denoised.wav,9,/home/ci2dt2-ai/Proyectos/Psiquiatria/Clasificación Final/Ansiedad/wav/0/072_recortado_denoised.wav,0
072_recortado_denoised__seg10,072,072_recortado_denoised.wav,10,/home/ci2dt2-ai/Proyectos/Psiquiatria/Clasificación Final/Ansiedad/wav/0/072_recortado_denoised.wav,0
072_recortado_denoised__seg11,072,072_recortado_denoised.wav,11,/home/ci2dt2-ai/Proyectos/Psiquiatria/Clasificación Final/Ansiedad/wav/0/072_recortado_denoised.wav,0
072_recortado_denoised__seg12,072,072_recortado_denoised.wav,12,/home/ci2dt2-ai/Proyectos/Psiquiatria/Clasificación Final/Ansiedad/wav/0/072_recortado_denoised.wav,0
072_recortado_denoised__seg13,072,072_recortado_denoised.wav,13,/home/ci2dt2-ai/Proyectos/Psiquiatria/Clasificación Final/Ansiedad/wav/0/072_recortado_denoised.wav,0
072_recortado_denoised__seg14,072,072_recortado_denoised.wav,14,/home/ci2dt2-ai/Proyectos/Psiquiatria/Clasificación Final/Ansiedad/wav/0/072_recortado_denoised.wav,0
072_recortado_denoised__seg15,072,072_recortado_denoised.wav,15,/home/ci2dt2-ai/Proyectos/Psiquiatria/Clasificación Final/Ansiedad/wav/0/072_recortado_denoised.wav,0
072_recortado_denoised__seg16,072,072_recortado_denoised.wav,16,/home/ci2dt2-ai/Proyectos/Psiquiatria/Clasificación Final/Ansiedad/wav/0/072_recortado_denoised.wav,0
072_recortado_denoised__seg17,072,072_recortado_denoised.wav,17,/home/ci2dt2-ai/Proyectos/Psiquiatria/Clasificación Final/Ansiedad/wav/0/072_recortado_denoised.wav,0
072_recortado_denoised__seg18,072,072_recortado_denoised.wav,18,/home/ci2dt2-ai/Proyectos/Psiquiatria/Clasificación Final/Ansiedad/wav/0/072_recortado_denoised.wav,0
072_recortado_denoised__seg19,072,072_recortado_denoised.wav,19,/home/ci2dt2-ai/Proyectos/Psiquiatria/Clasificación Final/Ansiedad/wav/0/072_recortado_denoised.wav,0
072_recortado_denoised__seg20,072,072_recortado_denoised.wav,20,/home/ci2dt2-ai/Proyectos/Psiquiatria/Clasificación Final/Ansiedad/wav/0/072_recortado_denoised.wav,0
072_recortado_denoised__seg21,072,072_recortado_denoised.wav,21,/home/ci2dt2-ai/Proyectos/Psiquiatria/Clasificación Final/Ansiedad/wav/0/072_recortado_denoised.wav,0
072_recortado_denoised__seg22,072,072_recortado_denoised.wav,22,/home/ci2dt2-ai/Proyectos/Psiquiatria/Clasificación Final/Ansiedad/wav/0/072_recortado_denoised.wav,0
072_recortado_denoised__seg23,072,072_recortado_denoised.wav,23,/home/ci2dt2-ai/Proyectos/Psiquiatria/Clasificación Final/Ansiedad/wav/0/072_recortado_denoised.wav,0
072_recortado_denoised__seg24,072,072_recortado_denoised.wav,24,/home/ci2dt2-ai/Proyectos/Psiquiatria/Clasificación Final/Ansiedad/wav/0/072_recortado_denoised.wav,0
072_recortado_denoised__seg25,072,072_recortado_denoised.wav,25,/home/ci2dt2-ai/Proyectos/Psiquiatria/Clasificación Final/Ansiedad/wav/0/072_recortado_denoised.wav,0
072_recortado_denoised__seg26,072,072_recortado_denoised.wav,26,/home/ci2dt2-ai/Proyectos/Psiquiatria/Clasificación Final/Ansiedad/wav/0/072_recortado_denoised.wav,0
072_recortado_denoised__seg27,072,072_recortado_denoised.wav,27,/home/ci2dt2-ai/Proyectos/Psiquiatria/Clasificación Final/Ansiedad/wav/0/072_recortado_denoised.wav,0
072_recortado_denoised__seg28,072,072_recortado_denoised.wav,28,/home/ci2dt2-ai/Proyectos/Psiquiatria/Clasificación Final/Ansiedad/wav/0/072_recortado_denoised.wav,0
072_recortado_denoised__seg29,072,072_recortado_denoised.wav,29,/home/ci2dt2-ai/Proyectos/Psiquiatria/Clasificación Final/Ansiedad/wav/0/072_recortado_denoised.wav,0
072_recortado_denoised__seg30,072,072_recortado_denoised.wav,30,/home/ci2dt2-ai/Proyectos/Psiquiatria/Clasificación Final/Ansiedad/wav/0/072_recortado_denoised.wav,0
072_recortado_denoised__seg31,072,072_recortado_denoised.wav,31,/home/ci2dt2-ai/Proyectos/Psiquiatria/Clasificación Final/Ansiedad/wav/0/072_recortado_denoised.wav,0
072_recortado_denoised__seg32,072,072_recortado_denoised.wav,32,/home/ci2dt2-ai/Proyectos/Psiquiatria/Clasificación Final/Ansiedad/wav/0/072_recortado_denoised.wav,0
072_recortado_denoised__seg33,072,072_recortado_denoised.wav,33,/home/ci2dt2-ai/Proyectos/Psiquiatria/Clasificación Final/Ansiedad/wav/0/072_recortado_denoised.wav,0
072_recortado_denoised__seg34,072,072_recortado_denoised.wav,34,/home/ci2dt2-ai/Proyectos/Psiquiatria/Clasificación Final/Ansiedad/wav/0/072_recortado_denoised.wav,0
072_recortado_denoised__seg35,072,072_recortado_denoised.wav,35,/home/ci2dt2-ai/Proyectos/Psiquiatria/Clasificación Final/Ansiedad/wav/0/072_recortado_denoised.wav,0
072_recortado_denoised__seg36,072,072_recortado_denoised.wav,36,/home/ci2dt2-ai/Proyectos/Psiquiatria/Clasificación Final/Ansiedad/wav/0/072_recortado_denoised.wav,0
072_recortado_denoised__seg37,072,072_recortado_denoised.wav,37,/home/ci2dt2-ai/Proyectos/Psiquiatria/Clasificación Final/Ansiedad/wav/0/072_recortado_denoised.wav,0
072_recortado_denoised__seg38,072,072_recortado_denoised.wav,38,/home/ci2dt2-ai/Proyectos/Psiquiatria/Clasificación Final/Ansiedad/wav/0/072_recortado_denoised.wav,0
072_recortado_denoised__seg39,072,072_recortado_denoised.wav,39,/home/ci2dt2-ai/Proyectos/Psiquiatria/Clasificación Final/Ansiedad/wav/0/072_recortado_denoised.wav,0
072_recortado_denoised__seg40,072,072_recortado_denoised.wav,40,/home/ci2dt2-ai/Proyectos/Psiquiatria/Clasificación Final/Ansiedad/wav/0/072_recortado_denoised.wav,0
072_recortado_denoised__seg41,072,072_recortado_denoised.wav,41,/home/ci2dt2-ai/Proyectos/Psiquiatria/Clasificación Final/Ansiedad/wav/0/072_recortado_denoised.wav,0
072_recortado_denoised__seg42,072,072_recortado_denoised.wav,42,/home/ci2dt2-ai/Proyectos/Psiquiatria/Clasificación Final/Ansiedad/wav/0/072_recortado_denoised.wav,0
072_recortado_denoised__seg43,072,072_recortado_denoised.wav,43,/home/ci2dt2-ai/Proyectos/Psiquiatria/Clasificación Final/Ansiedad/wav/0/072_recortado_denoised.wav,0
072_recortado_denoised__seg44,072,072_recortado_denoised.wav,44,/home/ci2dt2-ai/Proyectos/Psiquiatria/Clasificación Final/Ansiedad/wav/0/072_recortado_denoised.wav,0
072_recortado_denoised__seg45,072,072_recortado_denoised.wav,45,/home/ci2dt2-ai/Proyectos/Psiquiatria/Clasificación Final/Ansiedad/wav/0/072_recortado_denoised.wav,0
072_recortado_denoised__seg46,072,072_recortado_denoised.wav,46,/home/ci2dt2-ai/Proyectos/Psiquiatria/Clasificación Final/Ansiedad/wav/0/072_recortado_denoised.wav,0
072_recortado_denoised__seg47,072,072_recortado_denoised.wav,47,/home/ci2dt2-ai/Proyectos/Psiquiatria/Clasificación Final/Ansiedad/wav/0/072_recortado_denoised.wav,0
072_recortado_denoised__seg48,072,072_recortado_denoised.wav,48,/home/ci2dt2-ai/Proyectos/Psiquiatria/Clasificación Final/Ansiedad/wav/0/072_recortado_denoised.wav,0
072_recortado_denoised__seg49,072,072_recortado_denoised.wav,49,/home/ci2dt2-ai/Proyectos/Psiquiatria/Clasificación Final/Ansiedad/wav/0/072_recortado_denoised.wav,0
072_recortado_denoised__seg50,072,072_recortado_denoised.wav,50,/home/ci2dt2-ai/Proyectos/Psiquiatria/Clasificación Final/Ansiedad/wav/0/072_recortado_denoised.wav,0
072_recortado_denoised__seg51,072,072_recortado_denoised.wav,51,/home/ci2dt2-ai/Proyectos/Psiquiatria/Clasificación Final/Ansiedad/wav/0/072_recortado_denoised.wav,0
072_recortado_denoised__seg52,072,072_recortado_denoised.wav,52,/home/ci2dt2-ai/Proyectos/Psiquiatria/Clasificación Final/Ansiedad/wav/0/072_recortado_denoised.wav,0
072_recortado_denoised__seg53,072,072_recortado_denoised.wav,53,/home/ci2dt2-ai/Proyectos/Psiquiatria/Clasificación Final/Ansiedad/wav/0/072_recortado_denoised.wav,0
072_recortado_denoised__seg54,072,072_recortado_denoised.wav,54,/home/ci2dt2-ai/Proyectos/Psiquiatria/Clasificación Final/Ansiedad/wav/0/072_recortado_denoised.wav,0
072_recortado_denoised__seg55,072,072_recortado_denoised.wav,55,/home/ci2dt2-ai/Proyectos/Psiquiatria/Clasificación Final/Ansiedad/wav/0/072_recortado_denoised.wav,0
072_recortado_denoised__seg56,072,072_recortado_denoised.wav,56,/home/ci2dt2-ai/Proyectos/Psiquiatria/Clasificación Final/Ansiedad/wav/0/072_recortado_denoised.wav,0
072_recortado_denoised__seg57,072,072_recortado_denoised.wav,57,/home/ci2dt2-ai/Proyectos/Psiquiatria/Clasificación Final/Ansiedad/wav/0/072_recortado_denoised.wav,0
072_recortado_denoised__seg58,072,072_recortado_denoised.wav,58,/home/ci2dt2-ai/Proyectos/Psiquiatria/Clasificación Final/Ansiedad/wav/0/072_recortado_denoised.wav,0
072_recortado_denoised__seg59,072,072_recortado_denoised.wav,59,/home/ci2dt2-ai/Proyectos/Psiquiatria/Clasificación Final/Ansiedad/wav/0/072_recortado_denoised.wav,0
072_recortado_denoised__seg60,072,072_recortado_denoised.wav,60,/home/ci2dt2-ai/Proyectos/Psiquiatria/Clasificación Final/Ansiedad/wav/0/072_recortado_denoised.wav,0
072_recortado_denoised__seg61,072,072_recortado_denoised.wav,61,/home/ci2dt2-ai/Proyectos/Psiquiatria/Clasificación Final/Ansiedad/wav/0/072_recortado_denoised.wav,0
072_recortado_denoised__seg62,072,072_recortado_denoised.wav,62,/home/ci2dt2-ai/Proyectos/Psiquiatria/Clasificación Final/Ansiedad/wav/0/072_recortado_denoised.wav,0
072_recortado_denoised__seg63,072,072_recortado_denoised.wav,63,/home/ci2dt2-ai/Proyectos/Psiquiatria/Clasificación Final/Ansiedad/wav/0/072_recortado_denoised.wav,0
072_recortado_denoised__seg64,072,072_recortado_denoised.wav,64,/home/ci2dt2-ai/Proyectos/Psiquiatria/Clasificación Final/Ansiedad/wav/0/072_recortado_denoised.wav,0
072_recortado_denoised__seg65,072,072_recortado_denoised.wav,65,/home/ci2dt2-ai/Proyectos/Psiquiatria/Clasificación Final/Ansiedad/wav/0/072_recortado_denoised.wav,0
074_recortado_denoised__seg0,074,074_recortado_denoised.wav,0,/home/ci2dt2-ai/Proyectos/Psiquiatria/Clasificación Final/Ansiedad/wav/0/074_recortado_denoised.wav,0
074_recortado_denoised__seg1,074,074_recortado_denoised.wav,1,/home/ci2dt2-ai/Proyectos/Psiquiatria/Clasificación Final/Ansiedad/wav/0/074_recortado_denoised.wav,0
074_recortado_denoised__seg2,074,074_recortado_denoised.wav,2,/home/ci2dt2-ai/Proyectos/Psiquiatria/Clasificación Final/Ansiedad/wav/0/074_recortado_denoised.wav,0
074_recortado_denoised__seg3,074,074_recortado_denoised.wav,3,/home/ci2dt2-ai/Proyectos/Psiquiatria/Clasificación Final/Ansiedad/wav/0/074_recortado_denoised.wav,0
074_recortado_denoised__seg4,074,074_recortado_denoised.wav,4,/home/ci2dt2-ai/Proyectos/Psiquiatria/Clasificación Final/Ansiedad/wav/0/074_recortado_denoised.wav,0
074_recortado_denoised__seg5,074,074_recortado_denoised.wav,5,/home/ci2dt2-ai/Proyectos/Psiquiatria/Clasificación Final/Ansiedad/wav/0/074_recortado_denoised.wav,0
074_recortado_denoised__seg6,074,074_recortado_denoised.wav,6,/home/ci2dt2-ai/Proyectos/Psiquiatria/Clasificación Final/Ansiedad/wav/0/074_recortado_denoised.wav,0
074_recortado_denoised__seg7,074,074_recortado_denoised.wav,7,/home/ci2dt2-ai/Proyectos/Psiquiatria/Clasificación Final/Ansiedad/wav/0/074_recortado_denoised.wav,0
074_recortado_denoised__seg8,074,074_recortado_denoised.wav,8,/home/ci2dt2-ai/Proyectos/Psiquiatria/Clasificación Final/Ansiedad/wav/0/074_recortado_denoised.wav,0
074_recortado_denoised__seg9,074,074_recortado_denoised.wav,9,/home/ci2dt2-ai/Proyectos/Psiquiatria/Clasificación Final/Ansiedad/wav/0/074_recortado_denoised.wav,0
074_recortado_denoised__seg10,074,074_recortado_denoised.wav,10,/home/ci2dt2-ai/Proyectos/Psiquiatria/Clasificación Final/Ansiedad/wav/0/074_recortado_denoised.wav,0
074_recortado_denoised__seg11,074,074_recortado_denoised.wav,11,/home/ci2dt2-ai/Proyectos/Psiquiatria/Clasificación Final/Ansiedad/wav/0/074_recortado_denoised.wav,0
074_recortado_denoised__seg12,074,074_recortado_denoised.wav,12,/home/ci2dt2-ai/Proyectos/Psiquiatria/Clasificación Final/Ansiedad/wav/0/074_recortado_denoised.wav,0
074_recortado_denoised__seg13,074,074_recortado_denoised.wav,13,/home/ci2dt2-ai/Proyectos/Psiquiatria/Clasificación Final/Ansiedad/wav/0/074_recortado_denoised.wav,0
074_recortado_denoised__seg14,074,074_recortado_denoised.wav,14,/home/ci2dt2-ai/Proyectos/Psiquiatria/Clasificación Final/Ansiedad/wav/0/074_recortado_denoised.wav,0
074_recortado_denoised__seg15,074,074_recortado_denoised.wav,15,/home/ci2dt2-ai/Proyectos/Psiquiatria/Clasificación Final/Ansiedad/wav/0/074_recortado_denoised.wav,0
074_recortado_denoised__seg16,074,074_recortado_denoised.wav,16,/home/ci2dt2-ai/Proyectos/Psiquiatria/Clasificación Final/Ansiedad/wav/0/074_recortado_denoised.wav,0
074_recortado_denoised__seg17,074,074_recortado_denoised.wav,17,/home/ci2dt2-ai/Proyectos/Psiquiatria/Clasificación Final/Ansiedad/wav/0/074_recortado_denoised.wav,0
074_recortado_denoised__seg18,074,074_recortado_denoised.wav,18,/home/ci2dt2-ai/Proyectos/Psiquiatria/Clasificación Final/Ansiedad/wav/0/074_recortado_denoised.wav,0
074_recortado_denoised__seg19,074,074_recortado_denoised.wav,19,/home/ci2dt2-ai/Proyectos/Psiquiatria/Clasificación Final/Ansiedad/wav/0/074_recortado_denoised.wav,0
074_recortado_denoised__seg20,074,074_recortado_denoised.wav,20,/home/ci2dt2-ai/Proyectos/Psiquiatria/Clasificación Final/Ansiedad/wav/0/074_recortado_denoised.wav,0
074_recortado_denoised__seg21,074,074_recortado_denoised.wav,21,/home/ci2dt2-ai/Proyectos/Psiquiatria/Clasificación Final/Ansiedad/wav/0/074_recortado_denoised.wav,0
074_recortado_denoised__seg22,074,074_recortado_denoised.wav,22,/home/ci2dt2-ai/Proyectos/Psiquiatria/Clasificación Final/Ansiedad/wav/0/074_recortado_denoised.wav,0
074_recortado_denoised__seg23,074,074_recortado_denoised.wav,23,/home/ci2dt2-ai/Proyectos/Psiquiatria/Clasificación Final/Ansiedad/wav/0/074_recortado_denoised.wav,0
074_recortado_denoised__seg24,074,074_recortado_denoised.wav,24,/home/ci2dt2-ai/Proyectos/Psiquiatria/Clasificación Final/Ansiedad/wav/0/074_recortado_denoised.wav,0
074_recortado_denoised__seg25,074,074_recortado_denoised.wav,25,/home/ci2dt2-ai/Proyectos/Psiquiatria/Clasificación Final/Ansiedad/wav/0/074_recortado_denoised.wav,0
074_recortado_denoised__seg26,074,074_recortado_denoised.wav,26,/home/ci2dt2-ai/Proyectos/Psiquiatria/Clasificación Final/Ansiedad/wav/0/074_recortado_denoised.wav,0
074_recortado_denoised__seg27,074,074_recortado_denoised.wav,27,/home/ci2dt2-ai/Proyectos/Psiquiatria/Clasificación Final/Ansiedad/wav/0/074_recortado_denoised.wav,0
074_recortado_denoised__seg28,074,074_recortado_denoised.wav,28,/home/ci2dt2-ai/Proyectos/Psiquiatria/Clasificación Final/Ansiedad/wav/0/074_recortado_denoised.wav,0
074_recortado_denoised__seg29,074,074_recortado_denoised.wav,29,/home/ci2dt2-ai/Proyectos/Psiquiatria/Clasificación Final/Ansiedad/wav/0/074_recortado_denoised.wav,0
074_recortado_denoised__seg30,074,074_recortado_denoised.wav,30,/home/ci2dt2-ai/Proyectos/Psiquiatria/Clasificación Final/Ansiedad/wav/0/074_recortado_denoised.wav,0
074_recortado_denoised__seg31,074,074_recortado_denoised.wav,31,/home/ci2dt2-ai/Proyectos/Psiquiatria/Clasificación Final/Ansiedad/wav/0/074_recortado_denoised.wav,0
074_recortado_denoised__seg32,074,074_recortado_denoised.wav,32,/home/ci2dt2-ai/Proyectos/Psiquiatria/Clasificación Final/Ansiedad/wav/0/074_recortado_denoised.wav,0
074_recortado_denoised__seg33,074,074_recortado_denoised.wav,33,/home/ci2dt2-ai/Proyectos/Psiquiatria/Clasificación Final/Ansiedad/wav/0/074_recortado_denoised.wav,0
074_recortado_denoised__seg34,074,074_recortado_denoised.wav,34,/home/ci2dt2-ai/Proyectos/Psiquiatria/Clasificación Final/Ansiedad/wav/0/074_recortado_denoised.wav,0
074_recortado_denoised__seg35,074,074_recortado_denoised.wav,35,/home/ci2dt2-ai/Proyectos/Psiquiatria/Clasificación Final/Ansiedad/wav/0/074_recortado_denoised.wav,0
074_recortado_denoised__seg36,074,074_recortado_denoised.wav,36,/home/ci2dt2-ai/Proyectos/Psiquiatria/Clasificación Final/Ansiedad/wav/0/074_recortado_denoised.wav,0
074_recortado_denoised__seg37,074,074_recortado_denoised.wav,37,/home/ci2dt2-ai/Proyectos/Psiquiatria/Clasificación Final/Ansiedad/wav/0/074_recortado_denoised.wav,0
074_recortado_denoised__seg38,074,074_recortado_denoised.wav,38,/home/ci2dt2-ai/Proyectos/Psiquiatria/Clasificación Final/Ansiedad/wav/0/074_recortado_denoised.wav,0
074_recortado_denoised__seg39,074,074_recortado_denoised.wav,39,/home/ci2dt2-ai/Proyectos/Psiquiatria/Clasificación Final/Ansiedad/wav/0/074_recortado_denoised.wav,0
074_recortado_denoised__seg40,074,074_recortado_denoised.wav,40,/home/ci2dt2-ai/Proyectos/Psiquiatria/Clasificación Final/Ansiedad/wav/0/074_recortado_denoised.wav,0
074_recortado_denoised__seg41,074,074_recortado_denoised.wav,41,/home/ci2dt2-ai/Proyectos/Psiquiatria/Clasificación Final/Ansiedad/wav/0/074_recortado_denoised.wav,0
074_recortado_denoised__seg42,074,074_recortado_denoised.wav,42,/home/ci2dt2-ai/Proyectos/Psiquiatria/Clasificación Final/Ansiedad/wav/0/074_recortado_denoised.wav,0
074_recortado_denoised__seg43,074,074_recortado_denoised.wav,43,/home/ci2dt2-ai/Proyectos/Psiquiatria/Clasificación Final/Ansiedad/wav/0/074_recortado_denoised.wav,0
074_recortado_denoised__seg44,074,074_recortado_denoised.wav,44,/home/ci2dt2-ai/Proyectos/Psiquiatria/Clasificación Final/Ansiedad/wav/0/074_recortado_denoised.wav,0
074_recortado_denoised__seg45,074,074_recortado_denoised.wav,45,/home/ci2dt2-ai/Proyectos/Psiquiatria/Clasificación Final/Ansiedad/wav/0/074_recortado_denoised.wav,0
074_recortado_denoised__seg46,074,074_recortado_denoised.wav,46,/home/ci2dt2-ai/Proyectos/Psiquiatria/Clasificación Final/Ansiedad/wav/0/074_recortado_denoised.wav,0
074_recortado_denoised__seg47,074,074_recortado_denoised.wav,47,/home/ci2dt2-ai/Proyectos/Psiquiatria/Clasificación Final/Ansiedad/wav/0/074_recortado_denoised.wav,0
074_recortado_denoised__seg48,074,074_recortado_denoised.wav,48,/home/ci2dt2-ai/Proyectos/Psiquiatria/Clasificación Final/Ansiedad/wav/0/074_recortado_denoised.wav,0
074_recortado_denoised__seg49,074,074_recortado_denoised.wav,49,/home/ci2dt2-ai/Proyectos/Psiquiatria/Clasificación Final/Ansiedad/wav/0/074_recortado_denoised.wav,0
074_recortado_denoised__seg50,074,074_recortado_denoised.wav,50,/home/ci2dt2-ai/Proyectos/Psiquiatria/Clasificación Final/Ansiedad/wav/0/074_recortado_denoised.wav,0
074_recortado_denoised__seg51,074,074_recortado_denoised.wav,51,/home/ci2dt2-ai/Proyectos/Psiquiatria/Clasificación Final/Ansiedad/wav/0/074_recortado_denoised.wav,0
074_recortado_denoised__seg52,074,074_recortado_denoised.wav,52,/home/ci2dt2-ai/Proyectos/Psiquiatria/Clasificación Final/Ansiedad/wav/0/074_recortado_denoised.wav,0
074_recortado_denoised__seg53,074,074_recortado_denoised.wav,53,/home/ci2dt2-ai/Proyectos/Psiquiatria/Clasificación Final/Ansiedad/wav/0/074_recortado_denoised.wav,0
074_recortado_denoised__seg54,074,074_recortado_denoised.wav,54,/home/ci2dt2-ai/Proyectos/Psiquiatria/Clasificación Final/Ansiedad/wav/0/074_recortado_denoised.wav,0
074_recortado_denoised__seg55,074,074_recortado_denoised.wav,55,/home/ci2dt2-ai/Proyectos/Psiquiatria/Clasificación Final/Ansiedad/wav/0/074_recortado_denoised.wav,0
074_recortado_denoised__seg56,074,074_recortado_denoised.wav,56,/home/ci2dt2-ai/Proyectos/Psiquiatria/Clasificación Final/Ansiedad/wav/0/074_recortado_denoised.wav,0
074_recortado_denoised__seg57,074,074_recortado_denoised.wav,57,/home/ci2dt2-ai/Proyectos/Psiquiatria/Clasificación Final/Ansiedad/wav/0/074_recortado_denoised.wav,0
074_recortado_denoised__seg58,074,074_recortado_denoised.wav,58,/home/ci2dt2-ai/Proyectos/Psiquiatria/Clasificación Final/Ansiedad/wav/0/074_recortado_denoised.wav,0
074_recortado_denoised__seg59,074,074_recortado_denoised.wav,59,/home/ci2dt2-ai/Proyectos/Psiquiatria/Clasificación Final/Ansiedad/wav/0/074_recortado_denoised.wav,0
074_recortado_denoised__seg60,074,074_recortado_denoised.wav,60,/home/ci2dt2-ai/Proyectos/Psiquiatria/Clasificación Final/Ansiedad/wav/0/074_recortado_denoised.wav,0
074_recortado_denoised__seg61,074,074_recortado_denoised.wav,61,/home/ci2dt2-ai/Proyectos/Psiquiatria/Clasificación Final/Ansiedad/wav/0/074_recortado_denoised.wav,0
074_recortado_denoised__seg62,074,074_recortado_denoised.wav,62,/home/ci2dt2-ai/Proyectos/Psiquiatria/Clasificación Final/Ansiedad/wav/0/074_recortado_denoised.wav,0
074_recortado_denoised__seg63,074,074_recortado_denoised.wav,63,/home/ci2dt2-ai/Proyectos/Psiquiatria/Clasificación Final/Ansiedad/wav/0/074_recortado_denoised.wav,0
074_recortado_denoised__seg64,074,074_recortado_denoised.wav,64,/home/ci2dt2-ai/Proyectos/Psiquiatria/Clasificación Final/Ansiedad/wav/0/074_recortado_denoised.wav,0
074_recortado_denoised__seg65,074,074_recortado_denoised.wav,65,/home/ci2dt2-ai/Proyectos/Psiquiatria/Clasificación Final/Ansiedad/wav/0/074_recortado_denoised.wav,0
074_recortado_denoised__seg66,074,074_recortado_denoised.wav,66,/home/ci2dt2-ai/Proyectos/Psiquiatria/Clasificación Final/Ansiedad/wav/0/074_recortado_denoised.wav,0
074_recortado_denoised__seg67,074,074_recortado_denoised.wav,67,/home/ci2dt2-ai/Proyectos/Psiquiatria/Clasificación Final/Ansiedad/wav/0/074_recortado_denoised.wav,0
074_recortado_denoised__seg68,074,074_recortado_denoised.wav,68,/home/ci2dt2-ai/Proyectos/Psiquiatria/Clasificación Final/Ansiedad/wav/0/074_recortado_denoised.wav,0
074_recortado_denoised__seg69,074,074_recortado_denoised.wav,69,/home/ci2dt2-ai/Proyectos/Psiquiatria/Clasificación Final/Ansiedad/wav/0/074_recortado_denoised.wav,0
074_recortado_denoised__seg70,074,074_recortado_denoised.wav,70,/home/ci2dt2-ai/Proyectos/Psiquiatria/Clasificación Final/Ansiedad/wav/0/074_recortado_denoised.wav,0
074_recortado_denoised__seg71,074,074_recortado_denoised.wav,71,/home/ci2dt2-ai/Proyectos/Psiquiatria/Clasificación Final/Ansiedad/wav/0/074_recortado_denoised.wav,0
074_recortado_denoised__seg72,074,074_recortado_denoised.wav,72,/home/ci2dt2-ai/Proyectos/Psiquiatria/Clasificación Final/Ansiedad/wav/0/074_recortado_denoised.wav,0
074_recortado_denoised__seg73,074,074_recortado_denoised.wav,73,/home/ci2dt2-ai/Proyectos/Psiquiatria/Clasificación Final/Ansiedad/wav/0/074_recortado_denoised.wav,0
074_recortado_denoised__seg74,074,074_recortado_denoised.wav,74,/home/ci2dt2-ai/Proyectos/Psiquiatria/Clasificación Final/Ansiedad/wav/0/074_recortado_denoised.wav,0
074_recortado_denoised__seg75,074,074_recortado_denoised.wav,75,/home/ci2dt2-ai/Proyectos/Psiquiatria/Clasificación Final/Ansiedad/wav/0/074_recortado_denoised.wav,0
074_recortado_denoised__seg76,074,074_recortado_denoised.wav,76,/home/ci2dt2-ai/Proyectos/Psiquiatria/Clasificación Final/Ansiedad/wav/0/074_recortado_denoised.wav,0
074_recortado_denoised__seg77,074,074_recortado_denoised.wav,77,/home/ci2dt2-ai/Proyectos/Psiquiatria/Clasificación Final/Ansiedad/wav/0/074_recortado_denoised.wav,0
074_recortado_denoised__seg78,074,074_recortado_denoised.wav,78,/home/ci2dt2-ai/Proyectos/Psiquiatria/Clasificación Final/Ansiedad/wav/0/074_recortado_denoised.wav,0
074_recortado_denoised__seg79,074,074_recortado_denoised.wav,79,/home/ci2dt2-ai/Proyectos/Psiquiatria/Clasificación Final/Ansiedad/wav/0/074_recortado_denoised.wav,0
074_recortado_denoised__seg80,074,074_recortado_denoised.wav,80,/home/ci2dt2-ai/Proyectos/Psiquiatria/Clasificación Final/Ansiedad/wav/0/074_recortado_denoised.wav,0
074_recortado_denoised__seg81,074,074_recortado_denoised.wav,81,/home/ci2dt2-ai/Proyectos/Psiquiatria/Clasificación Final/Ansiedad/wav/0/074_recortado_denoised.wav,0
074_recortado_denoised__seg82,074,074_recortado_denoised.wav,82,/home/ci2dt2-ai/Proyectos/Psiquiatria/Clasificación Final/Ansiedad/wav/0/074_recortado_denoised.wav,0
074_recortado_denoised__seg83,074,074_recortado_denoised.wav,83,/home/ci2dt2-ai/Proyectos/Psiquiatria/Clasificación Final/Ansiedad/wav/0/074_recortado_denoised.wav,0
074_recortado_denoised__seg84,074,074_recortado_denoised.wav,84,/home/ci2dt2-ai/Proyectos/Psiquiatria/Clasificación Final/Ansiedad/wav/0/074_recortado_denoised.wav,0
074_recortado_denoised__seg85,074,074_recortado_denoised.wav,85,/home/ci2dt2-ai/Proyectos/Psiquiatria/Clasificación Final/Ansiedad/wav/0/074_recortado_denoised.wav,0
074_recortado_denoised__seg86,074,074_recortado_denoised.wav,86,/home/ci2dt2-ai/Proyectos/Psiquiatria/Clasificación Final/Ansiedad/wav/0/074_recortado_denoised.wav,0
074_recortado_denoised__seg87,074,074_recortado_denoised.wav,87,/home/ci2dt2-ai/Proyectos/Psiquiatria/Clasificación Final/Ansiedad/wav/0/074_recortado_denoised.wav,0
074_recortado_denoised__seg88,074,074_recortado_denoised.wav,88,/home/ci2dt2-ai/Proyectos/Psiquiatria/Clasificación Final/Ansiedad/wav/0/074_recortado_denoised.wav,0
075_recortado_denoised__seg0,075,075_recortado_denoised.wav,0,/home/ci2dt2-ai/Proyectos/Psiquiatria/Clasificación Final/Ansiedad/wav/0/075_recortado_denoised.wav,0
075_recortado_denoised__seg1,075,075_recortado_denoised.wav,1,/home/ci2dt2-ai/Proyectos/Psiquiatria/Clasificación Final/Ansiedad/wav/0/075_recortado_denoised.wav,0
075_recortado_denoised__seg2,075,075_recortado_denoised.wav,2,/home/ci2dt2-ai/Proyectos/Psiquiatria/Clasificación Final/Ansiedad/wav/0/075_recortado_denoised.wav,0
075_recortado_denoised__seg3,075,075_recortado_denoised.wav,3,/home/ci2dt2-ai/Proyectos/Psiquiatria/Clasificación Final/Ansiedad/wav/0/075_recortado_denoised.wav,0
075_recortado_denoised__seg4,075,075_recortado_denoised.wav,4,/home/ci2dt2-ai/Proyectos/Psiquiatria/Clasificación Final/Ansiedad/wav/0/075_recortado_denoised.wav,0
075_recortado_denoised__seg5,075,075_recortado_denoised.wav,5,/home/ci2dt2-ai/Proyectos/Psiquiatria/Clasificación Final/Ansiedad/wav/0/075_recortado_denoised.wav,0
075_recortado_denoised__seg6,075,075_recortado_denoised.wav,6,/home/ci2dt2-ai/Proyectos/Psiquiatria/Clasificación Final/Ansiedad/wav/0/075_recortado_denoised.wav,0
075_recortado_denoised__seg7,075,075_recortado_denoised.wav,7,/home/ci2dt2-ai/Proyectos/Psiquiatria/Clasificación Final/Ansiedad/wav/0/075_recortado_denoised.wav,0
075_recortado_denoised__seg8,075,075_recortado_denoised.wav,8,/home/ci2dt2-ai/Proyectos/Psiquiatria/Clasificación Final/Ansiedad/wav/0/075_recortado_denoised.wav,0
075_recortado_denoised__seg9,075,075_recortado_denoised.wav,9,/home/ci2dt2-ai/Proyectos/Psiquiatria/Clasificación Final/Ansiedad/wav/0/075_recortado_denoised.wav,0
075_recortado_denoised__seg10,075,075_recortado_denoised.wav,10,/home/ci2dt2-ai/Proyectos/Psiquiatria/Clasificación Final/Ansiedad/wav/0/075_recortado_denoised.wav,0
075_recortado_denoised__seg11,075,075_recortado_denoised.wav,11,/home/ci2dt2-ai/Proyectos/Psiquiatria/Clasificación Final/Ansiedad/wav/0/075_recortado_denoised.wav,0
075_recortado_denoised__seg12,075,075_recortado_denoised.wav,12,/home/ci2dt2-ai/Proyectos/Psiquiatria/Clasificación Final/Ansiedad/wav/0/075_recortado_denoised.wav,0
075_recortado_denoised__seg13,075,075_recortado_denoised.wav,13,/home/ci2dt2-ai/Proyectos/Psiquiatria/Clasificación Final/Ansiedad/wav/0/075_recortado_denoised.wav,0
075_recortado_denoised__seg14,075,075_recortado_denoised.wav,14,/home/ci2dt2-ai/Proyectos/Psiquiatria/Clasificación Final/Ansiedad/wav/0/075_recortado_denoised.wav,0
075_recortado_denoised__seg15,075,075_recortado_denoised.wav,15,/home/ci2dt2-ai/Proyectos/Psiquiatria/Clasificación Final/Ansiedad/wav/0/075_recortado_denoised.wav,0
075_recortado_denoised__seg16,075,075_recortado_denoised.wav,16,/home/ci2dt2-ai/Proyectos/Psiquiatria/Clasificación Final/Ansiedad/wav/0/075_recortado_denoised.wav,0
075_recortado_denoised__seg17,075,075_recortado_denoised.wav,17,/home/ci2dt2-ai/Proyectos/Psiquiatria/Clasificación Final/Ansiedad/wav/0/075_recortado_denoised.wav,0
075_recortado_denoised__seg18,075,075_recortado_denoised.wav,18,/home/ci2dt2-ai/Proyectos/Psiquiatria/Clasificación Final/Ansiedad/wav/0/075_recortado_denoised.wav,0
075_recortado_denoised__seg19,075,075_recortado_denoised.wav,19,/home/ci2dt2-ai/Proyectos/Psiquiatria/Clasificación Final/Ansiedad/wav/0/075_recortado_denoised.wav,0
075_recortado_denoised__seg20,075,075_recortado_denoised.wav,20,/home/ci2dt2-ai/Proyectos/Psiquiatria/Clasificación Final/Ansiedad/wav/0/075_recortado_denoised.wav,0
075_recortado_denoised__seg21,075,075_recortado_denoised.wav,21,/home/ci2dt2-ai/Proyectos/Psiquiatria/Clasificación Final/Ansiedad/wav/0/075_recortado_denoised.wav,0
075_recortado_denoised__seg22,075,075_recortado_denoised.wav,22,/home/ci2dt2-ai/Proyectos/Psiquiatria/Clasificación Final/Ansiedad/wav/0/075_recortado_denoised.wav,0
075_recortado_denoised__seg23,075,075_recortado_denoised.wav,23,/home/ci2dt2-ai/Proyectos/Psiquiatria/Clasificación Final/Ansiedad/wav/0/075_recortado_denoised.wav,0
075_recortado_denoised__seg24,075,075_recortado_denoised.wav,24,/home/ci2dt2-ai/Proyectos/Psiquiatria/Clasificación Final/Ansiedad/wav/0/075_recortado_denoised.wav,0
075_recortado_denoised__seg25,075,075_recortado_denoised.wav,25,/home/ci2dt2-ai/Proyectos/Psiquiatria/Clasificación Final/Ansiedad/wav/0/075_recortado_denoised.wav,0
075_recortado_denoised__seg26,075,075_recortado_denoised.wav,26,/home/ci2dt2-ai/Proyectos/Psiquiatria/Clasificación Final/Ansiedad/wav/0/075_recortado_denoised.wav,0
075_recortado_denoised__seg27,075,075_recortado_denoised.wav,27,/home/ci2dt2-ai/Proyectos/Psiquiatria/Clasificación Final/Ansiedad/wav/0/075_recortado_denoised.wav,0
075_recortado_denoised__seg28,075,075_recortado_denoised.wav,28,/home/ci2dt2-ai/Proyectos/Psiquiatria/Clasificación Final/Ansiedad/wav/0/075_recortado_denoised.wav,0
075_recortado_denoised__seg29,075,075_recortado_denoised.wav,29,/home/ci2dt2-ai/Proyectos/Psiquiatria/Clasificación Final/Ansiedad/wav/0/075_recortado_denoised.wav,0
075_recortado_denoised__seg30,075,075_recortado_denoised.wav,30,/home/ci2dt2-ai/Proyectos/Psiquiatria/Clasificación Final/Ansiedad/wav/0/075_recortado_denoised.wav,0
075_recortado_denoised__seg31,075,075_recortado_denoised.wav,31,/home/ci2dt2-ai/Proyectos/Psiquiatria/Clasificación Final/Ansiedad/wav/0/075_recortado_denoised.wav,0
075_recortado_denoised__seg32,075,075_recortado_denoised.wav,32,/home/ci2dt2-ai/Proyectos/Psiquiatria/Clasificación Final/Ansiedad/wav/0/075_recortado_denoised.wav,0
075_recortado_denoised__seg33,075,075_recortado_denoised.wav,33,/home/ci2dt2-ai/Proyectos/Psiquiatria/Clasificación Final/Ansiedad/wav/0/075_recortado_denoised.wav,0
075_recortado_denoised__seg34,075,075_recortado_denoised.wav,34,/home/ci2dt2-ai/Proyectos/Psiquiatria/Clasificación Final/Ansiedad/wav/0/075_recortado_denoised.wav,0
075_recortado_denoised__seg35,075,075_recortado_denoised.wav,35,/home/ci2dt2-ai/Proyectos/Psiquiatria/Clasificación Final/Ansiedad/wav/0/075_recortado_denoised.wav,0
075_recortado_denoised__seg36,075,075_recortado_denoised.wav,36,/home/ci2dt2-ai/Proyectos/Psiquiatria/Clasificación Final/Ansiedad/wav/0/075_recortado_denoised.wav,0
075_recortado_denoised__seg37,075,075_recortado_denoised.wav,37,/home/ci2dt2-ai/Proyectos/Psiquiatria/Clasificación Final/Ansiedad/wav/0/075_recortado_denoised.wav,0
075_recortado_denoised__seg38,075,075_recortado_denoised.wav,38,/home/ci2dt2-ai/Proyectos/Psiquiatria/Clasificación Final/Ansiedad/wav/0/075_recortado_denoised.wav,0
075_recortado_denoised__seg39,075,075_recortado_denoised.wav,39,/home/ci2dt2-ai/Proyectos/Psiquiatria/Clasificación Final/Ansiedad/wav/0/075_recortado_denoised.wav,0
075_recortado_denoised__seg40,075,075_recortado_denoised.wav,40,/home/ci2dt2-ai/Proyectos/Psiquiatria/Clasificación Final/Ansiedad/wav/0/075_recortado_denoised.wav,0
075_recortado_denoised__seg41,075,075_recortado_denoised.wav,41,/home/ci2dt2-ai/Proyectos/Psiquiatria/Clasificación Final/Ansiedad/wav/0/075_recortado_denoised.wav,0
075_recortado_denoised__seg42,075,075_recortado_denoised.wav,42,/home/ci2dt2-ai/Proyectos/Psiquiatria/Clasificación Final/Ansiedad/wav/0/075_recortado_denoised.wav,0
075_recortado_denoised__seg43,075,075_recortado_denoised.wav,43,/home/ci2dt2-ai/Proyectos/Psiquiatria/Clasificación Final/Ansiedad/wav/0/075_recortado_denoised.wav,0
075_recortado_denoised__seg44,075,075_recortado_denoised.wav,44,/home/ci2dt2-ai/Proyectos/Psiquiatria/Clasificación Final/Ansiedad/wav/0/075_recortado_denoised.wav,0
075_recortado_denoised__seg45,075,075_recortado_denoised.wav,45,/home/ci2dt2-ai/Proyectos/Psiquiatria/Clasificación Final/Ansiedad/wav/0/075_recortado_denoised.wav,0
075_recortado_denoised__seg46,075,075_recortado_denoised.wav,46,/home/ci2dt2-ai/Proyectos/Psiquiatria/Clasificación Final/Ansiedad/wav/0/075_recortado_denoised.wav,0
075_recortado_denoised__seg47,075,075_recortado_denoised.wav,47,/home/ci2dt2-ai/Proyectos/Psiquiatria/Clasificación Final/Ansiedad/wav/0/075_recortado_denoised.wav,0
075_recortado_denoised__seg48,075,075_recortado_denoised.wav,48,/home/ci2dt2-ai/Proyectos/Psiquiatria/Clasificación Final/Ansiedad/wav/0/075_recortado_denoised.wav,0
075_recortado_denoised__seg49,075,075_recortado_denoised.wav,49,/home/ci2dt2-ai/Proyectos/Psiquiatria/Clasificación Final/Ansiedad/wav/0/075_recortado_denoised.wav,0
075_recortado_denoised__seg50,075,075_recortado_denoised.wav,50,/home/ci2dt2-ai/Proyectos/Psiquiatria/Clasificación Final/Ansiedad/wav/0/075_recortado_denoised.wav,0
075_recortado_denoised__seg51,075,075_recortado_denoised.wav,51,/home/ci2dt2-ai/Proyectos/Psiquiatria/Clasificación Final/Ansiedad/wav/0/075_recortado_denoised.wav,0
075_recortado_denoised__seg52,075,075_recortado_denoised.wav,52,/home/ci2dt2-ai/Proyectos/Psiquiatria/Clasificación Final/Ansiedad/wav/0/075_recortado_denoised.wav,0
075_recortado_denoised__seg53,075,075_recortado_denoised.wav,53,/home/ci2dt2-ai/Proyectos/Psiquiatria/Clasificación Final/Ansiedad/wav/0/075_recortado_denoised.wav,0
075_recortado_denoised__seg54,075,075_recortado_denoised.wav,54,/home/ci2dt2-ai/Proyectos/Psiquiatria/Clasificación Final/Ansiedad/wav/0/075_recortado_denoised.wav,0
075_recortado_denoised__seg55,075,075_recortado_denoised.wav,55,/home/ci2dt2-ai/Proyectos/Psiquiatria/Clasificación Final/Ansiedad/wav/0/075_recortado_denoised.wav,0
075_recortado_denoised__seg56,075,075_recortado_denoised.wav,56,/home/ci2dt2-ai/Proyectos/Psiquiatria/Clasificación Final/Ansiedad/wav/0/075_recortado_denoised.wav,0
075_recortado_denoised__seg57,075,075_recortado_denoised.wav,57,/home/ci2dt2-ai/Proyectos/Psiquiatria/Clasificación Final/Ansiedad/wav/0/075_recortado_denoised.wav,0
075_recortado_denoised__seg58,075,075_recortado_denoised.wav,58,/home/ci2dt2-ai/Proyectos/Psiquiatria/Clasificación Final/Ansiedad/wav/0/075_recortado_denoised.wav,0
075_recortado_denoised__seg59,075,075_recortado_denoised.wav,59,/home/ci2dt2-ai/Proyectos/Psiquiatria/Clasificación Final/Ansiedad/wav/0/075_recortado_denoised.wav,0
075_recortado_denoised__seg60,075,075_recortado_denoised.wav,60,/home/ci2dt2-ai/Proyectos/Psiquiatria/Clasificación Final/Ansiedad/wav/0/075_recortado_denoised.wav,0
075_recortado_denoised__seg61,075,075_recortado_denoised.wav,61,/home/ci2dt2-ai/Proyectos/Psiquiatria/Clasificación Final/Ansiedad/wav/0/075_recortado_denoised.wav,0
075_recortado_denoised__seg62,075,075_recortado_denoised.wav,62,/home/ci2dt2-ai/Proyectos/Psiquiatria/Clasificación Final/Ansiedad/wav/0/075_recortado_denoised.wav,0
075_recortado_denoised__seg63,075,075_recortado_denoised.wav,63,/home/ci2dt2-ai/Proyectos/Psiquiatria/Clasificación Final/Ansiedad/wav/0/075_recortado_denoised.wav,0
075_recortado_denoised__seg64,075,075_recortado_denoised.wav,64,/home/ci2dt2-ai/Proyectos/Psiquiatria/Clasificación Final/Ansiedad/wav/0/075_recortado_denoised.wav,0
075_recortado_denoised__seg65,075,075_recortado_denoised.wav,65,/home/ci2dt2-ai/Proyectos/Psiquiatria/Clasificación Final/Ansiedad/wav/0/075_recortado_denoised.wav,0
075_recortado_denoised__seg66,075,075_recortado_denoised.wav,66,/home/ci2dt2-ai/Proyectos/Psiquiatria/Clasificación Final/Ansiedad/wav/0/075_recortado_denoised.wav,0
075_recortado_denoised__seg67,075,075_recortado_denoised.wav,67,/home/ci2dt2-ai/Proyectos/Psiquiatria/Clasificación Final/Ansiedad/wav/0/075_recortado_denoised.wav,0
075_recortado_denoised__seg68,075,075_recortado_denoised.wav,68,/home/ci2dt2-ai/Proyectos/Psiquiatria/Clasificación Final/Ansiedad/wav/0/075_recortado_denoised.wav,0
075_recortado_denoised__seg69,075,075_recortado_denoised.wav,69,/home/ci2dt2-ai/Proyectos/Psiquiatria/Clasificación Final/Ansiedad/wav/0/075_recortado_denoised.wav,0
075_recortado_denoised__seg70,075,075_recortado_denoised.wav,70,/home/ci2dt2-ai/Proyectos/Psiquiatria/Clasificación Final/Ansiedad/wav/0/075_recortado_denoised.wav,0
075_recortado_denoised__seg71,075,075_recortado_denoised.wav,71,/home/ci2dt2-ai/Proyectos/Psiquiatria/Clasificación Final/Ansiedad/wav/0/075_recortado_denoised.wav,0
075_recortado_denoised__seg72,075,075_recortado_denoised.wav,72,/home/ci2dt2-ai/Proyectos/Psiquiatria/Clasificación Final/Ansiedad/wav/0/075_recortado_denoised.wav,0
075_recortado_denoised__seg73,075,075_recortado_denoised.wav,73,/home/ci2dt2-ai/Proyectos/Psiquiatria/Clasificación Final/Ansiedad/wav/0/075_recortado_denoised.wav,0
075_recortado_denoised__seg74,075,075_recortado_denoised.wav,74,/home/ci2dt2-ai/Proyectos/Psiquiatria/Clasificación Final/Ansiedad/wav/0/075_recortado_denoised.wav,0
075_recortado_denoised__seg75,075,075_recortado_denoised.wav,75,/home/ci2dt2-ai/Proyectos/Psiquiatria/Clasificación Final/Ansiedad/wav/0/075_recortado_denoised.wav,0
075_recortado_denoised__seg76,075,075_recortado_denoised.wav,76,/home/ci2dt2-ai/Proyectos/Psiquiatria/Clasificación Final/Ansiedad/wav/0/075_recortado_denoised.wav,0
075_recortado_denoised__seg77,075,075_recortado_denoised.wav,77,/home/ci2dt2-ai/Proyectos/Psiquiatria/Clasificación Final/Ansiedad/wav/0/075_recortado_denoised.wav,0
075_recortado_denoised__seg78,075,075_recortado_denoised.wav,78,/home/ci2dt2-ai/Proyectos/Psiquiatria/Clasificación Final/Ansiedad/wav/0/075_recortado_denoised.wav,0
075_recortado_denoised__seg79,075,075_recortado_denoised.wav,79,/home/ci2dt2-ai/Proyectos/Psiquiatria/Clasificación Final/Ansiedad/wav/0/075_recortado_denoised.wav,0
075_recortado_denoised__seg80,075,075_recortado_denoised.wav,80,/home/ci2dt2-ai/Proyectos/Psiquiatria/Clasificación Final/Ansiedad/wav/0/075_recortado_denoised.wav,0
075_recortado_denoised__seg81,075,075_recortado_denoised.wav,81,/home/ci2dt2-ai/Proyectos/Psiquiatria/Clasificación Final/Ansiedad/wav/0/075_recortado_denoised.wav,0
075_recortado_denoised__seg82,075,075_recortado_denoised.wav,82,/home/ci2dt2-ai/Proyectos/Psiquiatria/Clasificación Final/Ansiedad/wav/0/075_recortado_denoised.wav,0
075_recortado_denoised__seg83,075,075_recortado_denoised.wav,83,/home/ci2dt2-ai/Proyectos/Psiquiatria/Clasificación Final/Ansiedad/wav/0/075_recortado_denoised.wav,0
075_recortado_denoised__seg84,075,075_recortado_denoised.wav,84,/home/ci2dt2-ai/Proyectos/Psiquiatria/Clasificación Final/Ansiedad/wav/0/075_recortado_denoised.wav,0
075_recortado_denoised__seg85,075,075_recortado_denoised.wav,85,/home/ci2dt2-ai/Proyectos/Psiquiatria/Clasificación Final/Ansiedad/wav/0/075_recortado_denoised.wav,0
075_recortado_denoised__seg86,075,075_recortado_denoised.wav,86,/home/ci2dt2-ai/Proyectos/Psiquiatria/Clasificación Final/Ansiedad/wav/0/075_recortado_denoised.wav,0
075_recortado_denoised__seg87,075,075_recortado_denoised.wav,87,/home/ci2dt2-ai/Proyectos/Psiquiatria/Clasificación Final/Ansiedad/wav/0/075_recortado_denoised.wav,0
075_recortado_denoised__seg88,075,075_recortado_denoised.wav,88,/home/ci2dt2-ai/Proyectos/Psiquiatria/Clasificación Final/Ansiedad/wav/0/075_recortado_denoised.wav,0
075_recortado_denoised__seg89,075,075_recortado_denoised.wav,89,/home/ci2dt2-ai/Proyectos/Psiquiatria/Clasificación Final/Ansiedad/wav/0/075_recortado_denoised.wav,0
075_recortado_denoised__seg90,075,075_recortado_denoised.wav,90,/home/ci2dt2-ai/Proyectos/Psiquiatria/Clasificación Final/Ansiedad/wav/0/075_recortado_denoised.wav,0
075_recortado_denoised__seg91,075,075_recortado_denoised.wav,91,/home/ci2dt2-ai/Proyectos/Psiquiatria/Clasificación Final/Ansiedad/wav/0/075_recortado_denoised.wav,0
075_recortado_denoised__seg92,075,075_recortado_denoised.wav,92,/home/ci2dt2-ai/Proyectos/Psiquiatria/Clasificación Final/Ansiedad/wav/0/075_recortado_denoised.wav,0
075_recortado_denoised__seg93,075,075_recortado_denoised.wav,93,/home/ci2dt2-ai/Proyectos/Psiquiatria/Clasificación Final/Ansiedad/wav/0/075_recortado_denoised.wav,0
075_recortado_denoised__seg94,075,075_recortado_denoised.wav,94,/home/ci2dt2-ai/Proyectos/Psiquiatria/Clasificación Final/Ansiedad/wav/0/075_recortado_denoised.wav,0
075_recortado_denoised__seg95,075,075_recortado_denoised.wav,95,/home/ci2dt2-ai/Proyectos/Psiquiatria/Clasificación Final/Ansiedad/wav/0/075_recortado_denoised.wav,0
075_recortado_denoised__seg96,075,075_recortado_denoised.wav,96,/home/ci2dt2-ai/Proyectos/Psiquiatria/Clasificación Final/Ansiedad/wav/0/075_recortado_denoised.wav,0
075_recortado_denoised__seg97,075,075_recortado_denoised.wav,97,/home/ci2dt2-ai/Proyectos/Psiquiatria/Clasificación Final/Ansiedad/wav/0/075_recortado_denoised.wav,0
075_recortado_denoised__seg98,075,075_recortado_denoised.wav,98,/home/ci2dt2-ai/Proyectos/Psiquiatria/Clasificación Final/Ansiedad/wav/0/075_recortado_denoised.wav,0
075_recortado_denoised__seg99,075,075_recortado_denoised.wav,99,/home/ci2dt2-ai/Proyectos/Psiquiatria/Clasificación Final/Ansiedad/wav/0/075_recortado_denoised.wav,0
075_recortado_denoised__seg100,075,075_recortado_denoised.wav,100,/home/ci2dt2-ai/Proyectos/Psiquiatria/Clasificación Final/Ansiedad/wav/0/075_recortado_denoised.wav,0
075_recortado_denoised__seg101,075,075_recortado_denoised.wav,101,/home/ci2dt2-ai/Proyectos/Psiquiatria/Clasificación Final/Ansiedad/wav/0/075_recortado_denoised.wav,0
075_recortado_denoised__seg102,075,075_recortado_denoised.wav,102,/home/ci2dt2-ai/Proyectos/Psiquiatria/Clasificación Final/Ansiedad/wav/0/075_recortado_denoised.wav,0
075_recortado_denoised__seg103,075,075_recortado_denoised.wav,103,/home/ci2dt2-ai/Proyectos/Psiquiatria/Clasificación Final/Ansiedad/wav/0/075_recortado_denoised.wav,0
075_recortado_denoised__seg104,075,075_recortado_denoised.wav,104,/home/ci2dt2-ai/Proyectos/Psiquiatria/Clasificación Final/Ansiedad/wav/0/075_recortado_denoised.wav,0
075_recortado_denoised__seg105,075,075_recortado_denoised.wav,105,/home/ci2dt2-ai/Proyectos/Psiquiatria/Clasificación Final/Ansiedad/wav/0/075_recortado_denoised.wav,0
075_recortado_denoised__seg106,075,075_recortado_denoised.wav,106,/home/ci2dt2-ai/Proyectos/Psiquiatria/Clasificación Final/Ansiedad/wav/0/075_recortado_denoised.wav,0
075_recortado_denoised__seg107,075,075_recortado_denoised.wav,107,/home/ci2dt2-ai/Proyectos/Psiquiatria/Clasificación Final/Ansiedad/wav/0/075_recortado_denoised.wav,0
075_recortado_denoised__seg108,075,075_recortado_denoised.wav,108,/home/ci2dt2-ai/Proyectos/Psiquiatria/Clasificación Final/Ansiedad/wav/0/075_recortado_denoised.wav,0
075_recortado_denoised__seg109,075,075_recortado_denoised.wav,109,/home/ci2dt2-ai/Proyectos/Psiquiatria/Clasificación Final/Ansiedad/wav/0/075_recortado_denoised.wav,0
075_recortado_denoised__seg110,075,075_recortado_denoised.wav,110,/home/ci2dt2-ai/Proyectos/Psiquiatria/Clasificación Final/Ansiedad/wav/0/075_recortado_denoised.wav,0
075_recortado_denoised__seg111,075,075_recortado_denoised.wav,111,/home/ci2dt2-ai/Proyectos/Psiquiatria/Clasificación Final/Ansiedad/wav/0/075_recortado_denoised.wav,0
075_recortado_denoised__seg112,075,075_recortado_denoised.wav,112,/home/ci2dt2-ai/Proyectos/Psiquiatria/Clasificación Final/Ansiedad/wav/0/075_recortado_denoised.wav,0
075_recortado_denoised__seg113,075,075_recortado_denoised.wav,113,/home/ci2dt2-ai/Proyectos/Psiquiatria/Clasificación Final/Ansiedad/wav/0/075_recortado_denoised.wav,0
075_recortado_denoised__seg114,075,075_recortado_denoised.wav,114,/home/ci2dt2-ai/Proyectos/Psiquiatria/Clasificación Final/Ansiedad/wav/0/075_recortado_denoised.wav,0
075_recortado_denoised__seg115,075,075_recortado_denoised.wav,115,/home/ci2dt2-ai/Proyectos/Psiquiatria/Clasificación Final/Ansiedad/wav/0/075_recortado_denoised.wav,0
075_recortado_denoised__seg116,075,075_recortado_denoised.wav,116,/home/ci2dt2-ai/Proyectos/Psiquiatria/Clasificación Final/Ansiedad/wav/0/075_recortado_denoised.wav,0
075_recortado_denoised__seg117,075,075_recortado_denoised.wav,117,/home/ci2dt2-ai/Proyectos/Psiquiatria/Clasificación Final/Ansiedad/wav/0/075_recortado_denoised.wav,0
075_recortado_denoised__seg118,075,075_recortado_denoised.wav,118,/home/ci2dt2-ai/Proyectos/Psiquiatria/Clasificación Final/Ansiedad/wav/0/075_recortado_denoised.wav,0
075_recortado_denoised__seg119,075,075_recortado_denoised.wav,119,/home/ci2dt2-ai/Proyectos/Psiquiatria/Clasificación Final/Ansiedad/wav/0/075_recortado_denoised.wav,0
075_recortado_denoised__seg120,075,075_recortado_denoised.wav,120,/home/ci2dt2-ai/Proyectos/Psiquiatria/Clasificación Final/Ansiedad/wav/0/075_recortado_denoised.wav,0
075_recortado_denoised__seg121,075,075_recortado_denoised.wav,121,/home/ci2dt2-ai/Proyectos/Psiquiatria/Clasificación Final/Ansiedad/wav/0/075_recortado_denoised.wav,0
075_recortado_denoised__seg122,075,075_recortado_denoised.wav,122,/home/ci2dt2-ai/Proyectos/Psiquiatria/Clasificación Final/Ansiedad/wav/0/075_recortado_denoised.wav,0
075_recortado_denoised__seg123,075,075_recortado_denoised.wav,123,/home/ci2dt2-ai/Proyectos/Psiquiatria/Clasificación Final/Ansiedad/wav/0/075_recortado_denoised.wav,0
075_recortado_denoised__seg124,075,075_recortado_denoised.wav,124,/home/ci2dt2-ai/Proyectos/Psiquiatria/Clasificación Final/Ansiedad/wav/0/075_recortado_denoised.wav,0
075_recortado_denoised__seg125,075,075_recortado_denoised.wav,125,/home/ci2dt2-ai/Proyectos/Psiquiatria/Clasificación Final/Ansiedad/wav/0/075_recortado_denoised.wav,0
075_recortado_denoised__seg126,075,075_recortado_denoised.wav,126,/home/ci2dt2-ai/Proyectos/Psiquiatria/Clasificación Final/Ansiedad/wav/0/075_recortado_denoised.wav,0
075_recortado_denoised__seg127,075,075_recortado_denoised.wav,127,/home/ci2dt2-ai/Proyectos/Psiquiatria/Clasificación Final/Ansiedad/wav/0/075_recortado_denoised.wav,0
075_recortado_denoised__seg128,075,075_recortado_denoised.wav,128,/home/ci2dt2-ai/Proyectos/Psiquiatria/Clasificación Final/Ansiedad/wav/0/075_recortado_denoised.wav,0
075_recortado_denoised__seg129,075,075_recortado_denoised.wav,129,/home/ci2dt2-ai/Proyectos/Psiquiatria/Clasificación Final/Ansiedad/wav/0/075_recortado_denoised.wav,0
075_recortado_denoised__seg130,075,075_recortado_denoised.wav,130,/home/ci2dt2-ai/Proyectos/Psiquiatria/Clasificación Final/Ansiedad/wav/0/075_recortado_denoised.wav,0
075_recortado_denoised__seg131,075,075_recortado_denoised.wav,131,/home/ci2dt2-ai/Proyectos/Psiquiatria/Clasificación Final/Ansiedad/wav/0/075_recortado_denoised.wav,0
075_recortado_denoised__seg132,075,075_recortado_denoised.wav,132,/home/ci2dt2-ai/Proyectos/Psiquiatria/Clasificación Final/Ansiedad/wav/0/075_recortado_denoised.wav,0
075_recortado_denoised__seg133,075,075_recortado_denoised.wav,133,/home/ci2dt2-ai/Proyectos/Psiquiatria/Clasificación Final/Ansiedad/wav/0/075_recortado_denoised.wav,0
075_recortado_denoised__seg134,075,075_recortado_denoised.wav,134,/home/ci2dt2-ai/Proyectos/Psiquiatria/Clasificación Final/Ansiedad/wav/0/075_recortado_denoised.wav,0
075_recortado_denoised__seg135,075,075_recortado_denoised.wav,135,/home/ci2dt2-ai/Proyectos/Psiquiatria/Clasificación Final/Ansiedad/wav/0/075_recortado_denoised.wav,0
075_recortado_denoised__seg136,075,075_recortado_denoised.wav,136,/home/ci2dt2-ai/Proyectos/Psiquiatria/Clasificación Final/Ansiedad/wav/0/075_recortado_denoised.wav,0
075_recortado_denoised__seg137,075,075_recortado_denoised.wav,137,/home/ci2dt2-ai/Proyectos/Psiquiatria/Clasificación Final/Ansiedad/wav/0/075_recortado_denoised.wav,0
075_recortado_denoised__seg138,075,075_recortado_denoised.wav,138,/home/ci2dt2-ai/Proyectos/Psiquiatria/Clasificación Final/Ansiedad/wav/0/075_recortado_denoised.wav,0
075_recortado_denoised__seg139,075,075_recortado_denoised.wav,139,/home/ci2dt2-ai/Proyectos/Psiquiatria/Clasificación Final/Ansiedad/wav/0/075_recortado_denoised.wav,0
075_recortado_denoised__seg140,075,075_recortado_denoised.wav,140,/home/ci2dt2-ai/Proyectos/Psiquiatria/Clasificación Final/Ansiedad/wav/0/075_recortado_denoised.wav,0
075_recortado_denoised__seg141,075,075_recortado_denoised.wav,141,/home/ci2dt2-ai/Proyectos/Psiquiatria/Clasificación Final/Ansiedad/wav/0/075_recortado_denoised.wav,0
075_recortado_denoised__seg142,075,075_recortado_denoised.wav,142,/home/ci2dt2-ai/Proyectos/Psiquiatria/Clasificación Final/Ansiedad/wav/0/075_recortado_denoised.wav,0
075_recortado_denoised__seg143,075,075_recortado_denoised.wav,143,/home/ci2dt2-ai/Proyectos/Psiquiatria/Clasificación Final/Ansiedad/wav/0/075_recortado_denoised.wav,0
075_recortado_denoised__seg144,075,075_recortado_denoised.wav,144,/home/ci2dt2-ai/Proyectos/Psiquiatria/Clasificación Final/Ansiedad/wav/0/075_recortado_denoised.wav,0
075_recortado_denoised__seg145,075,075_recortado_denoised.wav,145,/home/ci2dt2-ai/Proyectos/Psiquiatria/Clasificación Final/Ansiedad/wav/0/075_recortado_denoised.wav,0
075_recortado_denoised__seg146,075,075_recortado_denoised.wav,146,/home/ci2dt2-ai/Proyectos/Psiquiatria/Clasificación Final/Ansiedad/wav/0/075_recortado_denoised.wav,0
075_recortado_denoised__seg147,075,075_recortado_denoised.wav,147,/home/ci2dt2-ai/Proyectos/Psiquiatria/Clasificación Final/Ansiedad/wav/0/075_recortado_denoised.wav,0
075_recortado_denoised__seg148,075,075_recortado_denoised.wav,148,/home/ci2dt2-ai/Proyectos/Psiquiatria/Clasificación Final/Ansiedad/wav/0/075_recortado_denoised.wav,0
075_recortado_denoised__seg149,075,075_recortado_denoised.wav,149,/home/ci2dt2-ai/Proyectos/Psiquiatria/Clasificación Final/Ansiedad/wav/0/075_recortado_denoised.wav,0
075_recortado_denoised__seg150,075,075_recortado_denoised.wav,150,/home/ci2dt2-ai/Proyectos/Psiquiatria/Clasificación Final/Ansiedad/wav/0/075_recortado_denoised.wav,0
075_recortado_denoised__seg151,075,075_recortado_denoised.wav,151,/home/ci2dt2-ai/Proyectos/Psiquiatria/Clasificación Final/Ansiedad/wav/0/075_recortado_denoised.wav,0
075_recortado_denoised__seg152,075,075_recortado_denoised.wav,152,/home/ci2dt2-ai/Proyectos/Psiquiatria/Clasificación Final/Ansiedad/wav/0/075_recortado_denoised.wav,0
075_recortado_denoised__seg153,075,075_recortado_denoised.wav,153,/home/ci2dt2-ai/Proyectos/Psiquiatria/Clasificación Final/Ansiedad/wav/0/075_recortado_denoised.wav,0
075_recortado_denoised__seg154,075,075_recortado_denoised.wav,154,/home/ci2dt2-ai/Proyectos/Psiquiatria/Clasificación Final/Ansiedad/wav/0/075_recortado_denoised.wav,0
075_recortado_denoised__seg155,075,075_recortado_denoised.wav,155,/home/ci2dt2-ai/Proyectos/Psiquiatria/Clasificación Final/Ansiedad/wav/0/075_recortado_denoised.wav,0
075_recortado_denoised__seg156,075,075_recortado_denoised.wav,156,/home/ci2dt2-ai/Proyectos/Psiquiatria/Clasificación Final/Ansiedad/wav/0/075_recortado_denoised.wav,0
076_recortado_denoised__seg0,076,076_recortado_denoised.wav,0,/home/ci2dt2-ai/Proyectos/Psiquiatria/Clasificación Final/Ansiedad/wav/0/076_recortado_denoised.wav,0
076_recortado_denoised__seg1,076,076_recortado_denoised.wav,1,/home/ci2dt2-ai/Proyectos/Psiquiatria/Clasificación Final/Ansiedad/wav/0/076_recortado_denoised.wav,0
076_recortado_denoised__seg2,076,076_recortado_denoised.wav,2,/home/ci2dt2-ai/Proyectos/Psiquiatria/Clasificación Final/Ansiedad/wav/0/076_recortado_denoised.wav,0
076_recortado_denoised__seg3,076,076_recortado_denoised.wav,3,/home/ci2dt2-ai/Proyectos/Psiquiatria/Clasificación Final/Ansiedad/wav/0/076_recortado_denoised.wav,0
076_recortado_denoised__seg4,076,076_recortado_denoised.wav,4,/home/ci2dt2-ai/Proyectos/Psiquiatria/Clasificación Final/Ansiedad/wav/0/076_recortado_denoised.wav,0
076_recortado_denoised__seg5,076,076_recortado_denoised.wav,5,/home/ci2dt2-ai/Proyectos/Psiquiatria/Clasificación Final/Ansiedad/wav/0/076_recortado_denoised.wav,0
076_recortado_denoised__seg6,076,076_recortado_denoised.wav,6,/home/ci2dt2-ai/Proyectos/Psiquiatria/Clasificación Final/Ansiedad/wav/0/076_recortado_denoised.wav,0
076_recortado_denoised__seg7,076,076_recortado_denoised.wav,7,/home/ci2dt2-ai/Proyectos/Psiquiatria/Clasificación Final/Ansiedad/wav/0/076_recortado_denoised.wav,0
076_recortado_denoised__seg8,076,076_recortado_denoised.wav,8,/home/ci2dt2-ai/Proyectos/Psiquiatria/Clasificación Final/Ansiedad/wav/0/076_recortado_denoised.wav,0
076_recortado_denoised__seg9,076,076_recortado_denoised.wav,9,/home/ci2dt2-ai/Proyectos/Psiquiatria/Clasificación Final/Ansiedad/wav/0/076_recortado_denoised.wav,0
076_recortado_denoised__seg10,076,076_recortado_denoised.wav,10,/home/ci2dt2-ai/Proyectos/Psiquiatria/Clasificación Final/Ansiedad/wav/0/076_recortado_denoised.wav,0
076_recortado_denoised__seg11,076,076_recortado_denoised.wav,11,/home/ci2dt2-ai/Proyectos/Psiquiatria/Clasificación Final/Ansiedad/wav/0/076_recortado_denoised.wav,0
076_recortado_denoised__seg12,076,076_recortado_denoised.wav,12,/home/ci2dt2-ai/Proyectos/Psiquiatria/Clasificación Final/Ansiedad/wav/0/076_recortado_denoised.wav,0
076_recortado_denoised__seg13,076,076_recortado_denoised.wav,13,/home/ci2dt2-ai/Proyectos/Psiquiatria/Clasificación Final/Ansiedad/wav/0/076_recortado_denoised.wav,0
076_recortado_denoised__seg14,076,076_recortado_denoised.wav,14,/home/ci2dt2-ai/Proyectos/Psiquiatria/Clasificación Final/Ansiedad/wav/0/076_recortado_denoised.wav,0
076_recortado_denoised__seg15,076,076_recortado_denoised.wav,15,/home/ci2dt2-ai/Proyectos/Psiquiatria/Clasificación Final/Ansiedad/wav/0/076_recortado_denoised.wav,0
076_recortado_denoised__seg16,076,076_recortado_denoised.wav,16,/home/ci2dt2-ai/Proyectos/Psiquiatria/Clasificación Final/Ansiedad/wav/0/076_recortado_denoised.wav,0
076_recortado_denoised__seg17,076,076_recortado_denoised.wav,17,/home/ci2dt2-ai/Proyectos/Psiquiatria/Clasificación Final/Ansiedad/wav/0/076_recortado_denoised.wav,0
076_recortado_denoised__seg18,076,076_recortado_denoised.wav,18,/home/ci2dt2-ai/Proyectos/Psiquiatria/Clasificación Final/Ansiedad/wav/0/076_recortado_denoised.wav,0
076_recortado_denoised__seg19,076,076_recortado_denoised.wav,19,/home/ci2dt2-ai/Proyectos/Psiquiatria/Clasificación Final/Ansiedad/wav/0/076_recortado_denoised.wav,0
076_recortado_denoised__seg20,076,076_recortado_denoised.wav,20,/home/ci2dt2-ai/Proyectos/Psiquiatria/Clasificación Final/Ansiedad/wav/0/076_recortado_denoised.wav,0
076_recortado_denoised__seg21,076,076_recortado_denoised.wav,21,/home/ci2dt2-ai/Proyectos/Psiquiatria/Clasificación Final/Ansiedad/wav/0/076_recortado_denoised.wav,0
076_recortado_denoised__seg22,076,076_recortado_denoised.wav,22,/home/ci2dt2-ai/Proyectos/Psiquiatria/Clasificación Final/Ansiedad/wav/0/076_recortado_denoised.wav,0
076_recortado_denoised__seg23,076,076_recortado_denoised.wav,23,/home/ci2dt2-ai/Proyectos/Psiquiatria/Clasificación Final/Ansiedad/wav/0/076_recortado_denoised.wav,0
076_recortado_denoised__seg24,076,076_recortado_denoised.wav,24,/home/ci2dt2-ai/Proyectos/Psiquiatria/Clasificación Final/Ansiedad/wav/0/076_recortado_denoised.wav,0
076_recortado_denoised__seg25,076,076_recortado_denoised.wav,25,/home/ci2dt2-ai/Proyectos/Psiquiatria/Clasificación Final/Ansiedad/wav/0/076_recortado_denoised.wav,0
076_recortado_denoised__seg26,076,076_recortado_denoised.wav,26,/home/ci2dt2-ai/Proyectos/Psiquiatria/Clasificación Final/Ansiedad/wav/0/076_recortado_denoised.wav,0
076_recortado_denoised__seg27,076,076_recortado_denoised.wav,27,/home/ci2dt2-ai/Proyectos/Psiquiatria/Clasificación Final/Ansiedad/wav/0/076_recortado_denoised.wav,0
076_recortado_denoised__seg28,076,076_recortado_denoised.wav,28,/home/ci2dt2-ai/Proyectos/Psiquiatria/Clasificación Final/Ansiedad/wav/0/076_recortado_denoised.wav,0
076_recortado_denoised__seg29,076,076_recortado_denoised.wav,29,/home/ci2dt2-ai/Proyectos/Psiquiatria/Clasificación Final/Ansiedad/wav/0/076_recortado_denoised.wav,0
076_recortado_denoised__seg30,076,076_recortado_denoised.wav,30,/home/ci2dt2-ai/Proyectos/Psiquiatria/Clasificación Final/Ansiedad/wav/0/076_recortado_denoised.wav,0
076_recortado_denoised__seg31,076,076_recortado_denoised.wav,31,/home/ci2dt2-ai/Proyectos/Psiquiatria/Clasificación Final/Ansiedad/wav/0/076_recortado_denoised.wav,0
076_recortado_denoised__seg32,076,076_recortado_denoised.wav,32,/home/ci2dt2-ai/Proyectos/Psiquiatria/Clasificación Final/Ansiedad/wav/0/076_recortado_denoised.wav,0
076_recortado_denoised__seg33,076,076_recortado_denoised.wav,33,/home/ci2dt2-ai/Proyectos/Psiquiatria/Clasificación Final/Ansiedad/wav/0/076_recortado_denoised.wav,0
076_recortado_denoised__seg34,076,076_recortado_denoised.wav,34,/home/ci2dt2-ai/Proyectos/Psiquiatria/Clasificación Final/Ansiedad/wav/0/076_recortado_denoised.wav,0
076_recortado_denoised__seg35,076,076_recortado_denoised.wav,35,/home/ci2dt2-ai/Proyectos/Psiquiatria/Clasificación Final/Ansiedad/wav/0/076_recortado_denoised.wav,0
076_recortado_denoised__seg36,076,076_recortado_denoised.wav,36,/home/ci2dt2-ai/Proyectos/Psiquiatria/Clasificación Final/Ansiedad/wav/0/076_recortado_denoised.wav,0
076_recortado_denoised__seg37,076,076_recortado_denoised.wav,37,/home/ci2dt2-ai/Proyectos/Psiquiatria/Clasificación Final/Ansiedad/wav/0/076_recortado_denoised.wav,0
076_recortado_denoised__seg38,076,076_recortado_denoised.wav,38,/home/ci2dt2-ai/Proyectos/Psiquiatria/Clasificación Final/Ansiedad/wav/0/076_recortado_denoised.wav,0
076_recortado_denoised__seg39,076,076_recortado_denoised.wav,39,/home/ci2dt2-ai/Proyectos/Psiquiatria/Clasificación Final/Ansiedad/wav/0/076_recortado_denoised.wav,0
076_recortado_denoised__seg40,076,076_recortado_denoised.wav,40,/home/ci2dt2-ai/Proyectos/Psiquiatria/Clasificación Final/Ansiedad/wav/0/076_recortado_denoised.wav,0
076_recortado_denoised__seg41,076,076_recortado_denoised.wav,41,/home/ci2dt2-ai/Proyectos/Psiquiatria/Clasificación Final/Ansiedad/wav/0/076_recortado_denoised.wav,0
076_recortado_denoised__seg42,076,076_recortado_denoised.wav,42,/home/ci2dt2-ai/Proyectos/Psiquiatria/Clasificación Final/Ansiedad/wav/0/076_recortado_denoised.wav,0
076_recortado_denoised__seg43,076,076_recortado_denoised.wav,43,/home/ci2dt2-ai/Proyectos/Psiquiatria/Clasificación Final/Ansiedad/wav/0/076_recortado_denoised.wav,0
076_recortado_denoised__seg44,076,076_recortado_denoised.wav,44,/home/ci2dt2-ai/Proyectos/Psiquiatria/Clasificación Final/Ansiedad/wav/0/076_recortado_denoised.wav,0
076_recortado_denoised__seg45,076,076_recortado_denoised.wav,45,/home/ci2dt2-ai/Proyectos/Psiquiatria/Clasificación Final/Ansiedad/wav/0/076_recortado_denoised.wav,0
076_recortado_denoised__seg46,076,076_recortado_denoised.wav,46,/home/ci2dt2-ai/Proyectos/Psiquiatria/Clasificación Final/Ansiedad/wav/0/076_recortado_denoised.wav,0
076_recortado_denoised__seg47,076,076_recortado_denoised.wav,47,/home/ci2dt2-ai/Proyectos/Psiquiatria/Clasificación Final/Ansiedad/wav/0/076_recortado_denoised.wav,0
076_recortado_denoised__seg48,076,076_recortado_denoised.wav,48,/home/ci2dt2-ai/Proyectos/Psiquiatria/Clasificación Final/Ansiedad/wav/0/076_recortado_denoised.wav,0
076_recortado_denoised__seg49,076,076_recortado_denoised.wav,49,/home/ci2dt2-ai/Proyectos/Psiquiatria/Clasificación Final/Ansiedad/wav/0/076_recortado_denoised.wav,0
076_recortado_denoised__seg50,076,076_recortado_denoised.wav,50,/home/ci2dt2-ai/Proyectos/Psiquiatria/Clasificación Final/Ansiedad/wav/0/076_recortado_denoised.wav,0
076_recortado_denoised__seg51,076,076_recortado_denoised.wav,51,/home/ci2dt2-ai/Proyectos/Psiquiatria/Clasificación Final/Ansiedad/wav/0/076_recortado_denoised.wav,0
076_recortado_denoised__seg52,076,076_recortado_denoised.wav,52,/home/ci2dt2-ai/Proyectos/Psiquiatria/Clasificación Final/Ansiedad/wav/0/076_recortado_denoised.wav,0
078_recortado_denoised__seg0,078,078_recortado_denoised.wav,0,/home/ci2dt2-ai/Proyectos/Psiquiatria/Clasificación Final/Ansiedad/wav/0/078_recortado_denoised.wav,0
078_recortado_denoised__seg1,078,078_recortado_denoised.wav,1,/home/ci2dt2-ai/Proyectos/Psiquiatria/Clasificación Final/Ansiedad/wav/0/078_recortado_denoised.wav,0
078_recortado_denoised__seg2,078,078_recortado_denoised.wav,2,/home/ci2dt2-ai/Proyectos/Psiquiatria/Clasificación Final/Ansiedad/wav/0/078_recortado_denoised.wav,0
078_recortado_denoised__seg3,078,078_recortado_denoised.wav,3,/home/ci2dt2-ai/Proyectos/Psiquiatria/Clasificación Final/Ansiedad/wav/0/078_recortado_denoised.wav,0
078_recortado_denoised__seg4,078,078_recortado_denoised.wav,4,/home/ci2dt2-ai/Proyectos/Psiquiatria/Clasificación Final/Ansiedad/wav/0/078_recortado_denoised.wav,0
078_recortado_denoised__seg5,078,078_recortado_denoised.wav,5,/home/ci2dt2-ai/Proyectos/Psiquiatria/Clasificación Final/Ansiedad/wav/0/078_recortado_denoised.wav,0
078_recortado_denoised__seg6,078,078_recortado_denoised.wav,6,/home/ci2dt2-ai/Proyectos/Psiquiatria/Clasificación Final/Ansiedad/wav/0/078_recortado_denoised.wav,0
078_recortado_denoised__seg7,078,078_recortado_denoised.wav,7,/home/ci2dt2-ai/Proyectos/Psiquiatria/Clasificación Final/Ansiedad/wav/0/078_recortado_denoised.wav,0
078_recortado_denoised__seg8,078,078_recortado_denoised.wav,8,/home/ci2dt2-ai/Proyectos/Psiquiatria/Clasificación Final/Ansiedad/wav/0/078_recortado_denoised.wav,0
078_recortado_denoised__seg9,078,078_recortado_denoised.wav,9,/home/ci2dt2-ai/Proyectos/Psiquiatria/Clasificación Final/Ansiedad/wav/0/078_recortado_denoised.wav,0
078_recortado_denoised__seg10,078,078_recortado_denoised.wav,10,/home/ci2dt2-ai/Proyectos/Psiquiatria/Clasificación Final/Ansiedad/wav/0/078_recortado_denoised.wav,0
078_recortado_denoised__seg11,078,078_recortado_denoised.wav,11,/home/ci2dt2-ai/Proyectos/Psiquiatria/Clasificación Final/Ansiedad/wav/0/078_recortado_denoised.wav,0
078_recortado_denoised__seg12,078,078_recortado_denoised.wav,12,/home/ci2dt2-ai/Proyectos/Psiquiatria/Clasificación Final/Ansiedad/wav/0/078_recortado_denoised.wav,0
078_recortado_denoised__seg13,078,078_recortado_denoised.wav,13,/home/ci2dt2-ai/Proyectos/Psiquiatria/Clasificación Final/Ansiedad/wav/0/078_recortado_denoised.wav,0
078_recortado_denoised__seg14,078,078_recortado_denoised.wav,14,/home/ci2dt2-ai/Proyectos/Psiquiatria/Clasificación Final/Ansiedad/wav/0/078_recortado_denoised.wav,0
078_recortado_denoised__seg15,078,078_recortado_denoised.wav,15,/home/ci2dt2-ai/Proyectos/Psiquiatria/Clasificación Final/Ansiedad/wav/0/078_recortado_denoised.wav,0
078_recortado_denoised__seg16,078,078_recortado_denoised.wav,16,/home/ci2dt2-ai/Proyectos/Psiquiatria/Clasificación Final/Ansiedad/wav/0/078_recortado_denoised.wav,0
078_recortado_denoised__seg17,078,078_recortado_denoised.wav,17,/home/ci2dt2-ai/Proyectos/Psiquiatria/Clasificación Final/Ansiedad/wav/0/078_recortado_denoised.wav,0
078_recortado_denoised__seg18,078,078_recortado_denoised.wav,18,/home/ci2dt2-ai/Proyectos/Psiquiatria/Clasificación Final/Ansiedad/wav/0/078_recortado_denoised.wav,0
078_recortado_denoised__seg19,078,078_recortado_denoised.wav,19,/home/ci2dt2-ai/Proyectos/Psiquiatria/Clasificación Final/Ansiedad/wav/0/078_recortado_denoised.wav,0
078_recortado_denoised__seg20,078,078_recortado_denoised.wav,20,/home/ci2dt2-ai/Proyectos/Psiquiatria/Clasificación Final/Ansiedad/wav/0/078_recortado_denoised.wav,0
078_recortado_denoised__seg21,078,078_recortado_denoised.wav,21,/home/ci2dt2-ai/Proyectos/Psiquiatria/Clasificación Final/Ansiedad/wav/0/078_recortado_denoised.wav,0
078_recortado_denoised__seg22,078,078_recortado_denoised.wav,22,/home/ci2dt2-ai/Proyectos/Psiquiatria/Clasificación Final/Ansiedad/wav/0/078_recortado_denoised.wav,0
078_recortado_denoised__seg23,078,078_recortado_denoised.wav,23,/home/ci2dt2-ai/Proyectos/Psiquiatria/Clasificación Final/Ansiedad/wav/0/078_recortado_denoised.wav,0
078_recortado_denoised__seg24,078,078_recortado_denoised.wav,24,/home/ci2dt2-ai/Proyectos/Psiquiatria/Clasificación Final/Ansiedad/wav/0/078_recortado_denoised.wav,0
078_recortado_denoised__seg25,078,078_recortado_denoised.wav,25,/home/ci2dt2-ai/Proyectos/Psiquiatria/Clasificación Final/Ansiedad/wav/0/078_recortado_denoised.wav,0
078_recortado_denoised__seg26,078,078_recortado_denoised.wav,26,/home/ci2dt2-ai/Proyectos/Psiquiatria/Clasificación Final/Ansiedad/wav/0/078_recortado_denoised.wav,0
078_recortado_denoised__seg27,078,078_recortado_denoised.wav,27,/home/ci2dt2-ai/Proyectos/Psiquiatria/Clasificación Final/Ansiedad/wav/0/078_recortado_denoised.wav,0
078_recortado_denoised__seg28,078,078_recortado_denoised.wav,28,/home/ci2dt2-ai/Proyectos/Psiquiatria/Clasificación Final/Ansiedad/wav/0/078_recortado_denoised.wav,0
078_recortado_denoised__seg29,078,078_recortado_denoised.wav,29,/home/ci2dt2-ai/Proyectos/Psiquiatria/Clasificación Final/Ansiedad/wav/0/078_recortado_denoised.wav,0
078_recortado_denoised__seg30,078,078_recortado_denoised.wav,30,/home/ci2dt2-ai/Proyectos/Psiquiatria/Clasificación Final/Ansiedad/wav/0/078_recortado_denoised.wav,0
078_recortado_denoised__seg31,078,078_recortado_denoised.wav,31,/home/ci2dt2-ai/Proyectos/Psiquiatria/Clasificación Final/Ansiedad/wav/0/078_recortado_denoised.wav,0
078_recortado_denoised__seg32,078,078_recortado_denoised.wav,32,/home/ci2dt2-ai/Proyectos/Psiquiatria/Clasificación Final/Ansiedad/wav/0/078_recortado_denoised.wav,0
078_recortado_denoised__seg33,078,078_recortado_denoised.wav,33,/home/ci2dt2-ai/Proyectos/Psiquiatria/Clasificación Final/Ansiedad/wav/0/078_recortado_denoised.wav,0
078_recortado_denoised__seg34,078,078_recortado_denoised.wav,34,/home/ci2dt2-ai/Proyectos/Psiquiatria/Clasificación Final/Ansiedad/wav/0/078_recortado_denoised.wav,0
078_recortado_denoised__seg35,078,078_recortado_denoised.wav,35,/home/ci2dt2-ai/Proyectos/Psiquiatria/Clasificación Final/Ansiedad/wav/0/078_recortado_denoised.wav,0
078_recortado_denoised__seg36,078,078_recortado_denoised.wav,36,/home/ci2dt2-ai/Proyectos/Psiquiatria/Clasificación Final/Ansiedad/wav/0/078_recortado_denoised.wav,0
078_recortado_denoised__seg37,078,078_recortado_denoised.wav,37,/home/ci2dt2-ai/Proyectos/Psiquiatria/Clasificación Final/Ansiedad/wav/0/078_recortado_denoised.wav,0
078_recortado_denoised__seg38,078,078_recortado_denoised.wav,38,/home/ci2dt2-ai/Proyectos/Psiquiatria/Clasificación Final/Ansiedad/wav/0/078_recortado_denoised.wav,0
078_recortado_denoised__seg39,078,078_recortado_denoised.wav,39,/home/ci2dt2-ai/Proyectos/Psiquiatria/Clasificación Final/Ansiedad/wav/0/078_recortado_denoised.wav,0
078_recortado_denoised__seg40,078,078_recortado_denoised.wav,40,/home/ci2dt2-ai/Proyectos/Psiquiatria/Clasificación Final/Ansiedad/wav/0/078_recortado_denoised.wav,0
078_recortado_denoised__seg41,078,078_recortado_denoised.wav,41,/home/ci2dt2-ai/Proyectos/Psiquiatria/Clasificación Final/Ansiedad/wav/0/078_recortado_denoised.wav,0
078_recortado_denoised__seg42,078,078_recortado_denoised.wav,42,/home/ci2dt2-ai/Proyectos/Psiquiatria/Clasificación Final/Ansiedad/wav/0/078_recortado_denoised.wav,0
078_recortado_denoised__seg43,078,078_recortado_denoised.wav,43,/home/ci2dt2-ai/Proyectos/Psiquiatria/Clasificación Final/Ansiedad/wav/0/078_recortado_denoised.wav,0
078_recortado_denoised__seg44,078,078_recortado_denoised.wav,44,/home/ci2dt2-ai/Proyectos/Psiquiatria/Clasificación Final/Ansiedad/wav/0/078_recortado_denoised.wav,0
078_recortado_denoised__seg45,078,078_recortado_denoised.wav,45,/home/ci2dt2-ai/Proyectos/Psiquiatria/Clasificación Final/Ansiedad/wav/0/078_recortado_denoised.wav,0
078_recortado_denoised__seg46,078,078_recortado_denoised.wav,46,/home/ci2dt2-ai/Proyectos/Psiquiatria/Clasificación Final/Ansiedad/wav/0/078_recortado_denoised.wav,0
078_recortado_denoised__seg47,078,078_recortado_denoised.wav,47,/home/ci2dt2-ai/Proyectos/Psiquiatria/Clasificación Final/Ansiedad/wav/0/078_recortado_denoised.wav,0
078_recortado_denoised__seg48,078,078_recortado_denoised.wav,48,/home/ci2dt2-ai/Proyectos/Psiquiatria/Clasificación Final/Ansiedad/wav/0/078_recortado_denoised.wav,0
078_recortado_denoised__seg49,078,078_recortado_denoised.wav,49,/home/ci2dt2-ai/Proyectos/Psiquiatria/Clasificación Final/Ansiedad/wav/0/078_recortado_denoised.wav,0
078_recortado_denoised__seg50,078,078_recortado_denoised.wav,50,/home/ci2dt2-ai/Proyectos/Psiquiatria/Clasificación Final/Ansiedad/wav/0/078_recortado_denoised.wav,0
078_recortado_denoised__seg51,078,078_recortado_denoised.wav,51,/home/ci2dt2-ai/Proyectos/Psiquiatria/Clasificación Final/Ansiedad/wav/0/078_recortado_denoised.wav,0
078_recortado_denoised__seg52,078,078_recortado_denoised.wav,52,/home/ci2dt2-ai/Proyectos/Psiquiatria/Clasificación Final/Ansiedad/wav/0/078_recortado_denoised.wav,0
078_recortado_denoised__seg53,078,078_recortado_denoised.wav,53,/home/ci2dt2-ai/Proyectos/Psiquiatria/Clasificación Final/Ansiedad/wav/0/078_recortado_denoised.wav,0
078_recortado_denoised__seg54,078,078_recortado_denoised.wav,54,/home/ci2dt2-ai/Proyectos/Psiquiatria/Clasificación Final/Ansiedad/wav/0/078_recortado_denoised.wav,0
078_recortado_denoised__seg55,078,078_recortado_denoised.wav,55,/home/ci2dt2-ai/Proyectos/Psiquiatria/Clasificación Final/Ansiedad/wav/0/078_recortado_denoised.wav,0
078_recortado_denoised__seg56,078,078_recortado_denoised.wav,56,/home/ci2dt2-ai/Proyectos/Psiquiatria/Clasificación Final/Ansiedad/wav/0/078_recortado_denoised.wav,0
078_recortado_denoised__seg57,078,078_recortado_denoised.wav,57,/home/ci2dt2-ai/Proyectos/Psiquiatria/Clasificación Final/Ansiedad/wav/0/078_recortado_denoised.wav,0
078_recortado_denoised__seg58,078,078_recortado_denoised.wav,58,/home/ci2dt2-ai/Proyectos/Psiquiatria/Clasificación Final/Ansiedad/wav/0/078_recortado_denoised.wav,0
078_recortado_denoised__seg59,078,078_recortado_denoised.wav,59,/home/ci2dt2-ai/Proyectos/Psiquiatria/Clasificación Final/Ansiedad/wav/0/078_recortado_denoised.wav,0
078_recortado_denoised__seg60,078,078_recortado_denoised.wav,60,/home/ci2dt2-ai/Proyectos/Psiquiatria/Clasificación Final/Ansiedad/wav/0/078_recortado_denoised.wav,0
078_recortado_denoised__seg61,078,078_recortado_denoised.wav,61,/home/ci2dt2-ai/Proyectos/Psiquiatria/Clasificación Final/Ansiedad/wav/0/078_recortado_denoised.wav,0
078_recortado_denoised__seg62,078,078_recortado_denoised.wav,62,/home/ci2dt2-ai/Proyectos/Psiquiatria/Clasificación Final/Ansiedad/wav/0/078_recortado_denoised.wav,0
078_recortado_denoised__seg63,078,078_recortado_denoised.wav,63,/home/ci2dt2-ai/Proyectos/Psiquiatria/Clasificación Final/Ansiedad/wav/0/078_recortado_denoised.wav,0
078_recortado_denoised__seg64,078,078_recortado_denoised.wav,64,/home/ci2dt2-ai/Proyectos/Psiquiatria/Clasificación Final/Ansiedad/wav/0/078_recortado_denoised.wav,0
078_recortado_denoised__seg65,078,078_recortado_denoised.wav,65,/home/ci2dt2-ai/Proyectos/Psiquiatria/Clasificación Final/Ansiedad/wav/0/078_recortado_denoised.wav,0
078_recortado_denoised__seg66,078,078_recortado_denoised.wav,66,/home/ci2dt2-ai/Proyectos/Psiquiatria/Clasificación Final/Ansiedad/wav/0/078_recortado_denoised.wav,0
078_recortado_denoised__seg67,078,078_recortado_denoised.wav,67,/home/ci2dt2-ai/Proyectos/Psiquiatria/Clasificación Final/Ansiedad/wav/0/078_recortado_denoised.wav,0
078_recortado_denoised__seg68,078,078_recortado_denoised.wav,68,/home/ci2dt2-ai/Proyectos/Psiquiatria/Clasificación Final/Ansiedad/wav/0/078_recortado_denoised.wav,0
078_recortado_denoised__seg69,078,078_recortado_denoised.wav,69,/home/ci2dt2-ai/Proyectos/Psiquiatria/Clasificación Final/Ansiedad/wav/0/078_recortado_denoised.wav,0
078_recortado_denoised__seg70,078,078_recortado_denoised.wav,70,/home/ci2dt2-ai/Proyectos/Psiquiatria/Clasificación Final/Ansiedad/wav/0/078_recortado_denoised.wav,0
078_recortado_denoised__seg71,078,078_recortado_denoised.wav,71,/home/ci2dt2-ai/Proyectos/Psiquiatria/Clasificación Final/Ansiedad/wav/0/078_recortado_denoised.wav,0
078_recortado_denoised__seg72,078,078_recortado_denoised.wav,72,/home/ci2dt2-ai/Proyectos/Psiquiatria/Clasificación Final/Ansiedad/wav/0/078_recortado_denoised.wav,0
078_recortado_denoised__seg73,078,078_recortado_denoised.wav,73,/home/ci2dt2-ai/Proyectos/Psiquiatria/Clasificación Final/Ansiedad/wav/0/078_recortado_denoised.wav,0
078_recortado_denoised__seg74,078,078_recortado_denoised.wav,74,/home/ci2dt2-ai/Proyectos/Psiquiatria/Clasificación Final/Ansiedad/wav/0/078_recortado_denoised.wav,0
078_recortado_denoised__seg75,078,078_recortado_denoised.wav,75,/home/ci2dt2-ai/Proyectos/Psiquiatria/Clasificación Final/Ansiedad/wav/0/078_recortado_denoised.wav,0
078_recortado_denoised__seg76,078,078_recortado_denoised.wav,76,/home/ci2dt2-ai/Proyectos/Psiquiatria/Clasificación Final/Ansiedad/wav/0/078_recortado_denoised.wav,0
078_recortado_denoised__seg77,078,078_recortado_denoised.wav,77,/home/ci2dt2-ai/Proyectos/Psiquiatria/Clasificación Final/Ansiedad/wav/0/078_recortado_denoised.wav,0
078_recortado_denoised__seg78,078,078_recortado_denoised.wav,78,/home/ci2dt2-ai/Proyectos/Psiquiatria/Clasificación Final/Ansiedad/wav/0/078_recortado_denoised.wav,0
078_recortado_denoised__seg79,078,078_recortado_denoised.wav,79,/home/ci2dt2-ai/Proyectos/Psiquiatria/Clasificación Final/Ansiedad/wav/0/078_recortado_denoised.wav,0
078_recortado_denoised__seg80,078,078_recortado_denoised.wav,80,/home/ci2dt2-ai/Proyectos/Psiquiatria/Clasificación Final/Ansiedad/wav/0/078_recortado_denoised.wav,0
078_recortado_denoised__seg81,078,078_recortado_denoised.wav,81,/home/ci2dt2-ai/Proyectos/Psiquiatria/Clasificación Final/Ansiedad/wav/0/078_recortado_denoised.wav,0
078_recortado_denoised__seg82,078,078_recortado_denoised.wav,82,/home/ci2dt2-ai/Proyectos/Psiquiatria/Clasificación Final/Ansiedad/wav/0/078_recortado_denoised.wav,0
078_recortado_denoised__seg83,078,078_recortado_denoised.wav,83,/home/ci2dt2-ai/Proyectos/Psiquiatria/Clasificación Final/Ansiedad/wav/0/078_recortado_denoised.wav,0
078_recortado_denoised__seg84,078,078_recortado_denoised.wav,84,/home/ci2dt2-ai/Proyectos/Psiquiatria/Clasificación Final/Ansiedad/wav/0/078_recortado_denoised.wav,0
078_recortado_denoised__seg85,078,078_recortado_denoised.wav,85,/home/ci2dt2-ai/Proyectos/Psiquiatria/Clasificación Final/Ansiedad/wav/0/078_recortado_denoised.wav,0
078_recortado_denoised__seg86,078,078_recortado_denoised.wav,86,/home/ci2dt2-ai/Proyectos/Psiquiatria/Clasificación Final/Ansiedad/wav/0/078_recortado_denoised.wav,0
078_recortado_denoised__seg87,078,078_recortado_denoised.wav,87,/home/ci2dt2-ai/Proyectos/Psiquiatria/Clasificación Final/Ansiedad/wav/0/078_recortado_denoised.wav,0
078_recortado_denoised__seg88,078,078_recortado_denoised.wav,88,/home/ci2dt2-ai/Proyectos/Psiquiatria/Clasificación Final/Ansiedad/wav/0/078_recortado_denoised.wav,0
078_recortado_denoised__seg89,078,078_recortado_denoised.wav,89,/home/ci2dt2-ai/Proyectos/Psiquiatria/Clasificación Final/Ansiedad/wav/0/078_recortado_denoised.wav,0
078_recortado_denoised__seg90,078,078_recortado_denoised.wav,90,/home/ci2dt2-ai/Proyectos/Psiquiatria/Clasificación Final/Ansiedad/wav/0/078_recortado_denoised.wav,0
078_recortado_denoised__seg91,078,078_recortado_denoised.wav,91,/home/ci2dt2-ai/Proyectos/Psiquiatria/Clasificación Final/Ansiedad/wav/0/078_recortado_denoised.wav,0
078_recortado_denoised__seg92,078,078_recortado_denoised.wav,92,/home/ci2dt2-ai/Proyectos/Psiquiatria/Clasificación Final/Ansiedad/wav/0/078_recortado_denoised.wav,0
078_recortado_denoised__seg93,078,078_recortado_denoised.wav,93,/home/ci2dt2-ai/Proyectos/Psiquiatria/Clasificación Final/Ansiedad/wav/0/078_recortado_denoised.wav,0
078_recortado_denoised__seg94,078,078_recortado_denoised.wav,94,/home/ci2dt2-ai/Proyectos/Psiquiatria/Clasificación Final/Ansiedad/wav/0/078_recortado_denoised.wav,0
078_recortado_denoised__seg95,078,078_recortado_denoised.wav,95,/home/ci2dt2-ai/Proyectos/Psiquiatria/Clasificación Final/Ansiedad/wav/0/078_recortado_denoised.wav,0
078_recortado_denoised__seg96,078,078_recortado_denoised.wav,96,/home/ci2dt2-ai/Proyectos/Psiquiatria/Clasificación Final/Ansiedad/wav/0/078_recortado_denoised.wav,0
078_recortado_denoised__seg97,078,078_recortado_denoised.wav,97,/home/ci2dt2-ai/Proyectos/Psiquiatria/Clasificación Final/Ansiedad/wav/0/078_recortado_denoised.wav,0
078_recortado_denoised__seg98,078,078_recortado_denoised.wav,98,/home/ci2dt2-ai/Proyectos/Psiquiatria/Clasificación Final/Ansiedad/wav/0/078_recortado_denoised.wav,0
078_recortado_denoised__seg99,078,078_recortado_denoised.wav,99,/home/ci2dt2-ai/Proyectos/Psiquiatria/Clasificación Final/Ansiedad/wav/0/078_recortado_denoised.wav,0
078_recortado_denoised__seg100,078,078_recortado_denoised.wav,100,/home/ci2dt2-ai/Proyectos/Psiquiatria/Clasificación Final/Ansiedad/wav/0/078_recortado_denoised.wav,0
078_recortado_denoised__seg101,078,078_recortado_denoised.wav,101,/home/ci2dt2-ai/Proyectos/Psiquiatria/Clasificación Final/Ansiedad/wav/0/078_recortado_denoised.wav,0
078_recortado_denoised__seg102,078,078_recortado_denoised.wav,102,/home/ci2dt2-ai/Proyectos/Psiquiatria/Clasificación Final/Ansiedad/wav/0/078_recortado_denoised.wav,0
079_recortado_denoised__seg0,079,079_recortado_denoised.wav,0,/home/ci2dt2-ai/Proyectos/Psiquiatria/Clasificación Final/Ansiedad/wav/0/079_recortado_denoised.wav,0
079_recortado_denoised__seg1,079,079_recortado_denoised.wav,1,/home/ci2dt2-ai/Proyectos/Psiquiatria/Clasificación Final/Ansiedad/wav/0/079_recortado_denoised.wav,0
079_recortado_denoised__seg2,079,079_recortado_denoised.wav,2,/home/ci2dt2-ai/Proyectos/Psiquiatria/Clasificación Final/Ansiedad/wav/0/079_recortado_denoised.wav,0
079_recortado_denoised__seg3,079,079_recortado_denoised.wav,3,/home/ci2dt2-ai/Proyectos/Psiquiatria/Clasificación Final/Ansiedad/wav/0/079_recortado_denoised.wav,0
079_recortado_denoised__seg4,079,079_recortado_denoised.wav,4,/home/ci2dt2-ai/Proyectos/Psiquiatria/Clasificación Final/Ansiedad/wav/0/079_recortado_denoised.wav,0
079_recortado_denoised__seg5,079,079_recortado_denoised.wav,5,/home/ci2dt2-ai/Proyectos/Psiquiatria/Clasificación Final/Ansiedad/wav/0/079_recortado_denoised.wav,0
079_recortado_denoised__seg6,079,079_recortado_denoised.wav,6,/home/ci2dt2-ai/Proyectos/Psiquiatria/Clasificación Final/Ansiedad/wav/0/079_recortado_denoised.wav,0
079_recortado_denoised__seg7,079,079_recortado_denoised.wav,7,/home/ci2dt2-ai/Proyectos/Psiquiatria/Clasificación Final/Ansiedad/wav/0/079_recortado_denoised.wav,0
079_recortado_denoised__seg8,079,079_recortado_denoised.wav,8,/home/ci2dt2-ai/Proyectos/Psiquiatria/Clasificación Final/Ansiedad/wav/0/079_recortado_denoised.wav,0
079_recortado_denoised__seg9,079,079_recortado_denoised.wav,9,/home/ci2dt2-ai/Proyectos/Psiquiatria/Clasificación Final/Ansiedad/wav/0/079_recortado_denoised.wav,0
079_recortado_denoised__seg10,079,079_recortado_denoised.wav,10,/home/ci2dt2-ai/Proyectos/Psiquiatria/Clasificación Final/Ansiedad/wav/0/079_recortado_denoised.wav,0
079_recortado_denoised__seg11,079,079_recortado_denoised.wav,11,/home/ci2dt2-ai/Proyectos/Psiquiatria/Clasificación Final/Ansiedad/wav/0/079_recortado_denoised.wav,0
079_recortado_denoised__seg12,079,079_recortado_denoised.wav,12,/home/ci2dt2-ai/Proyectos/Psiquiatria/Clasificación Final/Ansiedad/wav/0/079_recortado_denoised.wav,0
079_recortado_denoised__seg13,079,079_recortado_denoised.wav,13,/home/ci2dt2-ai/Proyectos/Psiquiatria/Clasificación Final/Ansiedad/wav/0/079_recortado_denoised.wav,0
079_recortado_denoised__seg14,079,079_recortado_denoised.wav,14,/home/ci2dt2-ai/Proyectos/Psiquiatria/Clasificación Final/Ansiedad/wav/0/079_recortado_denoised.wav,0
079_recortado_denoised__seg15,079,079_recortado_denoised.wav,15,/home/ci2dt2-ai/Proyectos/Psiquiatria/Clasificación Final/Ansiedad/wav/0/079_recortado_denoised.wav,0
079_recortado_denoised__seg16,079,079_recortado_denoised.wav,16,/home/ci2dt2-ai/Proyectos/Psiquiatria/Clasificación Final/Ansiedad/wav/0/079_recortado_denoised.wav,0
079_recortado_denoised__seg17,079,079_recortado_denoised.wav,17,/home/ci2dt2-ai/Proyectos/Psiquiatria/Clasificación Final/Ansiedad/wav/0/079_recortado_denoised.wav,0
079_recortado_denoised__seg18,079,079_recortado_denoised.wav,18,/home/ci2dt2-ai/Proyectos/Psiquiatria/Clasificación Final/Ansiedad/wav/0/079_recortado_denoised.wav,0
079_recortado_denoised__seg19,079,079_recortado_denoised.wav,19,/home/ci2dt2-ai/Proyectos/Psiquiatria/Clasificación Final/Ansiedad/wav/0/079_recortado_denoised.wav,0
079_recortado_denoised__seg20,079,079_recortado_denoised.wav,20,/home/ci2dt2-ai/Proyectos/Psiquiatria/Clasificación Final/Ansiedad/wav/0/079_recortado_denoised.wav,0
079_recortado_denoised__seg21,079,079_recortado_denoised.wav,21,/home/ci2dt2-ai/Proyectos/Psiquiatria/Clasificación Final/Ansiedad/wav/0/079_recortado_denoised.wav,0
079_recortado_denoised__seg22,079,079_recortado_denoised.wav,22,/home/ci2dt2-ai/Proyectos/Psiquiatria/Clasificación Final/Ansiedad/wav/0/079_recortado_denoised.wav,0
079_recortado_denoised__seg23,079,079_recortado_denoised.wav,23,/home/ci2dt2-ai/Proyectos/Psiquiatria/Clasificación Final/Ansiedad/wav/0/079_recortado_denoised.wav,0
079_recortado_denoised__seg24,079,079_recortado_denoised.wav,24,/home/ci2dt2-ai/Proyectos/Psiquiatria/Clasificación Final/Ansiedad/wav/0/079_recortado_denoised.wav,0
079_recortado_denoised__seg25,079,079_recortado_denoised.wav,25,/home/ci2dt2-ai/Proyectos/Psiquiatria/Clasificación Final/Ansiedad/wav/0/079_recortado_denoised.wav,0
079_recortado_denoised__seg26,079,079_recortado_denoised.wav,26,/home/ci2dt2-ai/Proyectos/Psiquiatria/Clasificación Final/Ansiedad/wav/0/079_recortado_denoised.wav,0
079_recortado_denoised__seg27,079,079_recortado_denoised.wav,27,/home/ci2dt2-ai/Proyectos/Psiquiatria/Clasificación Final/Ansiedad/wav/0/079_recortado_denoised.wav,0
079_recortado_denoised__seg28,079,079_recortado_denoised.wav,28,/home/ci2dt2-ai/Proyectos/Psiquiatria/Clasificación Final/Ansiedad/wav/0/079_recortado_denoised.wav,0
079_recortado_denoised__seg29,079,079_recortado_denoised.wav,29,/home/ci2dt2-ai/Proyectos/Psiquiatria/Clasificación Final/Ansiedad/wav/0/079_recortado_denoised.wav,0
079_recortado_denoised__seg30,079,079_recortado_denoised.wav,30,/home/ci2dt2-ai/Proyectos/Psiquiatria/Clasificación Final/Ansiedad/wav/0/079_recortado_denoised.wav,0
079_recortado_denoised__seg31,079,079_recortado_denoised.wav,31,/home/ci2dt2-ai/Proyectos/Psiquiatria/Clasificación Final/Ansiedad/wav/0/079_recortado_denoised.wav,0
079_recortado_denoised__seg32,079,079_recortado_denoised.wav,32,/home/ci2dt2-ai/Proyectos/Psiquiatria/Clasificación Final/Ansiedad/wav/0/079_recortado_denoised.wav,0
079_recortado_denoised__seg33,079,079_recortado_denoised.wav,33,/home/ci2dt2-ai/Proyectos/Psiquiatria/Clasificación Final/Ansiedad/wav/0/079_recortado_denoised.wav,0
079_recortado_denoised__seg34,079,079_recortado_denoised.wav,34,/home/ci2dt2-ai/Proyectos/Psiquiatria/Clasificación Final/Ansiedad/wav/0/079_recortado_denoised.wav,0
079_recortado_denoised__seg35,079,079_recortado_denoised.wav,35,/home/ci2dt2-ai/Proyectos/Psiquiatria/Clasificación Final/Ansiedad/wav/0/079_recortado_denoised.wav,0
079_recortado_denoised__seg36,079,079_recortado_denoised.wav,36,/home/ci2dt2-ai/Proyectos/Psiquiatria/Clasificación Final/Ansiedad/wav/0/079_recortado_denoised.wav,0
079_recortado_denoised__seg37,079,079_recortado_denoised.wav,37,/home/ci2dt2-ai/Proyectos/Psiquiatria/Clasificación Final/Ansiedad/wav/0/079_recortado_denoised.wav,0
079_recortado_denoised__seg38,079,079_recortado_denoised.wav,38,/home/ci2dt2-ai/Proyectos/Psiquiatria/Clasificación Final/Ansiedad/wav/0/079_recortado_denoised.wav,0
079_recortado_denoised__seg39,079,079_recortado_denoised.wav,39,/home/ci2dt2-ai/Proyectos/Psiquiatria/Clasificación Final/Ansiedad/wav/0/079_recortado_denoised.wav,0
079_recortado_denoised__seg40,079,079_recortado_denoised.wav,40,/home/ci2dt2-ai/Proyectos/Psiquiatria/Clasificación Final/Ansiedad/wav/0/079_recortado_denoised.wav,0
079_recortado_denoised__seg41,079,079_recortado_denoised.wav,41,/home/ci2dt2-ai/Proyectos/Psiquiatria/Clasificación Final/Ansiedad/wav/0/079_recortado_denoised.wav,0
079_recortado_denoised__seg42,079,079_recortado_denoised.wav,42,/home/ci2dt2-ai/Proyectos/Psiquiatria/Clasificación Final/Ansiedad/wav/0/079_recortado_denoised.wav,0
080_recortado_denoised__seg0,080,080_recortado_denoised.wav,0,/home/ci2dt2-ai/Proyectos/Psiquiatria/Clasificación Final/Ansiedad/wav/0/080_recortado_denoised.wav,0
080_recortado_denoised__seg1,080,080_recortado_denoised.wav,1,/home/ci2dt2-ai/Proyectos/Psiquiatria/Clasificación Final/Ansiedad/wav/0/080_recortado_denoised.wav,0
080_recortado_denoised__seg2,080,080_recortado_denoised.wav,2,/home/ci2dt2-ai/Proyectos/Psiquiatria/Clasificación Final/Ansiedad/wav/0/080_recortado_denoised.wav,0
080_recortado_denoised__seg3,080,080_recortado_denoised.wav,3,/home/ci2dt2-ai/Proyectos/Psiquiatria/Clasificación Final/Ansiedad/wav/0/080_recortado_denoised.wav,0
080_recortado_denoised__seg4,080,080_recortado_denoised.wav,4,/home/ci2dt2-ai/Proyectos/Psiquiatria/Clasificación Final/Ansiedad/wav/0/080_recortado_denoised.wav,0
080_recortado_denoised__seg5,080,080_recortado_denoised.wav,5,/home/ci2dt2-ai/Proyectos/Psiquiatria/Clasificación Final/Ansiedad/wav/0/080_recortado_denoised.wav,0
080_recortado_denoised__seg6,080,080_recortado_denoised.wav,6,/home/ci2dt2-ai/Proyectos/Psiquiatria/Clasificación Final/Ansiedad/wav/0/080_recortado_denoised.wav,0
080_recortado_denoised__seg7,080,080_recortado_denoised.wav,7,/home/ci2dt2-ai/Proyectos/Psiquiatria/Clasificación Final/Ansiedad/wav/0/080_recortado_denoised.wav,0
080_recortado_denoised__seg8,080,080_recortado_denoised.wav,8,/home/ci2dt2-ai/Proyectos/Psiquiatria/Clasificación Final/Ansiedad/wav/0/080_recortado_denoised.wav,0
080_recortado_denoised__seg9,080,080_recortado_denoised.wav,9,/home/ci2dt2-ai/Proyectos/Psiquiatria/Clasificación Final/Ansiedad/wav/0/080_recortado_denoised.wav,0
080_recortado_denoised__seg10,080,080_recortado_denoised.wav,10,/home/ci2dt2-ai/Proyectos/Psiquiatria/Clasificación Final/Ansiedad/wav/0/080_recortado_denoised.wav,0
080_recortado_denoised__seg11,080,080_recortado_denoised.wav,11,/home/ci2dt2-ai/Proyectos/Psiquiatria/Clasificación Final/Ansiedad/wav/0/080_recortado_denoised.wav,0
080_recortado_denoised__seg12,080,080_recortado_denoised.wav,12,/home/ci2dt2-ai/Proyectos/Psiquiatria/Clasificación Final/Ansiedad/wav/0/080_recortado_denoised.wav,0
080_recortado_denoised__seg13,080,080_recortado_denoised.wav,13,/home/ci2dt2-ai/Proyectos/Psiquiatria/Clasificación Final/Ansiedad/wav/0/080_recortado_denoised.wav,0
080_recortado_denoised__seg14,080,080_recortado_denoised.wav,14,/home/ci2dt2-ai/Proyectos/Psiquiatria/Clasificación Final/Ansiedad/wav/0/080_recortado_denoised.wav,0
080_recortado_denoised__seg15,080,080_recortado_denoised.wav,15,/home/ci2dt2-ai/Proyectos/Psiquiatria/Clasificación Final/Ansiedad/wav/0/080_recortado_denoised.wav,0
080_recortado_denoised__seg16,080,080_recortado_denoised.wav,16,/home/ci2dt2-ai/Proyectos/Psiquiatria/Clasificación Final/Ansiedad/wav/0/080_recortado_denoised.wav,0
080_recortado_denoised__seg17,080,080_recortado_denoised.wav,17,/home/ci2dt2-ai/Proyectos/Psiquiatria/Clasificación Final/Ansiedad/wav/0/080_recortado_denoised.wav,0
080_recortado_denoised__seg18,080,080_recortado_denoised.wav,18,/home/ci2dt2-ai/Proyectos/Psiquiatria/Clasificación Final/Ansiedad/wav/0/080_recortado_denoised.wav,0
080_recortado_denoised__seg19,080,080_recortado_denoised.wav,19,/home/ci2dt2-ai/Proyectos/Psiquiatria/Clasificación Final/Ansiedad/wav/0/080_recortado_denoised.wav,0
080_recortado_denoised__seg20,080,080_recortado_denoised.wav,20,/home/ci2dt2-ai/Proyectos/Psiquiatria/Clasificación Final/Ansiedad/wav/0/080_recortado_denoised.wav,0
080_recortado_denoised__seg21,080,080_recortado_denoised.wav,21,/home/ci2dt2-ai/Proyectos/Psiquiatria/Clasificación Final/Ansiedad/wav/0/080_recortado_denoised.wav,0
080_recortado_denoised__seg22,080,080_recortado_denoised.wav,22,/home/ci2dt2-ai/Proyectos/Psiquiatria/Clasificación Final/Ansiedad/wav/0/080_recortado_denoised.wav,0
001_recortado_denoised__seg0,001,001_recortado_denoised.wav,0,/home/ci2dt2-ai/Proyectos/Psiquiatria/Clasificación Final/Ansiedad/wav/1/001_recortado_denoised.wav,1
001_recortado_denoised__seg1,001,001_recortado_denoised.wav,1,/home/ci2dt2-ai/Proyectos/Psiquiatria/Clasificación Final/Ansiedad/wav/1/001_recortado_denoised.wav,1
001_recortado_denoised__seg2,001,001_recortado_denoised.wav,2,/home/ci2dt2-ai/Proyectos/Psiquiatria/Clasificación Final/Ansiedad/wav/1/001_recortado_denoised.wav,1
001_recortado_denoised__seg3,001,001_recortado_denoised.wav,3,/home/ci2dt2-ai/Proyectos/Psiquiatria/Clasificación Final/Ansiedad/wav/1/001_recortado_denoised.wav,1
001_recortado_denoised__seg4,001,001_recortado_denoised.wav,4,/home/ci2dt2-ai/Proyectos/Psiquiatria/Clasificación Final/Ansiedad/wav/1/001_recortado_denoised.wav,1
001_recortado_denoised__seg5,001,001_recortado_denoised.wav,5,/home/ci2dt2-ai/Proyectos/Psiquiatria/Clasificación Final/Ansiedad/wav/1/001_recortado_denoised.wav,1
001_recortado_denoised__seg6,001,001_recortado_denoised.wav,6,/home/ci2dt2-ai/Proyectos/Psiquiatria/Clasificación Final/Ansiedad/wav/1/001_recortado_denoised.wav,1
001_recortado_denoised__seg7,001,001_recortado_denoised.wav,7,/home/ci2dt2-ai/Proyectos/Psiquiatria/Clasificación Final/Ansiedad/wav/1/001_recortado_denoised.wav,1
001_recortado_denoised__seg8,001,001_recortado_denoised.wav,8,/home/ci2dt2-ai/Proyectos/Psiquiatria/Clasificación Final/Ansiedad/wav/1/001_recortado_denoised.wav,1
001_recortado_denoised__seg9,001,001_recortado_denoised.wav,9,/home/ci2dt2-ai/Proyectos/Psiquiatria/Clasificación Final/Ansiedad/wav/1/001_recortado_denoised.wav,1
001_recortado_denoised__seg10,001,001_recortado_denoised.wav,10,/home/ci2dt2-ai/Proyectos/Psiquiatria/Clasificación Final/Ansiedad/wav/1/001_recortado_denoised.wav,1
001_recortado_denoised__seg11,001,001_recortado_denoised.wav,11,/home/ci2dt2-ai/Proyectos/Psiquiatria/Clasificación Final/Ansiedad/wav/1/001_recortado_denoised.wav,1
001_recortado_denoised__seg12,001,001_recortado_denoised.wav,12,/home/ci2dt2-ai/Proyectos/Psiquiatria/Clasificación Final/Ansiedad/wav/1/001_recortado_denoised.wav,1
001_recortado_denoised__seg13,001,001_recortado_denoised.wav,13,/home/ci2dt2-ai/Proyectos/Psiquiatria/Clasificación Final/Ansiedad/wav/1/001_recortado_denoised.wav,1
001_recortado_denoised__seg14,001,001_recortado_denoised.wav,14,/home/ci2dt2-ai/Proyectos/Psiquiatria/Clasificación Final/Ansiedad/wav/1/001_recortado_denoised.wav,1
001_recortado_denoised__seg15,001,001_recortado_denoised.wav,15,/home/ci2dt2-ai/Proyectos/Psiquiatria/Clasificación Final/Ansiedad/wav/1/001_recortado_denoised.wav,1
001_recortado_denoised__seg16,001,001_recortado_denoised.wav,16,/home/ci2dt2-ai/Proyectos/Psiquiatria/Clasificación Final/Ansiedad/wav/1/001_recortado_denoised.wav,1
001_recortado_denoised__seg17,001,001_recortado_denoised.wav,17,/home/ci2dt2-ai/Proyectos/Psiquiatria/Clasificación Final/Ansiedad/wav/1/001_recortado_denoised.wav,1
001_recortado_denoised__seg18,001,001_recortado_denoised.wav,18,/home/ci2dt2-ai/Proyectos/Psiquiatria/Clasificación Final/Ansiedad/wav/1/001_recortado_denoised.wav,1
001_recortado_denoised__seg19,001,001_recortado_denoised.wav,19,/home/ci2dt2-ai/Proyectos/Psiquiatria/Clasificación Final/Ansiedad/wav/1/001_recortado_denoised.wav,1
001_recortado_denoised__seg20,001,001_recortado_denoised.wav,20,/home/ci2dt2-ai/Proyectos/Psiquiatria/Clasificación Final/Ansiedad/wav/1/001_recortado_denoised.wav,1
001_recortado_denoised__seg21,001,001_recortado_denoised.wav,21,/home/ci2dt2-ai/Proyectos/Psiquiatria/Clasificación Final/Ansiedad/wav/1/001_recortado_denoised.wav,1
001_recortado_denoised__seg22,001,001_recortado_denoised.wav,22,/home/ci2dt2-ai/Proyectos/Psiquiatria/Clasificación Final/Ansiedad/wav/1/001_recortado_denoised.wav,1
001_recortado_denoised__seg23,001,001_recortado_denoised.wav,23,/home/ci2dt2-ai/Proyectos/Psiquiatria/Clasificación Final/Ansiedad/wav/1/001_recortado_denoised.wav,1
001_recortado_denoised__seg24,001,001_recortado_denoised.wav,24,/home/ci2dt2-ai/Proyectos/Psiquiatria/Clasificación Final/Ansiedad/wav/1/001_recortado_denoised.wav,1
001_recortado_denoised__seg25,001,001_recortado_denoised.wav,25,/home/ci2dt2-ai/Proyectos/Psiquiatria/Clasificación Final/Ansiedad/wav/1/001_recortado_denoised.wav,1
001_recortado_denoised__seg26,001,001_recortado_denoised.wav,26,/home/ci2dt2-ai/Proyectos/Psiquiatria/Clasificación Final/Ansiedad/wav/1/001_recortado_denoised.wav,1
001_recortado_denoised__seg27,001,001_recortado_denoised.wav,27,/home/ci2dt2-ai/Proyectos/Psiquiatria/Clasificación Final/Ansiedad/wav/1/001_recortado_denoised.wav,1
001_recortado_denoised__seg28,001,001_recortado_denoised.wav,28,/home/ci2dt2-ai/Proyectos/Psiquiatria/Clasificación Final/Ansiedad/wav/1/001_recortado_denoised.wav,1
001_recortado_denoised__seg29,001,001_recortado_denoised.wav,29,/home/ci2dt2-ai/Proyectos/Psiquiatria/Clasificación Final/Ansiedad/wav/1/001_recortado_denoised.wav,1
001_recortado_denoised__seg30,001,001_recortado_denoised.wav,30,/home/ci2dt2-ai/Proyectos/Psiquiatria/Clasificación Final/Ansiedad/wav/1/001_recortado_denoised.wav,1
001_recortado_denoised__seg31,001,001_recortado_denoised.wav,31,/home/ci2dt2-ai/Proyectos/Psiquiatria/Clasificación Final/Ansiedad/wav/1/001_recortado_denoised.wav,1
001_recortado_denoised__seg32,001,001_recortado_denoised.wav,32,/home/ci2dt2-ai/Proyectos/Psiquiatria/Clasificación Final/Ansiedad/wav/1/001_recortado_denoised.wav,1
001_recortado_denoised__seg33,001,001_recortado_denoised.wav,33,/home/ci2dt2-ai/Proyectos/Psiquiatria/Clasificación Final/Ansiedad/wav/1/001_recortado_denoised.wav,1
001_recortado_denoised__seg34,001,001_recortado_denoised.wav,34,/home/ci2dt2-ai/Proyectos/Psiquiatria/Clasificación Final/Ansiedad/wav/1/001_recortado_denoised.wav,1
001_recortado_denoised__seg35,001,001_recortado_denoised.wav,35,/home/ci2dt2-ai/Proyectos/Psiquiatria/Clasificación Final/Ansiedad/wav/1/001_recortado_denoised.wav,1
001_recortado_denoised__seg36,001,001_recortado_denoised.wav,36,/home/ci2dt2-ai/Proyectos/Psiquiatria/Clasificación Final/Ansiedad/wav/1/001_recortado_denoised.wav,1
001_recortado_denoised__seg37,001,001_recortado_denoised.wav,37,/home/ci2dt2-ai/Proyectos/Psiquiatria/Clasificación Final/Ansiedad/wav/1/001_recortado_denoised.wav,1
001_recortado_denoised__seg38,001,001_recortado_denoised.wav,38,/home/ci2dt2-ai/Proyectos/Psiquiatria/Clasificación Final/Ansiedad/wav/1/001_recortado_denoised.wav,1
001_recortado_denoised__seg39,001,001_recortado_denoised.wav,39,/home/ci2dt2-ai/Proyectos/Psiquiatria/Clasificación Final/Ansiedad/wav/1/001_recortado_denoised.wav,1
001_recortado_denoised__seg40,001,001_recortado_denoised.wav,40,/home/ci2dt2-ai/Proyectos/Psiquiatria/Clasificación Final/Ansiedad/wav/1/001_recortado_denoised.wav,1
001_recortado_denoised__seg41,001,001_recortado_denoised.wav,41,/home/ci2dt2-ai/Proyectos/Psiquiatria/Clasificación Final/Ansiedad/wav/1/001_recortado_denoised.wav,1
001_recortado_denoised__seg42,001,001_recortado_denoised.wav,42,/home/ci2dt2-ai/Proyectos/Psiquiatria/Clasificación Final/Ansiedad/wav/1/001_recortado_denoised.wav,1
001_recortado_denoised__seg43,001,001_recortado_denoised.wav,43,/home/ci2dt2-ai/Proyectos/Psiquiatria/Clasificación Final/Ansiedad/wav/1/001_recortado_denoised.wav,1
001_recortado_denoised__seg44,001,001_recortado_denoised.wav,44,/home/ci2dt2-ai/Proyectos/Psiquiatria/Clasificación Final/Ansiedad/wav/1/001_recortado_denoised.wav,1
001_recortado_denoised__seg45,001,001_recortado_denoised.wav,45,/home/ci2dt2-ai/Proyectos/Psiquiatria/Clasificación Final/Ansiedad/wav/1/001_recortado_denoised.wav,1
001_recortado_denoised__seg46,001,001_recortado_denoised.wav,46,/home/ci2dt2-ai/Proyectos/Psiquiatria/Clasificación Final/Ansiedad/wav/1/001_recortado_denoised.wav,1
001_recortado_denoised__seg47,001,001_recortado_denoised.wav,47,/home/ci2dt2-ai/Proyectos/Psiquiatria/Clasificación Final/Ansiedad/wav/1/001_recortado_denoised.wav,1
001_recortado_denoised__seg48,001,001_recortado_denoised.wav,48,/home/ci2dt2-ai/Proyectos/Psiquiatria/Clasificación Final/Ansiedad/wav/1/001_recortado_denoised.wav,1
001_recortado_denoised__seg49,001,001_recortado_denoised.wav,49,/home/ci2dt2-ai/Proyectos/Psiquiatria/Clasificación Final/Ansiedad/wav/1/001_recortado_denoised.wav,1
001_recortado_denoised__seg50,001,001_recortado_denoised.wav,50,/home/ci2dt2-ai/Proyectos/Psiquiatria/Clasificación Final/Ansiedad/wav/1/001_recortado_denoised.wav,1
001_recortado_denoised__seg51,001,001_recortado_denoised.wav,51,/home/ci2dt2-ai/Proyectos/Psiquiatria/Clasificación Final/Ansiedad/wav/1/001_recortado_denoised.wav,1
001_recortado_denoised__seg52,001,001_recortado_denoised.wav,52,/home/ci2dt2-ai/Proyectos/Psiquiatria/Clasificación Final/Ansiedad/wav/1/001_recortado_denoised.wav,1
001_recortado_denoised__seg53,001,001_recortado_denoised.wav,53,/home/ci2dt2-ai/Proyectos/Psiquiatria/Clasificación Final/Ansiedad/wav/1/001_recortado_denoised.wav,1
001_recortado_denoised__seg54,001,001_recortado_denoised.wav,54,/home/ci2dt2-ai/Proyectos/Psiquiatria/Clasificación Final/Ansiedad/wav/1/001_recortado_denoised.wav,1
001_recortado_denoised__seg55,001,001_recortado_denoised.wav,55,/home/ci2dt2-ai/Proyectos/Psiquiatria/Clasificación Final/Ansiedad/wav/1/001_recortado_denoised.wav,1
001_recortado_denoised__seg56,001,001_recortado_denoised.wav,56,/home/ci2dt2-ai/Proyectos/Psiquiatria/Clasificación Final/Ansiedad/wav/1/001_recortado_denoised.wav,1
001_recortado_denoised__seg57,001,001_recortado_denoised.wav,57,/home/ci2dt2-ai/Proyectos/Psiquiatria/Clasificación Final/Ansiedad/wav/1/001_recortado_denoised.wav,1
001_recortado_denoised__seg58,001,001_recortado_denoised.wav,58,/home/ci2dt2-ai/Proyectos/Psiquiatria/Clasificación Final/Ansiedad/wav/1/001_recortado_denoised.wav,1
001_recortado_denoised__seg59,001,001_recortado_denoised.wav,59,/home/ci2dt2-ai/Proyectos/Psiquiatria/Clasificación Final/Ansiedad/wav/1/001_recortado_denoised.wav,1
001_recortado_denoised__seg60,001,001_recortado_denoised.wav,60,/home/ci2dt2-ai/Proyectos/Psiquiatria/Clasificación Final/Ansiedad/wav/1/001_recortado_denoised.wav,1
001_recortado_denoised__seg61,001,001_recortado_denoised.wav,61,/home/ci2dt2-ai/Proyectos/Psiquiatria/Clasificación Final/Ansiedad/wav/1/001_recortado_denoised.wav,1
001_recortado_denoised__seg62,001,001_recortado_denoised.wav,62,/home/ci2dt2-ai/Proyectos/Psiquiatria/Clasificación Final/Ansiedad/wav/1/001_recortado_denoised.wav,1
001_recortado_denoised__seg63,001,001_recortado_denoised.wav,63,/home/ci2dt2-ai/Proyectos/Psiquiatria/Clasificación Final/Ansiedad/wav/1/001_recortado_denoised.wav,1
001_recortado_denoised__seg64,001,001_recortado_denoised.wav,64,/home/ci2dt2-ai/Proyectos/Psiquiatria/Clasificación Final/Ansiedad/wav/1/001_recortado_denoised.wav,1
001_recortado_denoised__seg65,001,001_recortado_denoised.wav,65,/home/ci2dt2-ai/Proyectos/Psiquiatria/Clasificación Final/Ansiedad/wav/1/001_recortado_denoised.wav,1
001_recortado_denoised__seg66,001,001_recortado_denoised.wav,66,/home/ci2dt2-ai/Proyectos/Psiquiatria/Clasificación Final/Ansiedad/wav/1/001_recortado_denoised.wav,1
001_recortado_denoised__seg67,001,001_recortado_denoised.wav,67,/home/ci2dt2-ai/Proyectos/Psiquiatria/Clasificación Final/Ansiedad/wav/1/001_recortado_denoised.wav,1
001_recortado_denoised__seg68,001,001_recortado_denoised.wav,68,/home/ci2dt2-ai/Proyectos/Psiquiatria/Clasificación Final/Ansiedad/wav/1/001_recortado_denoised.wav,1
001_recortado_denoised__seg69,001,001_recortado_denoised.wav,69,/home/ci2dt2-ai/Proyectos/Psiquiatria/Clasificación Final/Ansiedad/wav/1/001_recortado_denoised.wav,1
001_recortado_denoised__seg70,001,001_recortado_denoised.wav,70,/home/ci2dt2-ai/Proyectos/Psiquiatria/Clasificación Final/Ansiedad/wav/1/001_recortado_denoised.wav,1
001_recortado_denoised__seg71,001,001_recortado_denoised.wav,71,/home/ci2dt2-ai/Proyectos/Psiquiatria/Clasificación Final/Ansiedad/wav/1/001_recortado_denoised.wav,1
001_recortado_denoised__seg72,001,001_recortado_denoised.wav,72,/home/ci2dt2-ai/Proyectos/Psiquiatria/Clasificación Final/Ansiedad/wav/1/001_recortado_denoised.wav,1
001_recortado_denoised__seg73,001,001_recortado_denoised.wav,73,/home/ci2dt2-ai/Proyectos/Psiquiatria/Clasificación Final/Ansiedad/wav/1/001_recortado_denoised.wav,1
001_recortado_denoised__seg74,001,001_recortado_denoised.wav,74,/home/ci2dt2-ai/Proyectos/Psiquiatria/Clasificación Final/Ansiedad/wav/1/001_recortado_denoised.wav,1
001_recortado_denoised__seg75,001,001_recortado_denoised.wav,75,/home/ci2dt2-ai/Proyectos/Psiquiatria/Clasificación Final/Ansiedad/wav/1/001_recortado_denoised.wav,1
001_recortado_denoised__seg76,001,001_recortado_denoised.wav,76,/home/ci2dt2-ai/Proyectos/Psiquiatria/Clasificación Final/Ansiedad/wav/1/001_recortado_denoised.wav,1
001_recortado_denoised__seg77,001,001_recortado_denoised.wav,77,/home/ci2dt2-ai/Proyectos/Psiquiatria/Clasificación Final/Ansiedad/wav/1/001_recortado_denoised.wav,1
001_recortado_denoised__seg78,001,001_recortado_denoised.wav,78,/home/ci2dt2-ai/Proyectos/Psiquiatria/Clasificación Final/Ansiedad/wav/1/001_recortado_denoised.wav,1
001_recortado_denoised__seg79,001,001_recortado_denoised.wav,79,/home/ci2dt2-ai/Proyectos/Psiquiatria/Clasificación Final/Ansiedad/wav/1/001_recortado_denoised.wav,1
001_recortado_denoised__seg80,001,001_recortado_denoised.wav,80,/home/ci2dt2-ai/Proyectos/Psiquiatria/Clasificación Final/Ansiedad/wav/1/001_recortado_denoised.wav,1
001_recortado_denoised__seg81,001,001_recortado_denoised.wav,81,/home/ci2dt2-ai/Proyectos/Psiquiatria/Clasificación Final/Ansiedad/wav/1/001_recortado_denoised.wav,1
001_recortado_denoised__seg82,001,001_recortado_denoised.wav,82,/home/ci2dt2-ai/Proyectos/Psiquiatria/Clasificación Final/Ansiedad/wav/1/001_recortado_denoised.wav,1
001_recortado_denoised__seg83,001,001_recortado_denoised.wav,83,/home/ci2dt2-ai/Proyectos/Psiquiatria/Clasificación Final/Ansiedad/wav/1/001_recortado_denoised.wav,1
001_recortado_denoised__seg84,001,001_recortado_denoised.wav,84,/home/ci2dt2-ai/Proyectos/Psiquiatria/Clasificación Final/Ansiedad/wav/1/001_recortado_denoised.wav,1
001_recortado_denoised__seg85,001,001_recortado_denoised.wav,85,/home/ci2dt2-ai/Proyectos/Psiquiatria/Clasificación Final/Ansiedad/wav/1/001_recortado_denoised.wav,1
001_recortado_denoised__seg86,001,001_recortado_denoised.wav,86,/home/ci2dt2-ai/Proyectos/Psiquiatria/Clasificación Final/Ansiedad/wav/1/001_recortado_denoised.wav,1
001_recortado_denoised__seg87,001,001_recortado_denoised.wav,87,/home/ci2dt2-ai/Proyectos/Psiquiatria/Clasificación Final/Ansiedad/wav/1/001_recortado_denoised.wav,1
001_recortado_denoised__seg88,001,001_recortado_denoised.wav,88,/home/ci2dt2-ai/Proyectos/Psiquiatria/Clasificación Final/Ansiedad/wav/1/001_recortado_denoised.wav,1
001_recortado_denoised__seg89,001,001_recortado_denoised.wav,89,/home/ci2dt2-ai/Proyectos/Psiquiatria/Clasificación Final/Ansiedad/wav/1/001_recortado_denoised.wav,1
001_recortado_denoised__seg90,001,001_recortado_denoised.wav,90,/home/ci2dt2-ai/Proyectos/Psiquiatria/Clasificación Final/Ansiedad/wav/1/001_recortado_denoised.wav,1
001_recortado_denoised__seg91,001,001_recortado_denoised.wav,91,/home/ci2dt2-ai/Proyectos/Psiquiatria/Clasificación Final/Ansiedad/wav/1/001_recortado_denoised.wav,1
001_recortado_denoised__seg92,001,001_recortado_denoised.wav,92,/home/ci2dt2-ai/Proyectos/Psiquiatria/Clasificación Final/Ansiedad/wav/1/001_recortado_denoised.wav,1
001_recortado_denoised__seg93,001,001_recortado_denoised.wav,93,/home/ci2dt2-ai/Proyectos/Psiquiatria/Clasificación Final/Ansiedad/wav/1/001_recortado_denoised.wav,1
001_recortado_denoised__seg94,001,001_recortado_denoised.wav,94,/home/ci2dt2-ai/Proyectos/Psiquiatria/Clasificación Final/Ansiedad/wav/1/001_recortado_denoised.wav,1
001_recortado_denoised__seg95,001,001_recortado_denoised.wav,95,/home/ci2dt2-ai/Proyectos/Psiquiatria/Clasificación Final/Ansiedad/wav/1/001_recortado_denoised.wav,1
001_recortado_denoised__seg96,001,001_recortado_denoised.wav,96,/home/ci2dt2-ai/Proyectos/Psiquiatria/Clasificación Final/Ansiedad/wav/1/001_recortado_denoised.wav,1
001_recortado_denoised__seg97,001,001_recortado_denoised.wav,97,/home/ci2dt2-ai/Proyectos/Psiquiatria/Clasificación Final/Ansiedad/wav/1/001_recortado_denoised.wav,1
001_recortado_denoised__seg98,001,001_recortado_denoised.wav,98,/home/ci2dt2-ai/Proyectos/Psiquiatria/Clasificación Final/Ansiedad/wav/1/001_recortado_denoised.wav,1
003_recortado_denoised__seg0,003,003_recortado_denoised.wav,0,/home/ci2dt2-ai/Proyectos/Psiquiatria/Clasificación Final/Ansiedad/wav/1/003_recortado_denoised.wav,1
003_recortado_denoised__seg1,003,003_recortado_denoised.wav,1,/home/ci2dt2-ai/Proyectos/Psiquiatria/Clasificación Final/Ansiedad/wav/1/003_recortado_denoised.wav,1
003_recortado_denoised__seg2,003,003_recortado_denoised.wav,2,/home/ci2dt2-ai/Proyectos/Psiquiatria/Clasificación Final/Ansiedad/wav/1/003_recortado_denoised.wav,1
003_recortado_denoised__seg3,003,003_recortado_denoised.wav,3,/home/ci2dt2-ai/Proyectos/Psiquiatria/Clasificación Final/Ansiedad/wav/1/003_recortado_denoised.wav,1
003_recortado_denoised__seg4,003,003_recortado_denoised.wav,4,/home/ci2dt2-ai/Proyectos/Psiquiatria/Clasificación Final/Ansiedad/wav/1/003_recortado_denoised.wav,1
003_recortado_denoised__seg5,003,003_recortado_denoised.wav,5,/home/ci2dt2-ai/Proyectos/Psiquiatria/Clasificación Final/Ansiedad/wav/1/003_recortado_denoised.wav,1
003_recortado_denoised__seg6,003,003_recortado_denoised.wav,6,/home/ci2dt2-ai/Proyectos/Psiquiatria/Clasificación Final/Ansiedad/wav/1/003_recortado_denoised.wav,1
003_recortado_denoised__seg7,003,003_recortado_denoised.wav,7,/home/ci2dt2-ai/Proyectos/Psiquiatria/Clasificación Final/Ansiedad/wav/1/003_recortado_denoised.wav,1
003_recortado_denoised__seg8,003,003_recortado_denoised.wav,8,/home/ci2dt2-ai/Proyectos/Psiquiatria/Clasificación Final/Ansiedad/wav/1/003_recortado_denoised.wav,1
003_recortado_denoised__seg9,003,003_recortado_denoised.wav,9,/home/ci2dt2-ai/Proyectos/Psiquiatria/Clasificación Final/Ansiedad/wav/1/003_recortado_denoised.wav,1
003_recortado_denoised__seg10,003,003_recortado_denoised.wav,10,/home/ci2dt2-ai/Proyectos/Psiquiatria/Clasificación Final/Ansiedad/wav/1/003_recortado_denoised.wav,1
003_recortado_denoised__seg11,003,003_recortado_denoised.wav,11,/home/ci2dt2-ai/Proyectos/Psiquiatria/Clasificación Final/Ansiedad/wav/1/003_recortado_denoised.wav,1
003_recortado_denoised__seg12,003,003_recortado_denoised.wav,12,/home/ci2dt2-ai/Proyectos/Psiquiatria/Clasificación Final/Ansiedad/wav/1/003_recortado_denoised.wav,1
003_recortado_denoised__seg13,003,003_recortado_denoised.wav,13,/home/ci2dt2-ai/Proyectos/Psiquiatria/Clasificación Final/Ansiedad/wav/1/003_recortado_denoised.wav,1
003_recortado_denoised__seg14,003,003_recortado_denoised.wav,14,/home/ci2dt2-ai/Proyectos/Psiquiatria/Clasificación Final/Ansiedad/wav/1/003_recortado_denoised.wav,1
003_recortado_denoised__seg15,003,003_recortado_denoised.wav,15,/home/ci2dt2-ai/Proyectos/Psiquiatria/Clasificación Final/Ansiedad/wav/1/003_recortado_denoised.wav,1
003_recortado_denoised__seg16,003,003_recortado_denoised.wav,16,/home/ci2dt2-ai/Proyectos/Psiquiatria/Clasificación Final/Ansiedad/wav/1/003_recortado_denoised.wav,1
003_recortado_denoised__seg17,003,003_recortado_denoised.wav,17,/home/ci2dt2-ai/Proyectos/Psiquiatria/Clasificación Final/Ansiedad/wav/1/003_recortado_denoised.wav,1
003_recortado_denoised__seg18,003,003_recortado_denoised.wav,18,/home/ci2dt2-ai/Proyectos/Psiquiatria/Clasificación Final/Ansiedad/wav/1/003_recortado_denoised.wav,1
003_recortado_denoised__seg19,003,003_recortado_denoised.wav,19,/home/ci2dt2-ai/Proyectos/Psiquiatria/Clasificación Final/Ansiedad/wav/1/003_recortado_denoised.wav,1
003_recortado_denoised__seg20,003,003_recortado_denoised.wav,20,/home/ci2dt2-ai/Proyectos/Psiquiatria/Clasificación Final/Ansiedad/wav/1/003_recortado_denoised.wav,1
003_recortado_denoised__seg21,003,003_recortado_denoised.wav,21,/home/ci2dt2-ai/Proyectos/Psiquiatria/Clasificación Final/Ansiedad/wav/1/003_recortado_denoised.wav,1
003_recortado_denoised__seg22,003,003_recortado_denoised.wav,22,/home/ci2dt2-ai/Proyectos/Psiquiatria/Clasificación Final/Ansiedad/wav/1/003_recortado_denoised.wav,1
020_recortado_denoised__seg0,020,020_recortado_denoised.wav,0,/home/ci2dt2-ai/Proyectos/Psiquiatria/Clasificación Final/Ansiedad/wav/1/020_recortado_denoised.wav,1
020_recortado_denoised__seg1,020,020_recortado_denoised.wav,1,/home/ci2dt2-ai/Proyectos/Psiquiatria/Clasificación Final/Ansiedad/wav/1/020_recortado_denoised.wav,1
020_recortado_denoised__seg2,020,020_recortado_denoised.wav,2,/home/ci2dt2-ai/Proyectos/Psiquiatria/Clasificación Final/Ansiedad/wav/1/020_recortado_denoised.wav,1
020_recortado_denoised__seg3,020,020_recortado_denoised.wav,3,/home/ci2dt2-ai/Proyectos/Psiquiatria/Clasificación Final/Ansiedad/wav/1/020_recortado_denoised.wav,1
020_recortado_denoised__seg4,020,020_recortado_denoised.wav,4,/home/ci2dt2-ai/Proyectos/Psiquiatria/Clasificación Final/Ansiedad/wav/1/020_recortado_denoised.wav,1
020_recortado_denoised__seg5,020,020_recortado_denoised.wav,5,/home/ci2dt2-ai/Proyectos/Psiquiatria/Clasificación Final/Ansiedad/wav/1/020_recortado_denoised.wav,1
020_recortado_denoised__seg6,020,020_recortado_denoised.wav,6,/home/ci2dt2-ai/Proyectos/Psiquiatria/Clasificación Final/Ansiedad/wav/1/020_recortado_denoised.wav,1
020_recortado_denoised__seg7,020,020_recortado_denoised.wav,7,/home/ci2dt2-ai/Proyectos/Psiquiatria/Clasificación Final/Ansiedad/wav/1/020_recortado_denoised.wav,1
020_recortado_denoised__seg8,020,020_recortado_denoised.wav,8,/home/ci2dt2-ai/Proyectos/Psiquiatria/Clasificación Final/Ansiedad/wav/1/020_recortado_denoised.wav,1
020_recortado_denoised__seg9,020,020_recortado_denoised.wav,9,/home/ci2dt2-ai/Proyectos/Psiquiatria/Clasificación Final/Ansiedad/wav/1/020_recortado_denoised.wav,1
020_recortado_denoised__seg10,020,020_recortado_denoised.wav,10,/home/ci2dt2-ai/Proyectos/Psiquiatria/Clasificación Final/Ansiedad/wav/1/020_recortado_denoised.wav,1
020_recortado_denoised__seg11,020,020_recortado_denoised.wav,11,/home/ci2dt2-ai/Proyectos/Psiquiatria/Clasificación Final/Ansiedad/wav/1/020_recortado_denoised.wav,1
020_recortado_denoised__seg12,020,020_recortado_denoised.wav,12,/home/ci2dt2-ai/Proyectos/Psiquiatria/Clasificación Final/Ansiedad/wav/1/020_recortado_denoised.wav,1
020_recortado_denoised__seg13,020,020_recortado_denoised.wav,13,/home/ci2dt2-ai/Proyectos/Psiquiatria/Clasificación Final/Ansiedad/wav/1/020_recortado_denoised.wav,1
020_recortado_denoised__seg14,020,020_recortado_denoised.wav,14,/home/ci2dt2-ai/Proyectos/Psiquiatria/Clasificación Final/Ansiedad/wav/1/020_recortado_denoised.wav,1
020_recortado_denoised__seg15,020,020_recortado_denoised.wav,15,/home/ci2dt2-ai/Proyectos/Psiquiatria/Clasificación Final/Ansiedad/wav/1/020_recortado_denoised.wav,1
020_recortado_denoised__seg16,020,020_recortado_denoised.wav,16,/home/ci2dt2-ai/Proyectos/Psiquiatria/Clasificación Final/Ansiedad/wav/1/020_recortado_denoised.wav,1
020_recortado_denoised__seg17,020,020_recortado_denoised.wav,17,/home/ci2dt2-ai/Proyectos/Psiquiatria/Clasificación Final/Ansiedad/wav/1/020_recortado_denoised.wav,1
020_recortado_denoised__seg18,020,020_recortado_denoised.wav,18,/home/ci2dt2-ai/Proyectos/Psiquiatria/Clasificación Final/Ansiedad/wav/1/020_recortado_denoised.wav,1
020_recortado_denoised__seg19,020,020_recortado_denoised.wav,19,/home/ci2dt2-ai/Proyectos/Psiquiatria/Clasificación Final/Ansiedad/wav/1/020_recortado_denoised.wav,1
020_recortado_denoised__seg20,020,020_recortado_denoised.wav,20,/home/ci2dt2-ai/Proyectos/Psiquiatria/Clasificación Final/Ansiedad/wav/1/020_recortado_denoised.wav,1
020_recortado_denoised__seg21,020,020_recortado_denoised.wav,21,/home/ci2dt2-ai/Proyectos/Psiquiatria/Clasificación Final/Ansiedad/wav/1/020_recortado_denoised.wav,1
020_recortado_denoised__seg22,020,020_recortado_denoised.wav,22,/home/ci2dt2-ai/Proyectos/Psiquiatria/Clasificación Final/Ansiedad/wav/1/020_recortado_denoised.wav,1
020_recortado_denoised__seg23,020,020_recortado_denoised.wav,23,/home/ci2dt2-ai/Proyectos/Psiquiatria/Clasificación Final/Ansiedad/wav/1/020_recortado_denoised.wav,1
020_recortado_denoised__seg24,020,020_recortado_denoised.wav,24,/home/ci2dt2-ai/Proyectos/Psiquiatria/Clasificación Final/Ansiedad/wav/1/020_recortado_denoised.wav,1
020_recortado_denoised__seg25,020,020_recortado_denoised.wav,25,/home/ci2dt2-ai/Proyectos/Psiquiatria/Clasificación Final/Ansiedad/wav/1/020_recortado_denoised.wav,1
020_recortado_denoised__seg26,020,020_recortado_denoised.wav,26,/home/ci2dt2-ai/Proyectos/Psiquiatria/Clasificación Final/Ansiedad/wav/1/020_recortado_denoised.wav,1
020_recortado_denoised__seg27,020,020_recortado_denoised.wav,27,/home/ci2dt2-ai/Proyectos/Psiquiatria/Clasificación Final/Ansiedad/wav/1/020_recortado_denoised.wav,1
020_recortado_denoised__seg28,020,020_recortado_denoised.wav,28,/home/ci2dt2-ai/Proyectos/Psiquiatria/Clasificación Final/Ansiedad/wav/1/020_recortado_denoised.wav,1
020_recortado_denoised__seg29,020,020_recortado_denoised.wav,29,/home/ci2dt2-ai/Proyectos/Psiquiatria/Clasificación Final/Ansiedad/wav/1/020_recortado_denoised.wav,1
020_recortado_denoised__seg30,020,020_recortado_denoised.wav,30,/home/ci2dt2-ai/Proyectos/Psiquiatria/Clasificación Final/Ansiedad/wav/1/020_recortado_denoised.wav,1
020_recortado_denoised__seg31,020,020_recortado_denoised.wav,31,/home/ci2dt2-ai/Proyectos/Psiquiatria/Clasificación Final/Ansiedad/wav/1/020_recortado_denoised.wav,1
020_recortado_denoised__seg32,020,020_recortado_denoised.wav,32,/home/ci2dt2-ai/Proyectos/Psiquiatria/Clasificación Final/Ansiedad/wav/1/020_recortado_denoised.wav,1
020_recortado_denoised__seg33,020,020_recortado_denoised.wav,33,/home/ci2dt2-ai/Proyectos/Psiquiatria/Clasificación Final/Ansiedad/wav/1/020_recortado_denoised.wav,1
020_recortado_denoised__seg34,020,020_recortado_denoised.wav,34,/home/ci2dt2-ai/Proyectos/Psiquiatria/Clasificación Final/Ansiedad/wav/1/020_recortado_denoised.wav,1
020_recortado_denoised__seg35,020,020_recortado_denoised.wav,35,/home/ci2dt2-ai/Proyectos/Psiquiatria/Clasificación Final/Ansiedad/wav/1/020_recortado_denoised.wav,1
020_recortado_denoised__seg36,020,020_recortado_denoised.wav,36,/home/ci2dt2-ai/Proyectos/Psiquiatria/Clasificación Final/Ansiedad/wav/1/020_recortado_denoised.wav,1
020_recortado_denoised__seg37,020,020_recortado_denoised.wav,37,/home/ci2dt2-ai/Proyectos/Psiquiatria/Clasificación Final/Ansiedad/wav/1/020_recortado_denoised.wav,1
020_recortado_denoised__seg38,020,020_recortado_denoised.wav,38,/home/ci2dt2-ai/Proyectos/Psiquiatria/Clasificación Final/Ansiedad/wav/1/020_recortado_denoised.wav,1
020_recortado_denoised__seg39,020,020_recortado_denoised.wav,39,/home/ci2dt2-ai/Proyectos/Psiquiatria/Clasificación Final/Ansiedad/wav/1/020_recortado_denoised.wav,1
020_recortado_denoised__seg40,020,020_recortado_denoised.wav,40,/home/ci2dt2-ai/Proyectos/Psiquiatria/Clasificación Final/Ansiedad/wav/1/020_recortado_denoised.wav,1
020_recortado_denoised__seg41,020,020_recortado_denoised.wav,41,/home/ci2dt2-ai/Proyectos/Psiquiatria/Clasificación Final/Ansiedad/wav/1/020_recortado_denoised.wav,1
020_recortado_denoised__seg42,020,020_recortado_denoised.wav,42,/home/ci2dt2-ai/Proyectos/Psiquiatria/Clasificación Final/Ansiedad/wav/1/020_recortado_denoised.wav,1
020_recortado_denoised__seg43,020,020_recortado_denoised.wav,43,/home/ci2dt2-ai/Proyectos/Psiquiatria/Clasificación Final/Ansiedad/wav/1/020_recortado_denoised.wav,1
020_recortado_denoised__seg44,020,020_recortado_denoised.wav,44,/home/ci2dt2-ai/Proyectos/Psiquiatria/Clasificación Final/Ansiedad/wav/1/020_recortado_denoised.wav,1
020_recortado_denoised__seg45,020,020_recortado_denoised.wav,45,/home/ci2dt2-ai/Proyectos/Psiquiatria/Clasificación Final/Ansiedad/wav/1/020_recortado_denoised.wav,1
020_recortado_denoised__seg46,020,020_recortado_denoised.wav,46,/home/ci2dt2-ai/Proyectos/Psiquiatria/Clasificación Final/Ansiedad/wav/1/020_recortado_denoised.wav,1
020_recortado_denoised__seg47,020,020_recortado_denoised.wav,47,/home/ci2dt2-ai/Proyectos/Psiquiatria/Clasificación Final/Ansiedad/wav/1/020_recortado_denoised.wav,1
020_recortado_denoised__seg48,020,020_recortado_denoised.wav,48,/home/ci2dt2-ai/Proyectos/Psiquiatria/Clasificación Final/Ansiedad/wav/1/020_recortado_denoised.wav,1
020_recortado_denoised__seg49,020,020_recortado_denoised.wav,49,/home/ci2dt2-ai/Proyectos/Psiquiatria/Clasificación Final/Ansiedad/wav/1/020_recortado_denoised.wav,1
020_recortado_denoised__seg50,020,020_recortado_denoised.wav,50,/home/ci2dt2-ai/Proyectos/Psiquiatria/Clasificación Final/Ansiedad/wav/1/020_recortado_denoised.wav,1
020_recortado_denoised__seg51,020,020_recortado_denoised.wav,51,/home/ci2dt2-ai/Proyectos/Psiquiatria/Clasificación Final/Ansiedad/wav/1/020_recortado_denoised.wav,1
020_recortado_denoised__seg52,020,020_recortado_denoised.wav,52,/home/ci2dt2-ai/Proyectos/Psiquiatria/Clasificación Final/Ansiedad/wav/1/020_recortado_denoised.wav,1
020_recortado_denoised__seg53,020,020_recortado_denoised.wav,53,/home/ci2dt2-ai/Proyectos/Psiquiatria/Clasificación Final/Ansiedad/wav/1/020_recortado_denoised.wav,1
027_recortado_denoised__seg0,027,027_recortado_denoised.wav,0,/home/ci2dt2-ai/Proyectos/Psiquiatria/Clasificación Final/Ansiedad/wav/1/027_recortado_denoised.wav,1
027_recortado_denoised__seg1,027,027_recortado_denoised.wav,1,/home/ci2dt2-ai/Proyectos/Psiquiatria/Clasificación Final/Ansiedad/wav/1/027_recortado_denoised.wav,1
027_recortado_denoised__seg2,027,027_recortado_denoised.wav,2,/home/ci2dt2-ai/Proyectos/Psiquiatria/Clasificación Final/Ansiedad/wav/1/027_recortado_denoised.wav,1
027_recortado_denoised__seg3,027,027_recortado_denoised.wav,3,/home/ci2dt2-ai/Proyectos/Psiquiatria/Clasificación Final/Ansiedad/wav/1/027_recortado_denoised.wav,1
027_recortado_denoised__seg4,027,027_recortado_denoised.wav,4,/home/ci2dt2-ai/Proyectos/Psiquiatria/Clasificación Final/Ansiedad/wav/1/027_recortado_denoised.wav,1
027_recortado_denoised__seg5,027,027_recortado_denoised.wav,5,/home/ci2dt2-ai/Proyectos/Psiquiatria/Clasificación Final/Ansiedad/wav/1/027_recortado_denoised.wav,1
027_recortado_denoised__seg6,027,027_recortado_denoised.wav,6,/home/ci2dt2-ai/Proyectos/Psiquiatria/Clasificación Final/Ansiedad/wav/1/027_recortado_denoised.wav,1
027_recortado_denoised__seg7,027,027_recortado_denoised.wav,7,/home/ci2dt2-ai/Proyectos/Psiquiatria/Clasificación Final/Ansiedad/wav/1/027_recortado_denoised.wav,1
027_recortado_denoised__seg8,027,027_recortado_denoised.wav,8,/home/ci2dt2-ai/Proyectos/Psiquiatria/Clasificación Final/Ansiedad/wav/1/027_recortado_denoised.wav,1
027_recortado_denoised__seg9,027,027_recortado_denoised.wav,9,/home/ci2dt2-ai/Proyectos/Psiquiatria/Clasificación Final/Ansiedad/wav/1/027_recortado_denoised.wav,1
027_recortado_denoised__seg10,027,027_recortado_denoised.wav,10,/home/ci2dt2-ai/Proyectos/Psiquiatria/Clasificación Final/Ansiedad/wav/1/027_recortado_denoised.wav,1
027_recortado_denoised__seg11,027,027_recortado_denoised.wav,11,/home/ci2dt2-ai/Proyectos/Psiquiatria/Clasificación Final/Ansiedad/wav/1/027_recortado_denoised.wav,1
027_recortado_denoised__seg12,027,027_recortado_denoised.wav,12,/home/ci2dt2-ai/Proyectos/Psiquiatria/Clasificación Final/Ansiedad/wav/1/027_recortado_denoised.wav,1
027_recortado_denoised__seg13,027,027_recortado_denoised.wav,13,/home/ci2dt2-ai/Proyectos/Psiquiatria/Clasificación Final/Ansiedad/wav/1/027_recortado_denoised.wav,1
027_recortado_denoised__seg14,027,027_recortado_denoised.wav,14,/home/ci2dt2-ai/Proyectos/Psiquiatria/Clasificación Final/Ansiedad/wav/1/027_recortado_denoised.wav,1
027_recortado_denoised__seg15,027,027_recortado_denoised.wav,15,/home/ci2dt2-ai/Proyectos/Psiquiatria/Clasificación Final/Ansiedad/wav/1/027_recortado_denoised.wav,1
027_recortado_denoised__seg16,027,027_recortado_denoised.wav,16,/home/ci2dt2-ai/Proyectos/Psiquiatria/Clasificación Final/Ansiedad/wav/1/027_recortado_denoised.wav,1
027_recortado_denoised__seg17,027,027_recortado_denoised.wav,17,/home/ci2dt2-ai/Proyectos/Psiquiatria/Clasificación Final/Ansiedad/wav/1/027_recortado_denoised.wav,1
027_recortado_denoised__seg18,027,027_recortado_denoised.wav,18,/home/ci2dt2-ai/Proyectos/Psiquiatria/Clasificación Final/Ansiedad/wav/1/027_recortado_denoised.wav,1
027_recortado_denoised__seg19,027,027_recortado_denoised.wav,19,/home/ci2dt2-ai/Proyectos/Psiquiatria/Clasificación Final/Ansiedad/wav/1/027_recortado_denoised.wav,1
027_recortado_denoised__seg20,027,027_recortado_denoised.wav,20,/home/ci2dt2-ai/Proyectos/Psiquiatria/Clasificación Final/Ansiedad/wav/1/027_recortado_denoised.wav,1
027_recortado_denoised__seg21,027,027_recortado_denoised.wav,21,/home/ci2dt2-ai/Proyectos/Psiquiatria/Clasificación Final/Ansiedad/wav/1/027_recortado_denoised.wav,1
027_recortado_denoised__seg22,027,027_recortado_denoised.wav,22,/home/ci2dt2-ai/Proyectos/Psiquiatria/Clasificación Final/Ansiedad/wav/1/027_recortado_denoised.wav,1
027_recortado_denoised__seg23,027,027_recortado_denoised.wav,23,/home/ci2dt2-ai/Proyectos/Psiquiatria/Clasificación Final/Ansiedad/wav/1/027_recortado_denoised.wav,1
027_recortado_denoised__seg24,027,027_recortado_denoised.wav,24,/home/ci2dt2-ai/Proyectos/Psiquiatria/Clasificación Final/Ansiedad/wav/1/027_recortado_denoised.wav,1
027_recortado_denoised__seg25,027,027_recortado_denoised.wav,25,/home/ci2dt2-ai/Proyectos/Psiquiatria/Clasificación Final/Ansiedad/wav/1/027_recortado_denoised.wav,1
027_recortado_denoised__seg26,027,027_recortado_denoised.wav,26,/home/ci2dt2-ai/Proyectos/Psiquiatria/Clasificación Final/Ansiedad/wav/1/027_recortado_denoised.wav,1
027_recortado_denoised__seg27,027,027_recortado_denoised.wav,27,/home/ci2dt2-ai/Proyectos/Psiquiatria/Clasificación Final/Ansiedad/wav/1/027_recortado_denoised.wav,1
027_recortado_denoised__seg28,027,027_recortado_denoised.wav,28,/home/ci2dt2-ai/Proyectos/Psiquiatria/Clasificación Final/Ansiedad/wav/1/027_recortado_denoised.wav,1
027_recortado_denoised__seg29,027,027_recortado_denoised.wav,29,/home/ci2dt2-ai/Proyectos/Psiquiatria/Clasificación Final/Ansiedad/wav/1/027_recortado_denoised.wav,1
027_recortado_denoised__seg30,027,027_recortado_denoised.wav,30,/home/ci2dt2-ai/Proyectos/Psiquiatria/Clasificación Final/Ansiedad/wav/1/027_recortado_denoised.wav,1
027_recortado_denoised__seg31,027,027_recortado_denoised.wav,31,/home/ci2dt2-ai/Proyectos/Psiquiatria/Clasificación Final/Ansiedad/wav/1/027_recortado_denoised.wav,1
027_recortado_denoised__seg32,027,027_recortado_denoised.wav,32,/home/ci2dt2-ai/Proyectos/Psiquiatria/Clasificación Final/Ansiedad/wav/1/027_recortado_denoised.wav,1
027_recortado_denoised__seg33,027,027_recortado_denoised.wav,33,/home/ci2dt2-ai/Proyectos/Psiquiatria/Clasificación Final/Ansiedad/wav/1/027_recortado_denoised.wav,1
027_recortado_denoised__seg34,027,027_recortado_denoised.wav,34,/home/ci2dt2-ai/Proyectos/Psiquiatria/Clasificación Final/Ansiedad/wav/1/027_recortado_denoised.wav,1
027_recortado_denoised__seg35,027,027_recortado_denoised.wav,35,/home/ci2dt2-ai/Proyectos/Psiquiatria/Clasificación Final/Ansiedad/wav/1/027_recortado_denoised.wav,1
027_recortado_denoised__seg36,027,027_recortado_denoised.wav,36,/home/ci2dt2-ai/Proyectos/Psiquiatria/Clasificación Final/Ansiedad/wav/1/027_recortado_denoised.wav,1
027_recortado_denoised__seg37,027,027_recortado_denoised.wav,37,/home/ci2dt2-ai/Proyectos/Psiquiatria/Clasificación Final/Ansiedad/wav/1/027_recortado_denoised.wav,1
027_recortado_denoised__seg38,027,027_recortado_denoised.wav,38,/home/ci2dt2-ai/Proyectos/Psiquiatria/Clasificación Final/Ansiedad/wav/1/027_recortado_denoised.wav,1
027_recortado_denoised__seg39,027,027_recortado_denoised.wav,39,/home/ci2dt2-ai/Proyectos/Psiquiatria/Clasificación Final/Ansiedad/wav/1/027_recortado_denoised.wav,1
027_recortado_denoised__seg40,027,027_recortado_denoised.wav,40,/home/ci2dt2-ai/Proyectos/Psiquiatria/Clasificación Final/Ansiedad/wav/1/027_recortado_denoised.wav,1
027_recortado_denoised__seg41,027,027_recortado_denoised.wav,41,/home/ci2dt2-ai/Proyectos/Psiquiatria/Clasificación Final/Ansiedad/wav/1/027_recortado_denoised.wav,1
027_recortado_denoised__seg42,027,027_recortado_denoised.wav,42,/home/ci2dt2-ai/Proyectos/Psiquiatria/Clasificación Final/Ansiedad/wav/1/027_recortado_denoised.wav,1
027_recortado_denoised__seg43,027,027_recortado_denoised.wav,43,/home/ci2dt2-ai/Proyectos/Psiquiatria/Clasificación Final/Ansiedad/wav/1/027_recortado_denoised.wav,1
027_recortado_denoised__seg44,027,027_recortado_denoised.wav,44,/home/ci2dt2-ai/Proyectos/Psiquiatria/Clasificación Final/Ansiedad/wav/1/027_recortado_denoised.wav,1
027_recortado_denoised__seg45,027,027_recortado_denoised.wav,45,/home/ci2dt2-ai/Proyectos/Psiquiatria/Clasificación Final/Ansiedad/wav/1/027_recortado_denoised.wav,1
027_recortado_denoised__seg46,027,027_recortado_denoised.wav,46,/home/ci2dt2-ai/Proyectos/Psiquiatria/Clasificación Final/Ansiedad/wav/1/027_recortado_denoised.wav,1
027_recortado_denoised__seg47,027,027_recortado_denoised.wav,47,/home/ci2dt2-ai/Proyectos/Psiquiatria/Clasificación Final/Ansiedad/wav/1/027_recortado_denoised.wav,1
027_recortado_denoised__seg48,027,027_recortado_denoised.wav,48,/home/ci2dt2-ai/Proyectos/Psiquiatria/Clasificación Final/Ansiedad/wav/1/027_recortado_denoised.wav,1
027_recortado_denoised__seg49,027,027_recortado_denoised.wav,49,/home/ci2dt2-ai/Proyectos/Psiquiatria/Clasificación Final/Ansiedad/wav/1/027_recortado_denoised.wav,1
027_recortado_denoised__seg50,027,027_recortado_denoised.wav,50,/home/ci2dt2-ai/Proyectos/Psiquiatria/Clasificación Final/Ansiedad/wav/1/027_recortado_denoised.wav,1
027_recortado_denoised__seg51,027,027_recortado_denoised.wav,51,/home/ci2dt2-ai/Proyectos/Psiquiatria/Clasificación Final/Ansiedad/wav/1/027_recortado_denoised.wav,1
027_recortado_denoised__seg52,027,027_recortado_denoised.wav,52,/home/ci2dt2-ai/Proyectos/Psiquiatria/Clasificación Final/Ansiedad/wav/1/027_recortado_denoised.wav,1
027_recortado_denoised__seg53,027,027_recortado_denoised.wav,53,/home/ci2dt2-ai/Proyectos/Psiquiatria/Clasificación Final/Ansiedad/wav/1/027_recortado_denoised.wav,1
027_recortado_denoised__seg54,027,027_recortado_denoised.wav,54,/home/ci2dt2-ai/Proyectos/Psiquiatria/Clasificación Final/Ansiedad/wav/1/027_recortado_denoised.wav,1
027_recortado_denoised__seg55,027,027_recortado_denoised.wav,55,/home/ci2dt2-ai/Proyectos/Psiquiatria/Clasificación Final/Ansiedad/wav/1/027_recortado_denoised.wav,1
027_recortado_denoised__seg56,027,027_recortado_denoised.wav,56,/home/ci2dt2-ai/Proyectos/Psiquiatria/Clasificación Final/Ansiedad/wav/1/027_recortado_denoised.wav,1
027_recortado_denoised__seg57,027,027_recortado_denoised.wav,57,/home/ci2dt2-ai/Proyectos/Psiquiatria/Clasificación Final/Ansiedad/wav/1/027_recortado_denoised.wav,1
027_recortado_denoised__seg58,027,027_recortado_denoised.wav,58,/home/ci2dt2-ai/Proyectos/Psiquiatria/Clasificación Final/Ansiedad/wav/1/027_recortado_denoised.wav,1
027_recortado_denoised__seg59,027,027_recortado_denoised.wav,59,/home/ci2dt2-ai/Proyectos/Psiquiatria/Clasificación Final/Ansiedad/wav/1/027_recortado_denoised.wav,1
027_recortado_denoised__seg60,027,027_recortado_denoised.wav,60,/home/ci2dt2-ai/Proyectos/Psiquiatria/Clasificación Final/Ansiedad/wav/1/027_recortado_denoised.wav,1
027_recortado_denoised__seg61,027,027_recortado_denoised.wav,61,/home/ci2dt2-ai/Proyectos/Psiquiatria/Clasificación Final/Ansiedad/wav/1/027_recortado_denoised.wav,1
027_recortado_denoised__seg62,027,027_recortado_denoised.wav,62,/home/ci2dt2-ai/Proyectos/Psiquiatria/Clasificación Final/Ansiedad/wav/1/027_recortado_denoised.wav,1
027_recortado_denoised__seg63,027,027_recortado_denoised.wav,63,/home/ci2dt2-ai/Proyectos/Psiquiatria/Clasificación Final/Ansiedad/wav/1/027_recortado_denoised.wav,1
027_recortado_denoised__seg64,027,027_recortado_denoised.wav,64,/home/ci2dt2-ai/Proyectos/Psiquiatria/Clasificación Final/Ansiedad/wav/1/027_recortado_denoised.wav,1
027_recortado_denoised__seg65,027,027_recortado_denoised.wav,65,/home/ci2dt2-ai/Proyectos/Psiquiatria/Clasificación Final/Ansiedad/wav/1/027_recortado_denoised.wav,1
027_recortado_denoised__seg66,027,027_recortado_denoised.wav,66,/home/ci2dt2-ai/Proyectos/Psiquiatria/Clasificación Final/Ansiedad/wav/1/027_recortado_denoised.wav,1
027_recortado_denoised__seg67,027,027_recortado_denoised.wav,67,/home/ci2dt2-ai/Proyectos/Psiquiatria/Clasificación Final/Ansiedad/wav/1/027_recortado_denoised.wav,1
027_recortado_denoised__seg68,027,027_recortado_denoised.wav,68,/home/ci2dt2-ai/Proyectos/Psiquiatria/Clasificación Final/Ansiedad/wav/1/027_recortado_denoised.wav,1
027_recortado_denoised__seg69,027,027_recortado_denoised.wav,69,/home/ci2dt2-ai/Proyectos/Psiquiatria/Clasificación Final/Ansiedad/wav/1/027_recortado_denoised.wav,1
027_recortado_denoised__seg70,027,027_recortado_denoised.wav,70,/home/ci2dt2-ai/Proyectos/Psiquiatria/Clasificación Final/Ansiedad/wav/1/027_recortado_denoised.wav,1
027_recortado_denoised__seg71,027,027_recortado_denoised.wav,71,/home/ci2dt2-ai/Proyectos/Psiquiatria/Clasificación Final/Ansiedad/wav/1/027_recortado_denoised.wav,1
027_recortado_denoised__seg72,027,027_recortado_denoised.wav,72,/home/ci2dt2-ai/Proyectos/Psiquiatria/Clasificación Final/Ansiedad/wav/1/027_recortado_denoised.wav,1
027_recortado_denoised__seg73,027,027_recortado_denoised.wav,73,/home/ci2dt2-ai/Proyectos/Psiquiatria/Clasificación Final/Ansiedad/wav/1/027_recortado_denoised.wav,1
032_recortado_denoised__seg0,032,032_recortado_denoised.wav,0,/home/ci2dt2-ai/Proyectos/Psiquiatria/Clasificación Final/Ansiedad/wav/1/032_recortado_denoised.wav,1
032_recortado_denoised__seg1,032,032_recortado_denoised.wav,1,/home/ci2dt2-ai/Proyectos/Psiquiatria/Clasificación Final/Ansiedad/wav/1/032_recortado_denoised.wav,1
032_recortado_denoised__seg2,032,032_recortado_denoised.wav,2,/home/ci2dt2-ai/Proyectos/Psiquiatria/Clasificación Final/Ansiedad/wav/1/032_recortado_denoised.wav,1
032_recortado_denoised__seg3,032,032_recortado_denoised.wav,3,/home/ci2dt2-ai/Proyectos/Psiquiatria/Clasificación Final/Ansiedad/wav/1/032_recortado_denoised.wav,1
032_recortado_denoised__seg4,032,032_recortado_denoised.wav,4,/home/ci2dt2-ai/Proyectos/Psiquiatria/Clasificación Final/Ansiedad/wav/1/032_recortado_denoised.wav,1
032_recortado_denoised__seg5,032,032_recortado_denoised.wav,5,/home/ci2dt2-ai/Proyectos/Psiquiatria/Clasificación Final/Ansiedad/wav/1/032_recortado_denoised.wav,1
032_recortado_denoised__seg6,032,032_recortado_denoised.wav,6,/home/ci2dt2-ai/Proyectos/Psiquiatria/Clasificación Final/Ansiedad/wav/1/032_recortado_denoised.wav,1
032_recortado_denoised__seg7,032,032_recortado_denoised.wav,7,/home/ci2dt2-ai/Proyectos/Psiquiatria/Clasificación Final/Ansiedad/wav/1/032_recortado_denoised.wav,1
032_recortado_denoised__seg8,032,032_recortado_denoised.wav,8,/home/ci2dt2-ai/Proyectos/Psiquiatria/Clasificación Final/Ansiedad/wav/1/032_recortado_denoised.wav,1
032_recortado_denoised__seg9,032,032_recortado_denoised.wav,9,/home/ci2dt2-ai/Proyectos/Psiquiatria/Clasificación Final/Ansiedad/wav/1/032_recortado_denoised.wav,1
032_recortado_denoised__seg10,032,032_recortado_denoised.wav,10,/home/ci2dt2-ai/Proyectos/Psiquiatria/Clasificación Final/Ansiedad/wav/1/032_recortado_denoised.wav,1
032_recortado_denoised__seg11,032,032_recortado_denoised.wav,11,/home/ci2dt2-ai/Proyectos/Psiquiatria/Clasificación Final/Ansiedad/wav/1/032_recortado_denoised.wav,1
032_recortado_denoised__seg12,032,032_recortado_denoised.wav,12,/home/ci2dt2-ai/Proyectos/Psiquiatria/Clasificación Final/Ansiedad/wav/1/032_recortado_denoised.wav,1
032_recortado_denoised__seg13,032,032_recortado_denoised.wav,13,/home/ci2dt2-ai/Proyectos/Psiquiatria/Clasificación Final/Ansiedad/wav/1/032_recortado_denoised.wav,1
032_recortado_denoised__seg14,032,032_recortado_denoised.wav,14,/home/ci2dt2-ai/Proyectos/Psiquiatria/Clasificación Final/Ansiedad/wav/1/032_recortado_denoised.wav,1
032_recortado_denoised__seg15,032,032_recortado_denoised.wav,15,/home/ci2dt2-ai/Proyectos/Psiquiatria/Clasificación Final/Ansiedad/wav/1/032_recortado_denoised.wav,1
032_recortado_denoised__seg16,032,032_recortado_denoised.wav,16,/home/ci2dt2-ai/Proyectos/Psiquiatria/Clasificación Final/Ansiedad/wav/1/032_recortado_denoised.wav,1
032_recortado_denoised__seg17,032,032_recortado_denoised.wav,17,/home/ci2dt2-ai/Proyectos/Psiquiatria/Clasificación Final/Ansiedad/wav/1/032_recortado_denoised.wav,1
032_recortado_denoised__seg18,032,032_recortado_denoised.wav,18,/home/ci2dt2-ai/Proyectos/Psiquiatria/Clasificación Final/Ansiedad/wav/1/032_recortado_denoised.wav,1
032_recortado_denoised__seg19,032,032_recortado_denoised.wav,19,/home/ci2dt2-ai/Proyectos/Psiquiatria/Clasificación Final/Ansiedad/wav/1/032_recortado_denoised.wav,1
032_recortado_denoised__seg20,032,032_recortado_denoised.wav,20,/home/ci2dt2-ai/Proyectos/Psiquiatria/Clasificación Final/Ansiedad/wav/1/032_recortado_denoised.wav,1
032_recortado_denoised__seg21,032,032_recortado_denoised.wav,21,/home/ci2dt2-ai/Proyectos/Psiquiatria/Clasificación Final/Ansiedad/wav/1/032_recortado_denoised.wav,1
032_recortado_denoised__seg22,032,032_recortado_denoised.wav,22,/home/ci2dt2-ai/Proyectos/Psiquiatria/Clasificación Final/Ansiedad/wav/1/032_recortado_denoised.wav,1
032_recortado_denoised__seg23,032,032_recortado_denoised.wav,23,/home/ci2dt2-ai/Proyectos/Psiquiatria/Clasificación Final/Ansiedad/wav/1/032_recortado_denoised.wav,1
032_recortado_denoised__seg24,032,032_recortado_denoised.wav,24,/home/ci2dt2-ai/Proyectos/Psiquiatria/Clasificación Final/Ansiedad/wav/1/032_recortado_denoised.wav,1
032_recortado_denoised__seg25,032,032_recortado_denoised.wav,25,/home/ci2dt2-ai/Proyectos/Psiquiatria/Clasificación Final/Ansiedad/wav/1/032_recortado_denoised.wav,1
032_recortado_denoised__seg26,032,032_recortado_denoised.wav,26,/home/ci2dt2-ai/Proyectos/Psiquiatria/Clasificación Final/Ansiedad/wav/1/032_recortado_denoised.wav,1
032_recortado_denoised__seg27,032,032_recortado_denoised.wav,27,/home/ci2dt2-ai/Proyectos/Psiquiatria/Clasificación Final/Ansiedad/wav/1/032_recortado_denoised.wav,1
032_recortado_denoised__seg28,032,032_recortado_denoised.wav,28,/home/ci2dt2-ai/Proyectos/Psiquiatria/Clasificación Final/Ansiedad/wav/1/032_recortado_denoised.wav,1
032_recortado_denoised__seg29,032,032_recortado_denoised.wav,29,/home/ci2dt2-ai/Proyectos/Psiquiatria/Clasificación Final/Ansiedad/wav/1/032_recortado_denoised.wav,1
032_recortado_denoised__seg30,032,032_recortado_denoised.wav,30,/home/ci2dt2-ai/Proyectos/Psiquiatria/Clasificación Final/Ansiedad/wav/1/032_recortado_denoised.wav,1
032_recortado_denoised__seg31,032,032_recortado_denoised.wav,31,/home/ci2dt2-ai/Proyectos/Psiquiatria/Clasificación Final/Ansiedad/wav/1/032_recortado_denoised.wav,1
032_recortado_denoised__seg32,032,032_recortado_denoised.wav,32,/home/ci2dt2-ai/Proyectos/Psiquiatria/Clasificación Final/Ansiedad/wav/1/032_recortado_denoised.wav,1
032_recortado_denoised__seg33,032,032_recortado_denoised.wav,33,/home/ci2dt2-ai/Proyectos/Psiquiatria/Clasificación Final/Ansiedad/wav/1/032_recortado_denoised.wav,1
032_recortado_denoised__seg34,032,032_recortado_denoised.wav,34,/home/ci2dt2-ai/Proyectos/Psiquiatria/Clasificación Final/Ansiedad/wav/1/032_recortado_denoised.wav,1
032_recortado_denoised__seg35,032,032_recortado_denoised.wav,35,/home/ci2dt2-ai/Proyectos/Psiquiatria/Clasificación Final/Ansiedad/wav/1/032_recortado_denoised.wav,1
032_recortado_denoised__seg36,032,032_recortado_denoised.wav,36,/home/ci2dt2-ai/Proyectos/Psiquiatria/Clasificación Final/Ansiedad/wav/1/032_recortado_denoised.wav,1
032_recortado_denoised__seg37,032,032_recortado_denoised.wav,37,/home/ci2dt2-ai/Proyectos/Psiquiatria/Clasificación Final/Ansiedad/wav/1/032_recortado_denoised.wav,1
032_recortado_denoised__seg38,032,032_recortado_denoised.wav,38,/home/ci2dt2-ai/Proyectos/Psiquiatria/Clasificación Final/Ansiedad/wav/1/032_recortado_denoised.wav,1
032_recortado_denoised__seg39,032,032_recortado_denoised.wav,39,/home/ci2dt2-ai/Proyectos/Psiquiatria/Clasificación Final/Ansiedad/wav/1/032_recortado_denoised.wav,1
032_recortado_denoised__seg40,032,032_recortado_denoised.wav,40,/home/ci2dt2-ai/Proyectos/Psiquiatria/Clasificación Final/Ansiedad/wav/1/032_recortado_denoised.wav,1
032_recortado_denoised__seg41,032,032_recortado_denoised.wav,41,/home/ci2dt2-ai/Proyectos/Psiquiatria/Clasificación Final/Ansiedad/wav/1/032_recortado_denoised.wav,1
032_recortado_denoised__seg42,032,032_recortado_denoised.wav,42,/home/ci2dt2-ai/Proyectos/Psiquiatria/Clasificación Final/Ansiedad/wav/1/032_recortado_denoised.wav,1
032_recortado_denoised__seg43,032,032_recortado_denoised.wav,43,/home/ci2dt2-ai/Proyectos/Psiquiatria/Clasificación Final/Ansiedad/wav/1/032_recortado_denoised.wav,1
032_recortado_denoised__seg44,032,032_recortado_denoised.wav,44,/home/ci2dt2-ai/Proyectos/Psiquiatria/Clasificación Final/Ansiedad/wav/1/032_recortado_denoised.wav,1
032_recortado_denoised__seg45,032,032_recortado_denoised.wav,45,/home/ci2dt2-ai/Proyectos/Psiquiatria/Clasificación Final/Ansiedad/wav/1/032_recortado_denoised.wav,1
032_recortado_denoised__seg46,032,032_recortado_denoised.wav,46,/home/ci2dt2-ai/Proyectos/Psiquiatria/Clasificación Final/Ansiedad/wav/1/032_recortado_denoised.wav,1
032_recortado_denoised__seg47,032,032_recortado_denoised.wav,47,/home/ci2dt2-ai/Proyectos/Psiquiatria/Clasificación Final/Ansiedad/wav/1/032_recortado_denoised.wav,1
032_recortado_denoised__seg48,032,032_recortado_denoised.wav,48,/home/ci2dt2-ai/Proyectos/Psiquiatria/Clasificación Final/Ansiedad/wav/1/032_recortado_denoised.wav,1
032_recortado_denoised__seg49,032,032_recortado_denoised.wav,49,/home/ci2dt2-ai/Proyectos/Psiquiatria/Clasificación Final/Ansiedad/wav/1/032_recortado_denoised.wav,1
032_recortado_denoised__seg50,032,032_recortado_denoised.wav,50,/home/ci2dt2-ai/Proyectos/Psiquiatria/Clasificación Final/Ansiedad/wav/1/032_recortado_denoised.wav,1
032_recortado_denoised__seg51,032,032_recortado_denoised.wav,51,/home/ci2dt2-ai/Proyectos/Psiquiatria/Clasificación Final/Ansiedad/wav/1/032_recortado_denoised.wav,1
032_recortado_denoised__seg52,032,032_recortado_denoised.wav,52,/home/ci2dt2-ai/Proyectos/Psiquiatria/Clasificación Final/Ansiedad/wav/1/032_recortado_denoised.wav,1
032_recortado_denoised__seg53,032,032_recortado_denoised.wav,53,/home/ci2dt2-ai/Proyectos/Psiquiatria/Clasificación Final/Ansiedad/wav/1/032_recortado_denoised.wav,1
032_recortado_denoised__seg54,032,032_recortado_denoised.wav,54,/home/ci2dt2-ai/Proyectos/Psiquiatria/Clasificación Final/Ansiedad/wav/1/032_recortado_denoised.wav,1
032_recortado_denoised__seg55,032,032_recortado_denoised.wav,55,/home/ci2dt2-ai/Proyectos/Psiquiatria/Clasificación Final/Ansiedad/wav/1/032_recortado_denoised.wav,1
032_recortado_denoised__seg56,032,032_recortado_denoised.wav,56,/home/ci2dt2-ai/Proyectos/Psiquiatria/Clasificación Final/Ansiedad/wav/1/032_recortado_denoised.wav,1
032_recortado_denoised__seg57,032,032_recortado_denoised.wav,57,/home/ci2dt2-ai/Proyectos/Psiquiatria/Clasificación Final/Ansiedad/wav/1/032_recortado_denoised.wav,1
032_recortado_denoised__seg58,032,032_recortado_denoised.wav,58,/home/ci2dt2-ai/Proyectos/Psiquiatria/Clasificación Final/Ansiedad/wav/1/032_recortado_denoised.wav,1
032_recortado_denoised__seg59,032,032_recortado_denoised.wav,59,/home/ci2dt2-ai/Proyectos/Psiquiatria/Clasificación Final/Ansiedad/wav/1/032_recortado_denoised.wav,1
032_recortado_denoised__seg60,032,032_recortado_denoised.wav,60,/home/ci2dt2-ai/Proyectos/Psiquiatria/Clasificación Final/Ansiedad/wav/1/032_recortado_denoised.wav,1
032_recortado_denoised__seg61,032,032_recortado_denoised.wav,61,/home/ci2dt2-ai/Proyectos/Psiquiatria/Clasificación Final/Ansiedad/wav/1/032_recortado_denoised.wav,1
032_recortado_denoised__seg62,032,032_recortado_denoised.wav,62,/home/ci2dt2-ai/Proyectos/Psiquiatria/Clasificación Final/Ansiedad/wav/1/032_recortado_denoised.wav,1
032_recortado_denoised__seg63,032,032_recortado_denoised.wav,63,/home/ci2dt2-ai/Proyectos/Psiquiatria/Clasificación Final/Ansiedad/wav/1/032_recortado_denoised.wav,1
032_recortado_denoised__seg64,032,032_recortado_denoised.wav,64,/home/ci2dt2-ai/Proyectos/Psiquiatria/Clasificación Final/Ansiedad/wav/1/032_recortado_denoised.wav,1
032_recortado_denoised__seg65,032,032_recortado_denoised.wav,65,/home/ci2dt2-ai/Proyectos/Psiquiatria/Clasificación Final/Ansiedad/wav/1/032_recortado_denoised.wav,1
032_recortado_denoised__seg66,032,032_recortado_denoised.wav,66,/home/ci2dt2-ai/Proyectos/Psiquiatria/Clasificación Final/Ansiedad/wav/1/032_recortado_denoised.wav,1
032_recortado_denoised__seg67,032,032_recortado_denoised.wav,67,/home/ci2dt2-ai/Proyectos/Psiquiatria/Clasificación Final/Ansiedad/wav/1/032_recortado_denoised.wav,1
032_recortado_denoised__seg68,032,032_recortado_denoised.wav,68,/home/ci2dt2-ai/Proyectos/Psiquiatria/Clasificación Final/Ansiedad/wav/1/032_recortado_denoised.wav,1
032_recortado_denoised__seg69,032,032_recortado_denoised.wav,69,/home/ci2dt2-ai/Proyectos/Psiquiatria/Clasificación Final/Ansiedad/wav/1/032_recortado_denoised.wav,1
032_recortado_denoised__seg70,032,032_recortado_denoised.wav,70,/home/ci2dt2-ai/Proyectos/Psiquiatria/Clasificación Final/Ansiedad/wav/1/032_recortado_denoised.wav,1
032_recortado_denoised__seg71,032,032_recortado_denoised.wav,71,/home/ci2dt2-ai/Proyectos/Psiquiatria/Clasificación Final/Ansiedad/wav/1/032_recortado_denoised.wav,1
032_recortado_denoised__seg72,032,032_recortado_denoised.wav,72,/home/ci2dt2-ai/Proyectos/Psiquiatria/Clasificación Final/Ansiedad/wav/1/032_recortado_denoised.wav,1
032_recortado_denoised__seg73,032,032_recortado_denoised.wav,73,/home/ci2dt2-ai/Proyectos/Psiquiatria/Clasificación Final/Ansiedad/wav/1/032_recortado_denoised.wav,1
032_recortado_denoised__seg74,032,032_recortado_denoised.wav,74,/home/ci2dt2-ai/Proyectos/Psiquiatria/Clasificación Final/Ansiedad/wav/1/032_recortado_denoised.wav,1
032_recortado_denoised__seg75,032,032_recortado_denoised.wav,75,/home/ci2dt2-ai/Proyectos/Psiquiatria/Clasificación Final/Ansiedad/wav/1/032_recortado_denoised.wav,1
032_recortado_denoised__seg76,032,032_recortado_denoised.wav,76,/home/ci2dt2-ai/Proyectos/Psiquiatria/Clasificación Final/Ansiedad/wav/1/032_recortado_denoised.wav,1
032_recortado_denoised__seg77,032,032_recortado_denoised.wav,77,/home/ci2dt2-ai/Proyectos/Psiquiatria/Clasificación Final/Ansiedad/wav/1/032_recortado_denoised.wav,1
032_recortado_denoised__seg78,032,032_recortado_denoised.wav,78,/home/ci2dt2-ai/Proyectos/Psiquiatria/Clasificación Final/Ansiedad/wav/1/032_recortado_denoised.wav,1
032_recortado_denoised__seg79,032,032_recortado_denoised.wav,79,/home/ci2dt2-ai/Proyectos/Psiquiatria/Clasificación Final/Ansiedad/wav/1/032_recortado_denoised.wav,1
032_recortado_denoised__seg80,032,032_recortado_denoised.wav,80,/home/ci2dt2-ai/Proyectos/Psiquiatria/Clasificación Final/Ansiedad/wav/1/032_recortado_denoised.wav,1
032_recortado_denoised__seg81,032,032_recortado_denoised.wav,81,/home/ci2dt2-ai/Proyectos/Psiquiatria/Clasificación Final/Ansiedad/wav/1/032_recortado_denoised.wav,1
032_recortado_denoised__seg82,032,032_recortado_denoised.wav,82,/home/ci2dt2-ai/Proyectos/Psiquiatria/Clasificación Final/Ansiedad/wav/1/032_recortado_denoised.wav,1
032_recortado_denoised__seg83,032,032_recortado_denoised.wav,83,/home/ci2dt2-ai/Proyectos/Psiquiatria/Clasificación Final/Ansiedad/wav/1/032_recortado_denoised.wav,1
032_recortado_denoised__seg84,032,032_recortado_denoised.wav,84,/home/ci2dt2-ai/Proyectos/Psiquiatria/Clasificación Final/Ansiedad/wav/1/032_recortado_denoised.wav,1
032_recortado_denoised__seg85,032,032_recortado_denoised.wav,85,/home/ci2dt2-ai/Proyectos/Psiquiatria/Clasificación Final/Ansiedad/wav/1/032_recortado_denoised.wav,1
032_recortado_denoised__seg86,032,032_recortado_denoised.wav,86,/home/ci2dt2-ai/Proyectos/Psiquiatria/Clasificación Final/Ansiedad/wav/1/032_recortado_denoised.wav,1
032_recortado_denoised__seg87,032,032_recortado_denoised.wav,87,/home/ci2dt2-ai/Proyectos/Psiquiatria/Clasificación Final/Ansiedad/wav/1/032_recortado_denoised.wav,1
032_recortado_denoised__seg88,032,032_recortado_denoised.wav,88,/home/ci2dt2-ai/Proyectos/Psiquiatria/Clasificación Final/Ansiedad/wav/1/032_recortado_denoised.wav,1
032_recortado_denoised__seg89,032,032_recortado_denoised.wav,89,/home/ci2dt2-ai/Proyectos/Psiquiatria/Clasificación Final/Ansiedad/wav/1/032_recortado_denoised.wav,1
032_recortado_denoised__seg90,032,032_recortado_denoised.wav,90,/home/ci2dt2-ai/Proyectos/Psiquiatria/Clasificación Final/Ansiedad/wav/1/032_recortado_denoised.wav,1
032_recortado_denoised__seg91,032,032_recortado_denoised.wav,91,/home/ci2dt2-ai/Proyectos/Psiquiatria/Clasificación Final/Ansiedad/wav/1/032_recortado_denoised.wav,1
032_recortado_denoised__seg92,032,032_recortado_denoised.wav,92,/home/ci2dt2-ai/Proyectos/Psiquiatria/Clasificación Final/Ansiedad/wav/1/032_recortado_denoised.wav,1
032_recortado_denoised__seg93,032,032_recortado_denoised.wav,93,/home/ci2dt2-ai/Proyectos/Psiquiatria/Clasificación Final/Ansiedad/wav/1/032_recortado_denoised.wav,1
032_recortado_denoised__seg94,032,032_recortado_denoised.wav,94,/home/ci2dt2-ai/Proyectos/Psiquiatria/Clasificación Final/Ansiedad/wav/1/032_recortado_denoised.wav,1
032_recortado_denoised__seg95,032,032_recortado_denoised.wav,95,/home/ci2dt2-ai/Proyectos/Psiquiatria/Clasificación Final/Ansiedad/wav/1/032_recortado_denoised.wav,1
032_recortado_denoised__seg96,032,032_recortado_denoised.wav,96,/home/ci2dt2-ai/Proyectos/Psiquiatria/Clasificación Final/Ansiedad/wav/1/032_recortado_denoised.wav,1
032_recortado_denoised__seg97,032,032_recortado_denoised.wav,97,/home/ci2dt2-ai/Proyectos/Psiquiatria/Clasificación Final/Ansiedad/wav/1/032_recortado_denoised.wav,1
032_recortado_denoised__seg98,032,032_recortado_denoised.wav,98,/home/ci2dt2-ai/Proyectos/Psiquiatria/Clasificación Final/Ansiedad/wav/1/032_recortado_denoised.wav,1
032_recortado_denoised__seg99,032,032_recortado_denoised.wav,99,/home/ci2dt2-ai/Proyectos/Psiquiatria/Clasificación Final/Ansiedad/wav/1/032_recortado_denoised.wav,1
032_recortado_denoised__seg100,032,032_recortado_denoised.wav,100,/home/ci2dt2-ai/Proyectos/Psiquiatria/Clasificación Final/Ansiedad/wav/1/032_recortado_denoised.wav,1
032_recortado_denoised__seg101,032,032_recortado_denoised.wav,101,/home/ci2dt2-ai/Proyectos/Psiquiatria/Clasificación Final/Ansiedad/wav/1/032_recortado_denoised.wav,1
032_recortado_denoised__seg102,032,032_recortado_denoised.wav,102,/home/ci2dt2-ai/Proyectos/Psiquiatria/Clasificación Final/Ansiedad/wav/1/032_recortado_denoised.wav,1
033_recortado_denoised__seg0,033,033_recortado_denoised.wav,0,/home/ci2dt2-ai/Proyectos/Psiquiatria/Clasificación Final/Ansiedad/wav/1/033_recortado_denoised.wav,1
033_recortado_denoised__seg1,033,033_recortado_denoised.wav,1,/home/ci2dt2-ai/Proyectos/Psiquiatria/Clasificación Final/Ansiedad/wav/1/033_recortado_denoised.wav,1
033_recortado_denoised__seg2,033,033_recortado_denoised.wav,2,/home/ci2dt2-ai/Proyectos/Psiquiatria/Clasificación Final/Ansiedad/wav/1/033_recortado_denoised.wav,1
033_recortado_denoised__seg3,033,033_recortado_denoised.wav,3,/home/ci2dt2-ai/Proyectos/Psiquiatria/Clasificación Final/Ansiedad/wav/1/033_recortado_denoised.wav,1
033_recortado_denoised__seg4,033,033_recortado_denoised.wav,4,/home/ci2dt2-ai/Proyectos/Psiquiatria/Clasificación Final/Ansiedad/wav/1/033_recortado_denoised.wav,1
033_recortado_denoised__seg5,033,033_recortado_denoised.wav,5,/home/ci2dt2-ai/Proyectos/Psiquiatria/Clasificación Final/Ansiedad/wav/1/033_recortado_denoised.wav,1
033_recortado_denoised__seg6,033,033_recortado_denoised.wav,6,/home/ci2dt2-ai/Proyectos/Psiquiatria/Clasificación Final/Ansiedad/wav/1/033_recortado_denoised.wav,1
033_recortado_denoised__seg7,033,033_recortado_denoised.wav,7,/home/ci2dt2-ai/Proyectos/Psiquiatria/Clasificación Final/Ansiedad/wav/1/033_recortado_denoised.wav,1
033_recortado_denoised__seg8,033,033_recortado_denoised.wav,8,/home/ci2dt2-ai/Proyectos/Psiquiatria/Clasificación Final/Ansiedad/wav/1/033_recortado_denoised.wav,1
033_recortado_denoised__seg9,033,033_recortado_denoised.wav,9,/home/ci2dt2-ai/Proyectos/Psiquiatria/Clasificación Final/Ansiedad/wav/1/033_recortado_denoised.wav,1
033_recortado_denoised__seg10,033,033_recortado_denoised.wav,10,/home/ci2dt2-ai/Proyectos/Psiquiatria/Clasificación Final/Ansiedad/wav/1/033_recortado_denoised.wav,1
033_recortado_denoised__seg11,033,033_recortado_denoised.wav,11,/home/ci2dt2-ai/Proyectos/Psiquiatria/Clasificación Final/Ansiedad/wav/1/033_recortado_denoised.wav,1
033_recortado_denoised__seg12,033,033_recortado_denoised.wav,12,/home/ci2dt2-ai/Proyectos/Psiquiatria/Clasificación Final/Ansiedad/wav/1/033_recortado_denoised.wav,1
033_recortado_denoised__seg13,033,033_recortado_denoised.wav,13,/home/ci2dt2-ai/Proyectos/Psiquiatria/Clasificación Final/Ansiedad/wav/1/033_recortado_denoised.wav,1
033_recortado_denoised__seg14,033,033_recortado_denoised.wav,14,/home/ci2dt2-ai/Proyectos/Psiquiatria/Clasificación Final/Ansiedad/wav/1/033_recortado_denoised.wav,1
033_recortado_denoised__seg15,033,033_recortado_denoised.wav,15,/home/ci2dt2-ai/Proyectos/Psiquiatria/Clasificación Final/Ansiedad/wav/1/033_recortado_denoised.wav,1
033_recortado_denoised__seg16,033,033_recortado_denoised.wav,16,/home/ci2dt2-ai/Proyectos/Psiquiatria/Clasificación Final/Ansiedad/wav/1/033_recortado_denoised.wav,1
033_recortado_denoised__seg17,033,033_recortado_denoised.wav,17,/home/ci2dt2-ai/Proyectos/Psiquiatria/Clasificación Final/Ansiedad/wav/1/033_recortado_denoised.wav,1
033_recortado_denoised__seg18,033,033_recortado_denoised.wav,18,/home/ci2dt2-ai/Proyectos/Psiquiatria/Clasificación Final/Ansiedad/wav/1/033_recortado_denoised.wav,1
033_recortado_denoised__seg19,033,033_recortado_denoised.wav,19,/home/ci2dt2-ai/Proyectos/Psiquiatria/Clasificación Final/Ansiedad/wav/1/033_recortado_denoised.wav,1
033_recortado_denoised__seg20,033,033_recortado_denoised.wav,20,/home/ci2dt2-ai/Proyectos/Psiquiatria/Clasificación Final/Ansiedad/wav/1/033_recortado_denoised.wav,1
033_recortado_denoised__seg21,033,033_recortado_denoised.wav,21,/home/ci2dt2-ai/Proyectos/Psiquiatria/Clasificación Final/Ansiedad/wav/1/033_recortado_denoised.wav,1
033_recortado_denoised__seg22,033,033_recortado_denoised.wav,22,/home/ci2dt2-ai/Proyectos/Psiquiatria/Clasificación Final/Ansiedad/wav/1/033_recortado_denoised.wav,1
033_recortado_denoised__seg23,033,033_recortado_denoised.wav,23,/home/ci2dt2-ai/Proyectos/Psiquiatria/Clasificación Final/Ansiedad/wav/1/033_recortado_denoised.wav,1
033_recortado_denoised__seg24,033,033_recortado_denoised.wav,24,/home/ci2dt2-ai/Proyectos/Psiquiatria/Clasificación Final/Ansiedad/wav/1/033_recortado_denoised.wav,1
033_recortado_denoised__seg25,033,033_recortado_denoised.wav,25,/home/ci2dt2-ai/Proyectos/Psiquiatria/Clasificación Final/Ansiedad/wav/1/033_recortado_denoised.wav,1
033_recortado_denoised__seg26,033,033_recortado_denoised.wav,26,/home/ci2dt2-ai/Proyectos/Psiquiatria/Clasificación Final/Ansiedad/wav/1/033_recortado_denoised.wav,1
033_recortado_denoised__seg27,033,033_recortado_denoised.wav,27,/home/ci2dt2-ai/Proyectos/Psiquiatria/Clasificación Final/Ansiedad/wav/1/033_recortado_denoised.wav,1
033_recortado_denoised__seg28,033,033_recortado_denoised.wav,28,/home/ci2dt2-ai/Proyectos/Psiquiatria/Clasificación Final/Ansiedad/wav/1/033_recortado_denoised.wav,1
033_recortado_denoised__seg29,033,033_recortado_denoised.wav,29,/home/ci2dt2-ai/Proyectos/Psiquiatria/Clasificación Final/Ansiedad/wav/1/033_recortado_denoised.wav,1
033_recortado_denoised__seg30,033,033_recortado_denoised.wav,30,/home/ci2dt2-ai/Proyectos/Psiquiatria/Clasificación Final/Ansiedad/wav/1/033_recortado_denoised.wav,1
033_recortado_denoised__seg31,033,033_recortado_denoised.wav,31,/home/ci2dt2-ai/Proyectos/Psiquiatria/Clasificación Final/Ansiedad/wav/1/033_recortado_denoised.wav,1
033_recortado_denoised__seg32,033,033_recortado_denoised.wav,32,/home/ci2dt2-ai/Proyectos/Psiquiatria/Clasificación Final/Ansiedad/wav/1/033_recortado_denoised.wav,1
033_recortado_denoised__seg33,033,033_recortado_denoised.wav,33,/home/ci2dt2-ai/Proyectos/Psiquiatria/Clasificación Final/Ansiedad/wav/1/033_recortado_denoised.wav,1
033_recortado_denoised__seg34,033,033_recortado_denoised.wav,34,/home/ci2dt2-ai/Proyectos/Psiquiatria/Clasificación Final/Ansiedad/wav/1/033_recortado_denoised.wav,1
033_recortado_denoised__seg35,033,033_recortado_denoised.wav,35,/home/ci2dt2-ai/Proyectos/Psiquiatria/Clasificación Final/Ansiedad/wav/1/033_recortado_denoised.wav,1
033_recortado_denoised__seg36,033,033_recortado_denoised.wav,36,/home/ci2dt2-ai/Proyectos/Psiquiatria/Clasificación Final/Ansiedad/wav/1/033_recortado_denoised.wav,1
033_recortado_denoised__seg37,033,033_recortado_denoised.wav,37,/home/ci2dt2-ai/Proyectos/Psiquiatria/Clasificación Final/Ansiedad/wav/1/033_recortado_denoised.wav,1
033_recortado_denoised__seg38,033,033_recortado_denoised.wav,38,/home/ci2dt2-ai/Proyectos/Psiquiatria/Clasificación Final/Ansiedad/wav/1/033_recortado_denoised.wav,1
033_recortado_denoised__seg39,033,033_recortado_denoised.wav,39,/home/ci2dt2-ai/Proyectos/Psiquiatria/Clasificación Final/Ansiedad/wav/1/033_recortado_denoised.wav,1
033_recortado_denoised__seg40,033,033_recortado_denoised.wav,40,/home/ci2dt2-ai/Proyectos/Psiquiatria/Clasificación Final/Ansiedad/wav/1/033_recortado_denoised.wav,1
033_recortado_denoised__seg41,033,033_recortado_denoised.wav,41,/home/ci2dt2-ai/Proyectos/Psiquiatria/Clasificación Final/Ansiedad/wav/1/033_recortado_denoised.wav,1
033_recortado_denoised__seg42,033,033_recortado_denoised.wav,42,/home/ci2dt2-ai/Proyectos/Psiquiatria/Clasificación Final/Ansiedad/wav/1/033_recortado_denoised.wav,1
033_recortado_denoised__seg43,033,033_recortado_denoised.wav,43,/home/ci2dt2-ai/Proyectos/Psiquiatria/Clasificación Final/Ansiedad/wav/1/033_recortado_denoised.wav,1
033_recortado_denoised__seg44,033,033_recortado_denoised.wav,44,/home/ci2dt2-ai/Proyectos/Psiquiatria/Clasificación Final/Ansiedad/wav/1/033_recortado_denoised.wav,1
042_recortado_denoised__seg0,042,042_recortado_denoised.wav,0,/home/ci2dt2-ai/Proyectos/Psiquiatria/Clasificación Final/Ansiedad/wav/1/042_recortado_denoised.wav,1
042_recortado_denoised__seg1,042,042_recortado_denoised.wav,1,/home/ci2dt2-ai/Proyectos/Psiquiatria/Clasificación Final/Ansiedad/wav/1/042_recortado_denoised.wav,1
042_recortado_denoised__seg2,042,042_recortado_denoised.wav,2,/home/ci2dt2-ai/Proyectos/Psiquiatria/Clasificación Final/Ansiedad/wav/1/042_recortado_denoised.wav,1
042_recortado_denoised__seg3,042,042_recortado_denoised.wav,3,/home/ci2dt2-ai/Proyectos/Psiquiatria/Clasificación Final/Ansiedad/wav/1/042_recortado_denoised.wav,1
042_recortado_denoised__seg4,042,042_recortado_denoised.wav,4,/home/ci2dt2-ai/Proyectos/Psiquiatria/Clasificación Final/Ansiedad/wav/1/042_recortado_denoised.wav,1
042_recortado_denoised__seg5,042,042_recortado_denoised.wav,5,/home/ci2dt2-ai/Proyectos/Psiquiatria/Clasificación Final/Ansiedad/wav/1/042_recortado_denoised.wav,1
042_recortado_denoised__seg6,042,042_recortado_denoised.wav,6,/home/ci2dt2-ai/Proyectos/Psiquiatria/Clasificación Final/Ansiedad/wav/1/042_recortado_denoised.wav,1
042_recortado_denoised__seg7,042,042_recortado_denoised.wav,7,/home/ci2dt2-ai/Proyectos/Psiquiatria/Clasificación Final/Ansiedad/wav/1/042_recortado_denoised.wav,1
042_recortado_denoised__seg8,042,042_recortado_denoised.wav,8,/home/ci2dt2-ai/Proyectos/Psiquiatria/Clasificación Final/Ansiedad/wav/1/042_recortado_denoised.wav,1
042_recortado_denoised__seg9,042,042_recortado_denoised.wav,9,/home/ci2dt2-ai/Proyectos/Psiquiatria/Clasificación Final/Ansiedad/wav/1/042_recortado_denoised.wav,1
042_recortado_denoised__seg10,042,042_recortado_denoised.wav,10,/home/ci2dt2-ai/Proyectos/Psiquiatria/Clasificación Final/Ansiedad/wav/1/042_recortado_denoised.wav,1
042_recortado_denoised__seg11,042,042_recortado_denoised.wav,11,/home/ci2dt2-ai/Proyectos/Psiquiatria/Clasificación Final/Ansiedad/wav/1/042_recortado_denoised.wav,1
042_recortado_denoised__seg12,042,042_recortado_denoised.wav,12,/home/ci2dt2-ai/Proyectos/Psiquiatria/Clasificación Final/Ansiedad/wav/1/042_recortado_denoised.wav,1
042_recortado_denoised__seg13,042,042_recortado_denoised.wav,13,/home/ci2dt2-ai/Proyectos/Psiquiatria/Clasificación Final/Ansiedad/wav/1/042_recortado_denoised.wav,1
042_recortado_denoised__seg14,042,042_recortado_denoised.wav,14,/home/ci2dt2-ai/Proyectos/Psiquiatria/Clasificación Final/Ansiedad/wav/1/042_recortado_denoised.wav,1
042_recortado_denoised__seg15,042,042_recortado_denoised.wav,15,/home/ci2dt2-ai/Proyectos/Psiquiatria/Clasificación Final/Ansiedad/wav/1/042_recortado_denoised.wav,1
042_recortado_denoised__seg16,042,042_recortado_denoised.wav,16,/home/ci2dt2-ai/Proyectos/Psiquiatria/Clasificación Final/Ansiedad/wav/1/042_recortado_denoised.wav,1
042_recortado_denoised__seg17,042,042_recortado_denoised.wav,17,/home/ci2dt2-ai/Proyectos/Psiquiatria/Clasificación Final/Ansiedad/wav/1/042_recortado_denoised.wav,1
042_recortado_denoised__seg18,042,042_recortado_denoised.wav,18,/home/ci2dt2-ai/Proyectos/Psiquiatria/Clasificación Final/Ansiedad/wav/1/042_recortado_denoised.wav,1
042_recortado_denoised__seg19,042,042_recortado_denoised.wav,19,/home/ci2dt2-ai/Proyectos/Psiquiatria/Clasificación Final/Ansiedad/wav/1/042_recortado_denoised.wav,1
042_recortado_denoised__seg20,042,042_recortado_denoised.wav,20,/home/ci2dt2-ai/Proyectos/Psiquiatria/Clasificación Final/Ansiedad/wav/1/042_recortado_denoised.wav,1
042_recortado_denoised__seg21,042,042_recortado_denoised.wav,21,/home/ci2dt2-ai/Proyectos/Psiquiatria/Clasificación Final/Ansiedad/wav/1/042_recortado_denoised.wav,1
042_recortado_denoised__seg22,042,042_recortado_denoised.wav,22,/home/ci2dt2-ai/Proyectos/Psiquiatria/Clasificación Final/Ansiedad/wav/1/042_recortado_denoised.wav,1
042_recortado_denoised__seg23,042,042_recortado_denoised.wav,23,/home/ci2dt2-ai/Proyectos/Psiquiatria/Clasificación Final/Ansiedad/wav/1/042_recortado_denoised.wav,1
042_recortado_denoised__seg24,042,042_recortado_denoised.wav,24,/home/ci2dt2-ai/Proyectos/Psiquiatria/Clasificación Final/Ansiedad/wav/1/042_recortado_denoised.wav,1
042_recortado_denoised__seg25,042,042_recortado_denoised.wav,25,/home/ci2dt2-ai/Proyectos/Psiquiatria/Clasificación Final/Ansiedad/wav/1/042_recortado_denoised.wav,1
042_recortado_denoised__seg26,042,042_recortado_denoised.wav,26,/home/ci2dt2-ai/Proyectos/Psiquiatria/Clasificación Final/Ansiedad/wav/1/042_recortado_denoised.wav,1
042_recortado_denoised__seg27,042,042_recortado_denoised.wav,27,/home/ci2dt2-ai/Proyectos/Psiquiatria/Clasificación Final/Ansiedad/wav/1/042_recortado_denoised.wav,1
042_recortado_denoised__seg28,042,042_recortado_denoised.wav,28,/home/ci2dt2-ai/Proyectos/Psiquiatria/Clasificación Final/Ansiedad/wav/1/042_recortado_denoised.wav,1
042_recortado_denoised__seg29,042,042_recortado_denoised.wav,29,/home/ci2dt2-ai/Proyectos/Psiquiatria/Clasificación Final/Ansiedad/wav/1/042_recortado_denoised.wav,1
042_recortado_denoised__seg30,042,042_recortado_denoised.wav,30,/home/ci2dt2-ai/Proyectos/Psiquiatria/Clasificación Final/Ansiedad/wav/1/042_recortado_denoised.wav,1
042_recortado_denoised__seg31,042,042_recortado_denoised.wav,31,/home/ci2dt2-ai/Proyectos/Psiquiatria/Clasificación Final/Ansiedad/wav/1/042_recortado_denoised.wav,1
042_recortado_denoised__seg32,042,042_recortado_denoised.wav,32,/home/ci2dt2-ai/Proyectos/Psiquiatria/Clasificación Final/Ansiedad/wav/1/042_recortado_denoised.wav,1
042_recortado_denoised__seg33,042,042_recortado_denoised.wav,33,/home/ci2dt2-ai/Proyectos/Psiquiatria/Clasificación Final/Ansiedad/wav/1/042_recortado_denoised.wav,1
042_recortado_denoised__seg34,042,042_recortado_denoised.wav,34,/home/ci2dt2-ai/Proyectos/Psiquiatria/Clasificación Final/Ansiedad/wav/1/042_recortado_denoised.wav,1
043_recortado_denoised__seg0,043,043_recortado_denoised.wav,0,/home/ci2dt2-ai/Proyectos/Psiquiatria/Clasificación Final/Ansiedad/wav/1/043_recortado_denoised.wav,1
043_recortado_denoised__seg1,043,043_recortado_denoised.wav,1,/home/ci2dt2-ai/Proyectos/Psiquiatria/Clasificación Final/Ansiedad/wav/1/043_recortado_denoised.wav,1
043_recortado_denoised__seg2,043,043_recortado_denoised.wav,2,/home/ci2dt2-ai/Proyectos/Psiquiatria/Clasificación Final/Ansiedad/wav/1/043_recortado_denoised.wav,1
043_recortado_denoised__seg3,043,043_recortado_denoised.wav,3,/home/ci2dt2-ai/Proyectos/Psiquiatria/Clasificación Final/Ansiedad/wav/1/043_recortado_denoised.wav,1
043_recortado_denoised__seg4,043,043_recortado_denoised.wav,4,/home/ci2dt2-ai/Proyectos/Psiquiatria/Clasificación Final/Ansiedad/wav/1/043_recortado_denoised.wav,1
043_recortado_denoised__seg5,043,043_recortado_denoised.wav,5,/home/ci2dt2-ai/Proyectos/Psiquiatria/Clasificación Final/Ansiedad/wav/1/043_recortado_denoised.wav,1
043_recortado_denoised__seg6,043,043_recortado_denoised.wav,6,/home/ci2dt2-ai/Proyectos/Psiquiatria/Clasificación Final/Ansiedad/wav/1/043_recortado_denoised.wav,1
043_recortado_denoised__seg7,043,043_recortado_denoised.wav,7,/home/ci2dt2-ai/Proyectos/Psiquiatria/Clasificación Final/Ansiedad/wav/1/043_recortado_denoised.wav,1
043_recortado_denoised__seg8,043,043_recortado_denoised.wav,8,/home/ci2dt2-ai/Proyectos/Psiquiatria/Clasificación Final/Ansiedad/wav/1/043_recortado_denoised.wav,1
043_recortado_denoised__seg9,043,043_recortado_denoised.wav,9,/home/ci2dt2-ai/Proyectos/Psiquiatria/Clasificación Final/Ansiedad/wav/1/043_recortado_denoised.wav,1
043_recortado_denoised__seg10,043,043_recortado_denoised.wav,10,/home/ci2dt2-ai/Proyectos/Psiquiatria/Clasificación Final/Ansiedad/wav/1/043_recortado_denoised.wav,1
043_recortado_denoised__seg11,043,043_recortado_denoised.wav,11,/home/ci2dt2-ai/Proyectos/Psiquiatria/Clasificación Final/Ansiedad/wav/1/043_recortado_denoised.wav,1
043_recortado_denoised__seg12,043,043_recortado_denoised.wav,12,/home/ci2dt2-ai/Proyectos/Psiquiatria/Clasificación Final/Ansiedad/wav/1/043_recortado_denoised.wav,1
043_recortado_denoised__seg13,043,043_recortado_denoised.wav,13,/home/ci2dt2-ai/Proyectos/Psiquiatria/Clasificación Final/Ansiedad/wav/1/043_recortado_denoised.wav,1
043_recortado_denoised__seg14,043,043_recortado_denoised.wav,14,/home/ci2dt2-ai/Proyectos/Psiquiatria/Clasificación Final/Ansiedad/wav/1/043_recortado_denoised.wav,1
043_recortado_denoised__seg15,043,043_recortado_denoised.wav,15,/home/ci2dt2-ai/Proyectos/Psiquiatria/Clasificación Final/Ansiedad/wav/1/043_recortado_denoised.wav,1
043_recortado_denoised__seg16,043,043_recortado_denoised.wav,16,/home/ci2dt2-ai/Proyectos/Psiquiatria/Clasificación Final/Ansiedad/wav/1/043_recortado_denoised.wav,1
043_recortado_denoised__seg17,043,043_recortado_denoised.wav,17,/home/ci2dt2-ai/Proyectos/Psiquiatria/Clasificación Final/Ansiedad/wav/1/043_recortado_denoised.wav,1
043_recortado_denoised__seg18,043,043_recortado_denoised.wav,18,/home/ci2dt2-ai/Proyectos/Psiquiatria/Clasificación Final/Ansiedad/wav/1/043_recortado_denoised.wav,1
043_recortado_denoised__seg19,043,043_recortado_denoised.wav,19,/home/ci2dt2-ai/Proyectos/Psiquiatria/Clasificación Final/Ansiedad/wav/1/043_recortado_denoised.wav,1
043_recortado_denoised__seg20,043,043_recortado_denoised.wav,20,/home/ci2dt2-ai/Proyectos/Psiquiatria/Clasificación Final/Ansiedad/wav/1/043_recortado_denoised.wav,1
043_recortado_denoised__seg21,043,043_recortado_denoised.wav,21,/home/ci2dt2-ai/Proyectos/Psiquiatria/Clasificación Final/Ansiedad/wav/1/043_recortado_denoised.wav,1
043_recortado_denoised__seg22,043,043_recortado_denoised.wav,22,/home/ci2dt2-ai/Proyectos/Psiquiatria/Clasificación Final/Ansiedad/wav/1/043_recortado_denoised.wav,1
043_recortado_denoised__seg23,043,043_recortado_denoised.wav,23,/home/ci2dt2-ai/Proyectos/Psiquiatria/Clasificación Final/Ansiedad/wav/1/043_recortado_denoised.wav,1
043_recortado_denoised__seg24,043,043_recortado_denoised.wav,24,/home/ci2dt2-ai/Proyectos/Psiquiatria/Clasificación Final/Ansiedad/wav/1/043_recortado_denoised.wav,1
043_recortado_denoised__seg25,043,043_recortado_denoised.wav,25,/home/ci2dt2-ai/Proyectos/Psiquiatria/Clasificación Final/Ansiedad/wav/1/043_recortado_denoised.wav,1
043_recortado_denoised__seg26,043,043_recortado_denoised.wav,26,/home/ci2dt2-ai/Proyectos/Psiquiatria/Clasificación Final/Ansiedad/wav/1/043_recortado_denoised.wav,1
043_recortado_denoised__seg27,043,043_recortado_denoised.wav,27,/home/ci2dt2-ai/Proyectos/Psiquiatria/Clasificación Final/Ansiedad/wav/1/043_recortado_denoised.wav,1
043_recortado_denoised__seg28,043,043_recortado_denoised.wav,28,/home/ci2dt2-ai/Proyectos/Psiquiatria/Clasificación Final/Ansiedad/wav/1/043_recortado_denoised.wav,1
043_recortado_denoised__seg29,043,043_recortado_denoised.wav,29,/home/ci2dt2-ai/Proyectos/Psiquiatria/Clasificación Final/Ansiedad/wav/1/043_recortado_denoised.wav,1
043_recortado_denoised__seg30,043,043_recortado_denoised.wav,30,/home/ci2dt2-ai/Proyectos/Psiquiatria/Clasificación Final/Ansiedad/wav/1/043_recortado_denoised.wav,1
043_recortado_denoised__seg31,043,043_recortado_denoised.wav,31,/home/ci2dt2-ai/Proyectos/Psiquiatria/Clasificación Final/Ansiedad/wav/1/043_recortado_denoised.wav,1
043_recortado_denoised__seg32,043,043_recortado_denoised.wav,32,/home/ci2dt2-ai/Proyectos/Psiquiatria/Clasificación Final/Ansiedad/wav/1/043_recortado_denoised.wav,1
043_recortado_denoised__seg33,043,043_recortado_denoised.wav,33,/home/ci2dt2-ai/Proyectos/Psiquiatria/Clasificación Final/Ansiedad/wav/1/043_recortado_denoised.wav,1
043_recortado_denoised__seg34,043,043_recortado_denoised.wav,34,/home/ci2dt2-ai/Proyectos/Psiquiatria/Clasificación Final/Ansiedad/wav/1/043_recortado_denoised.wav,1
043_recortado_denoised__seg35,043,043_recortado_denoised.wav,35,/home/ci2dt2-ai/Proyectos/Psiquiatria/Clasificación Final/Ansiedad/wav/1/043_recortado_denoised.wav,1
043_recortado_denoised__seg36,043,043_recortado_denoised.wav,36,/home/ci2dt2-ai/Proyectos/Psiquiatria/Clasificación Final/Ansiedad/wav/1/043_recortado_denoised.wav,1
049_recortado_denoised__seg0,049,049_recortado_denoised.wav,0,/home/ci2dt2-ai/Proyectos/Psiquiatria/Clasificación Final/Ansiedad/wav/1/049_recortado_denoised.wav,1
049_recortado_denoised__seg1,049,049_recortado_denoised.wav,1,/home/ci2dt2-ai/Proyectos/Psiquiatria/Clasificación Final/Ansiedad/wav/1/049_recortado_denoised.wav,1
049_recortado_denoised__seg2,049,049_recortado_denoised.wav,2,/home/ci2dt2-ai/Proyectos/Psiquiatria/Clasificación Final/Ansiedad/wav/1/049_recortado_denoised.wav,1
049_recortado_denoised__seg3,049,049_recortado_denoised.wav,3,/home/ci2dt2-ai/Proyectos/Psiquiatria/Clasificación Final/Ansiedad/wav/1/049_recortado_denoised.wav,1
049_recortado_denoised__seg4,049,049_recortado_denoised.wav,4,/home/ci2dt2-ai/Proyectos/Psiquiatria/Clasificación Final/Ansiedad/wav/1/049_recortado_denoised.wav,1
049_recortado_denoised__seg5,049,049_recortado_denoised.wav,5,/home/ci2dt2-ai/Proyectos/Psiquiatria/Clasificación Final/Ansiedad/wav/1/049_recortado_denoised.wav,1
049_recortado_denoised__seg6,049,049_recortado_denoised.wav,6,/home/ci2dt2-ai/Proyectos/Psiquiatria/Clasificación Final/Ansiedad/wav/1/049_recortado_denoised.wav,1
049_recortado_denoised__seg7,049,049_recortado_denoised.wav,7,/home/ci2dt2-ai/Proyectos/Psiquiatria/Clasificación Final/Ansiedad/wav/1/049_recortado_denoised.wav,1
049_recortado_denoised__seg8,049,049_recortado_denoised.wav,8,/home/ci2dt2-ai/Proyectos/Psiquiatria/Clasificación Final/Ansiedad/wav/1/049_recortado_denoised.wav,1
049_recortado_denoised__seg9,049,049_recortado_denoised.wav,9,/home/ci2dt2-ai/Proyectos/Psiquiatria/Clasificación Final/Ansiedad/wav/1/049_recortado_denoised.wav,1
049_recortado_denoised__seg10,049,049_recortado_denoised.wav,10,/home/ci2dt2-ai/Proyectos/Psiquiatria/Clasificación Final/Ansiedad/wav/1/049_recortado_denoised.wav,1
049_recortado_denoised__seg11,049,049_recortado_denoised.wav,11,/home/ci2dt2-ai/Proyectos/Psiquiatria/Clasificación Final/Ansiedad/wav/1/049_recortado_denoised.wav,1
049_recortado_denoised__seg12,049,049_recortado_denoised.wav,12,/home/ci2dt2-ai/Proyectos/Psiquiatria/Clasificación Final/Ansiedad/wav/1/049_recortado_denoised.wav,1
049_recortado_denoised__seg13,049,049_recortado_denoised.wav,13,/home/ci2dt2-ai/Proyectos/Psiquiatria/Clasificación Final/Ansiedad/wav/1/049_recortado_denoised.wav,1
049_recortado_denoised__seg14,049,049_recortado_denoised.wav,14,/home/ci2dt2-ai/Proyectos/Psiquiatria/Clasificación Final/Ansiedad/wav/1/049_recortado_denoised.wav,1
049_recortado_denoised__seg15,049,049_recortado_denoised.wav,15,/home/ci2dt2-ai/Proyectos/Psiquiatria/Clasificación Final/Ansiedad/wav/1/049_recortado_denoised.wav,1
049_recortado_denoised__seg16,049,049_recortado_denoised.wav,16,/home/ci2dt2-ai/Proyectos/Psiquiatria/Clasificación Final/Ansiedad/wav/1/049_recortado_denoised.wav,1
049_recortado_denoised__seg17,049,049_recortado_denoised.wav,17,/home/ci2dt2-ai/Proyectos/Psiquiatria/Clasificación Final/Ansiedad/wav/1/049_recortado_denoised.wav,1
049_recortado_denoised__seg18,049,049_recortado_denoised.wav,18,/home/ci2dt2-ai/Proyectos/Psiquiatria/Clasificación Final/Ansiedad/wav/1/049_recortado_denoised.wav,1
049_recortado_denoised__seg19,049,049_recortado_denoised.wav,19,/home/ci2dt2-ai/Proyectos/Psiquiatria/Clasificación Final/Ansiedad/wav/1/049_recortado_denoised.wav,1
049_recortado_denoised__seg20,049,049_recortado_denoised.wav,20,/home/ci2dt2-ai/Proyectos/Psiquiatria/Clasificación Final/Ansiedad/wav/1/049_recortado_denoised.wav,1
049_recortado_denoised__seg21,049,049_recortado_denoised.wav,21,/home/ci2dt2-ai/Proyectos/Psiquiatria/Clasificación Final/Ansiedad/wav/1/049_recortado_denoised.wav,1
049_recortado_denoised__seg22,049,049_recortado_denoised.wav,22,/home/ci2dt2-ai/Proyectos/Psiquiatria/Clasificación Final/Ansiedad/wav/1/049_recortado_denoised.wav,1
049_recortado_denoised__seg23,049,049_recortado_denoised.wav,23,/home/ci2dt2-ai/Proyectos/Psiquiatria/Clasificación Final/Ansiedad/wav/1/049_recortado_denoised.wav,1
049_recortado_denoised__seg24,049,049_recortado_denoised.wav,24,/home/ci2dt2-ai/Proyectos/Psiquiatria/Clasificación Final/Ansiedad/wav/1/049_recortado_denoised.wav,1
049_recortado_denoised__seg25,049,049_recortado_denoised.wav,25,/home/ci2dt2-ai/Proyectos/Psiquiatria/Clasificación Final/Ansiedad/wav/1/049_recortado_denoised.wav,1
049_recortado_denoised__seg26,049,049_recortado_denoised.wav,26,/home/ci2dt2-ai/Proyectos/Psiquiatria/Clasificación Final/Ansiedad/wav/1/049_recortado_denoised.wav,1
049_recortado_denoised__seg27,049,049_recortado_denoised.wav,27,/home/ci2dt2-ai/Proyectos/Psiquiatria/Clasificación Final/Ansiedad/wav/1/049_recortado_denoised.wav,1
049_recortado_denoised__seg28,049,049_recortado_denoised.wav,28,/home/ci2dt2-ai/Proyectos/Psiquiatria/Clasificación Final/Ansiedad/wav/1/049_recortado_denoised.wav,1
049_recortado_denoised__seg29,049,049_recortado_denoised.wav,29,/home/ci2dt2-ai/Proyectos/Psiquiatria/Clasificación Final/Ansiedad/wav/1/049_recortado_denoised.wav,1
049_recortado_denoised__seg30,049,049_recortado_denoised.wav,30,/home/ci2dt2-ai/Proyectos/Psiquiatria/Clasificación Final/Ansiedad/wav/1/049_recortado_denoised.wav,1
049_recortado_denoised__seg31,049,049_recortado_denoised.wav,31,/home/ci2dt2-ai/Proyectos/Psiquiatria/Clasificación Final/Ansiedad/wav/1/049_recortado_denoised.wav,1
049_recortado_denoised__seg32,049,049_recortado_denoised.wav,32,/home/ci2dt2-ai/Proyectos/Psiquiatria/Clasificación Final/Ansiedad/wav/1/049_recortado_denoised.wav,1
049_recortado_denoised__seg33,049,049_recortado_denoised.wav,33,/home/ci2dt2-ai/Proyectos/Psiquiatria/Clasificación Final/Ansiedad/wav/1/049_recortado_denoised.wav,1
049_recortado_denoised__seg34,049,049_recortado_denoised.wav,34,/home/ci2dt2-ai/Proyectos/Psiquiatria/Clasificación Final/Ansiedad/wav/1/049_recortado_denoised.wav,1
049_recortado_denoised__seg35,049,049_recortado_denoised.wav,35,/home/ci2dt2-ai/Proyectos/Psiquiatria/Clasificación Final/Ansiedad/wav/1/049_recortado_denoised.wav,1
049_recortado_denoised__seg36,049,049_recortado_denoised.wav,36,/home/ci2dt2-ai/Proyectos/Psiquiatria/Clasificación Final/Ansiedad/wav/1/049_recortado_denoised.wav,1
049_recortado_denoised__seg37,049,049_recortado_denoised.wav,37,/home/ci2dt2-ai/Proyectos/Psiquiatria/Clasificación Final/Ansiedad/wav/1/049_recortado_denoised.wav,1
049_recortado_denoised__seg38,049,049_recortado_denoised.wav,38,/home/ci2dt2-ai/Proyectos/Psiquiatria/Clasificación Final/Ansiedad/wav/1/049_recortado_denoised.wav,1
049_recortado_denoised__seg39,049,049_recortado_denoised.wav,39,/home/ci2dt2-ai/Proyectos/Psiquiatria/Clasificación Final/Ansiedad/wav/1/049_recortado_denoised.wav,1
051_recortado_denoised__seg0,051,051_recortado_denoised.wav,0,/home/ci2dt2-ai/Proyectos/Psiquiatria/Clasificación Final/Ansiedad/wav/1/051_recortado_denoised.wav,1
051_recortado_denoised__seg1,051,051_recortado_denoised.wav,1,/home/ci2dt2-ai/Proyectos/Psiquiatria/Clasificación Final/Ansiedad/wav/1/051_recortado_denoised.wav,1
051_recortado_denoised__seg2,051,051_recortado_denoised.wav,2,/home/ci2dt2-ai/Proyectos/Psiquiatria/Clasificación Final/Ansiedad/wav/1/051_recortado_denoised.wav,1
051_recortado_denoised__seg3,051,051_recortado_denoised.wav,3,/home/ci2dt2-ai/Proyectos/Psiquiatria/Clasificación Final/Ansiedad/wav/1/051_recortado_denoised.wav,1
051_recortado_denoised__seg4,051,051_recortado_denoised.wav,4,/home/ci2dt2-ai/Proyectos/Psiquiatria/Clasificación Final/Ansiedad/wav/1/051_recortado_denoised.wav,1
051_recortado_denoised__seg5,051,051_recortado_denoised.wav,5,/home/ci2dt2-ai/Proyectos/Psiquiatria/Clasificación Final/Ansiedad/wav/1/051_recortado_denoised.wav,1
051_recortado_denoised__seg6,051,051_recortado_denoised.wav,6,/home/ci2dt2-ai/Proyectos/Psiquiatria/Clasificación Final/Ansiedad/wav/1/051_recortado_denoised.wav,1
051_recortado_denoised__seg7,051,051_recortado_denoised.wav,7,/home/ci2dt2-ai/Proyectos/Psiquiatria/Clasificación Final/Ansiedad/wav/1/051_recortado_denoised.wav,1
051_recortado_denoised__seg8,051,051_recortado_denoised.wav,8,/home/ci2dt2-ai/Proyectos/Psiquiatria/Clasificación Final/Ansiedad/wav/1/051_recortado_denoised.wav,1
051_recortado_denoised__seg9,051,051_recortado_denoised.wav,9,/home/ci2dt2-ai/Proyectos/Psiquiatria/Clasificación Final/Ansiedad/wav/1/051_recortado_denoised.wav,1
051_recortado_denoised__seg10,051,051_recortado_denoised.wav,10,/home/ci2dt2-ai/Proyectos/Psiquiatria/Clasificación Final/Ansiedad/wav/1/051_recortado_denoised.wav,1
051_recortado_denoised__seg11,051,051_recortado_denoised.wav,11,/home/ci2dt2-ai/Proyectos/Psiquiatria/Clasificación Final/Ansiedad/wav/1/051_recortado_denoised.wav,1
051_recortado_denoised__seg12,051,051_recortado_denoised.wav,12,/home/ci2dt2-ai/Proyectos/Psiquiatria/Clasificación Final/Ansiedad/wav/1/051_recortado_denoised.wav,1
051_recortado_denoised__seg13,051,051_recortado_denoised.wav,13,/home/ci2dt2-ai/Proyectos/Psiquiatria/Clasificación Final/Ansiedad/wav/1/051_recortado_denoised.wav,1
051_recortado_denoised__seg14,051,051_recortado_denoised.wav,14,/home/ci2dt2-ai/Proyectos/Psiquiatria/Clasificación Final/Ansiedad/wav/1/051_recortado_denoised.wav,1
051_recortado_denoised__seg15,051,051_recortado_denoised.wav,15,/home/ci2dt2-ai/Proyectos/Psiquiatria/Clasificación Final/Ansiedad/wav/1/051_recortado_denoised.wav,1
051_recortado_denoised__seg16,051,051_recortado_denoised.wav,16,/home/ci2dt2-ai/Proyectos/Psiquiatria/Clasificación Final/Ansiedad/wav/1/051_recortado_denoised.wav,1
051_recortado_denoised__seg17,051,051_recortado_denoised.wav,17,/home/ci2dt2-ai/Proyectos/Psiquiatria/Clasificación Final/Ansiedad/wav/1/051_recortado_denoised.wav,1
051_recortado_denoised__seg18,051,051_recortado_denoised.wav,18,/home/ci2dt2-ai/Proyectos/Psiquiatria/Clasificación Final/Ansiedad/wav/1/051_recortado_denoised.wav,1
051_recortado_denoised__seg19,051,051_recortado_denoised.wav,19,/home/ci2dt2-ai/Proyectos/Psiquiatria/Clasificación Final/Ansiedad/wav/1/051_recortado_denoised.wav,1
051_recortado_denoised__seg20,051,051_recortado_denoised.wav,20,/home/ci2dt2-ai/Proyectos/Psiquiatria/Clasificación Final/Ansiedad/wav/1/051_recortado_denoised.wav,1
051_recortado_denoised__seg21,051,051_recortado_denoised.wav,21,/home/ci2dt2-ai/Proyectos/Psiquiatria/Clasificación Final/Ansiedad/wav/1/051_recortado_denoised.wav,1
051_recortado_denoised__seg22,051,051_recortado_denoised.wav,22,/home/ci2dt2-ai/Proyectos/Psiquiatria/Clasificación Final/Ansiedad/wav/1/051_recortado_denoised.wav,1
051_recortado_denoised__seg23,051,051_recortado_denoised.wav,23,/home/ci2dt2-ai/Proyectos/Psiquiatria/Clasificación Final/Ansiedad/wav/1/051_recortado_denoised.wav,1
051_recortado_denoised__seg24,051,051_recortado_denoised.wav,24,/home/ci2dt2-ai/Proyectos/Psiquiatria/Clasificación Final/Ansiedad/wav/1/051_recortado_denoised.wav,1
051_recortado_denoised__seg25,051,051_recortado_denoised.wav,25,/home/ci2dt2-ai/Proyectos/Psiquiatria/Clasificación Final/Ansiedad/wav/1/051_recortado_denoised.wav,1
051_recortado_denoised__seg26,051,051_recortado_denoised.wav,26,/home/ci2dt2-ai/Proyectos/Psiquiatria/Clasificación Final/Ansiedad/wav/1/051_recortado_denoised.wav,1
051_recortado_denoised__seg27,051,051_recortado_denoised.wav,27,/home/ci2dt2-ai/Proyectos/Psiquiatria/Clasificación Final/Ansiedad/wav/1/051_recortado_denoised.wav,1
051_recortado_denoised__seg28,051,051_recortado_denoised.wav,28,/home/ci2dt2-ai/Proyectos/Psiquiatria/Clasificación Final/Ansiedad/wav/1/051_recortado_denoised.wav,1
051_recortado_denoised__seg29,051,051_recortado_denoised.wav,29,/home/ci2dt2-ai/Proyectos/Psiquiatria/Clasificación Final/Ansiedad/wav/1/051_recortado_denoised.wav,1
051_recortado_denoised__seg30,051,051_recortado_denoised.wav,30,/home/ci2dt2-ai/Proyectos/Psiquiatria/Clasificación Final/Ansiedad/wav/1/051_recortado_denoised.wav,1
051_recortado_denoised__seg31,051,051_recortado_denoised.wav,31,/home/ci2dt2-ai/Proyectos/Psiquiatria/Clasificación Final/Ansiedad/wav/1/051_recortado_denoised.wav,1
051_recortado_denoised__seg32,051,051_recortado_denoised.wav,32,/home/ci2dt2-ai/Proyectos/Psiquiatria/Clasificación Final/Ansiedad/wav/1/051_recortado_denoised.wav,1
051_recortado_denoised__seg33,051,051_recortado_denoised.wav,33,/home/ci2dt2-ai/Proyectos/Psiquiatria/Clasificación Final/Ansiedad/wav/1/051_recortado_denoised.wav,1
051_recortado_denoised__seg34,051,051_recortado_denoised.wav,34,/home/ci2dt2-ai/Proyectos/Psiquiatria/Clasificación Final/Ansiedad/wav/1/051_recortado_denoised.wav,1
051_recortado_denoised__seg35,051,051_recortado_denoised.wav,35,/home/ci2dt2-ai/Proyectos/Psiquiatria/Clasificación Final/Ansiedad/wav/1/051_recortado_denoised.wav,1
051_recortado_denoised__seg36,051,051_recortado_denoised.wav,36,/home/ci2dt2-ai/Proyectos/Psiquiatria/Clasificación Final/Ansiedad/wav/1/051_recortado_denoised.wav,1
051_recortado_denoised__seg37,051,051_recortado_denoised.wav,37,/home/ci2dt2-ai/Proyectos/Psiquiatria/Clasificación Final/Ansiedad/wav/1/051_recortado_denoised.wav,1
051_recortado_denoised__seg38,051,051_recortado_denoised.wav,38,/home/ci2dt2-ai/Proyectos/Psiquiatria/Clasificación Final/Ansiedad/wav/1/051_recortado_denoised.wav,1
051_recortado_denoised__seg39,051,051_recortado_denoised.wav,39,/home/ci2dt2-ai/Proyectos/Psiquiatria/Clasificación Final/Ansiedad/wav/1/051_recortado_denoised.wav,1
051_recortado_denoised__seg40,051,051_recortado_denoised.wav,40,/home/ci2dt2-ai/Proyectos/Psiquiatria/Clasificación Final/Ansiedad/wav/1/051_recortado_denoised.wav,1
051_recortado_denoised__seg41,051,051_recortado_denoised.wav,41,/home/ci2dt2-ai/Proyectos/Psiquiatria/Clasificación Final/Ansiedad/wav/1/051_recortado_denoised.wav,1
051_recortado_denoised__seg42,051,051_recortado_denoised.wav,42,/home/ci2dt2-ai/Proyectos/Psiquiatria/Clasificación Final/Ansiedad/wav/1/051_recortado_denoised.wav,1
051_recortado_denoised__seg43,051,051_recortado_denoised.wav,43,/home/ci2dt2-ai/Proyectos/Psiquiatria/Clasificación Final/Ansiedad/wav/1/051_recortado_denoised.wav,1
051_recortado_denoised__seg44,051,051_recortado_denoised.wav,44,/home/ci2dt2-ai/Proyectos/Psiquiatria/Clasificación Final/Ansiedad/wav/1/051_recortado_denoised.wav,1
051_recortado_denoised__seg45,051,051_recortado_denoised.wav,45,/home/ci2dt2-ai/Proyectos/Psiquiatria/Clasificación Final/Ansiedad/wav/1/051_recortado_denoised.wav,1
055_recortado_denoised__seg0,055,055_recortado_denoised.wav,0,/home/ci2dt2-ai/Proyectos/Psiquiatria/Clasificación Final/Ansiedad/wav/1/055_recortado_denoised.wav,1
055_recortado_denoised__seg1,055,055_recortado_denoised.wav,1,/home/ci2dt2-ai/Proyectos/Psiquiatria/Clasificación Final/Ansiedad/wav/1/055_recortado_denoised.wav,1
055_recortado_denoised__seg2,055,055_recortado_denoised.wav,2,/home/ci2dt2-ai/Proyectos/Psiquiatria/Clasificación Final/Ansiedad/wav/1/055_recortado_denoised.wav,1
055_recortado_denoised__seg3,055,055_recortado_denoised.wav,3,/home/ci2dt2-ai/Proyectos/Psiquiatria/Clasificación Final/Ansiedad/wav/1/055_recortado_denoised.wav,1
055_recortado_denoised__seg4,055,055_recortado_denoised.wav,4,/home/ci2dt2-ai/Proyectos/Psiquiatria/Clasificación Final/Ansiedad/wav/1/055_recortado_denoised.wav,1
055_recortado_denoised__seg5,055,055_recortado_denoised.wav,5,/home/ci2dt2-ai/Proyectos/Psiquiatria/Clasificación Final/Ansiedad/wav/1/055_recortado_denoised.wav,1
055_recortado_denoised__seg6,055,055_recortado_denoised.wav,6,/home/ci2dt2-ai/Proyectos/Psiquiatria/Clasificación Final/Ansiedad/wav/1/055_recortado_denoised.wav,1
055_recortado_denoised__seg7,055,055_recortado_denoised.wav,7,/home/ci2dt2-ai/Proyectos/Psiquiatria/Clasificación Final/Ansiedad/wav/1/055_recortado_denoised.wav,1
055_recortado_denoised__seg8,055,055_recortado_denoised.wav,8,/home/ci2dt2-ai/Proyectos/Psiquiatria/Clasificación Final/Ansiedad/wav/1/055_recortado_denoised.wav,1
055_recortado_denoised__seg9,055,055_recortado_denoised.wav,9,/home/ci2dt2-ai/Proyectos/Psiquiatria/Clasificación Final/Ansiedad/wav/1/055_recortado_denoised.wav,1
055_recortado_denoised__seg10,055,055_recortado_denoised.wav,10,/home/ci2dt2-ai/Proyectos/Psiquiatria/Clasificación Final/Ansiedad/wav/1/055_recortado_denoised.wav,1
055_recortado_denoised__seg11,055,055_recortado_denoised.wav,11,/home/ci2dt2-ai/Proyectos/Psiquiatria/Clasificación Final/Ansiedad/wav/1/055_recortado_denoised.wav,1
055_recortado_denoised__seg12,055,055_recortado_denoised.wav,12,/home/ci2dt2-ai/Proyectos/Psiquiatria/Clasificación Final/Ansiedad/wav/1/055_recortado_denoised.wav,1
055_recortado_denoised__seg13,055,055_recortado_denoised.wav,13,/home/ci2dt2-ai/Proyectos/Psiquiatria/Clasificación Final/Ansiedad/wav/1/055_recortado_denoised.wav,1
055_recortado_denoised__seg14,055,055_recortado_denoised.wav,14,/home/ci2dt2-ai/Proyectos/Psiquiatria/Clasificación Final/Ansiedad/wav/1/055_recortado_denoised.wav,1
055_recortado_denoised__seg15,055,055_recortado_denoised.wav,15,/home/ci2dt2-ai/Proyectos/Psiquiatria/Clasificación Final/Ansiedad/wav/1/055_recortado_denoised.wav,1
055_recortado_denoised__seg16,055,055_recortado_denoised.wav,16,/home/ci2dt2-ai/Proyectos/Psiquiatria/Clasificación Final/Ansiedad/wav/1/055_recortado_denoised.wav,1
055_recortado_denoised__seg17,055,055_recortado_denoised.wav,17,/home/ci2dt2-ai/Proyectos/Psiquiatria/Clasificación Final/Ansiedad/wav/1/055_recortado_denoised.wav,1
055_recortado_denoised__seg18,055,055_recortado_denoised.wav,18,/home/ci2dt2-ai/Proyectos/Psiquiatria/Clasificación Final/Ansiedad/wav/1/055_recortado_denoised.wav,1
055_recortado_denoised__seg19,055,055_recortado_denoised.wav,19,/home/ci2dt2-ai/Proyectos/Psiquiatria/Clasificación Final/Ansiedad/wav/1/055_recortado_denoised.wav,1
055_recortado_denoised__seg20,055,055_recortado_denoised.wav,20,/home/ci2dt2-ai/Proyectos/Psiquiatria/Clasificación Final/Ansiedad/wav/1/055_recortado_denoised.wav,1
055_recortado_denoised__seg21,055,055_recortado_denoised.wav,21,/home/ci2dt2-ai/Proyectos/Psiquiatria/Clasificación Final/Ansiedad/wav/1/055_recortado_denoised.wav,1
055_recortado_denoised__seg22,055,055_recortado_denoised.wav,22,/home/ci2dt2-ai/Proyectos/Psiquiatria/Clasificación Final/Ansiedad/wav/1/055_recortado_denoised.wav,1
055_recortado_denoised__seg23,055,055_recortado_denoised.wav,23,/home/ci2dt2-ai/Proyectos/Psiquiatria/Clasificación Final/Ansiedad/wav/1/055_recortado_denoised.wav,1
055_recortado_denoised__seg24,055,055_recortado_denoised.wav,24,/home/ci2dt2-ai/Proyectos/Psiquiatria/Clasificación Final/Ansiedad/wav/1/055_recortado_denoised.wav,1
055_recortado_denoised__seg25,055,055_recortado_denoised.wav,25,/home/ci2dt2-ai/Proyectos/Psiquiatria/Clasificación Final/Ansiedad/wav/1/055_recortado_denoised.wav,1
055_recortado_denoised__seg26,055,055_recortado_denoised.wav,26,/home/ci2dt2-ai/Proyectos/Psiquiatria/Clasificación Final/Ansiedad/wav/1/055_recortado_denoised.wav,1
055_recortado_denoised__seg27,055,055_recortado_denoised.wav,27,/home/ci2dt2-ai/Proyectos/Psiquiatria/Clasificación Final/Ansiedad/wav/1/055_recortado_denoised.wav,1
055_recortado_denoised__seg28,055,055_recortado_denoised.wav,28,/home/ci2dt2-ai/Proyectos/Psiquiatria/Clasificación Final/Ansiedad/wav/1/055_recortado_denoised.wav,1
055_recortado_denoised__seg29,055,055_recortado_denoised.wav,29,/home/ci2dt2-ai/Proyectos/Psiquiatria/Clasificación Final/Ansiedad/wav/1/055_recortado_denoised.wav,1
055_recortado_denoised__seg30,055,055_recortado_denoised.wav,30,/home/ci2dt2-ai/Proyectos/Psiquiatria/Clasificación Final/Ansiedad/wav/1/055_recortado_denoised.wav,1
055_recortado_denoised__seg31,055,055_recortado_denoised.wav,31,/home/ci2dt2-ai/Proyectos/Psiquiatria/Clasificación Final/Ansiedad/wav/1/055_recortado_denoised.wav,1
055_recortado_denoised__seg32,055,055_recortado_denoised.wav,32,/home/ci2dt2-ai/Proyectos/Psiquiatria/Clasificación Final/Ansiedad/wav/1/055_recortado_denoised.wav,1
055_recortado_denoised__seg33,055,055_recortado_denoised.wav,33,/home/ci2dt2-ai/Proyectos/Psiquiatria/Clasificación Final/Ansiedad/wav/1/055_recortado_denoised.wav,1
055_recortado_denoised__seg34,055,055_recortado_denoised.wav,34,/home/ci2dt2-ai/Proyectos/Psiquiatria/Clasificación Final/Ansiedad/wav/1/055_recortado_denoised.wav,1
055_recortado_denoised__seg35,055,055_recortado_denoised.wav,35,/home/ci2dt2-ai/Proyectos/Psiquiatria/Clasificación Final/Ansiedad/wav/1/055_recortado_denoised.wav,1
055_recortado_denoised__seg36,055,055_recortado_denoised.wav,36,/home/ci2dt2-ai/Proyectos/Psiquiatria/Clasificación Final/Ansiedad/wav/1/055_recortado_denoised.wav,1
055_recortado_denoised__seg37,055,055_recortado_denoised.wav,37,/home/ci2dt2-ai/Proyectos/Psiquiatria/Clasificación Final/Ansiedad/wav/1/055_recortado_denoised.wav,1
055_recortado_denoised__seg38,055,055_recortado_denoised.wav,38,/home/ci2dt2-ai/Proyectos/Psiquiatria/Clasificación Final/Ansiedad/wav/1/055_recortado_denoised.wav,1
055_recortado_denoised__seg39,055,055_recortado_denoised.wav,39,/home/ci2dt2-ai/Proyectos/Psiquiatria/Clasificación Final/Ansiedad/wav/1/055_recortado_denoised.wav,1
055_recortado_denoised__seg40,055,055_recortado_denoised.wav,40,/home/ci2dt2-ai/Proyectos/Psiquiatria/Clasificación Final/Ansiedad/wav/1/055_recortado_denoised.wav,1
055_recortado_denoised__seg41,055,055_recortado_denoised.wav,41,/home/ci2dt2-ai/Proyectos/Psiquiatria/Clasificación Final/Ansiedad/wav/1/055_recortado_denoised.wav,1
055_recortado_denoised__seg42,055,055_recortado_denoised.wav,42,/home/ci2dt2-ai/Proyectos/Psiquiatria/Clasificación Final/Ansiedad/wav/1/055_recortado_denoised.wav,1
055_recortado_denoised__seg43,055,055_recortado_denoised.wav,43,/home/ci2dt2-ai/Proyectos/Psiquiatria/Clasificación Final/Ansiedad/wav/1/055_recortado_denoised.wav,1
055_recortado_denoised__seg44,055,055_recortado_denoised.wav,44,/home/ci2dt2-ai/Proyectos/Psiquiatria/Clasificación Final/Ansiedad/wav/1/055_recortado_denoised.wav,1
055_recortado_denoised__seg45,055,055_recortado_denoised.wav,45,/home/ci2dt2-ai/Proyectos/Psiquiatria/Clasificación Final/Ansiedad/wav/1/055_recortado_denoised.wav,1
055_recortado_denoised__seg46,055,055_recortado_denoised.wav,46,/home/ci2dt2-ai/Proyectos/Psiquiatria/Clasificación Final/Ansiedad/wav/1/055_recortado_denoised.wav,1
055_recortado_denoised__seg47,055,055_recortado_denoised.wav,47,/home/ci2dt2-ai/Proyectos/Psiquiatria/Clasificación Final/Ansiedad/wav/1/055_recortado_denoised.wav,1
055_recortado_denoised__seg48,055,055_recortado_denoised.wav,48,/home/ci2dt2-ai/Proyectos/Psiquiatria/Clasificación Final/Ansiedad/wav/1/055_recortado_denoised.wav,1
055_recortado_denoised__seg49,055,055_recortado_denoised.wav,49,/home/ci2dt2-ai/Proyectos/Psiquiatria/Clasificación Final/Ansiedad/wav/1/055_recortado_denoised.wav,1
055_recortado_denoised__seg50,055,055_recortado_denoised.wav,50,/home/ci2dt2-ai/Proyectos/Psiquiatria/Clasificación Final/Ansiedad/wav/1/055_recortado_denoised.wav,1
055_recortado_denoised__seg51,055,055_recortado_denoised.wav,51,/home/ci2dt2-ai/Proyectos/Psiquiatria/Clasificación Final/Ansiedad/wav/1/055_recortado_denoised.wav,1
055_recortado_denoised__seg52,055,055_recortado_denoised.wav,52,/home/ci2dt2-ai/Proyectos/Psiquiatria/Clasificación Final/Ansiedad/wav/1/055_recortado_denoised.wav,1
055_recortado_denoised__seg53,055,055_recortado_denoised.wav,53,/home/ci2dt2-ai/Proyectos/Psiquiatria/Clasificación Final/Ansiedad/wav/1/055_recortado_denoised.wav,1
055_recortado_denoised__seg54,055,055_recortado_denoised.wav,54,/home/ci2dt2-ai/Proyectos/Psiquiatria/Clasificación Final/Ansiedad/wav/1/055_recortado_denoised.wav,1
055_recortado_denoised__seg55,055,055_recortado_denoised.wav,55,/home/ci2dt2-ai/Proyectos/Psiquiatria/Clasificación Final/Ansiedad/wav/1/055_recortado_denoised.wav,1
055_recortado_denoised__seg56,055,055_recortado_denoised.wav,56,/home/ci2dt2-ai/Proyectos/Psiquiatria/Clasificación Final/Ansiedad/wav/1/055_recortado_denoised.wav,1
055_recortado_denoised__seg57,055,055_recortado_denoised.wav,57,/home/ci2dt2-ai/Proyectos/Psiquiatria/Clasificación Final/Ansiedad/wav/1/055_recortado_denoised.wav,1
055_recortado_denoised__seg58,055,055_recortado_denoised.wav,58,/home/ci2dt2-ai/Proyectos/Psiquiatria/Clasificación Final/Ansiedad/wav/1/055_recortado_denoised.wav,1
055_recortado_denoised__seg59,055,055_recortado_denoised.wav,59,/home/ci2dt2-ai/Proyectos/Psiquiatria/Clasificación Final/Ansiedad/wav/1/055_recortado_denoised.wav,1
055_recortado_denoised__seg60,055,055_recortado_denoised.wav,60,/home/ci2dt2-ai/Proyectos/Psiquiatria/Clasificación Final/Ansiedad/wav/1/055_recortado_denoised.wav,1
055_recortado_denoised__seg61,055,055_recortado_denoised.wav,61,/home/ci2dt2-ai/Proyectos/Psiquiatria/Clasificación Final/Ansiedad/wav/1/055_recortado_denoised.wav,1
055_recortado_denoised__seg62,055,055_recortado_denoised.wav,62,/home/ci2dt2-ai/Proyectos/Psiquiatria/Clasificación Final/Ansiedad/wav/1/055_recortado_denoised.wav,1
055_recortado_denoised__seg63,055,055_recortado_denoised.wav,63,/home/ci2dt2-ai/Proyectos/Psiquiatria/Clasificación Final/Ansiedad/wav/1/055_recortado_denoised.wav,1
055_recortado_denoised__seg64,055,055_recortado_denoised.wav,64,/home/ci2dt2-ai/Proyectos/Psiquiatria/Clasificación Final/Ansiedad/wav/1/055_recortado_denoised.wav,1
055_recortado_denoised__seg65,055,055_recortado_denoised.wav,65,/home/ci2dt2-ai/Proyectos/Psiquiatria/Clasificación Final/Ansiedad/wav/1/055_recortado_denoised.wav,1
055_recortado_denoised__seg66,055,055_recortado_denoised.wav,66,/home/ci2dt2-ai/Proyectos/Psiquiatria/Clasificación Final/Ansiedad/wav/1/055_recortado_denoised.wav,1
055_recortado_denoised__seg67,055,055_recortado_denoised.wav,67,/home/ci2dt2-ai/Proyectos/Psiquiatria/Clasificación Final/Ansiedad/wav/1/055_recortado_denoised.wav,1
055_recortado_denoised__seg68,055,055_recortado_denoised.wav,68,/home/ci2dt2-ai/Proyectos/Psiquiatria/Clasificación Final/Ansiedad/wav/1/055_recortado_denoised.wav,1
055_recortado_denoised__seg69,055,055_recortado_denoised.wav,69,/home/ci2dt2-ai/Proyectos/Psiquiatria/Clasificación Final/Ansiedad/wav/1/055_recortado_denoised.wav,1
055_recortado_denoised__seg70,055,055_recortado_denoised.wav,70,/home/ci2dt2-ai/Proyectos/Psiquiatria/Clasificación Final/Ansiedad/wav/1/055_recortado_denoised.wav,1
055_recortado_denoised__seg71,055,055_recortado_denoised.wav,71,/home/ci2dt2-ai/Proyectos/Psiquiatria/Clasificación Final/Ansiedad/wav/1/055_recortado_denoised.wav,1
055_recortado_denoised__seg72,055,055_recortado_denoised.wav,72,/home/ci2dt2-ai/Proyectos/Psiquiatria/Clasificación Final/Ansiedad/wav/1/055_recortado_denoised.wav,1
055_recortado_denoised__seg73,055,055_recortado_denoised.wav,73,/home/ci2dt2-ai/Proyectos/Psiquiatria/Clasificación Final/Ansiedad/wav/1/055_recortado_denoised.wav,1
055_recortado_denoised__seg74,055,055_recortado_denoised.wav,74,/home/ci2dt2-ai/Proyectos/Psiquiatria/Clasificación Final/Ansiedad/wav/1/055_recortado_denoised.wav,1
055_recortado_denoised__seg75,055,055_recortado_denoised.wav,75,/home/ci2dt2-ai/Proyectos/Psiquiatria/Clasificación Final/Ansiedad/wav/1/055_recortado_denoised.wav,1
055_recortado_denoised__seg76,055,055_recortado_denoised.wav,76,/home/ci2dt2-ai/Proyectos/Psiquiatria/Clasificación Final/Ansiedad/wav/1/055_recortado_denoised.wav,1
055_recortado_denoised__seg77,055,055_recortado_denoised.wav,77,/home/ci2dt2-ai/Proyectos/Psiquiatria/Clasificación Final/Ansiedad/wav/1/055_recortado_denoised.wav,1
055_recortado_denoised__seg78,055,055_recortado_denoised.wav,78,/home/ci2dt2-ai/Proyectos/Psiquiatria/Clasificación Final/Ansiedad/wav/1/055_recortado_denoised.wav,1
055_recortado_denoised__seg79,055,055_recortado_denoised.wav,79,/home/ci2dt2-ai/Proyectos/Psiquiatria/Clasificación Final/Ansiedad/wav/1/055_recortado_denoised.wav,1
055_recortado_denoised__seg80,055,055_recortado_denoised.wav,80,/home/ci2dt2-ai/Proyectos/Psiquiatria/Clasificación Final/Ansiedad/wav/1/055_recortado_denoised.wav,1
055_recortado_denoised__seg81,055,055_recortado_denoised.wav,81,/home/ci2dt2-ai/Proyectos/Psiquiatria/Clasificación Final/Ansiedad/wav/1/055_recortado_denoised.wav,1
055_recortado_denoised__seg82,055,055_recortado_denoised.wav,82,/home/ci2dt2-ai/Proyectos/Psiquiatria/Clasificación Final/Ansiedad/wav/1/055_recortado_denoised.wav,1
055_recortado_denoised__seg83,055,055_recortado_denoised.wav,83,/home/ci2dt2-ai/Proyectos/Psiquiatria/Clasificación Final/Ansiedad/wav/1/055_recortado_denoised.wav,1
055_recortado_denoised__seg84,055,055_recortado_denoised.wav,84,/home/ci2dt2-ai/Proyectos/Psiquiatria/Clasificación Final/Ansiedad/wav/1/055_recortado_denoised.wav,1
055_recortado_denoised__seg85,055,055_recortado_denoised.wav,85,/home/ci2dt2-ai/Proyectos/Psiquiatria/Clasificación Final/Ansiedad/wav/1/055_recortado_denoised.wav,1
055_recortado_denoised__seg86,055,055_recortado_denoised.wav,86,/home/ci2dt2-ai/Proyectos/Psiquiatria/Clasificación Final/Ansiedad/wav/1/055_recortado_denoised.wav,1
055_recortado_denoised__seg87,055,055_recortado_denoised.wav,87,/home/ci2dt2-ai/Proyectos/Psiquiatria/Clasificación Final/Ansiedad/wav/1/055_recortado_denoised.wav,1
055_recortado_denoised__seg88,055,055_recortado_denoised.wav,88,/home/ci2dt2-ai/Proyectos/Psiquiatria/Clasificación Final/Ansiedad/wav/1/055_recortado_denoised.wav,1
055_recortado_denoised__seg89,055,055_recortado_denoised.wav,89,/home/ci2dt2-ai/Proyectos/Psiquiatria/Clasificación Final/Ansiedad/wav/1/055_recortado_denoised.wav,1
055_recortado_denoised__seg90,055,055_recortado_denoised.wav,90,/home/ci2dt2-ai/Proyectos/Psiquiatria/Clasificación Final/Ansiedad/wav/1/055_recortado_denoised.wav,1
055_recortado_denoised__seg91,055,055_recortado_denoised.wav,91,/home/ci2dt2-ai/Proyectos/Psiquiatria/Clasificación Final/Ansiedad/wav/1/055_recortado_denoised.wav,1
055_recortado_denoised__seg92,055,055_recortado_denoised.wav,92,/home/ci2dt2-ai/Proyectos/Psiquiatria/Clasificación Final/Ansiedad/wav/1/055_recortado_denoised.wav,1
055_recortado_denoised__seg93,055,055_recortado_denoised.wav,93,/home/ci2dt2-ai/Proyectos/Psiquiatria/Clasificación Final/Ansiedad/wav/1/055_recortado_denoised.wav,1
055_recortado_denoised__seg94,055,055_recortado_denoised.wav,94,/home/ci2dt2-ai/Proyectos/Psiquiatria/Clasificación Final/Ansiedad/wav/1/055_recortado_denoised.wav,1
055_recortado_denoised__seg95,055,055_recortado_denoised.wav,95,/home/ci2dt2-ai/Proyectos/Psiquiatria/Clasificación Final/Ansiedad/wav/1/055_recortado_denoised.wav,1
055_recortado_denoised__seg96,055,055_recortado_denoised.wav,96,/home/ci2dt2-ai/Proyectos/Psiquiatria/Clasificación Final/Ansiedad/wav/1/055_recortado_denoised.wav,1
055_recortado_denoised__seg97,055,055_recortado_denoised.wav,97,/home/ci2dt2-ai/Proyectos/Psiquiatria/Clasificación Final/Ansiedad/wav/1/055_recortado_denoised.wav,1
055_recortado_denoised__seg98,055,055_recortado_denoised.wav,98,/home/ci2dt2-ai/Proyectos/Psiquiatria/Clasificación Final/Ansiedad/wav/1/055_recortado_denoised.wav,1
055_recortado_denoised__seg99,055,055_recortado_denoised.wav,99,/home/ci2dt2-ai/Proyectos/Psiquiatria/Clasificación Final/Ansiedad/wav/1/055_recortado_denoised.wav,1
055_recortado_denoised__seg100,055,055_recortado_denoised.wav,100,/home/ci2dt2-ai/Proyectos/Psiquiatria/Clasificación Final/Ansiedad/wav/1/055_recortado_denoised.wav,1
055_recortado_denoised__seg101,055,055_recortado_denoised.wav,101,/home/ci2dt2-ai/Proyectos/Psiquiatria/Clasificación Final/Ansiedad/wav/1/055_recortado_denoised.wav,1
055_recortado_denoised__seg102,055,055_recortado_denoised.wav,102,/home/ci2dt2-ai/Proyectos/Psiquiatria/Clasificación Final/Ansiedad/wav/1/055_recortado_denoised.wav,1
055_recortado_denoised__seg103,055,055_recortado_denoised.wav,103,/home/ci2dt2-ai/Proyectos/Psiquiatria/Clasificación Final/Ansiedad/wav/1/055_recortado_denoised.wav,1
055_recortado_denoised__seg104,055,055_recortado_denoised.wav,104,/home/ci2dt2-ai/Proyectos/Psiquiatria/Clasificación Final/Ansiedad/wav/1/055_recortado_denoised.wav,1
055_recortado_denoised__seg105,055,055_recortado_denoised.wav,105,/home/ci2dt2-ai/Proyectos/Psiquiatria/Clasificación Final/Ansiedad/wav/1/055_recortado_denoised.wav,1
055_recortado_denoised__seg106,055,055_recortado_denoised.wav,106,/home/ci2dt2-ai/Proyectos/Psiquiatria/Clasificación Final/Ansiedad/wav/1/055_recortado_denoised.wav,1
055_recortado_denoised__seg107,055,055_recortado_denoised.wav,107,/home/ci2dt2-ai/Proyectos/Psiquiatria/Clasificación Final/Ansiedad/wav/1/055_recortado_denoised.wav,1
055_recortado_denoised__seg108,055,055_recortado_denoised.wav,108,/home/ci2dt2-ai/Proyectos/Psiquiatria/Clasificación Final/Ansiedad/wav/1/055_recortado_denoised.wav,1
055_recortado_denoised__seg109,055,055_recortado_denoised.wav,109,/home/ci2dt2-ai/Proyectos/Psiquiatria/Clasificación Final/Ansiedad/wav/1/055_recortado_denoised.wav,1
055_recortado_denoised__seg110,055,055_recortado_denoised.wav,110,/home/ci2dt2-ai/Proyectos/Psiquiatria/Clasificación Final/Ansiedad/wav/1/055_recortado_denoised.wav,1
056_recortado_denoised__seg0,056,056_recortado_denoised.wav,0,/home/ci2dt2-ai/Proyectos/Psiquiatria/Clasificación Final/Ansiedad/wav/1/056_recortado_denoised.wav,1
056_recortado_denoised__seg1,056,056_recortado_denoised.wav,1,/home/ci2dt2-ai/Proyectos/Psiquiatria/Clasificación Final/Ansiedad/wav/1/056_recortado_denoised.wav,1
056_recortado_denoised__seg2,056,056_recortado_denoised.wav,2,/home/ci2dt2-ai/Proyectos/Psiquiatria/Clasificación Final/Ansiedad/wav/1/056_recortado_denoised.wav,1
056_recortado_denoised__seg3,056,056_recortado_denoised.wav,3,/home/ci2dt2-ai/Proyectos/Psiquiatria/Clasificación Final/Ansiedad/wav/1/056_recortado_denoised.wav,1
056_recortado_denoised__seg4,056,056_recortado_denoised.wav,4,/home/ci2dt2-ai/Proyectos/Psiquiatria/Clasificación Final/Ansiedad/wav/1/056_recortado_denoised.wav,1
056_recortado_denoised__seg5,056,056_recortado_denoised.wav,5,/home/ci2dt2-ai/Proyectos/Psiquiatria/Clasificación Final/Ansiedad/wav/1/056_recortado_denoised.wav,1
056_recortado_denoised__seg6,056,056_recortado_denoised.wav,6,/home/ci2dt2-ai/Proyectos/Psiquiatria/Clasificación Final/Ansiedad/wav/1/056_recortado_denoised.wav,1
056_recortado_denoised__seg7,056,056_recortado_denoised.wav,7,/home/ci2dt2-ai/Proyectos/Psiquiatria/Clasificación Final/Ansiedad/wav/1/056_recortado_denoised.wav,1
056_recortado_denoised__seg8,056,056_recortado_denoised.wav,8,/home/ci2dt2-ai/Proyectos/Psiquiatria/Clasificación Final/Ansiedad/wav/1/056_recortado_denoised.wav,1
056_recortado_denoised__seg9,056,056_recortado_denoised.wav,9,/home/ci2dt2-ai/Proyectos/Psiquiatria/Clasificación Final/Ansiedad/wav/1/056_recortado_denoised.wav,1
056_recortado_denoised__seg10,056,056_recortado_denoised.wav,10,/home/ci2dt2-ai/Proyectos/Psiquiatria/Clasificación Final/Ansiedad/wav/1/056_recortado_denoised.wav,1
056_recortado_denoised__seg11,056,056_recortado_denoised.wav,11,/home/ci2dt2-ai/Proyectos/Psiquiatria/Clasificación Final/Ansiedad/wav/1/056_recortado_denoised.wav,1
056_recortado_denoised__seg12,056,056_recortado_denoised.wav,12,/home/ci2dt2-ai/Proyectos/Psiquiatria/Clasificación Final/Ansiedad/wav/1/056_recortado_denoised.wav,1
056_recortado_denoised__seg13,056,056_recortado_denoised.wav,13,/home/ci2dt2-ai/Proyectos/Psiquiatria/Clasificación Final/Ansiedad/wav/1/056_recortado_denoised.wav,1
056_recortado_denoised__seg14,056,056_recortado_denoised.wav,14,/home/ci2dt2-ai/Proyectos/Psiquiatria/Clasificación Final/Ansiedad/wav/1/056_recortado_denoised.wav,1
056_recortado_denoised__seg15,056,056_recortado_denoised.wav,15,/home/ci2dt2-ai/Proyectos/Psiquiatria/Clasificación Final/Ansiedad/wav/1/056_recortado_denoised.wav,1
056_recortado_denoised__seg16,056,056_recortado_denoised.wav,16,/home/ci2dt2-ai/Proyectos/Psiquiatria/Clasificación Final/Ansiedad/wav/1/056_recortado_denoised.wav,1
056_recortado_denoised__seg17,056,056_recortado_denoised.wav,17,/home/ci2dt2-ai/Proyectos/Psiquiatria/Clasificación Final/Ansiedad/wav/1/056_recortado_denoised.wav,1
056_recortado_denoised__seg18,056,056_recortado_denoised.wav,18,/home/ci2dt2-ai/Proyectos/Psiquiatria/Clasificación Final/Ansiedad/wav/1/056_recortado_denoised.wav,1
056_recortado_denoised__seg19,056,056_recortado_denoised.wav,19,/home/ci2dt2-ai/Proyectos/Psiquiatria/Clasificación Final/Ansiedad/wav/1/056_recortado_denoised.wav,1
056_recortado_denoised__seg20,056,056_recortado_denoised.wav,20,/home/ci2dt2-ai/Proyectos/Psiquiatria/Clasificación Final/Ansiedad/wav/1/056_recortado_denoised.wav,1
056_recortado_denoised__seg21,056,056_recortado_denoised.wav,21,/home/ci2dt2-ai/Proyectos/Psiquiatria/Clasificación Final/Ansiedad/wav/1/056_recortado_denoised.wav,1
056_recortado_denoised__seg22,056,056_recortado_denoised.wav,22,/home/ci2dt2-ai/Proyectos/Psiquiatria/Clasificación Final/Ansiedad/wav/1/056_recortado_denoised.wav,1
056_recortado_denoised__seg23,056,056_recortado_denoised.wav,23,/home/ci2dt2-ai/Proyectos/Psiquiatria/Clasificación Final/Ansiedad/wav/1/056_recortado_denoised.wav,1
056_recortado_denoised__seg24,056,056_recortado_denoised.wav,24,/home/ci2dt2-ai/Proyectos/Psiquiatria/Clasificación Final/Ansiedad/wav/1/056_recortado_denoised.wav,1
056_recortado_denoised__seg25,056,056_recortado_denoised.wav,25,/home/ci2dt2-ai/Proyectos/Psiquiatria/Clasificación Final/Ansiedad/wav/1/056_recortado_denoised.wav,1
056_recortado_denoised__seg26,056,056_recortado_denoised.wav,26,/home/ci2dt2-ai/Proyectos/Psiquiatria/Clasificación Final/Ansiedad/wav/1/056_recortado_denoised.wav,1
056_recortado_denoised__seg27,056,056_recortado_denoised.wav,27,/home/ci2dt2-ai/Proyectos/Psiquiatria/Clasificación Final/Ansiedad/wav/1/056_recortado_denoised.wav,1
056_recortado_denoised__seg28,056,056_recortado_denoised.wav,28,/home/ci2dt2-ai/Proyectos/Psiquiatria/Clasificación Final/Ansiedad/wav/1/056_recortado_denoised.wav,1
056_recortado_denoised__seg29,056,056_recortado_denoised.wav,29,/home/ci2dt2-ai/Proyectos/Psiquiatria/Clasificación Final/Ansiedad/wav/1/056_recortado_denoised.wav,1
056_recortado_denoised__seg30,056,056_recortado_denoised.wav,30,/home/ci2dt2-ai/Proyectos/Psiquiatria/Clasificación Final/Ansiedad/wav/1/056_recortado_denoised.wav,1
056_recortado_denoised__seg31,056,056_recortado_denoised.wav,31,/home/ci2dt2-ai/Proyectos/Psiquiatria/Clasificación Final/Ansiedad/wav/1/056_recortado_denoised.wav,1
056_recortado_denoised__seg32,056,056_recortado_denoised.wav,32,/home/ci2dt2-ai/Proyectos/Psiquiatria/Clasificación Final/Ansiedad/wav/1/056_recortado_denoised.wav,1
056_recortado_denoised__seg33,056,056_recortado_denoised.wav,33,/home/ci2dt2-ai/Proyectos/Psiquiatria/Clasificación Final/Ansiedad/wav/1/056_recortado_denoised.wav,1
056_recortado_denoised__seg34,056,056_recortado_denoised.wav,34,/home/ci2dt2-ai/Proyectos/Psiquiatria/Clasificación Final/Ansiedad/wav/1/056_recortado_denoised.wav,1
056_recortado_denoised__seg35,056,056_recortado_denoised.wav,35,/home/ci2dt2-ai/Proyectos/Psiquiatria/Clasificación Final/Ansiedad/wav/1/056_recortado_denoised.wav,1
056_recortado_denoised__seg36,056,056_recortado_denoised.wav,36,/home/ci2dt2-ai/Proyectos/Psiquiatria/Clasificación Final/Ansiedad/wav/1/056_recortado_denoised.wav,1
056_recortado_denoised__seg37,056,056_recortado_denoised.wav,37,/home/ci2dt2-ai/Proyectos/Psiquiatria/Clasificación Final/Ansiedad/wav/1/056_recortado_denoised.wav,1
056_recortado_denoised__seg38,056,056_recortado_denoised.wav,38,/home/ci2dt2-ai/Proyectos/Psiquiatria/Clasificación Final/Ansiedad/wav/1/056_recortado_denoised.wav,1
056_recortado_denoised__seg39,056,056_recortado_denoised.wav,39,/home/ci2dt2-ai/Proyectos/Psiquiatria/Clasificación Final/Ansiedad/wav/1/056_recortado_denoised.wav,1
056_recortado_denoised__seg40,056,056_recortado_denoised.wav,40,/home/ci2dt2-ai/Proyectos/Psiquiatria/Clasificación Final/Ansiedad/wav/1/056_recortado_denoised.wav,1
056_recortado_denoised__seg41,056,056_recortado_denoised.wav,41,/home/ci2dt2-ai/Proyectos/Psiquiatria/Clasificación Final/Ansiedad/wav/1/056_recortado_denoised.wav,1
056_recortado_denoised__seg42,056,056_recortado_denoised.wav,42,/home/ci2dt2-ai/Proyectos/Psiquiatria/Clasificación Final/Ansiedad/wav/1/056_recortado_denoised.wav,1
056_recortado_denoised__seg43,056,056_recortado_denoised.wav,43,/home/ci2dt2-ai/Proyectos/Psiquiatria/Clasificación Final/Ansiedad/wav/1/056_recortado_denoised.wav,1
056_recortado_denoised__seg44,056,056_recortado_denoised.wav,44,/home/ci2dt2-ai/Proyectos/Psiquiatria/Clasificación Final/Ansiedad/wav/1/056_recortado_denoised.wav,1
056_recortado_denoised__seg45,056,056_recortado_denoised.wav,45,/home/ci2dt2-ai/Proyectos/Psiquiatria/Clasificación Final/Ansiedad/wav/1/056_recortado_denoised.wav,1
056_recortado_denoised__seg46,056,056_recortado_denoised.wav,46,/home/ci2dt2-ai/Proyectos/Psiquiatria/Clasificación Final/Ansiedad/wav/1/056_recortado_denoised.wav,1
056_recortado_denoised__seg47,056,056_recortado_denoised.wav,47,/home/ci2dt2-ai/Proyectos/Psiquiatria/Clasificación Final/Ansiedad/wav/1/056_recortado_denoised.wav,1
056_recortado_denoised__seg48,056,056_recortado_denoised.wav,48,/home/ci2dt2-ai/Proyectos/Psiquiatria/Clasificación Final/Ansiedad/wav/1/056_recortado_denoised.wav,1
056_recortado_denoised__seg49,056,056_recortado_denoised.wav,49,/home/ci2dt2-ai/Proyectos/Psiquiatria/Clasificación Final/Ansiedad/wav/1/056_recortado_denoised.wav,1
056_recortado_denoised__seg50,056,056_recortado_denoised.wav,50,/home/ci2dt2-ai/Proyectos/Psiquiatria/Clasificación Final/Ansiedad/wav/1/056_recortado_denoised.wav,1
056_recortado_denoised__seg51,056,056_recortado_denoised.wav,51,/home/ci2dt2-ai/Proyectos/Psiquiatria/Clasificación Final/Ansiedad/wav/1/056_recortado_denoised.wav,1
056_recortado_denoised__seg52,056,056_recortado_denoised.wav,52,/home/ci2dt2-ai/Proyectos/Psiquiatria/Clasificación Final/Ansiedad/wav/1/056_recortado_denoised.wav,1
056_recortado_denoised__seg53,056,056_recortado_denoised.wav,53,/home/ci2dt2-ai/Proyectos/Psiquiatria/Clasificación Final/Ansiedad/wav/1/056_recortado_denoised.wav,1
056_recortado_denoised__seg54,056,056_recortado_denoised.wav,54,/home/ci2dt2-ai/Proyectos/Psiquiatria/Clasificación Final/Ansiedad/wav/1/056_recortado_denoised.wav,1
056_recortado_denoised__seg55,056,056_recortado_denoised.wav,55,/home/ci2dt2-ai/Proyectos/Psiquiatria/Clasificación Final/Ansiedad/wav/1/056_recortado_denoised.wav,1
056_recortado_denoised__seg56,056,056_recortado_denoised.wav,56,/home/ci2dt2-ai/Proyectos/Psiquiatria/Clasificación Final/Ansiedad/wav/1/056_recortado_denoised.wav,1
056_recortado_denoised__seg57,056,056_recortado_denoised.wav,57,/home/ci2dt2-ai/Proyectos/Psiquiatria/Clasificación Final/Ansiedad/wav/1/056_recortado_denoised.wav,1
056_recortado_denoised__seg58,056,056_recortado_denoised.wav,58,/home/ci2dt2-ai/Proyectos/Psiquiatria/Clasificación Final/Ansiedad/wav/1/056_recortado_denoised.wav,1
056_recortado_denoised__seg59,056,056_recortado_denoised.wav,59,/home/ci2dt2-ai/Proyectos/Psiquiatria/Clasificación Final/Ansiedad/wav/1/056_recortado_denoised.wav,1
056_recortado_denoised__seg60,056,056_recortado_denoised.wav,60,/home/ci2dt2-ai/Proyectos/Psiquiatria/Clasificación Final/Ansiedad/wav/1/056_recortado_denoised.wav,1
056_recortado_denoised__seg61,056,056_recortado_denoised.wav,61,/home/ci2dt2-ai/Proyectos/Psiquiatria/Clasificación Final/Ansiedad/wav/1/056_recortado_denoised.wav,1
056_recortado_denoised__seg62,056,056_recortado_denoised.wav,62,/home/ci2dt2-ai/Proyectos/Psiquiatria/Clasificación Final/Ansiedad/wav/1/056_recortado_denoised.wav,1
056_recortado_denoised__seg63,056,056_recortado_denoised.wav,63,/home/ci2dt2-ai/Proyectos/Psiquiatria/Clasificación Final/Ansiedad/wav/1/056_recortado_denoised.wav,1
056_recortado_denoised__seg64,056,056_recortado_denoised.wav,64,/home/ci2dt2-ai/Proyectos/Psiquiatria/Clasificación Final/Ansiedad/wav/1/056_recortado_denoised.wav,1
056_recortado_denoised__seg65,056,056_recortado_denoised.wav,65,/home/ci2dt2-ai/Proyectos/Psiquiatria/Clasificación Final/Ansiedad/wav/1/056_recortado_denoised.wav,1
056_recortado_denoised__seg66,056,056_recortado_denoised.wav,66,/home/ci2dt2-ai/Proyectos/Psiquiatria/Clasificación Final/Ansiedad/wav/1/056_recortado_denoised.wav,1
056_recortado_denoised__seg67,056,056_recortado_denoised.wav,67,/home/ci2dt2-ai/Proyectos/Psiquiatria/Clasificación Final/Ansiedad/wav/1/056_recortado_denoised.wav,1
056_recortado_denoised__seg68,056,056_recortado_denoised.wav,68,/home/ci2dt2-ai/Proyectos/Psiquiatria/Clasificación Final/Ansiedad/wav/1/056_recortado_denoised.wav,1
056_recortado_denoised__seg69,056,056_recortado_denoised.wav,69,/home/ci2dt2-ai/Proyectos/Psiquiatria/Clasificación Final/Ansiedad/wav/1/056_recortado_denoised.wav,1
056_recortado_denoised__seg70,056,056_recortado_denoised.wav,70,/home/ci2dt2-ai/Proyectos/Psiquiatria/Clasificación Final/Ansiedad/wav/1/056_recortado_denoised.wav,1
056_recortado_denoised__seg71,056,056_recortado_denoised.wav,71,/home/ci2dt2-ai/Proyectos/Psiquiatria/Clasificación Final/Ansiedad/wav/1/056_recortado_denoised.wav,1
056_recortado_denoised__seg72,056,056_recortado_denoised.wav,72,/home/ci2dt2-ai/Proyectos/Psiquiatria/Clasificación Final/Ansiedad/wav/1/056_recortado_denoised.wav,1
056_recortado_denoised__seg73,056,056_recortado_denoised.wav,73,/home/ci2dt2-ai/Proyectos/Psiquiatria/Clasificación Final/Ansiedad/wav/1/056_recortado_denoised.wav,1
056_recortado_denoised__seg74,056,056_recortado_denoised.wav,74,/home/ci2dt2-ai/Proyectos/Psiquiatria/Clasificación Final/Ansiedad/wav/1/056_recortado_denoised.wav,1
056_recortado_denoised__seg75,056,056_recortado_denoised.wav,75,/home/ci2dt2-ai/Proyectos/Psiquiatria/Clasificación Final/Ansiedad/wav/1/056_recortado_denoised.wav,1
056_recortado_denoised__seg76,056,056_recortado_denoised.wav,76,/home/ci2dt2-ai/Proyectos/Psiquiatria/Clasificación Final/Ansiedad/wav/1/056_recortado_denoised.wav,1
056_recortado_denoised__seg77,056,056_recortado_denoised.wav,77,/home/ci2dt2-ai/Proyectos/Psiquiatria/Clasificación Final/Ansiedad/wav/1/056_recortado_denoised.wav,1
056_recortado_denoised__seg78,056,056_recortado_denoised.wav,78,/home/ci2dt2-ai/Proyectos/Psiquiatria/Clasificación Final/Ansiedad/wav/1/056_recortado_denoised.wav,1
056_recortado_denoised__seg79,056,056_recortado_denoised.wav,79,/home/ci2dt2-ai/Proyectos/Psiquiatria/Clasificación Final/Ansiedad/wav/1/056_recortado_denoised.wav,1
060_recortado_denoised__seg0,060,060_recortado_denoised.wav,0,/home/ci2dt2-ai/Proyectos/Psiquiatria/Clasificación Final/Ansiedad/wav/1/060_recortado_denoised.wav,1
060_recortado_denoised__seg1,060,060_recortado_denoised.wav,1,/home/ci2dt2-ai/Proyectos/Psiquiatria/Clasificación Final/Ansiedad/wav/1/060_recortado_denoised.wav,1
060_recortado_denoised__seg2,060,060_recortado_denoised.wav,2,/home/ci2dt2-ai/Proyectos/Psiquiatria/Clasificación Final/Ansiedad/wav/1/060_recortado_denoised.wav,1
060_recortado_denoised__seg3,060,060_recortado_denoised.wav,3,/home/ci2dt2-ai/Proyectos/Psiquiatria/Clasificación Final/Ansiedad/wav/1/060_recortado_denoised.wav,1
060_recortado_denoised__seg4,060,060_recortado_denoised.wav,4,/home/ci2dt2-ai/Proyectos/Psiquiatria/Clasificación Final/Ansiedad/wav/1/060_recortado_denoised.wav,1
060_recortado_denoised__seg5,060,060_recortado_denoised.wav,5,/home/ci2dt2-ai/Proyectos/Psiquiatria/Clasificación Final/Ansiedad/wav/1/060_recortado_denoised.wav,1
060_recortado_denoised__seg6,060,060_recortado_denoised.wav,6,/home/ci2dt2-ai/Proyectos/Psiquiatria/Clasificación Final/Ansiedad/wav/1/060_recortado_denoised.wav,1
060_recortado_denoised__seg7,060,060_recortado_denoised.wav,7,/home/ci2dt2-ai/Proyectos/Psiquiatria/Clasificación Final/Ansiedad/wav/1/060_recortado_denoised.wav,1
060_recortado_denoised__seg8,060,060_recortado_denoised.wav,8,/home/ci2dt2-ai/Proyectos/Psiquiatria/Clasificación Final/Ansiedad/wav/1/060_recortado_denoised.wav,1
060_recortado_denoised__seg9,060,060_recortado_denoised.wav,9,/home/ci2dt2-ai/Proyectos/Psiquiatria/Clasificación Final/Ansiedad/wav/1/060_recortado_denoised.wav,1
060_recortado_denoised__seg10,060,060_recortado_denoised.wav,10,/home/ci2dt2-ai/Proyectos/Psiquiatria/Clasificación Final/Ansiedad/wav/1/060_recortado_denoised.wav,1
060_recortado_denoised__seg11,060,060_recortado_denoised.wav,11,/home/ci2dt2-ai/Proyectos/Psiquiatria/Clasificación Final/Ansiedad/wav/1/060_recortado_denoised.wav,1
060_recortado_denoised__seg12,060,060_recortado_denoised.wav,12,/home/ci2dt2-ai/Proyectos/Psiquiatria/Clasificación Final/Ansiedad/wav/1/060_recortado_denoised.wav,1
060_recortado_denoised__seg13,060,060_recortado_denoised.wav,13,/home/ci2dt2-ai/Proyectos/Psiquiatria/Clasificación Final/Ansiedad/wav/1/060_recortado_denoised.wav,1
060_recortado_denoised__seg14,060,060_recortado_denoised.wav,14,/home/ci2dt2-ai/Proyectos/Psiquiatria/Clasificación Final/Ansiedad/wav/1/060_recortado_denoised.wav,1
060_recortado_denoised__seg15,060,060_recortado_denoised.wav,15,/home/ci2dt2-ai/Proyectos/Psiquiatria/Clasificación Final/Ansiedad/wav/1/060_recortado_denoised.wav,1
060_recortado_denoised__seg16,060,060_recortado_denoised.wav,16,/home/ci2dt2-ai/Proyectos/Psiquiatria/Clasificación Final/Ansiedad/wav/1/060_recortado_denoised.wav,1
060_recortado_denoised__seg17,060,060_recortado_denoised.wav,17,/home/ci2dt2-ai/Proyectos/Psiquiatria/Clasificación Final/Ansiedad/wav/1/060_recortado_denoised.wav,1
060_recortado_denoised__seg18,060,060_recortado_denoised.wav,18,/home/ci2dt2-ai/Proyectos/Psiquiatria/Clasificación Final/Ansiedad/wav/1/060_recortado_denoised.wav,1
060_recortado_denoised__seg19,060,060_recortado_denoised.wav,19,/home/ci2dt2-ai/Proyectos/Psiquiatria/Clasificación Final/Ansiedad/wav/1/060_recortado_denoised.wav,1
060_recortado_denoised__seg20,060,060_recortado_denoised.wav,20,/home/ci2dt2-ai/Proyectos/Psiquiatria/Clasificación Final/Ansiedad/wav/1/060_recortado_denoised.wav,1
060_recortado_denoised__seg21,060,060_recortado_denoised.wav,21,/home/ci2dt2-ai/Proyectos/Psiquiatria/Clasificación Final/Ansiedad/wav/1/060_recortado_denoised.wav,1
060_recortado_denoised__seg22,060,060_recortado_denoised.wav,22,/home/ci2dt2-ai/Proyectos/Psiquiatria/Clasificación Final/Ansiedad/wav/1/060_recortado_denoised.wav,1
060_recortado_denoised__seg23,060,060_recortado_denoised.wav,23,/home/ci2dt2-ai/Proyectos/Psiquiatria/Clasificación Final/Ansiedad/wav/1/060_recortado_denoised.wav,1
060_recortado_denoised__seg24,060,060_recortado_denoised.wav,24,/home/ci2dt2-ai/Proyectos/Psiquiatria/Clasificación Final/Ansiedad/wav/1/060_recortado_denoised.wav,1
060_recortado_denoised__seg25,060,060_recortado_denoised.wav,25,/home/ci2dt2-ai/Proyectos/Psiquiatria/Clasificación Final/Ansiedad/wav/1/060_recortado_denoised.wav,1
060_recortado_denoised__seg26,060,060_recortado_denoised.wav,26,/home/ci2dt2-ai/Proyectos/Psiquiatria/Clasificación Final/Ansiedad/wav/1/060_recortado_denoised.wav,1
061_recortado_denoised__seg0,061,061_recortado_denoised.wav,0,/home/ci2dt2-ai/Proyectos/Psiquiatria/Clasificación Final/Ansiedad/wav/1/061_recortado_denoised.wav,1
061_recortado_denoised__seg1,061,061_recortado_denoised.wav,1,/home/ci2dt2-ai/Proyectos/Psiquiatria/Clasificación Final/Ansiedad/wav/1/061_recortado_denoised.wav,1
061_recortado_denoised__seg2,061,061_recortado_denoised.wav,2,/home/ci2dt2-ai/Proyectos/Psiquiatria/Clasificación Final/Ansiedad/wav/1/061_recortado_denoised.wav,1
061_recortado_denoised__seg3,061,061_recortado_denoised.wav,3,/home/ci2dt2-ai/Proyectos/Psiquiatria/Clasificación Final/Ansiedad/wav/1/061_recortado_denoised.wav,1
061_recortado_denoised__seg4,061,061_recortado_denoised.wav,4,/home/ci2dt2-ai/Proyectos/Psiquiatria/Clasificación Final/Ansiedad/wav/1/061_recortado_denoised.wav,1
061_recortado_denoised__seg5,061,061_recortado_denoised.wav,5,/home/ci2dt2-ai/Proyectos/Psiquiatria/Clasificación Final/Ansiedad/wav/1/061_recortado_denoised.wav,1
061_recortado_denoised__seg6,061,061_recortado_denoised.wav,6,/home/ci2dt2-ai/Proyectos/Psiquiatria/Clasificación Final/Ansiedad/wav/1/061_recortado_denoised.wav,1
061_recortado_denoised__seg7,061,061_recortado_denoised.wav,7,/home/ci2dt2-ai/Proyectos/Psiquiatria/Clasificación Final/Ansiedad/wav/1/061_recortado_denoised.wav,1
061_recortado_denoised__seg8,061,061_recortado_denoised.wav,8,/home/ci2dt2-ai/Proyectos/Psiquiatria/Clasificación Final/Ansiedad/wav/1/061_recortado_denoised.wav,1
061_recortado_denoised__seg9,061,061_recortado_denoised.wav,9,/home/ci2dt2-ai/Proyectos/Psiquiatria/Clasificación Final/Ansiedad/wav/1/061_recortado_denoised.wav,1
061_recortado_denoised__seg10,061,061_recortado_denoised.wav,10,/home/ci2dt2-ai/Proyectos/Psiquiatria/Clasificación Final/Ansiedad/wav/1/061_recortado_denoised.wav,1
061_recortado_denoised__seg11,061,061_recortado_denoised.wav,11,/home/ci2dt2-ai/Proyectos/Psiquiatria/Clasificación Final/Ansiedad/wav/1/061_recortado_denoised.wav,1
061_recortado_denoised__seg12,061,061_recortado_denoised.wav,12,/home/ci2dt2-ai/Proyectos/Psiquiatria/Clasificación Final/Ansiedad/wav/1/061_recortado_denoised.wav,1
061_recortado_denoised__seg13,061,061_recortado_denoised.wav,13,/home/ci2dt2-ai/Proyectos/Psiquiatria/Clasificación Final/Ansiedad/wav/1/061_recortado_denoised.wav,1
061_recortado_denoised__seg14,061,061_recortado_denoised.wav,14,/home/ci2dt2-ai/Proyectos/Psiquiatria/Clasificación Final/Ansiedad/wav/1/061_recortado_denoised.wav,1
061_recortado_denoised__seg15,061,061_recortado_denoised.wav,15,/home/ci2dt2-ai/Proyectos/Psiquiatria/Clasificación Final/Ansiedad/wav/1/061_recortado_denoised.wav,1
061_recortado_denoised__seg16,061,061_recortado_denoised.wav,16,/home/ci2dt2-ai/Proyectos/Psiquiatria/Clasificación Final/Ansiedad/wav/1/061_recortado_denoised.wav,1
061_recortado_denoised__seg17,061,061_recortado_denoised.wav,17,/home/ci2dt2-ai/Proyectos/Psiquiatria/Clasificación Final/Ansiedad/wav/1/061_recortado_denoised.wav,1
061_recortado_denoised__seg18,061,061_recortado_denoised.wav,18,/home/ci2dt2-ai/Proyectos/Psiquiatria/Clasificación Final/Ansiedad/wav/1/061_recortado_denoised.wav,1
061_recortado_denoised__seg19,061,061_recortado_denoised.wav,19,/home/ci2dt2-ai/Proyectos/Psiquiatria/Clasificación Final/Ansiedad/wav/1/061_recortado_denoised.wav,1
061_recortado_denoised__seg20,061,061_recortado_denoised.wav,20,/home/ci2dt2-ai/Proyectos/Psiquiatria/Clasificación Final/Ansiedad/wav/1/061_recortado_denoised.wav,1
061_recortado_denoised__seg21,061,061_recortado_denoised.wav,21,/home/ci2dt2-ai/Proyectos/Psiquiatria/Clasificación Final/Ansiedad/wav/1/061_recortado_denoised.wav,1
061_recortado_denoised__seg22,061,061_recortado_denoised.wav,22,/home/ci2dt2-ai/Proyectos/Psiquiatria/Clasificación Final/Ansiedad/wav/1/061_recortado_denoised.wav,1
061_recortado_denoised__seg23,061,061_recortado_denoised.wav,23,/home/ci2dt2-ai/Proyectos/Psiquiatria/Clasificación Final/Ansiedad/wav/1/061_recortado_denoised.wav,1
061_recortado_denoised__seg24,061,061_recortado_denoised.wav,24,/home/ci2dt2-ai/Proyectos/Psiquiatria/Clasificación Final/Ansiedad/wav/1/061_recortado_denoised.wav,1
061_recortado_denoised__seg25,061,061_recortado_denoised.wav,25,/home/ci2dt2-ai/Proyectos/Psiquiatria/Clasificación Final/Ansiedad/wav/1/061_recortado_denoised.wav,1
061_recortado_denoised__seg26,061,061_recortado_denoised.wav,26,/home/ci2dt2-ai/Proyectos/Psiquiatria/Clasificación Final/Ansiedad/wav/1/061_recortado_denoised.wav,1
061_recortado_denoised__seg27,061,061_recortado_denoised.wav,27,/home/ci2dt2-ai/Proyectos/Psiquiatria/Clasificación Final/Ansiedad/wav/1/061_recortado_denoised.wav,1
061_recortado_denoised__seg28,061,061_recortado_denoised.wav,28,/home/ci2dt2-ai/Proyectos/Psiquiatria/Clasificación Final/Ansiedad/wav/1/061_recortado_denoised.wav,1
061_recortado_denoised__seg29,061,061_recortado_denoised.wav,29,/home/ci2dt2-ai/Proyectos/Psiquiatria/Clasificación Final/Ansiedad/wav/1/061_recortado_denoised.wav,1
061_recortado_denoised__seg30,061,061_recortado_denoised.wav,30,/home/ci2dt2-ai/Proyectos/Psiquiatria/Clasificación Final/Ansiedad/wav/1/061_recortado_denoised.wav,1
061_recortado_denoised__seg31,061,061_recortado_denoised.wav,31,/home/ci2dt2-ai/Proyectos/Psiquiatria/Clasificación Final/Ansiedad/wav/1/061_recortado_denoised.wav,1
061_recortado_denoised__seg32,061,061_recortado_denoised.wav,32,/home/ci2dt2-ai/Proyectos/Psiquiatria/Clasificación Final/Ansiedad/wav/1/061_recortado_denoised.wav,1
061_recortado_denoised__seg33,061,061_recortado_denoised.wav,33,/home/ci2dt2-ai/Proyectos/Psiquiatria/Clasificación Final/Ansiedad/wav/1/061_recortado_denoised.wav,1
061_recortado_denoised__seg34,061,061_recortado_denoised.wav,34,/home/ci2dt2-ai/Proyectos/Psiquiatria/Clasificación Final/Ansiedad/wav/1/061_recortado_denoised.wav,1
061_recortado_denoised__seg35,061,061_recortado_denoised.wav,35,/home/ci2dt2-ai/Proyectos/Psiquiatria/Clasificación Final/Ansiedad/wav/1/061_recortado_denoised.wav,1
061_recortado_denoised__seg36,061,061_recortado_denoised.wav,36,/home/ci2dt2-ai/Proyectos/Psiquiatria/Clasificación Final/Ansiedad/wav/1/061_recortado_denoised.wav,1
061_recortado_denoised__seg37,061,061_recortado_denoised.wav,37,/home/ci2dt2-ai/Proyectos/Psiquiatria/Clasificación Final/Ansiedad/wav/1/061_recortado_denoised.wav,1
061_recortado_denoised__seg38,061,061_recortado_denoised.wav,38,/home/ci2dt2-ai/Proyectos/Psiquiatria/Clasificación Final/Ansiedad/wav/1/061_recortado_denoised.wav,1
061_recortado_denoised__seg39,061,061_recortado_denoised.wav,39,/home/ci2dt2-ai/Proyectos/Psiquiatria/Clasificación Final/Ansiedad/wav/1/061_recortado_denoised.wav,1
061_recortado_denoised__seg40,061,061_recortado_denoised.wav,40,/home/ci2dt2-ai/Proyectos/Psiquiatria/Clasificación Final/Ansiedad/wav/1/061_recortado_denoised.wav,1
061_recortado_denoised__seg41,061,061_recortado_denoised.wav,41,/home/ci2dt2-ai/Proyectos/Psiquiatria/Clasificación Final/Ansiedad/wav/1/061_recortado_denoised.wav,1
061_recortado_denoised__seg42,061,061_recortado_denoised.wav,42,/home/ci2dt2-ai/Proyectos/Psiquiatria/Clasificación Final/Ansiedad/wav/1/061_recortado_denoised.wav,1
061_recortado_denoised__seg43,061,061_recortado_denoised.wav,43,/home/ci2dt2-ai/Proyectos/Psiquiatria/Clasificación Final/Ansiedad/wav/1/061_recortado_denoised.wav,1
061_recortado_denoised__seg44,061,061_recortado_denoised.wav,44,/home/ci2dt2-ai/Proyectos/Psiquiatria/Clasificación Final/Ansiedad/wav/1/061_recortado_denoised.wav,1
061_recortado_denoised__seg45,061,061_recortado_denoised.wav,45,/home/ci2dt2-ai/Proyectos/Psiquiatria/Clasificación Final/Ansiedad/wav/1/061_recortado_denoised.wav,1
061_recortado_denoised__seg46,061,061_recortado_denoised.wav,46,/home/ci2dt2-ai/Proyectos/Psiquiatria/Clasificación Final/Ansiedad/wav/1/061_recortado_denoised.wav,1
061_recortado_denoised__seg47,061,061_recortado_denoised.wav,47,/home/ci2dt2-ai/Proyectos/Psiquiatria/Clasificación Final/Ansiedad/wav/1/061_recortado_denoised.wav,1
061_recortado_denoised__seg48,061,061_recortado_denoised.wav,48,/home/ci2dt2-ai/Proyectos/Psiquiatria/Clasificación Final/Ansiedad/wav/1/061_recortado_denoised.wav,1
061_recortado_denoised__seg49,061,061_recortado_denoised.wav,49,/home/ci2dt2-ai/Proyectos/Psiquiatria/Clasificación Final/Ansiedad/wav/1/061_recortado_denoised.wav,1
061_recortado_denoised__seg50,061,061_recortado_denoised.wav,50,/home/ci2dt2-ai/Proyectos/Psiquiatria/Clasificación Final/Ansiedad/wav/1/061_recortado_denoised.wav,1
061_recortado_denoised__seg51,061,061_recortado_denoised.wav,51,/home/ci2dt2-ai/Proyectos/Psiquiatria/Clasificación Final/Ansiedad/wav/1/061_recortado_denoised.wav,1
061_recortado_denoised__seg52,061,061_recortado_denoised.wav,52,/home/ci2dt2-ai/Proyectos/Psiquiatria/Clasificación Final/Ansiedad/wav/1/061_recortado_denoised.wav,1
061_recortado_denoised__seg53,061,061_recortado_denoised.wav,53,/home/ci2dt2-ai/Proyectos/Psiquiatria/Clasificación Final/Ansiedad/wav/1/061_recortado_denoised.wav,1
061_recortado_denoised__seg54,061,061_recortado_denoised.wav,54,/home/ci2dt2-ai/Proyectos/Psiquiatria/Clasificación Final/Ansiedad/wav/1/061_recortado_denoised.wav,1
061_recortado_denoised__seg55,061,061_recortado_denoised.wav,55,/home/ci2dt2-ai/Proyectos/Psiquiatria/Clasificación Final/Ansiedad/wav/1/061_recortado_denoised.wav,1
061_recortado_denoised__seg56,061,061_recortado_denoised.wav,56,/home/ci2dt2-ai/Proyectos/Psiquiatria/Clasificación Final/Ansiedad/wav/1/061_recortado_denoised.wav,1
061_recortado_denoised__seg57,061,061_recortado_denoised.wav,57,/home/ci2dt2-ai/Proyectos/Psiquiatria/Clasificación Final/Ansiedad/wav/1/061_recortado_denoised.wav,1
061_recortado_denoised__seg58,061,061_recortado_denoised.wav,58,/home/ci2dt2-ai/Proyectos/Psiquiatria/Clasificación Final/Ansiedad/wav/1/061_recortado_denoised.wav,1
061_recortado_denoised__seg59,061,061_recortado_denoised.wav,59,/home/ci2dt2-ai/Proyectos/Psiquiatria/Clasificación Final/Ansiedad/wav/1/061_recortado_denoised.wav,1
061_recortado_denoised__seg60,061,061_recortado_denoised.wav,60,/home/ci2dt2-ai/Proyectos/Psiquiatria/Clasificación Final/Ansiedad/wav/1/061_recortado_denoised.wav,1
061_recortado_denoised__seg61,061,061_recortado_denoised.wav,61,/home/ci2dt2-ai/Proyectos/Psiquiatria/Clasificación Final/Ansiedad/wav/1/061_recortado_denoised.wav,1
061_recortado_denoised__seg62,061,061_recortado_denoised.wav,62,/home/ci2dt2-ai/Proyectos/Psiquiatria/Clasificación Final/Ansiedad/wav/1/061_recortado_denoised.wav,1
061_recortado_denoised__seg63,061,061_recortado_denoised.wav,63,/home/ci2dt2-ai/Proyectos/Psiquiatria/Clasificación Final/Ansiedad/wav/1/061_recortado_denoised.wav,1
061_recortado_denoised__seg64,061,061_recortado_denoised.wav,64,/home/ci2dt2-ai/Proyectos/Psiquiatria/Clasificación Final/Ansiedad/wav/1/061_recortado_denoised.wav,1
061_recortado_denoised__seg65,061,061_recortado_denoised.wav,65,/home/ci2dt2-ai/Proyectos/Psiquiatria/Clasificación Final/Ansiedad/wav/1/061_recortado_denoised.wav,1
061_recortado_denoised__seg66,061,061_recortado_denoised.wav,66,/home/ci2dt2-ai/Proyectos/Psiquiatria/Clasificación Final/Ansiedad/wav/1/061_recortado_denoised.wav,1
061_recortado_denoised__seg67,061,061_recortado_denoised.wav,67,/home/ci2dt2-ai/Proyectos/Psiquiatria/Clasificación Final/Ansiedad/wav/1/061_recortado_denoised.wav,1
061_recortado_denoised__seg68,061,061_recortado_denoised.wav,68,/home/ci2dt2-ai/Proyectos/Psiquiatria/Clasificación Final/Ansiedad/wav/1/061_recortado_denoised.wav,1
061_recortado_denoised__seg69,061,061_recortado_denoised.wav,69,/home/ci2dt2-ai/Proyectos/Psiquiatria/Clasificación Final/Ansiedad/wav/1/061_recortado_denoised.wav,1
061_recortado_denoised__seg70,061,061_recortado_denoised.wav,70,/home/ci2dt2-ai/Proyectos/Psiquiatria/Clasificación Final/Ansiedad/wav/1/061_recortado_denoised.wav,1
061_recortado_denoised__seg71,061,061_recortado_denoised.wav,71,/home/ci2dt2-ai/Proyectos/Psiquiatria/Clasificación Final/Ansiedad/wav/1/061_recortado_denoised.wav,1
061_recortado_denoised__seg72,061,061_recortado_denoised.wav,72,/home/ci2dt2-ai/Proyectos/Psiquiatria/Clasificación Final/Ansiedad/wav/1/061_recortado_denoised.wav,1
061_recortado_denoised__seg73,061,061_recortado_denoised.wav,73,/home/ci2dt2-ai/Proyectos/Psiquiatria/Clasificación Final/Ansiedad/wav/1/061_recortado_denoised.wav,1
061_recortado_denoised__seg74,061,061_recortado_denoised.wav,74,/home/ci2dt2-ai/Proyectos/Psiquiatria/Clasificación Final/Ansiedad/wav/1/061_recortado_denoised.wav,1
061_recortado_denoised__seg75,061,061_recortado_denoised.wav,75,/home/ci2dt2-ai/Proyectos/Psiquiatria/Clasificación Final/Ansiedad/wav/1/061_recortado_denoised.wav,1
061_recortado_denoised__seg76,061,061_recortado_denoised.wav,76,/home/ci2dt2-ai/Proyectos/Psiquiatria/Clasificación Final/Ansiedad/wav/1/061_recortado_denoised.wav,1
061_recortado_denoised__seg77,061,061_recortado_denoised.wav,77,/home/ci2dt2-ai/Proyectos/Psiquiatria/Clasificación Final/Ansiedad/wav/1/061_recortado_denoised.wav,1
061_recortado_denoised__seg78,061,061_recortado_denoised.wav,78,/home/ci2dt2-ai/Proyectos/Psiquiatria/Clasificación Final/Ansiedad/wav/1/061_recortado_denoised.wav,1
061_recortado_denoised__seg79,061,061_recortado_denoised.wav,79,/home/ci2dt2-ai/Proyectos/Psiquiatria/Clasificación Final/Ansiedad/wav/1/061_recortado_denoised.wav,1
061_recortado_denoised__seg80,061,061_recortado_denoised.wav,80,/home/ci2dt2-ai/Proyectos/Psiquiatria/Clasificación Final/Ansiedad/wav/1/061_recortado_denoised.wav,1
061_recortado_denoised__seg81,061,061_recortado_denoised.wav,81,/home/ci2dt2-ai/Proyectos/Psiquiatria/Clasificación Final/Ansiedad/wav/1/061_recortado_denoised.wav,1
061_recortado_denoised__seg82,061,061_recortado_denoised.wav,82,/home/ci2dt2-ai/Proyectos/Psiquiatria/Clasificación Final/Ansiedad/wav/1/061_recortado_denoised.wav,1
061_recortado_denoised__seg83,061,061_recortado_denoised.wav,83,/home/ci2dt2-ai/Proyectos/Psiquiatria/Clasificación Final/Ansiedad/wav/1/061_recortado_denoised.wav,1
061_recortado_denoised__seg84,061,061_recortado_denoised.wav,84,/home/ci2dt2-ai/Proyectos/Psiquiatria/Clasificación Final/Ansiedad/wav/1/061_recortado_denoised.wav,1
061_recortado_denoised__seg85,061,061_recortado_denoised.wav,85,/home/ci2dt2-ai/Proyectos/Psiquiatria/Clasificación Final/Ansiedad/wav/1/061_recortado_denoised.wav,1
061_recortado_denoised__seg86,061,061_recortado_denoised.wav,86,/home/ci2dt2-ai/Proyectos/Psiquiatria/Clasificación Final/Ansiedad/wav/1/061_recortado_denoised.wav,1
061_recortado_denoised__seg87,061,061_recortado_denoised.wav,87,/home/ci2dt2-ai/Proyectos/Psiquiatria/Clasificación Final/Ansiedad/wav/1/061_recortado_denoised.wav,1
061_recortado_denoised__seg88,061,061_recortado_denoised.wav,88,/home/ci2dt2-ai/Proyectos/Psiquiatria/Clasificación Final/Ansiedad/wav/1/061_recortado_denoised.wav,1
061_recortado_denoised__seg89,061,061_recortado_denoised.wav,89,/home/ci2dt2-ai/Proyectos/Psiquiatria/Clasificación Final/Ansiedad/wav/1/061_recortado_denoised.wav,1
061_recortado_denoised__seg90,061,061_recortado_denoised.wav,90,/home/ci2dt2-ai/Proyectos/Psiquiatria/Clasificación Final/Ansiedad/wav/1/061_recortado_denoised.wav,1
061_recortado_denoised__seg91,061,061_recortado_denoised.wav,91,/home/ci2dt2-ai/Proyectos/Psiquiatria/Clasificación Final/Ansiedad/wav/1/061_recortado_denoised.wav,1
061_recortado_denoised__seg92,061,061_recortado_denoised.wav,92,/home/ci2dt2-ai/Proyectos/Psiquiatria/Clasificación Final/Ansiedad/wav/1/061_recortado_denoised.wav,1
061_recortado_denoised__seg93,061,061_recortado_denoised.wav,93,/home/ci2dt2-ai/Proyectos/Psiquiatria/Clasificación Final/Ansiedad/wav/1/061_recortado_denoised.wav,1
061_recortado_denoised__seg94,061,061_recortado_denoised.wav,94,/home/ci2dt2-ai/Proyectos/Psiquiatria/Clasificación Final/Ansiedad/wav/1/061_recortado_denoised.wav,1
061_recortado_denoised__seg95,061,061_recortado_denoised.wav,95,/home/ci2dt2-ai/Proyectos/Psiquiatria/Clasificación Final/Ansiedad/wav/1/061_recortado_denoised.wav,1
061_recortado_denoised__seg96,061,061_recortado_denoised.wav,96,/home/ci2dt2-ai/Proyectos/Psiquiatria/Clasificación Final/Ansiedad/wav/1/061_recortado_denoised.wav,1
061_recortado_denoised__seg97,061,061_recortado_denoised.wav,97,/home/ci2dt2-ai/Proyectos/Psiquiatria/Clasificación Final/Ansiedad/wav/1/061_recortado_denoised.wav,1
061_recortado_denoised__seg98,061,061_recortado_denoised.wav,98,/home/ci2dt2-ai/Proyectos/Psiquiatria/Clasificación Final/Ansiedad/wav/1/061_recortado_denoised.wav,1
061_recortado_denoised__seg99,061,061_recortado_denoised.wav,99,/home/ci2dt2-ai/Proyectos/Psiquiatria/Clasificación Final/Ansiedad/wav/1/061_recortado_denoised.wav,1
061_recortado_denoised__seg100,061,061_recortado_denoised.wav,100,/home/ci2dt2-ai/Proyectos/Psiquiatria/Clasificación Final/Ansiedad/wav/1/061_recortado_denoised.wav,1
061_recortado_denoised__seg101,061,061_recortado_denoised.wav,101,/home/ci2dt2-ai/Proyectos/Psiquiatria/Clasificación Final/Ansiedad/wav/1/061_recortado_denoised.wav,1
061_recortado_denoised__seg102,061,061_recortado_denoised.wav,102,/home/ci2dt2-ai/Proyectos/Psiquiatria/Clasificación Final/Ansiedad/wav/1/061_recortado_denoised.wav,1
061_recortado_denoised__seg103,061,061_recortado_denoised.wav,103,/home/ci2dt2-ai/Proyectos/Psiquiatria/Clasificación Final/Ansiedad/wav/1/061_recortado_denoised.wav,1
061_recortado_denoised__seg104,061,061_recortado_denoised.wav,104,/home/ci2dt2-ai/Proyectos/Psiquiatria/Clasificación Final/Ansiedad/wav/1/061_recortado_denoised.wav,1
061_recortado_denoised__seg105,061,061_recortado_denoised.wav,105,/home/ci2dt2-ai/Proyectos/Psiquiatria/Clasificación Final/Ansiedad/wav/1/061_recortado_denoised.wav,1
061_recortado_denoised__seg106,061,061_recortado_denoised.wav,106,/home/ci2dt2-ai/Proyectos/Psiquiatria/Clasificación Final/Ansiedad/wav/1/061_recortado_denoised.wav,1
061_recortado_denoised__seg107,061,061_recortado_denoised.wav,107,/home/ci2dt2-ai/Proyectos/Psiquiatria/Clasificación Final/Ansiedad/wav/1/061_recortado_denoised.wav,1
061_recortado_denoised__seg108,061,061_recortado_denoised.wav,108,/home/ci2dt2-ai/Proyectos/Psiquiatria/Clasificación Final/Ansiedad/wav/1/061_recortado_denoised.wav,1
061_recortado_denoised__seg109,061,061_recortado_denoised.wav,109,/home/ci2dt2-ai/Proyectos/Psiquiatria/Clasificación Final/Ansiedad/wav/1/061_recortado_denoised.wav,1
061_recortado_denoised__seg110,061,061_recortado_denoised.wav,110,/home/ci2dt2-ai/Proyectos/Psiquiatria/Clasificación Final/Ansiedad/wav/1/061_recortado_denoised.wav,1
061_recortado_denoised__seg111,061,061_recortado_denoised.wav,111,/home/ci2dt2-ai/Proyectos/Psiquiatria/Clasificación Final/Ansiedad/wav/1/061_recortado_denoised.wav,1
061_recortado_denoised__seg112,061,061_recortado_denoised.wav,112,/home/ci2dt2-ai/Proyectos/Psiquiatria/Clasificación Final/Ansiedad/wav/1/061_recortado_denoised.wav,1
063_recortado_denoised__seg0,063,063_recortado_denoised.wav,0,/home/ci2dt2-ai/Proyectos/Psiquiatria/Clasificación Final/Ansiedad/wav/1/063_recortado_denoised.wav,1
063_recortado_denoised__seg1,063,063_recortado_denoised.wav,1,/home/ci2dt2-ai/Proyectos/Psiquiatria/Clasificación Final/Ansiedad/wav/1/063_recortado_denoised.wav,1
063_recortado_denoised__seg2,063,063_recortado_denoised.wav,2,/home/ci2dt2-ai/Proyectos/Psiquiatria/Clasificación Final/Ansiedad/wav/1/063_recortado_denoised.wav,1
063_recortado_denoised__seg3,063,063_recortado_denoised.wav,3,/home/ci2dt2-ai/Proyectos/Psiquiatria/Clasificación Final/Ansiedad/wav/1/063_recortado_denoised.wav,1
063_recortado_denoised__seg4,063,063_recortado_denoised.wav,4,/home/ci2dt2-ai/Proyectos/Psiquiatria/Clasificación Final/Ansiedad/wav/1/063_recortado_denoised.wav,1
063_recortado_denoised__seg5,063,063_recortado_denoised.wav,5,/home/ci2dt2-ai/Proyectos/Psiquiatria/Clasificación Final/Ansiedad/wav/1/063_recortado_denoised.wav,1
063_recortado_denoised__seg6,063,063_recortado_denoised.wav,6,/home/ci2dt2-ai/Proyectos/Psiquiatria/Clasificación Final/Ansiedad/wav/1/063_recortado_denoised.wav,1
063_recortado_denoised__seg7,063,063_recortado_denoised.wav,7,/home/ci2dt2-ai/Proyectos/Psiquiatria/Clasificación Final/Ansiedad/wav/1/063_recortado_denoised.wav,1
063_recortado_denoised__seg8,063,063_recortado_denoised.wav,8,/home/ci2dt2-ai/Proyectos/Psiquiatria/Clasificación Final/Ansiedad/wav/1/063_recortado_denoised.wav,1
063_recortado_denoised__seg9,063,063_recortado_denoised.wav,9,/home/ci2dt2-ai/Proyectos/Psiquiatria/Clasificación Final/Ansiedad/wav/1/063_recortado_denoised.wav,1
063_recortado_denoised__seg10,063,063_recortado_denoised.wav,10,/home/ci2dt2-ai/Proyectos/Psiquiatria/Clasificación Final/Ansiedad/wav/1/063_recortado_denoised.wav,1
063_recortado_denoised__seg11,063,063_recortado_denoised.wav,11,/home/ci2dt2-ai/Proyectos/Psiquiatria/Clasificación Final/Ansiedad/wav/1/063_recortado_denoised.wav,1
063_recortado_denoised__seg12,063,063_recortado_denoised.wav,12,/home/ci2dt2-ai/Proyectos/Psiquiatria/Clasificación Final/Ansiedad/wav/1/063_recortado_denoised.wav,1
063_recortado_denoised__seg13,063,063_recortado_denoised.wav,13,/home/ci2dt2-ai/Proyectos/Psiquiatria/Clasificación Final/Ansiedad/wav/1/063_recortado_denoised.wav,1
063_recortado_denoised__seg14,063,063_recortado_denoised.wav,14,/home/ci2dt2-ai/Proyectos/Psiquiatria/Clasificación Final/Ansiedad/wav/1/063_recortado_denoised.wav,1
063_recortado_denoised__seg15,063,063_recortado_denoised.wav,15,/home/ci2dt2-ai/Proyectos/Psiquiatria/Clasificación Final/Ansiedad/wav/1/063_recortado_denoised.wav,1
063_recortado_denoised__seg16,063,063_recortado_denoised.wav,16,/home/ci2dt2-ai/Proyectos/Psiquiatria/Clasificación Final/Ansiedad/wav/1/063_recortado_denoised.wav,1
063_recortado_denoised__seg17,063,063_recortado_denoised.wav,17,/home/ci2dt2-ai/Proyectos/Psiquiatria/Clasificación Final/Ansiedad/wav/1/063_recortado_denoised.wav,1
063_recortado_denoised__seg18,063,063_recortado_denoised.wav,18,/home/ci2dt2-ai/Proyectos/Psiquiatria/Clasificación Final/Ansiedad/wav/1/063_recortado_denoised.wav,1
063_recortado_denoised__seg19,063,063_recortado_denoised.wav,19,/home/ci2dt2-ai/Proyectos/Psiquiatria/Clasificación Final/Ansiedad/wav/1/063_recortado_denoised.wav,1
063_recortado_denoised__seg20,063,063_recortado_denoised.wav,20,/home/ci2dt2-ai/Proyectos/Psiquiatria/Clasificación Final/Ansiedad/wav/1/063_recortado_denoised.wav,1
063_recortado_denoised__seg21,063,063_recortado_denoised.wav,21,/home/ci2dt2-ai/Proyectos/Psiquiatria/Clasificación Final/Ansiedad/wav/1/063_recortado_denoised.wav,1
063_recortado_denoised__seg22,063,063_recortado_denoised.wav,22,/home/ci2dt2-ai/Proyectos/Psiquiatria/Clasificación Final/Ansiedad/wav/1/063_recortado_denoised.wav,1
063_recortado_denoised__seg23,063,063_recortado_denoised.wav,23,/home/ci2dt2-ai/Proyectos/Psiquiatria/Clasificación Final/Ansiedad/wav/1/063_recortado_denoised.wav,1
063_recortado_denoised__seg24,063,063_recortado_denoised.wav,24,/home/ci2dt2-ai/Proyectos/Psiquiatria/Clasificación Final/Ansiedad/wav/1/063_recortado_denoised.wav,1
063_recortado_denoised__seg25,063,063_recortado_denoised.wav,25,/home/ci2dt2-ai/Proyectos/Psiquiatria/Clasificación Final/Ansiedad/wav/1/063_recortado_denoised.wav,1
063_recortado_denoised__seg26,063,063_recortado_denoised.wav,26,/home/ci2dt2-ai/Proyectos/Psiquiatria/Clasificación Final/Ansiedad/wav/1/063_recortado_denoised.wav,1
063_recortado_denoised__seg27,063,063_recortado_denoised.wav,27,/home/ci2dt2-ai/Proyectos/Psiquiatria/Clasificación Final/Ansiedad/wav/1/063_recortado_denoised.wav,1
063_recortado_denoised__seg28,063,063_recortado_denoised.wav,28,/home/ci2dt2-ai/Proyectos/Psiquiatria/Clasificación Final/Ansiedad/wav/1/063_recortado_denoised.wav,1
063_recortado_denoised__seg29,063,063_recortado_denoised.wav,29,/home/ci2dt2-ai/Proyectos/Psiquiatria/Clasificación Final/Ansiedad/wav/1/063_recortado_denoised.wav,1
063_recortado_denoised__seg30,063,063_recortado_denoised.wav,30,/home/ci2dt2-ai/Proyectos/Psiquiatria/Clasificación Final/Ansiedad/wav/1/063_recortado_denoised.wav,1
063_recortado_denoised__seg31,063,063_recortado_denoised.wav,31,/home/ci2dt2-ai/Proyectos/Psiquiatria/Clasificación Final/Ansiedad/wav/1/063_recortado_denoised.wav,1
063_recortado_denoised__seg32,063,063_recortado_denoised.wav,32,/home/ci2dt2-ai/Proyectos/Psiquiatria/Clasificación Final/Ansiedad/wav/1/063_recortado_denoised.wav,1
063_recortado_denoised__seg33,063,063_recortado_denoised.wav,33,/home/ci2dt2-ai/Proyectos/Psiquiatria/Clasificación Final/Ansiedad/wav/1/063_recortado_denoised.wav,1
063_recortado_denoised__seg34,063,063_recortado_denoised.wav,34,/home/ci2dt2-ai/Proyectos/Psiquiatria/Clasificación Final/Ansiedad/wav/1/063_recortado_denoised.wav,1
063_recortado_denoised__seg35,063,063_recortado_denoised.wav,35,/home/ci2dt2-ai/Proyectos/Psiquiatria/Clasificación Final/Ansiedad/wav/1/063_recortado_denoised.wav,1
063_recortado_denoised__seg36,063,063_recortado_denoised.wav,36,/home/ci2dt2-ai/Proyectos/Psiquiatria/Clasificación Final/Ansiedad/wav/1/063_recortado_denoised.wav,1
063_recortado_denoised__seg37,063,063_recortado_denoised.wav,37,/home/ci2dt2-ai/Proyectos/Psiquiatria/Clasificación Final/Ansiedad/wav/1/063_recortado_denoised.wav,1
063_recortado_denoised__seg38,063,063_recortado_denoised.wav,38,/home/ci2dt2-ai/Proyectos/Psiquiatria/Clasificación Final/Ansiedad/wav/1/063_recortado_denoised.wav,1
063_recortado_denoised__seg39,063,063_recortado_denoised.wav,39,/home/ci2dt2-ai/Proyectos/Psiquiatria/Clasificación Final/Ansiedad/wav/1/063_recortado_denoised.wav,1
063_recortado_denoised__seg40,063,063_recortado_denoised.wav,40,/home/ci2dt2-ai/Proyectos/Psiquiatria/Clasificación Final/Ansiedad/wav/1/063_recortado_denoised.wav,1
063_recortado_denoised__seg41,063,063_recortado_denoised.wav,41,/home/ci2dt2-ai/Proyectos/Psiquiatria/Clasificación Final/Ansiedad/wav/1/063_recortado_denoised.wav,1
063_recortado_denoised__seg42,063,063_recortado_denoised.wav,42,/home/ci2dt2-ai/Proyectos/Psiquiatria/Clasificación Final/Ansiedad/wav/1/063_recortado_denoised.wav,1
063_recortado_denoised__seg43,063,063_recortado_denoised.wav,43,/home/ci2dt2-ai/Proyectos/Psiquiatria/Clasificación Final/Ansiedad/wav/1/063_recortado_denoised.wav,1
063_recortado_denoised__seg44,063,063_recortado_denoised.wav,44,/home/ci2dt2-ai/Proyectos/Psiquiatria/Clasificación Final/Ansiedad/wav/1/063_recortado_denoised.wav,1
063_recortado_denoised__seg45,063,063_recortado_denoised.wav,45,/home/ci2dt2-ai/Proyectos/Psiquiatria/Clasificación Final/Ansiedad/wav/1/063_recortado_denoised.wav,1
063_recortado_denoised__seg46,063,063_recortado_denoised.wav,46,/home/ci2dt2-ai/Proyectos/Psiquiatria/Clasificación Final/Ansiedad/wav/1/063_recortado_denoised.wav,1
063_recortado_denoised__seg47,063,063_recortado_denoised.wav,47,/home/ci2dt2-ai/Proyectos/Psiquiatria/Clasificación Final/Ansiedad/wav/1/063_recortado_denoised.wav,1
063_recortado_denoised__seg48,063,063_recortado_denoised.wav,48,/home/ci2dt2-ai/Proyectos/Psiquiatria/Clasificación Final/Ansiedad/wav/1/063_recortado_denoised.wav,1
063_recortado_denoised__seg49,063,063_recortado_denoised.wav,49,/home/ci2dt2-ai/Proyectos/Psiquiatria/Clasificación Final/Ansiedad/wav/1/063_recortado_denoised.wav,1
063_recortado_denoised__seg50,063,063_recortado_denoised.wav,50,/home/ci2dt2-ai/Proyectos/Psiquiatria/Clasificación Final/Ansiedad/wav/1/063_recortado_denoised.wav,1
065_recortado_denoised__seg0,065,065_recortado_denoised.wav,0,/home/ci2dt2-ai/Proyectos/Psiquiatria/Clasificación Final/Ansiedad/wav/1/065_recortado_denoised.wav,1
065_recortado_denoised__seg1,065,065_recortado_denoised.wav,1,/home/ci2dt2-ai/Proyectos/Psiquiatria/Clasificación Final/Ansiedad/wav/1/065_recortado_denoised.wav,1
065_recortado_denoised__seg2,065,065_recortado_denoised.wav,2,/home/ci2dt2-ai/Proyectos/Psiquiatria/Clasificación Final/Ansiedad/wav/1/065_recortado_denoised.wav,1
065_recortado_denoised__seg3,065,065_recortado_denoised.wav,3,/home/ci2dt2-ai/Proyectos/Psiquiatria/Clasificación Final/Ansiedad/wav/1/065_recortado_denoised.wav,1
065_recortado_denoised__seg4,065,065_recortado_denoised.wav,4,/home/ci2dt2-ai/Proyectos/Psiquiatria/Clasificación Final/Ansiedad/wav/1/065_recortado_denoised.wav,1
065_recortado_denoised__seg5,065,065_recortado_denoised.wav,5,/home/ci2dt2-ai/Proyectos/Psiquiatria/Clasificación Final/Ansiedad/wav/1/065_recortado_denoised.wav,1
065_recortado_denoised__seg6,065,065_recortado_denoised.wav,6,/home/ci2dt2-ai/Proyectos/Psiquiatria/Clasificación Final/Ansiedad/wav/1/065_recortado_denoised.wav,1
065_recortado_denoised__seg7,065,065_recortado_denoised.wav,7,/home/ci2dt2-ai/Proyectos/Psiquiatria/Clasificación Final/Ansiedad/wav/1/065_recortado_denoised.wav,1
065_recortado_denoised__seg8,065,065_recortado_denoised.wav,8,/home/ci2dt2-ai/Proyectos/Psiquiatria/Clasificación Final/Ansiedad/wav/1/065_recortado_denoised.wav,1
065_recortado_denoised__seg9,065,065_recortado_denoised.wav,9,/home/ci2dt2-ai/Proyectos/Psiquiatria/Clasificación Final/Ansiedad/wav/1/065_recortado_denoised.wav,1
065_recortado_denoised__seg10,065,065_recortado_denoised.wav,10,/home/ci2dt2-ai/Proyectos/Psiquiatria/Clasificación Final/Ansiedad/wav/1/065_recortado_denoised.wav,1
065_recortado_denoised__seg11,065,065_recortado_denoised.wav,11,/home/ci2dt2-ai/Proyectos/Psiquiatria/Clasificación Final/Ansiedad/wav/1/065_recortado_denoised.wav,1
065_recortado_denoised__seg12,065,065_recortado_denoised.wav,12,/home/ci2dt2-ai/Proyectos/Psiquiatria/Clasificación Final/Ansiedad/wav/1/065_recortado_denoised.wav,1
065_recortado_denoised__seg13,065,065_recortado_denoised.wav,13,/home/ci2dt2-ai/Proyectos/Psiquiatria/Clasificación Final/Ansiedad/wav/1/065_recortado_denoised.wav,1
065_recortado_denoised__seg14,065,065_recortado_denoised.wav,14,/home/ci2dt2-ai/Proyectos/Psiquiatria/Clasificación Final/Ansiedad/wav/1/065_recortado_denoised.wav,1
065_recortado_denoised__seg15,065,065_recortado_denoised.wav,15,/home/ci2dt2-ai/Proyectos/Psiquiatria/Clasificación Final/Ansiedad/wav/1/065_recortado_denoised.wav,1
065_recortado_denoised__seg16,065,065_recortado_denoised.wav,16,/home/ci2dt2-ai/Proyectos/Psiquiatria/Clasificación Final/Ansiedad/wav/1/065_recortado_denoised.wav,1
065_recortado_denoised__seg17,065,065_recortado_denoised.wav,17,/home/ci2dt2-ai/Proyectos/Psiquiatria/Clasificación Final/Ansiedad/wav/1/065_recortado_denoised.wav,1
065_recortado_denoised__seg18,065,065_recortado_denoised.wav,18,/home/ci2dt2-ai/Proyectos/Psiquiatria/Clasificación Final/Ansiedad/wav/1/065_recortado_denoised.wav,1
065_recortado_denoised__seg19,065,065_recortado_denoised.wav,19,/home/ci2dt2-ai/Proyectos/Psiquiatria/Clasificación Final/Ansiedad/wav/1/065_recortado_denoised.wav,1
065_recortado_denoised__seg20,065,065_recortado_denoised.wav,20,/home/ci2dt2-ai/Proyectos/Psiquiatria/Clasificación Final/Ansiedad/wav/1/065_recortado_denoised.wav,1
065_recortado_denoised__seg21,065,065_recortado_denoised.wav,21,/home/ci2dt2-ai/Proyectos/Psiquiatria/Clasificación Final/Ansiedad/wav/1/065_recortado_denoised.wav,1
065_recortado_denoised__seg22,065,065_recortado_denoised.wav,22,/home/ci2dt2-ai/Proyectos/Psiquiatria/Clasificación Final/Ansiedad/wav/1/065_recortado_denoised.wav,1
065_recortado_denoised__seg23,065,065_recortado_denoised.wav,23,/home/ci2dt2-ai/Proyectos/Psiquiatria/Clasificación Final/Ansiedad/wav/1/065_recortado_denoised.wav,1
065_recortado_denoised__seg24,065,065_recortado_denoised.wav,24,/home/ci2dt2-ai/Proyectos/Psiquiatria/Clasificación Final/Ansiedad/wav/1/065_recortado_denoised.wav,1
065_recortado_denoised__seg25,065,065_recortado_denoised.wav,25,/home/ci2dt2-ai/Proyectos/Psiquiatria/Clasificación Final/Ansiedad/wav/1/065_recortado_denoised.wav,1
065_recortado_denoised__seg26,065,065_recortado_denoised.wav,26,/home/ci2dt2-ai/Proyectos/Psiquiatria/Clasificación Final/Ansiedad/wav/1/065_recortado_denoised.wav,1
065_recortado_denoised__seg27,065,065_recortado_denoised.wav,27,/home/ci2dt2-ai/Proyectos/Psiquiatria/Clasificación Final/Ansiedad/wav/1/065_recortado_denoised.wav,1
065_recortado_denoised__seg28,065,065_recortado_denoised.wav,28,/home/ci2dt2-ai/Proyectos/Psiquiatria/Clasificación Final/Ansiedad/wav/1/065_recortado_denoised.wav,1
065_recortado_denoised__seg29,065,065_recortado_denoised.wav,29,/home/ci2dt2-ai/Proyectos/Psiquiatria/Clasificación Final/Ansiedad/wav/1/065_recortado_denoised.wav,1
065_recortado_denoised__seg30,065,065_recortado_denoised.wav,30,/home/ci2dt2-ai/Proyectos/Psiquiatria/Clasificación Final/Ansiedad/wav/1/065_recortado_denoised.wav,1
065_recortado_denoised__seg31,065,065_recortado_denoised.wav,31,/home/ci2dt2-ai/Proyectos/Psiquiatria/Clasificación Final/Ansiedad/wav/1/065_recortado_denoised.wav,1
065_recortado_denoised__seg32,065,065_recortado_denoised.wav,32,/home/ci2dt2-ai/Proyectos/Psiquiatria/Clasificación Final/Ansiedad/wav/1/065_recortado_denoised.wav,1
065_recortado_denoised__seg33,065,065_recortado_denoised.wav,33,/home/ci2dt2-ai/Proyectos/Psiquiatria/Clasificación Final/Ansiedad/wav/1/065_recortado_denoised.wav,1
065_recortado_denoised__seg34,065,065_recortado_denoised.wav,34,/home/ci2dt2-ai/Proyectos/Psiquiatria/Clasificación Final/Ansiedad/wav/1/065_recortado_denoised.wav,1
065_recortado_denoised__seg35,065,065_recortado_denoised.wav,35,/home/ci2dt2-ai/Proyectos/Psiquiatria/Clasificación Final/Ansiedad/wav/1/065_recortado_denoised.wav,1
065_recortado_denoised__seg36,065,065_recortado_denoised.wav,36,/home/ci2dt2-ai/Proyectos/Psiquiatria/Clasificación Final/Ansiedad/wav/1/065_recortado_denoised.wav,1
065_recortado_denoised__seg37,065,065_recortado_denoised.wav,37,/home/ci2dt2-ai/Proyectos/Psiquiatria/Clasificación Final/Ansiedad/wav/1/065_recortado_denoised.wav,1
065_recortado_denoised__seg38,065,065_recortado_denoised.wav,38,/home/ci2dt2-ai/Proyectos/Psiquiatria/Clasificación Final/Ansiedad/wav/1/065_recortado_denoised.wav,1
065_recortado_denoised__seg39,065,065_recortado_denoised.wav,39,/home/ci2dt2-ai/Proyectos/Psiquiatria/Clasificación Final/Ansiedad/wav/1/065_recortado_denoised.wav,1
065_recortado_denoised__seg40,065,065_recortado_denoised.wav,40,/home/ci2dt2-ai/Proyectos/Psiquiatria/Clasificación Final/Ansiedad/wav/1/065_recortado_denoised.wav,1
065_recortado_denoised__seg41,065,065_recortado_denoised.wav,41,/home/ci2dt2-ai/Proyectos/Psiquiatria/Clasificación Final/Ansiedad/wav/1/065_recortado_denoised.wav,1
065_recortado_denoised__seg42,065,065_recortado_denoised.wav,42,/home/ci2dt2-ai/Proyectos/Psiquiatria/Clasificación Final/Ansiedad/wav/1/065_recortado_denoised.wav,1
065_recortado_denoised__seg43,065,065_recortado_denoised.wav,43,/home/ci2dt2-ai/Proyectos/Psiquiatria/Clasificación Final/Ansiedad/wav/1/065_recortado_denoised.wav,1
065_recortado_denoised__seg44,065,065_recortado_denoised.wav,44,/home/ci2dt2-ai/Proyectos/Psiquiatria/Clasificación Final/Ansiedad/wav/1/065_recortado_denoised.wav,1
065_recortado_denoised__seg45,065,065_recortado_denoised.wav,45,/home/ci2dt2-ai/Proyectos/Psiquiatria/Clasificación Final/Ansiedad/wav/1/065_recortado_denoised.wav,1
065_recortado_denoised__seg46,065,065_recortado_denoised.wav,46,/home/ci2dt2-ai/Proyectos/Psiquiatria/Clasificación Final/Ansiedad/wav/1/065_recortado_denoised.wav,1
065_recortado_denoised__seg47,065,065_recortado_denoised.wav,47,/home/ci2dt2-ai/Proyectos/Psiquiatria/Clasificación Final/Ansiedad/wav/1/065_recortado_denoised.wav,1
065_recortado_denoised__seg48,065,065_recortado_denoised.wav,48,/home/ci2dt2-ai/Proyectos/Psiquiatria/Clasificación Final/Ansiedad/wav/1/065_recortado_denoised.wav,1
065_recortado_denoised__seg49,065,065_recortado_denoised.wav,49,/home/ci2dt2-ai/Proyectos/Psiquiatria/Clasificación Final/Ansiedad/wav/1/065_recortado_denoised.wav,1
065_recortado_denoised__seg50,065,065_recortado_denoised.wav,50,/home/ci2dt2-ai/Proyectos/Psiquiatria/Clasificación Final/Ansiedad/wav/1/065_recortado_denoised.wav,1
065_recortado_denoised__seg51,065,065_recortado_denoised.wav,51,/home/ci2dt2-ai/Proyectos/Psiquiatria/Clasificación Final/Ansiedad/wav/1/065_recortado_denoised.wav,1
065_recortado_denoised__seg52,065,065_recortado_denoised.wav,52,/home/ci2dt2-ai/Proyectos/Psiquiatria/Clasificación Final/Ansiedad/wav/1/065_recortado_denoised.wav,1
065_recortado_denoised__seg53,065,065_recortado_denoised.wav,53,/home/ci2dt2-ai/Proyectos/Psiquiatria/Clasificación Final/Ansiedad/wav/1/065_recortado_denoised.wav,1
065_recortado_denoised__seg54,065,065_recortado_denoised.wav,54,/home/ci2dt2-ai/Proyectos/Psiquiatria/Clasificación Final/Ansiedad/wav/1/065_recortado_denoised.wav,1
065_recortado_denoised__seg55,065,065_recortado_denoised.wav,55,/home/ci2dt2-ai/Proyectos/Psiquiatria/Clasificación Final/Ansiedad/wav/1/065_recortado_denoised.wav,1
065_recortado_denoised__seg56,065,065_recortado_denoised.wav,56,/home/ci2dt2-ai/Proyectos/Psiquiatria/Clasificación Final/Ansiedad/wav/1/065_recortado_denoised.wav,1
065_recortado_denoised__seg57,065,065_recortado_denoised.wav,57,/home/ci2dt2-ai/Proyectos/Psiquiatria/Clasificación Final/Ansiedad/wav/1/065_recortado_denoised.wav,1
065_recortado_denoised__seg58,065,065_recortado_denoised.wav,58,/home/ci2dt2-ai/Proyectos/Psiquiatria/Clasificación Final/Ansiedad/wav/1/065_recortado_denoised.wav,1
065_recortado_denoised__seg59,065,065_recortado_denoised.wav,59,/home/ci2dt2-ai/Proyectos/Psiquiatria/Clasificación Final/Ansiedad/wav/1/065_recortado_denoised.wav,1
065_recortado_denoised__seg60,065,065_recortado_denoised.wav,60,/home/ci2dt2-ai/Proyectos/Psiquiatria/Clasificación Final/Ansiedad/wav/1/065_recortado_denoised.wav,1
065_recortado_denoised__seg61,065,065_recortado_denoised.wav,61,/home/ci2dt2-ai/Proyectos/Psiquiatria/Clasificación Final/Ansiedad/wav/1/065_recortado_denoised.wav,1
065_recortado_denoised__seg62,065,065_recortado_denoised.wav,62,/home/ci2dt2-ai/Proyectos/Psiquiatria/Clasificación Final/Ansiedad/wav/1/065_recortado_denoised.wav,1
065_recortado_denoised__seg63,065,065_recortado_denoised.wav,63,/home/ci2dt2-ai/Proyectos/Psiquiatria/Clasificación Final/Ansiedad/wav/1/065_recortado_denoised.wav,1
065_recortado_denoised__seg64,065,065_recortado_denoised.wav,64,/home/ci2dt2-ai/Proyectos/Psiquiatria/Clasificación Final/Ansiedad/wav/1/065_recortado_denoised.wav,1
065_recortado_denoised__seg65,065,065_recortado_denoised.wav,65,/home/ci2dt2-ai/Proyectos/Psiquiatria/Clasificación Final/Ansiedad/wav/1/065_recortado_denoised.wav,1
065_recortado_denoised__seg66,065,065_recortado_denoised.wav,66,/home/ci2dt2-ai/Proyectos/Psiquiatria/Clasificación Final/Ansiedad/wav/1/065_recortado_denoised.wav,1
065_recortado_denoised__seg67,065,065_recortado_denoised.wav,67,/home/ci2dt2-ai/Proyectos/Psiquiatria/Clasificación Final/Ansiedad/wav/1/065_recortado_denoised.wav,1
065_recortado_denoised__seg68,065,065_recortado_denoised.wav,68,/home/ci2dt2-ai/Proyectos/Psiquiatria/Clasificación Final/Ansiedad/wav/1/065_recortado_denoised.wav,1
065_recortado_denoised__seg69,065,065_recortado_denoised.wav,69,/home/ci2dt2-ai/Proyectos/Psiquiatria/Clasificación Final/Ansiedad/wav/1/065_recortado_denoised.wav,1
065_recortado_denoised__seg70,065,065_recortado_denoised.wav,70,/home/ci2dt2-ai/Proyectos/Psiquiatria/Clasificación Final/Ansiedad/wav/1/065_recortado_denoised.wav,1
065_recortado_denoised__seg71,065,065_recortado_denoised.wav,71,/home/ci2dt2-ai/Proyectos/Psiquiatria/Clasificación Final/Ansiedad/wav/1/065_recortado_denoised.wav,1
065_recortado_denoised__seg72,065,065_recortado_denoised.wav,72,/home/ci2dt2-ai/Proyectos/Psiquiatria/Clasificación Final/Ansiedad/wav/1/065_recortado_denoised.wav,1
065_recortado_denoised__seg73,065,065_recortado_denoised.wav,73,/home/ci2dt2-ai/Proyectos/Psiquiatria/Clasificación Final/Ansiedad/wav/1/065_recortado_denoised.wav,1
065_recortado_denoised__seg74,065,065_recortado_denoised.wav,74,/home/ci2dt2-ai/Proyectos/Psiquiatria/Clasificación Final/Ansiedad/wav/1/065_recortado_denoised.wav,1
065_recortado_denoised__seg75,065,065_recortado_denoised.wav,75,/home/ci2dt2-ai/Proyectos/Psiquiatria/Clasificación Final/Ansiedad/wav/1/065_recortado_denoised.wav,1
065_recortado_denoised__seg76,065,065_recortado_denoised.wav,76,/home/ci2dt2-ai/Proyectos/Psiquiatria/Clasificación Final/Ansiedad/wav/1/065_recortado_denoised.wav,1
065_recortado_denoised__seg77,065,065_recortado_denoised.wav,77,/home/ci2dt2-ai/Proyectos/Psiquiatria/Clasificación Final/Ansiedad/wav/1/065_recortado_denoised.wav,1
065_recortado_denoised__seg78,065,065_recortado_denoised.wav,78,/home/ci2dt2-ai/Proyectos/Psiquiatria/Clasificación Final/Ansiedad/wav/1/065_recortado_denoised.wav,1
065_recortado_denoised__seg79,065,065_recortado_denoised.wav,79,/home/ci2dt2-ai/Proyectos/Psiquiatria/Clasificación Final/Ansiedad/wav/1/065_recortado_denoised.wav,1
065_recortado_denoised__seg80,065,065_recortado_denoised.wav,80,/home/ci2dt2-ai/Proyectos/Psiquiatria/Clasificación Final/Ansiedad/wav/1/065_recortado_denoised.wav,1
065_recortado_denoised__seg81,065,065_recortado_denoised.wav,81,/home/ci2dt2-ai/Proyectos/Psiquiatria/Clasificación Final/Ansiedad/wav/1/065_recortado_denoised.wav,1
065_recortado_denoised__seg82,065,065_recortado_denoised.wav,82,/home/ci2dt2-ai/Proyectos/Psiquiatria/Clasificación Final/Ansiedad/wav/1/065_recortado_denoised.wav,1
065_recortado_denoised__seg83,065,065_recortado_denoised.wav,83,/home/ci2dt2-ai/Proyectos/Psiquiatria/Clasificación Final/Ansiedad/wav/1/065_recortado_denoised.wav,1
065_recortado_denoised__seg84,065,065_recortado_denoised.wav,84,/home/ci2dt2-ai/Proyectos/Psiquiatria/Clasificación Final/Ansiedad/wav/1/065_recortado_denoised.wav,1
065_recortado_denoised__seg85,065,065_recortado_denoised.wav,85,/home/ci2dt2-ai/Proyectos/Psiquiatria/Clasificación Final/Ansiedad/wav/1/065_recortado_denoised.wav,1
065_recortado_denoised__seg86,065,065_recortado_denoised.wav,86,/home/ci2dt2-ai/Proyectos/Psiquiatria/Clasificación Final/Ansiedad/wav/1/065_recortado_denoised.wav,1
065_recortado_denoised__seg87,065,065_recortado_denoised.wav,87,/home/ci2dt2-ai/Proyectos/Psiquiatria/Clasificación Final/Ansiedad/wav/1/065_recortado_denoised.wav,1
065_recortado_denoised__seg88,065,065_recortado_denoised.wav,88,/home/ci2dt2-ai/Proyectos/Psiquiatria/Clasificación Final/Ansiedad/wav/1/065_recortado_denoised.wav,1
065_recortado_denoised__seg89,065,065_recortado_denoised.wav,89,/home/ci2dt2-ai/Proyectos/Psiquiatria/Clasificación Final/Ansiedad/wav/1/065_recortado_denoised.wav,1
065_recortado_denoised__seg90,065,065_recortado_denoised.wav,90,/home/ci2dt2-ai/Proyectos/Psiquiatria/Clasificación Final/Ansiedad/wav/1/065_recortado_denoised.wav,1
065_recortado_denoised__seg91,065,065_recortado_denoised.wav,91,/home/ci2dt2-ai/Proyectos/Psiquiatria/Clasificación Final/Ansiedad/wav/1/065_recortado_denoised.wav,1
065_recortado_denoised__seg92,065,065_recortado_denoised.wav,92,/home/ci2dt2-ai/Proyectos/Psiquiatria/Clasificación Final/Ansiedad/wav/1/065_recortado_denoised.wav,1
065_recortado_denoised__seg93,065,065_recortado_denoised.wav,93,/home/ci2dt2-ai/Proyectos/Psiquiatria/Clasificación Final/Ansiedad/wav/1/065_recortado_denoised.wav,1
065_recortado_denoised__seg94,065,065_recortado_denoised.wav,94,/home/ci2dt2-ai/Proyectos/Psiquiatria/Clasificación Final/Ansiedad/wav/1/065_recortado_denoised.wav,1
065_recortado_denoised__seg95,065,065_recortado_denoised.wav,95,/home/ci2dt2-ai/Proyectos/Psiquiatria/Clasificación Final/Ansiedad/wav/1/065_recortado_denoised.wav,1
065_recortado_denoised__seg96,065,065_recortado_denoised.wav,96,/home/ci2dt2-ai/Proyectos/Psiquiatria/Clasificación Final/Ansiedad/wav/1/065_recortado_denoised.wav,1
065_recortado_denoised__seg97,065,065_recortado_denoised.wav,97,/home/ci2dt2-ai/Proyectos/Psiquiatria/Clasificación Final/Ansiedad/wav/1/065_recortado_denoised.wav,1
065_recortado_denoised__seg98,065,065_recortado_denoised.wav,98,/home/ci2dt2-ai/Proyectos/Psiquiatria/Clasificación Final/Ansiedad/wav/1/065_recortado_denoised.wav,1
065_recortado_denoised__seg99,065,065_recortado_denoised.wav,99,/home/ci2dt2-ai/Proyectos/Psiquiatria/Clasificación Final/Ansiedad/wav/1/065_recortado_denoised.wav,1
065_recortado_denoised__seg100,065,065_recortado_denoised.wav,100,/home/ci2dt2-ai/Proyectos/Psiquiatria/Clasificación Final/Ansiedad/wav/1/065_recortado_denoised.wav,1
065_recortado_denoised__seg101,065,065_recortado_denoised.wav,101,/home/ci2dt2-ai/Proyectos/Psiquiatria/Clasificación Final/Ansiedad/wav/1/065_recortado_denoised.wav,1
065_recortado_denoised__seg102,065,065_recortado_denoised.wav,102,/home/ci2dt2-ai/Proyectos/Psiquiatria/Clasificación Final/Ansiedad/wav/1/065_recortado_denoised.wav,1
065_recortado_denoised__seg103,065,065_recortado_denoised.wav,103,/home/ci2dt2-ai/Proyectos/Psiquiatria/Clasificación Final/Ansiedad/wav/1/065_recortado_denoised.wav,1
065_recortado_denoised__seg104,065,065_recortado_denoised.wav,104,/home/ci2dt2-ai/Proyectos/Psiquiatria/Clasificación Final/Ansiedad/wav/1/065_recortado_denoised.wav,1
065_recortado_denoised__seg105,065,065_recortado_denoised.wav,105,/home/ci2dt2-ai/Proyectos/Psiquiatria/Clasificación Final/Ansiedad/wav/1/065_recortado_denoised.wav,1
065_recortado_denoised__seg106,065,065_recortado_denoised.wav,106,/home/ci2dt2-ai/Proyectos/Psiquiatria/Clasificación Final/Ansiedad/wav/1/065_recortado_denoised.wav,1
065_recortado_denoised__seg107,065,065_recortado_denoised.wav,107,/home/ci2dt2-ai/Proyectos/Psiquiatria/Clasificación Final/Ansiedad/wav/1/065_recortado_denoised.wav,1
065_recortado_denoised__seg108,065,065_recortado_denoised.wav,108,/home/ci2dt2-ai/Proyectos/Psiquiatria/Clasificación Final/Ansiedad/wav/1/065_recortado_denoised.wav,1
065_recortado_denoised__seg109,065,065_recortado_denoised.wav,109,/home/ci2dt2-ai/Proyectos/Psiquiatria/Clasificación Final/Ansiedad/wav/1/065_recortado_denoised.wav,1
065_recortado_denoised__seg110,065,065_recortado_denoised.wav,110,/home/ci2dt2-ai/Proyectos/Psiquiatria/Clasificación Final/Ansiedad/wav/1/065_recortado_denoised.wav,1
065_recortado_denoised__seg111,065,065_recortado_denoised.wav,111,/home/ci2dt2-ai/Proyectos/Psiquiatria/Clasificación Final/Ansiedad/wav/1/065_recortado_denoised.wav,1
065_recortado_denoised__seg112,065,065_recortado_denoised.wav,112,/home/ci2dt2-ai/Proyectos/Psiquiatria/Clasificación Final/Ansiedad/wav/1/065_recortado_denoised.wav,1
065_recortado_denoised__seg113,065,065_recortado_denoised.wav,113,/home/ci2dt2-ai/Proyectos/Psiquiatria/Clasificación Final/Ansiedad/wav/1/065_recortado_denoised.wav,1
067_recortado_denoised__seg0,067,067_recortado_denoised.wav,0,/home/ci2dt2-ai/Proyectos/Psiquiatria/Clasificación Final/Ansiedad/wav/1/067_recortado_denoised.wav,1
067_recortado_denoised__seg1,067,067_recortado_denoised.wav,1,/home/ci2dt2-ai/Proyectos/Psiquiatria/Clasificación Final/Ansiedad/wav/1/067_recortado_denoised.wav,1
067_recortado_denoised__seg2,067,067_recortado_denoised.wav,2,/home/ci2dt2-ai/Proyectos/Psiquiatria/Clasificación Final/Ansiedad/wav/1/067_recortado_denoised.wav,1
067_recortado_denoised__seg3,067,067_recortado_denoised.wav,3,/home/ci2dt2-ai/Proyectos/Psiquiatria/Clasificación Final/Ansiedad/wav/1/067_recortado_denoised.wav,1
067_recortado_denoised__seg4,067,067_recortado_denoised.wav,4,/home/ci2dt2-ai/Proyectos/Psiquiatria/Clasificación Final/Ansiedad/wav/1/067_recortado_denoised.wav,1
067_recortado_denoised__seg5,067,067_recortado_denoised.wav,5,/home/ci2dt2-ai/Proyectos/Psiquiatria/Clasificación Final/Ansiedad/wav/1/067_recortado_denoised.wav,1
067_recortado_denoised__seg6,067,067_recortado_denoised.wav,6,/home/ci2dt2-ai/Proyectos/Psiquiatria/Clasificación Final/Ansiedad/wav/1/067_recortado_denoised.wav,1
067_recortado_denoised__seg7,067,067_recortado_denoised.wav,7,/home/ci2dt2-ai/Proyectos/Psiquiatria/Clasificación Final/Ansiedad/wav/1/067_recortado_denoised.wav,1
067_recortado_denoised__seg8,067,067_recortado_denoised.wav,8,/home/ci2dt2-ai/Proyectos/Psiquiatria/Clasificación Final/Ansiedad/wav/1/067_recortado_denoised.wav,1
067_recortado_denoised__seg9,067,067_recortado_denoised.wav,9,/home/ci2dt2-ai/Proyectos/Psiquiatria/Clasificación Final/Ansiedad/wav/1/067_recortado_denoised.wav,1
067_recortado_denoised__seg10,067,067_recortado_denoised.wav,10,/home/ci2dt2-ai/Proyectos/Psiquiatria/Clasificación Final/Ansiedad/wav/1/067_recortado_denoised.wav,1
067_recortado_denoised__seg11,067,067_recortado_denoised.wav,11,/home/ci2dt2-ai/Proyectos/Psiquiatria/Clasificación Final/Ansiedad/wav/1/067_recortado_denoised.wav,1
067_recortado_denoised__seg12,067,067_recortado_denoised.wav,12,/home/ci2dt2-ai/Proyectos/Psiquiatria/Clasificación Final/Ansiedad/wav/1/067_recortado_denoised.wav,1
067_recortado_denoised__seg13,067,067_recortado_denoised.wav,13,/home/ci2dt2-ai/Proyectos/Psiquiatria/Clasificación Final/Ansiedad/wav/1/067_recortado_denoised.wav,1
067_recortado_denoised__seg14,067,067_recortado_denoised.wav,14,/home/ci2dt2-ai/Proyectos/Psiquiatria/Clasificación Final/Ansiedad/wav/1/067_recortado_denoised.wav,1
067_recortado_denoised__seg15,067,067_recortado_denoised.wav,15,/home/ci2dt2-ai/Proyectos/Psiquiatria/Clasificación Final/Ansiedad/wav/1/067_recortado_denoised.wav,1
067_recortado_denoised__seg16,067,067_recortado_denoised.wav,16,/home/ci2dt2-ai/Proyectos/Psiquiatria/Clasificación Final/Ansiedad/wav/1/067_recortado_denoised.wav,1
067_recortado_denoised__seg17,067,067_recortado_denoised.wav,17,/home/ci2dt2-ai/Proyectos/Psiquiatria/Clasificación Final/Ansiedad/wav/1/067_recortado_denoised.wav,1
067_recortado_denoised__seg18,067,067_recortado_denoised.wav,18,/home/ci2dt2-ai/Proyectos/Psiquiatria/Clasificación Final/Ansiedad/wav/1/067_recortado_denoised.wav,1
067_recortado_denoised__seg19,067,067_recortado_denoised.wav,19,/home/ci2dt2-ai/Proyectos/Psiquiatria/Clasificación Final/Ansiedad/wav/1/067_recortado_denoised.wav,1
067_recortado_denoised__seg20,067,067_recortado_denoised.wav,20,/home/ci2dt2-ai/Proyectos/Psiquiatria/Clasificación Final/Ansiedad/wav/1/067_recortado_denoised.wav,1
067_recortado_denoised__seg21,067,067_recortado_denoised.wav,21,/home/ci2dt2-ai/Proyectos/Psiquiatria/Clasificación Final/Ansiedad/wav/1/067_recortado_denoised.wav,1
067_recortado_denoised__seg22,067,067_recortado_denoised.wav,22,/home/ci2dt2-ai/Proyectos/Psiquiatria/Clasificación Final/Ansiedad/wav/1/067_recortado_denoised.wav,1
067_recortado_denoised__seg23,067,067_recortado_denoised.wav,23,/home/ci2dt2-ai/Proyectos/Psiquiatria/Clasificación Final/Ansiedad/wav/1/067_recortado_denoised.wav,1
067_recortado_denoised__seg24,067,067_recortado_denoised.wav,24,/home/ci2dt2-ai/Proyectos/Psiquiatria/Clasificación Final/Ansiedad/wav/1/067_recortado_denoised.wav,1
067_recortado_denoised__seg25,067,067_recortado_denoised.wav,25,/home/ci2dt2-ai/Proyectos/Psiquiatria/Clasificación Final/Ansiedad/wav/1/067_recortado_denoised.wav,1
067_recortado_denoised__seg26,067,067_recortado_denoised.wav,26,/home/ci2dt2-ai/Proyectos/Psiquiatria/Clasificación Final/Ansiedad/wav/1/067_recortado_denoised.wav,1
067_recortado_denoised__seg27,067,067_recortado_denoised.wav,27,/home/ci2dt2-ai/Proyectos/Psiquiatria/Clasificación Final/Ansiedad/wav/1/067_recortado_denoised.wav,1
067_recortado_denoised__seg28,067,067_recortado_denoised.wav,28,/home/ci2dt2-ai/Proyectos/Psiquiatria/Clasificación Final/Ansiedad/wav/1/067_recortado_denoised.wav,1
067_recortado_denoised__seg29,067,067_recortado_denoised.wav,29,/home/ci2dt2-ai/Proyectos/Psiquiatria/Clasificación Final/Ansiedad/wav/1/067_recortado_denoised.wav,1
067_recortado_denoised__seg30,067,067_recortado_denoised.wav,30,/home/ci2dt2-ai/Proyectos/Psiquiatria/Clasificación Final/Ansiedad/wav/1/067_recortado_denoised.wav,1
067_recortado_denoised__seg31,067,067_recortado_denoised.wav,31,/home/ci2dt2-ai/Proyectos/Psiquiatria/Clasificación Final/Ansiedad/wav/1/067_recortado_denoised.wav,1
067_recortado_denoised__seg32,067,067_recortado_denoised.wav,32,/home/ci2dt2-ai/Proyectos/Psiquiatria/Clasificación Final/Ansiedad/wav/1/067_recortado_denoised.wav,1
067_recortado_denoised__seg33,067,067_recortado_denoised.wav,33,/home/ci2dt2-ai/Proyectos/Psiquiatria/Clasificación Final/Ansiedad/wav/1/067_recortado_denoised.wav,1
067_recortado_denoised__seg34,067,067_recortado_denoised.wav,34,/home/ci2dt2-ai/Proyectos/Psiquiatria/Clasificación Final/Ansiedad/wav/1/067_recortado_denoised.wav,1
067_recortado_denoised__seg35,067,067_recortado_denoised.wav,35,/home/ci2dt2-ai/Proyectos/Psiquiatria/Clasificación Final/Ansiedad/wav/1/067_recortado_denoised.wav,1
067_recortado_denoised__seg36,067,067_recortado_denoised.wav,36,/home/ci2dt2-ai/Proyectos/Psiquiatria/Clasificación Final/Ansiedad/wav/1/067_recortado_denoised.wav,1
067_recortado_denoised__seg37,067,067_recortado_denoised.wav,37,/home/ci2dt2-ai/Proyectos/Psiquiatria/Clasificación Final/Ansiedad/wav/1/067_recortado_denoised.wav,1
067_recortado_denoised__seg38,067,067_recortado_denoised.wav,38,/home/ci2dt2-ai/Proyectos/Psiquiatria/Clasificación Final/Ansiedad/wav/1/067_recortado_denoised.wav,1
067_recortado_denoised__seg39,067,067_recortado_denoised.wav,39,/home/ci2dt2-ai/Proyectos/Psiquiatria/Clasificación Final/Ansiedad/wav/1/067_recortado_denoised.wav,1
067_recortado_denoised__seg40,067,067_recortado_denoised.wav,40,/home/ci2dt2-ai/Proyectos/Psiquiatria/Clasificación Final/Ansiedad/wav/1/067_recortado_denoised.wav,1
067_recortado_denoised__seg41,067,067_recortado_denoised.wav,41,/home/ci2dt2-ai/Proyectos/Psiquiatria/Clasificación Final/Ansiedad/wav/1/067_recortado_denoised.wav,1
067_recortado_denoised__seg42,067,067_recortado_denoised.wav,42,/home/ci2dt2-ai/Proyectos/Psiquiatria/Clasificación Final/Ansiedad/wav/1/067_recortado_denoised.wav,1
067_recortado_denoised__seg43,067,067_recortado_denoised.wav,43,/home/ci2dt2-ai/Proyectos/Psiquiatria/Clasificación Final/Ansiedad/wav/1/067_recortado_denoised.wav,1
067_recortado_denoised__seg44,067,067_recortado_denoised.wav,44,/home/ci2dt2-ai/Proyectos/Psiquiatria/Clasificación Final/Ansiedad/wav/1/067_recortado_denoised.wav,1
067_recortado_denoised__seg45,067,067_recortado_denoised.wav,45,/home/ci2dt2-ai/Proyectos/Psiquiatria/Clasificación Final/Ansiedad/wav/1/067_recortado_denoised.wav,1
067_recortado_denoised__seg46,067,067_recortado_denoised.wav,46,/home/ci2dt2-ai/Proyectos/Psiquiatria/Clasificación Final/Ansiedad/wav/1/067_recortado_denoised.wav,1
067_recortado_denoised__seg47,067,067_recortado_denoised.wav,47,/home/ci2dt2-ai/Proyectos/Psiquiatria/Clasificación Final/Ansiedad/wav/1/067_recortado_denoised.wav,1
067_recortado_denoised__seg48,067,067_recortado_denoised.wav,48,/home/ci2dt2-ai/Proyectos/Psiquiatria/Clasificación Final/Ansiedad/wav/1/067_recortado_denoised.wav,1
067_recortado_denoised__seg49,067,067_recortado_denoised.wav,49,/home/ci2dt2-ai/Proyectos/Psiquiatria/Clasificación Final/Ansiedad/wav/1/067_recortado_denoised.wav,1
067_recortado_denoised__seg50,067,067_recortado_denoised.wav,50,/home/ci2dt2-ai/Proyectos/Psiquiatria/Clasificación Final/Ansiedad/wav/1/067_recortado_denoised.wav,1
067_recortado_denoised__seg51,067,067_recortado_denoised.wav,51,/home/ci2dt2-ai/Proyectos/Psiquiatria/Clasificación Final/Ansiedad/wav/1/067_recortado_denoised.wav,1
067_recortado_denoised__seg52,067,067_recortado_denoised.wav,52,/home/ci2dt2-ai/Proyectos/Psiquiatria/Clasificación Final/Ansiedad/wav/1/067_recortado_denoised.wav,1
067_recortado_denoised__seg53,067,067_recortado_denoised.wav,53,/home/ci2dt2-ai/Proyectos/Psiquiatria/Clasificación Final/Ansiedad/wav/1/067_recortado_denoised.wav,1
067_recortado_denoised__seg54,067,067_recortado_denoised.wav,54,/home/ci2dt2-ai/Proyectos/Psiquiatria/Clasificación Final/Ansiedad/wav/1/067_recortado_denoised.wav,1
067_recortado_denoised__seg55,067,067_recortado_denoised.wav,55,/home/ci2dt2-ai/Proyectos/Psiquiatria/Clasificación Final/Ansiedad/wav/1/067_recortado_denoised.wav,1
067_recortado_denoised__seg56,067,067_recortado_denoised.wav,56,/home/ci2dt2-ai/Proyectos/Psiquiatria/Clasificación Final/Ansiedad/wav/1/067_recortado_denoised.wav,1
067_recortado_denoised__seg57,067,067_recortado_denoised.wav,57,/home/ci2dt2-ai/Proyectos/Psiquiatria/Clasificación Final/Ansiedad/wav/1/067_recortado_denoised.wav,1
067_recortado_denoised__seg58,067,067_recortado_denoised.wav,58,/home/ci2dt2-ai/Proyectos/Psiquiatria/Clasificación Final/Ansiedad/wav/1/067_recortado_denoised.wav,1
067_recortado_denoised__seg59,067,067_recortado_denoised.wav,59,/home/ci2dt2-ai/Proyectos/Psiquiatria/Clasificación Final/Ansiedad/wav/1/067_recortado_denoised.wav,1
067_recortado_denoised__seg60,067,067_recortado_denoised.wav,60,/home/ci2dt2-ai/Proyectos/Psiquiatria/Clasificación Final/Ansiedad/wav/1/067_recortado_denoised.wav,1
067_recortado_denoised__seg61,067,067_recortado_denoised.wav,61,/home/ci2dt2-ai/Proyectos/Psiquiatria/Clasificación Final/Ansiedad/wav/1/067_recortado_denoised.wav,1
067_recortado_denoised__seg62,067,067_recortado_denoised.wav,62,/home/ci2dt2-ai/Proyectos/Psiquiatria/Clasificación Final/Ansiedad/wav/1/067_recortado_denoised.wav,1
067_recortado_denoised__seg63,067,067_recortado_denoised.wav,63,/home/ci2dt2-ai/Proyectos/Psiquiatria/Clasificación Final/Ansiedad/wav/1/067_recortado_denoised.wav,1
067_recortado_denoised__seg64,067,067_recortado_denoised.wav,64,/home/ci2dt2-ai/Proyectos/Psiquiatria/Clasificación Final/Ansiedad/wav/1/067_recortado_denoised.wav,1
067_recortado_denoised__seg65,067,067_recortado_denoised.wav,65,/home/ci2dt2-ai/Proyectos/Psiquiatria/Clasificación Final/Ansiedad/wav/1/067_recortado_denoised.wav,1
067_recortado_denoised__seg66,067,067_recortado_denoised.wav,66,/home/ci2dt2-ai/Proyectos/Psiquiatria/Clasificación Final/Ansiedad/wav/1/067_recortado_denoised.wav,1
067_recortado_denoised__seg67,067,067_recortado_denoised.wav,67,/home/ci2dt2-ai/Proyectos/Psiquiatria/Clasificación Final/Ansiedad/wav/1/067_recortado_denoised.wav,1
067_recortado_denoised__seg68,067,067_recortado_denoised.wav,68,/home/ci2dt2-ai/Proyectos/Psiquiatria/Clasificación Final/Ansiedad/wav/1/067_recortado_denoised.wav,1
067_recortado_denoised__seg69,067,067_recortado_denoised.wav,69,/home/ci2dt2-ai/Proyectos/Psiquiatria/Clasificación Final/Ansiedad/wav/1/067_recortado_denoised.wav,1
067_recortado_denoised__seg70,067,067_recortado_denoised.wav,70,/home/ci2dt2-ai/Proyectos/Psiquiatria/Clasificación Final/Ansiedad/wav/1/067_recortado_denoised.wav,1
067_recortado_denoised__seg71,067,067_recortado_denoised.wav,71,/home/ci2dt2-ai/Proyectos/Psiquiatria/Clasificación Final/Ansiedad/wav/1/067_recortado_denoised.wav,1
067_recortado_denoised__seg72,067,067_recortado_denoised.wav,72,/home/ci2dt2-ai/Proyectos/Psiquiatria/Clasificación Final/Ansiedad/wav/1/067_recortado_denoised.wav,1
067_recortado_denoised__seg73,067,067_recortado_denoised.wav,73,/home/ci2dt2-ai/Proyectos/Psiquiatria/Clasificación Final/Ansiedad/wav/1/067_recortado_denoised.wav,1
067_recortado_denoised__seg74,067,067_recortado_denoised.wav,74,/home/ci2dt2-ai/Proyectos/Psiquiatria/Clasificación Final/Ansiedad/wav/1/067_recortado_denoised.wav,1
067_recortado_denoised__seg75,067,067_recortado_denoised.wav,75,/home/ci2dt2-ai/Proyectos/Psiquiatria/Clasificación Final/Ansiedad/wav/1/067_recortado_denoised.wav,1
067_recortado_denoised__seg76,067,067_recortado_denoised.wav,76,/home/ci2dt2-ai/Proyectos/Psiquiatria/Clasificación Final/Ansiedad/wav/1/067_recortado_denoised.wav,1
067_recortado_denoised__seg77,067,067_recortado_denoised.wav,77,/home/ci2dt2-ai/Proyectos/Psiquiatria/Clasificación Final/Ansiedad/wav/1/067_recortado_denoised.wav,1
067_recortado_denoised__seg78,067,067_recortado_denoised.wav,78,/home/ci2dt2-ai/Proyectos/Psiquiatria/Clasificación Final/Ansiedad/wav/1/067_recortado_denoised.wav,1
067_recortado_denoised__seg79,067,067_recortado_denoised.wav,79,/home/ci2dt2-ai/Proyectos/Psiquiatria/Clasificación Final/Ansiedad/wav/1/067_recortado_denoised.wav,1
067_recortado_denoised__seg80,067,067_recortado_denoised.wav,80,/home/ci2dt2-ai/Proyectos/Psiquiatria/Clasificación Final/Ansiedad/wav/1/067_recortado_denoised.wav,1
067_recortado_denoised__seg81,067,067_recortado_denoised.wav,81,/home/ci2dt2-ai/Proyectos/Psiquiatria/Clasificación Final/Ansiedad/wav/1/067_recortado_denoised.wav,1
067_recortado_denoised__seg82,067,067_recortado_denoised.wav,82,/home/ci2dt2-ai/Proyectos/Psiquiatria/Clasificación Final/Ansiedad/wav/1/067_recortado_denoised.wav,1
067_recortado_denoised__seg83,067,067_recortado_denoised.wav,83,/home/ci2dt2-ai/Proyectos/Psiquiatria/Clasificación Final/Ansiedad/wav/1/067_recortado_denoised.wav,1
067_recortado_denoised__seg84,067,067_recortado_denoised.wav,84,/home/ci2dt2-ai/Proyectos/Psiquiatria/Clasificación Final/Ansiedad/wav/1/067_recortado_denoised.wav,1
067_recortado_denoised__seg85,067,067_recortado_denoised.wav,85,/home/ci2dt2-ai/Proyectos/Psiquiatria/Clasificación Final/Ansiedad/wav/1/067_recortado_denoised.wav,1
067_recortado_denoised__seg86,067,067_recortado_denoised.wav,86,/home/ci2dt2-ai/Proyectos/Psiquiatria/Clasificación Final/Ansiedad/wav/1/067_recortado_denoised.wav,1
067_recortado_denoised__seg87,067,067_recortado_denoised.wav,87,/home/ci2dt2-ai/Proyectos/Psiquiatria/Clasificación Final/Ansiedad/wav/1/067_recortado_denoised.wav,1
067_recortado_denoised__seg88,067,067_recortado_denoised.wav,88,/home/ci2dt2-ai/Proyectos/Psiquiatria/Clasificación Final/Ansiedad/wav/1/067_recortado_denoised.wav,1
067_recortado_denoised__seg89,067,067_recortado_denoised.wav,89,/home/ci2dt2-ai/Proyectos/Psiquiatria/Clasificación Final/Ansiedad/wav/1/067_recortado_denoised.wav,1
067_recortado_denoised__seg90,067,067_recortado_denoised.wav,90,/home/ci2dt2-ai/Proyectos/Psiquiatria/Clasificación Final/Ansiedad/wav/1/067_recortado_denoised.wav,1
067_recortado_denoised__seg91,067,067_recortado_denoised.wav,91,/home/ci2dt2-ai/Proyectos/Psiquiatria/Clasificación Final/Ansiedad/wav/1/067_recortado_denoised.wav,1
067_recortado_denoised__seg92,067,067_recortado_denoised.wav,92,/home/ci2dt2-ai/Proyectos/Psiquiatria/Clasificación Final/Ansiedad/wav/1/067_recortado_denoised.wav,1
067_recortado_denoised__seg93,067,067_recortado_denoised.wav,93,/home/ci2dt2-ai/Proyectos/Psiquiatria/Clasificación Final/Ansiedad/wav/1/067_recortado_denoised.wav,1
067_recortado_denoised__seg94,067,067_recortado_denoised.wav,94,/home/ci2dt2-ai/Proyectos/Psiquiatria/Clasificación Final/Ansiedad/wav/1/067_recortado_denoised.wav,1
073_recortado_denoised__seg0,073,073_recortado_denoised.wav,0,/home/ci2dt2-ai/Proyectos/Psiquiatria/Clasificación Final/Ansiedad/wav/1/073_recortado_denoised.wav,1
073_recortado_denoised__seg1,073,073_recortado_denoised.wav,1,/home/ci2dt2-ai/Proyectos/Psiquiatria/Clasificación Final/Ansiedad/wav/1/073_recortado_denoised.wav,1
073_recortado_denoised__seg2,073,073_recortado_denoised.wav,2,/home/ci2dt2-ai/Proyectos/Psiquiatria/Clasificación Final/Ansiedad/wav/1/073_recortado_denoised.wav,1
073_recortado_denoised__seg3,073,073_recortado_denoised.wav,3,/home/ci2dt2-ai/Proyectos/Psiquiatria/Clasificación Final/Ansiedad/wav/1/073_recortado_denoised.wav,1
073_recortado_denoised__seg4,073,073_recortado_denoised.wav,4,/home/ci2dt2-ai/Proyectos/Psiquiatria/Clasificación Final/Ansiedad/wav/1/073_recortado_denoised.wav,1
073_recortado_denoised__seg5,073,073_recortado_denoised.wav,5,/home/ci2dt2-ai/Proyectos/Psiquiatria/Clasificación Final/Ansiedad/wav/1/073_recortado_denoised.wav,1
073_recortado_denoised__seg6,073,073_recortado_denoised.wav,6,/home/ci2dt2-ai/Proyectos/Psiquiatria/Clasificación Final/Ansiedad/wav/1/073_recortado_denoised.wav,1
073_recortado_denoised__seg7,073,073_recortado_denoised.wav,7,/home/ci2dt2-ai/Proyectos/Psiquiatria/Clasificación Final/Ansiedad/wav/1/073_recortado_denoised.wav,1
073_recortado_denoised__seg8,073,073_recortado_denoised.wav,8,/home/ci2dt2-ai/Proyectos/Psiquiatria/Clasificación Final/Ansiedad/wav/1/073_recortado_denoised.wav,1
073_recortado_denoised__seg9,073,073_recortado_denoised.wav,9,/home/ci2dt2-ai/Proyectos/Psiquiatria/Clasificación Final/Ansiedad/wav/1/073_recortado_denoised.wav,1
073_recortado_denoised__seg10,073,073_recortado_denoised.wav,10,/home/ci2dt2-ai/Proyectos/Psiquiatria/Clasificación Final/Ansiedad/wav/1/073_recortado_denoised.wav,1
073_recortado_denoised__seg11,073,073_recortado_denoised.wav,11,/home/ci2dt2-ai/Proyectos/Psiquiatria/Clasificación Final/Ansiedad/wav/1/073_recortado_denoised.wav,1
073_recortado_denoised__seg12,073,073_recortado_denoised.wav,12,/home/ci2dt2-ai/Proyectos/Psiquiatria/Clasificación Final/Ansiedad/wav/1/073_recortado_denoised.wav,1
073_recortado_denoised__seg13,073,073_recortado_denoised.wav,13,/home/ci2dt2-ai/Proyectos/Psiquiatria/Clasificación Final/Ansiedad/wav/1/073_recortado_denoised.wav,1
073_recortado_denoised__seg14,073,073_recortado_denoised.wav,14,/home/ci2dt2-ai/Proyectos/Psiquiatria/Clasificación Final/Ansiedad/wav/1/073_recortado_denoised.wav,1
073_recortado_denoised__seg15,073,073_recortado_denoised.wav,15,/home/ci2dt2-ai/Proyectos/Psiquiatria/Clasificación Final/Ansiedad/wav/1/073_recortado_denoised.wav,1
073_recortado_denoised__seg16,073,073_recortado_denoised.wav,16,/home/ci2dt2-ai/Proyectos/Psiquiatria/Clasificación Final/Ansiedad/wav/1/073_recortado_denoised.wav,1
073_recortado_denoised__seg17,073,073_recortado_denoised.wav,17,/home/ci2dt2-ai/Proyectos/Psiquiatria/Clasificación Final/Ansiedad/wav/1/073_recortado_denoised.wav,1
073_recortado_denoised__seg18,073,073_recortado_denoised.wav,18,/home/ci2dt2-ai/Proyectos/Psiquiatria/Clasificación Final/Ansiedad/wav/1/073_recortado_denoised.wav,1
073_recortado_denoised__seg19,073,073_recortado_denoised.wav,19,/home/ci2dt2-ai/Proyectos/Psiquiatria/Clasificación Final/Ansiedad/wav/1/073_recortado_denoised.wav,1
073_recortado_denoised__seg20,073,073_recortado_denoised.wav,20,/home/ci2dt2-ai/Proyectos/Psiquiatria/Clasificación Final/Ansiedad/wav/1/073_recortado_denoised.wav,1
073_recortado_denoised__seg21,073,073_recortado_denoised.wav,21,/home/ci2dt2-ai/Proyectos/Psiquiatria/Clasificación Final/Ansiedad/wav/1/073_recortado_denoised.wav,1
073_recortado_denoised__seg22,073,073_recortado_denoised.wav,22,/home/ci2dt2-ai/Proyectos/Psiquiatria/Clasificación Final/Ansiedad/wav/1/073_recortado_denoised.wav,1
073_recortado_denoised__seg23,073,073_recortado_denoised.wav,23,/home/ci2dt2-ai/Proyectos/Psiquiatria/Clasificación Final/Ansiedad/wav/1/073_recortado_denoised.wav,1
073_recortado_denoised__seg24,073,073_recortado_denoised.wav,24,/home/ci2dt2-ai/Proyectos/Psiquiatria/Clasificación Final/Ansiedad/wav/1/073_recortado_denoised.wav,1
073_recortado_denoised__seg25,073,073_recortado_denoised.wav,25,/home/ci2dt2-ai/Proyectos/Psiquiatria/Clasificación Final/Ansiedad/wav/1/073_recortado_denoised.wav,1
073_recortado_denoised__seg26,073,073_recortado_denoised.wav,26,/home/ci2dt2-ai/Proyectos/Psiquiatria/Clasificación Final/Ansiedad/wav/1/073_recortado_denoised.wav,1
073_recortado_denoised__seg27,073,073_recortado_denoised.wav,27,/home/ci2dt2-ai/Proyectos/Psiquiatria/Clasificación Final/Ansiedad/wav/1/073_recortado_denoised.wav,1
073_recortado_denoised__seg28,073,073_recortado_denoised.wav,28,/home/ci2dt2-ai/Proyectos/Psiquiatria/Clasificación Final/Ansiedad/wav/1/073_recortado_denoised.wav,1
073_recortado_denoised__seg29,073,073_recortado_denoised.wav,29,/home/ci2dt2-ai/Proyectos/Psiquiatria/Clasificación Final/Ansiedad/wav/1/073_recortado_denoised.wav,1
073_recortado_denoised__seg30,073,073_recortado_denoised.wav,30,/home/ci2dt2-ai/Proyectos/Psiquiatria/Clasificación Final/Ansiedad/wav/1/073_recortado_denoised.wav,1
073_recortado_denoised__seg31,073,073_recortado_denoised.wav,31,/home/ci2dt2-ai/Proyectos/Psiquiatria/Clasificación Final/Ansiedad/wav/1/073_recortado_denoised.wav,1
073_recortado_denoised__seg32,073,073_recortado_denoised.wav,32,/home/ci2dt2-ai/Proyectos/Psiquiatria/Clasificación Final/Ansiedad/wav/1/073_recortado_denoised.wav,1
073_recortado_denoised__seg33,073,073_recortado_denoised.wav,33,/home/ci2dt2-ai/Proyectos/Psiquiatria/Clasificación Final/Ansiedad/wav/1/073_recortado_denoised.wav,1
073_recortado_denoised__seg34,073,073_recortado_denoised.wav,34,/home/ci2dt2-ai/Proyectos/Psiquiatria/Clasificación Final/Ansiedad/wav/1/073_recortado_denoised.wav,1
073_recortado_denoised__seg35,073,073_recortado_denoised.wav,35,/home/ci2dt2-ai/Proyectos/Psiquiatria/Clasificación Final/Ansiedad/wav/1/073_recortado_denoised.wav,1
073_recortado_denoised__seg36,073,073_recortado_denoised.wav,36,/home/ci2dt2-ai/Proyectos/Psiquiatria/Clasificación Final/Ansiedad/wav/1/073_recortado_denoised.wav,1
073_recortado_denoised__seg37,073,073_recortado_denoised.wav,37,/home/ci2dt2-ai/Proyectos/Psiquiatria/Clasificación Final/Ansiedad/wav/1/073_recortado_denoised.wav,1
073_recortado_denoised__seg38,073,073_recortado_denoised.wav,38,/home/ci2dt2-ai/Proyectos/Psiquiatria/Clasificación Final/Ansiedad/wav/1/073_recortado_denoised.wav,1
073_recortado_denoised__seg39,073,073_recortado_denoised.wav,39,/home/ci2dt2-ai/Proyectos/Psiquiatria/Clasificación Final/Ansiedad/wav/1/073_recortado_denoised.wav,1
073_recortado_denoised__seg40,073,073_recortado_denoised.wav,40,/home/ci2dt2-ai/Proyectos/Psiquiatria/Clasificación Final/Ansiedad/wav/1/073_recortado_denoised.wav,1
073_recortado_denoised__seg41,073,073_recortado_denoised.wav,41,/home/ci2dt2-ai/Proyectos/Psiquiatria/Clasificación Final/Ansiedad/wav/1/073_recortado_denoised.wav,1
073_recortado_denoised__seg42,073,073_recortado_denoised.wav,42,/home/ci2dt2-ai/Proyectos/Psiquiatria/Clasificación Final/Ansiedad/wav/1/073_recortado_denoised.wav,1
073_recortado_denoised__seg43,073,073_recortado_denoised.wav,43,/home/ci2dt2-ai/Proyectos/Psiquiatria/Clasificación Final/Ansiedad/wav/1/073_recortado_denoised.wav,1
073_recortado_denoised__seg44,073,073_recortado_denoised.wav,44,/home/ci2dt2-ai/Proyectos/Psiquiatria/Clasificación Final/Ansiedad/wav/1/073_recortado_denoised.wav,1
073_recortado_denoised__seg45,073,073_recortado_denoised.wav,45,/home/ci2dt2-ai/Proyectos/Psiquiatria/Clasificación Final/Ansiedad/wav/1/073_recortado_denoised.wav,1
073_recortado_denoised__seg46,073,073_recortado_denoised.wav,46,/home/ci2dt2-ai/Proyectos/Psiquiatria/Clasificación Final/Ansiedad/wav/1/073_recortado_denoised.wav,1
073_recortado_denoised__seg47,073,073_recortado_denoised.wav,47,/home/ci2dt2-ai/Proyectos/Psiquiatria/Clasificación Final/Ansiedad/wav/1/073_recortado_denoised.wav,1
073_recortado_denoised__seg48,073,073_recortado_denoised.wav,48,/home/ci2dt2-ai/Proyectos/Psiquiatria/Clasificación Final/Ansiedad/wav/1/073_recortado_denoised.wav,1
073_recortado_denoised__seg49,073,073_recortado_denoised.wav,49,/home/ci2dt2-ai/Proyectos/Psiquiatria/Clasificación Final/Ansiedad/wav/1/073_recortado_denoised.wav,1
073_recortado_denoised__seg50,073,073_recortado_denoised.wav,50,/home/ci2dt2-ai/Proyectos/Psiquiatria/Clasificación Final/Ansiedad/wav/1/073_recortado_denoised.wav,1
073_recortado_denoised__seg51,073,073_recortado_denoised.wav,51,/home/ci2dt2-ai/Proyectos/Psiquiatria/Clasificación Final/Ansiedad/wav/1/073_recortado_denoised.wav,1
073_recortado_denoised__seg52,073,073_recortado_denoised.wav,52,/home/ci2dt2-ai/Proyectos/Psiquiatria/Clasificación Final/Ansiedad/wav/1/073_recortado_denoised.wav,1
073_recortado_denoised__seg53,073,073_recortado_denoised.wav,53,/home/ci2dt2-ai/Proyectos/Psiquiatria/Clasificación Final/Ansiedad/wav/1/073_recortado_denoised.wav,1
073_recortado_denoised__seg54,073,073_recortado_denoised.wav,54,/home/ci2dt2-ai/Proyectos/Psiquiatria/Clasificación Final/Ansiedad/wav/1/073_recortado_denoised.wav,1
073_recortado_denoised__seg55,073,073_recortado_denoised.wav,55,/home/ci2dt2-ai/Proyectos/Psiquiatria/Clasificación Final/Ansiedad/wav/1/073_recortado_denoised.wav,1
073_recortado_denoised__seg56,073,073_recortado_denoised.wav,56,/home/ci2dt2-ai/Proyectos/Psiquiatria/Clasificación Final/Ansiedad/wav/1/073_recortado_denoised.wav,1
073_recortado_denoised__seg57,073,073_recortado_denoised.wav,57,/home/ci2dt2-ai/Proyectos/Psiquiatria/Clasificación Final/Ansiedad/wav/1/073_recortado_denoised.wav,1
073_recortado_denoised__seg58,073,073_recortado_denoised.wav,58,/home/ci2dt2-ai/Proyectos/Psiquiatria/Clasificación Final/Ansiedad/wav/1/073_recortado_denoised.wav,1
073_recortado_denoised__seg59,073,073_recortado_denoised.wav,59,/home/ci2dt2-ai/Proyectos/Psiquiatria/Clasificación Final/Ansiedad/wav/1/073_recortado_denoised.wav,1
073_recortado_denoised__seg60,073,073_recortado_denoised.wav,60,/home/ci2dt2-ai/Proyectos/Psiquiatria/Clasificación Final/Ansiedad/wav/1/073_recortado_denoised.wav,1
073_recortado_denoised__seg61,073,073_recortado_denoised.wav,61,/home/ci2dt2-ai/Proyectos/Psiquiatria/Clasificación Final/Ansiedad/wav/1/073_recortado_denoised.wav,1
073_recortado_denoised__seg62,073,073_recortado_denoised.wav,62,/home/ci2dt2-ai/Proyectos/Psiquiatria/Clasificación Final/Ansiedad/wav/1/073_recortado_denoised.wav,1
073_recortado_denoised__seg63,073,073_recortado_denoised.wav,63,/home/ci2dt2-ai/Proyectos/Psiquiatria/Clasificación Final/Ansiedad/wav/1/073_recortado_denoised.wav,1
073_recortado_denoised__seg64,073,073_recortado_denoised.wav,64,/home/ci2dt2-ai/Proyectos/Psiquiatria/Clasificación Final/Ansiedad/wav/1/073_recortado_denoised.wav,1
073_recortado_denoised__seg65,073,073_recortado_denoised.wav,65,/home/ci2dt2-ai/Proyectos/Psiquiatria/Clasificación Final/Ansiedad/wav/1/073_recortado_denoised.wav,1
073_recortado_denoised__seg66,073,073_recortado_denoised.wav,66,/home/ci2dt2-ai/Proyectos/Psiquiatria/Clasificación Final/Ansiedad/wav/1/073_recortado_denoised.wav,1
073_recortado_denoised__seg67,073,073_recortado_denoised.wav,67,/home/ci2dt2-ai/Proyectos/Psiquiatria/Clasificación Final/Ansiedad/wav/1/073_recortado_denoised.wav,1
073_recortado_denoised__seg68,073,073_recortado_denoised.wav,68,/home/ci2dt2-ai/Proyectos/Psiquiatria/Clasificación Final/Ansiedad/wav/1/073_recortado_denoised.wav,1
073_recortado_denoised__seg69,073,073_recortado_denoised.wav,69,/home/ci2dt2-ai/Proyectos/Psiquiatria/Clasificación Final/Ansiedad/wav/1/073_recortado_denoised.wav,1
073_recortado_denoised__seg70,073,073_recortado_denoised.wav,70,/home/ci2dt2-ai/Proyectos/Psiquiatria/Clasificación Final/Ansiedad/wav/1/073_recortado_denoised.wav,1
073_recortado_denoised__seg71,073,073_recortado_denoised.wav,71,/home/ci2dt2-ai/Proyectos/Psiquiatria/Clasificación Final/Ansiedad/wav/1/073_recortado_denoised.wav,1
073_recortado_denoised__seg72,073,073_recortado_denoised.wav,72,/home/ci2dt2-ai/Proyectos/Psiquiatria/Clasificación Final/Ansiedad/wav/1/073_recortado_denoised.wav,1
073_recortado_denoised__seg73,073,073_recortado_denoised.wav,73,/home/ci2dt2-ai/Proyectos/Psiquiatria/Clasificación Final/Ansiedad/wav/1/073_recortado_denoised.wav,1
073_recortado_denoised__seg74,073,073_recortado_denoised.wav,74,/home/ci2dt2-ai/Proyectos/Psiquiatria/Clasificación Final/Ansiedad/wav/1/073_recortado_denoised.wav,1
073_recortado_denoised__seg75,073,073_recortado_denoised.wav,75,/home/ci2dt2-ai/Proyectos/Psiquiatria/Clasificación Final/Ansiedad/wav/1/073_recortado_denoised.wav,1
073_recortado_denoised__seg76,073,073_recortado_denoised.wav,76,/home/ci2dt2-ai/Proyectos/Psiquiatria/Clasificación Final/Ansiedad/wav/1/073_recortado_denoised.wav,1
073_recortado_denoised__seg77,073,073_recortado_denoised.wav,77,/home/ci2dt2-ai/Proyectos/Psiquiatria/Clasificación Final/Ansiedad/wav/1/073_recortado_denoised.wav,1
073_recortado_denoised__seg78,073,073_recortado_denoised.wav,78,/home/ci2dt2-ai/Proyectos/Psiquiatria/Clasificación Final/Ansiedad/wav/1/073_recortado_denoised.wav,1
073_recortado_denoised__seg79,073,073_recortado_denoised.wav,79,/home/ci2dt2-ai/Proyectos/Psiquiatria/Clasificación Final/Ansiedad/wav/1/073_recortado_denoised.wav,1
073_recortado_denoised__seg80,073,073_recortado_denoised.wav,80,/home/ci2dt2-ai/Proyectos/Psiquiatria/Clasificación Final/Ansiedad/wav/1/073_recortado_denoised.wav,1
073_recortado_denoised__seg81,073,073_recortado_denoised.wav,81,/home/ci2dt2-ai/Proyectos/Psiquiatria/Clasificación Final/Ansiedad/wav/1/073_recortado_denoised.wav,1
073_recortado_denoised__seg82,073,073_recortado_denoised.wav,82,/home/ci2dt2-ai/Proyectos/Psiquiatria/Clasificación Final/Ansiedad/wav/1/073_recortado_denoised.wav,1
073_recortado_denoised__seg83,073,073_recortado_denoised.wav,83,/home/ci2dt2-ai/Proyectos/Psiquiatria/Clasificación Final/Ansiedad/wav/1/073_recortado_denoised.wav,1
073_recortado_denoised__seg84,073,073_recortado_denoised.wav,84,/home/ci2dt2-ai/Proyectos/Psiquiatria/Clasificación Final/Ansiedad/wav/1/073_recortado_denoised.wav,1
073_recortado_denoised__seg85,073,073_recortado_denoised.wav,85,/home/ci2dt2-ai/Proyectos/Psiquiatria/Clasificación Final/Ansiedad/wav/1/073_recortado_denoised.wav,1
073_recortado_denoised__seg86,073,073_recortado_denoised.wav,86,/home/ci2dt2-ai/Proyectos/Psiquiatria/Clasificación Final/Ansiedad/wav/1/073_recortado_denoised.wav,1
073_recortado_denoised__seg87,073,073_recortado_denoised.wav,87,/home/ci2dt2-ai/Proyectos/Psiquiatria/Clasificación Final/Ansiedad/wav/1/073_recortado_denoised.wav,1
073_recortado_denoised__seg88,073,073_recortado_denoised.wav,88,/home/ci2dt2-ai/Proyectos/Psiquiatria/Clasificación Final/Ansiedad/wav/1/073_recortado_denoised.wav,1
073_recortado_denoised__seg89,073,073_recortado_denoised.wav,89,/home/ci2dt2-ai/Proyectos/Psiquiatria/Clasificación Final/Ansiedad/wav/1/073_recortado_denoised.wav,1
073_recortado_denoised__seg90,073,073_recortado_denoised.wav,90,/home/ci2dt2-ai/Proyectos/Psiquiatria/Clasificación Final/Ansiedad/wav/1/073_recortado_denoised.wav,1
073_recortado_denoised__seg91,073,073_recortado_denoised.wav,91,/home/ci2dt2-ai/Proyectos/Psiquiatria/Clasificación Final/Ansiedad/wav/1/073_recortado_denoised.wav,1
073_recortado_denoised__seg92,073,073_recortado_denoised.wav,92,/home/ci2dt2-ai/Proyectos/Psiquiatria/Clasificación Final/Ansiedad/wav/1/073_recortado_denoised.wav,1
073_recortado_denoised__seg93,073,073_recortado_denoised.wav,93,/home/ci2dt2-ai/Proyectos/Psiquiatria/Clasificación Final/Ansiedad/wav/1/073_recortado_denoised.wav,1
073_recortado_denoised__seg94,073,073_recortado_denoised.wav,94,/home/ci2dt2-ai/Proyectos/Psiquiatria/Clasificación Final/Ansiedad/wav/1/073_recortado_denoised.wav,1
073_recortado_denoised__seg95,073,073_recortado_denoised.wav,95,/home/ci2dt2-ai/Proyectos/Psiquiatria/Clasificación Final/Ansiedad/wav/1/073_recortado_denoised.wav,1
073_recortado_denoised__seg96,073,073_recortado_denoised.wav,96,/home/ci2dt2-ai/Proyectos/Psiquiatria/Clasificación Final/Ansiedad/wav/1/073_recortado_denoised.wav,1
073_recortado_denoised__seg97,073,073_recortado_denoised.wav,97,/home/ci2dt2-ai/Proyectos/Psiquiatria/Clasificación Final/Ansiedad/wav/1/073_recortado_denoised.wav,1
073_recortado_denoised__seg98,073,073_recortado_denoised.wav,98,/home/ci2dt2-ai/Proyectos/Psiquiatria/Clasificación Final/Ansiedad/wav/1/073_recortado_denoised.wav,1
073_recortado_denoised__seg99,073,073_recortado_denoised.wav,99,/home/ci2dt2-ai/Proyectos/Psiquiatria/Clasificación Final/Ansiedad/wav/1/073_recortado_denoised.wav,1
073_recortado_denoised__seg100,073,073_recortado_denoised.wav,100,/home/ci2dt2-ai/Proyectos/Psiquiatria/Clasificación Final/Ansiedad/wav/1/073_recortado_denoised.wav,1
073_recortado_denoised__seg101,073,073_recortado_denoised.wav,101,/home/ci2dt2-ai/Proyectos/Psiquiatria/Clasificación Final/Ansiedad/wav/1/073_recortado_denoised.wav,1
073_recortado_denoised__seg102,073,073_recortado_denoised.wav,102,/home/ci2dt2-ai/Proyectos/Psiquiatria/Clasificación Final/Ansiedad/wav/1/073_recortado_denoised.wav,1
073_recortado_denoised__seg103,073,073_recortado_denoised.wav,103,/home/ci2dt2-ai/Proyectos/Psiquiatria/Clasificación Final/Ansiedad/wav/1/073_recortado_denoised.wav,1
073_recortado_denoised__seg104,073,073_recortado_denoised.wav,104,/home/ci2dt2-ai/Proyectos/Psiquiatria/Clasificación Final/Ansiedad/wav/1/073_recortado_denoised.wav,1
073_recortado_denoised__seg105,073,073_recortado_denoised.wav,105,/home/ci2dt2-ai/Proyectos/Psiquiatria/Clasificación Final/Ansiedad/wav/1/073_recortado_denoised.wav,1
073_recortado_denoised__seg106,073,073_recortado_denoised.wav,106,/home/ci2dt2-ai/Proyectos/Psiquiatria/Clasificación Final/Ansiedad/wav/1/073_recortado_denoised.wav,1
073_recortado_denoised__seg107,073,073_recortado_denoised.wav,107,/home/ci2dt2-ai/Proyectos/Psiquiatria/Clasificación Final/Ansiedad/wav/1/073_recortado_denoised.wav,1
073_recortado_denoised__seg108,073,073_recortado_denoised.wav,108,/home/ci2dt2-ai/Proyectos/Psiquiatria/Clasificación Final/Ansiedad/wav/1/073_recortado_denoised.wav,1
073_recortado_denoised__seg109,073,073_recortado_denoised.wav,109,/home/ci2dt2-ai/Proyectos/Psiquiatria/Clasificación Final/Ansiedad/wav/1/073_recortado_denoised.wav,1
073_recortado_denoised__seg110,073,073_recortado_denoised.wav,110,/home/ci2dt2-ai/Proyectos/Psiquiatria/Clasificación Final/Ansiedad/wav/1/073_recortado_denoised.wav,1
073_recortado_denoised__seg111,073,073_recortado_denoised.wav,111,/home/ci2dt2-ai/Proyectos/Psiquiatria/Clasificación Final/Ansiedad/wav/1/073_recortado_denoised.wav,1
073_recortado_denoised__seg112,073,073_recortado_denoised.wav,112,/home/ci2dt2-ai/Proyectos/Psiquiatria/Clasificación Final/Ansiedad/wav/1/073_recortado_denoised.wav,1
073_recortado_denoised__seg113,073,073_recortado_denoised.wav,113,/home/ci2dt2-ai/Proyectos/Psiquiatria/Clasificación Final/Ansiedad/wav/1/073_recortado_denoised.wav,1
073_recortado_denoised__seg114,073,073_recortado_denoised.wav,114,/home/ci2dt2-ai/Proyectos/Psiquiatria/Clasificación Final/Ansiedad/wav/1/073_recortado_denoised.wav,1
073_recortado_denoised__seg115,073,073_recortado_denoised.wav,115,/home/ci2dt2-ai/Proyectos/Psiquiatria/Clasificación Final/Ansiedad/wav/1/073_recortado_denoised.wav,1
073_recortado_denoised__seg116,073,073_recortado_denoised.wav,116,/home/ci2dt2-ai/Proyectos/Psiquiatria/Clasificación Final/Ansiedad/wav/1/073_recortado_denoised.wav,1
073_recortado_denoised__seg117,073,073_recortado_denoised.wav,117,/home/ci2dt2-ai/Proyectos/Psiquiatria/Clasificación Final/Ansiedad/wav/1/073_recortado_denoised.wav,1
077_recortado_denoised__seg0,077,077_recortado_denoised.wav,0,/home/ci2dt2-ai/Proyectos/Psiquiatria/Clasificación Final/Ansiedad/wav/1/077_recortado_denoised.wav,1
077_recortado_denoised__seg1,077,077_recortado_denoised.wav,1,/home/ci2dt2-ai/Proyectos/Psiquiatria/Clasificación Final/Ansiedad/wav/1/077_recortado_denoised.wav,1
077_recortado_denoised__seg2,077,077_recortado_denoised.wav,2,/home/ci2dt2-ai/Proyectos/Psiquiatria/Clasificación Final/Ansiedad/wav/1/077_recortado_denoised.wav,1
077_recortado_denoised__seg3,077,077_recortado_denoised.wav,3,/home/ci2dt2-ai/Proyectos/Psiquiatria/Clasificación Final/Ansiedad/wav/1/077_recortado_denoised.wav,1
077_recortado_denoised__seg4,077,077_recortado_denoised.wav,4,/home/ci2dt2-ai/Proyectos/Psiquiatria/Clasificación Final/Ansiedad/wav/1/077_recortado_denoised.wav,1
077_recortado_denoised__seg5,077,077_recortado_denoised.wav,5,/home/ci2dt2-ai/Proyectos/Psiquiatria/Clasificación Final/Ansiedad/wav/1/077_recortado_denoised.wav,1
077_recortado_denoised__seg6,077,077_recortado_denoised.wav,6,/home/ci2dt2-ai/Proyectos/Psiquiatria/Clasificación Final/Ansiedad/wav/1/077_recortado_denoised.wav,1
077_recortado_denoised__seg7,077,077_recortado_denoised.wav,7,/home/ci2dt2-ai/Proyectos/Psiquiatria/Clasificación Final/Ansiedad/wav/1/077_recortado_denoised.wav,1
077_recortado_denoised__seg8,077,077_recortado_denoised.wav,8,/home/ci2dt2-ai/Proyectos/Psiquiatria/Clasificación Final/Ansiedad/wav/1/077_recortado_denoised.wav,1
077_recortado_denoised__seg9,077,077_recortado_denoised.wav,9,/home/ci2dt2-ai/Proyectos/Psiquiatria/Clasificación Final/Ansiedad/wav/1/077_recortado_denoised.wav,1
077_recortado_denoised__seg10,077,077_recortado_denoised.wav,10,/home/ci2dt2-ai/Proyectos/Psiquiatria/Clasificación Final/Ansiedad/wav/1/077_recortado_denoised.wav,1
077_recortado_denoised__seg11,077,077_recortado_denoised.wav,11,/home/ci2dt2-ai/Proyectos/Psiquiatria/Clasificación Final/Ansiedad/wav/1/077_recortado_denoised.wav,1
077_recortado_denoised__seg12,077,077_recortado_denoised.wav,12,/home/ci2dt2-ai/Proyectos/Psiquiatria/Clasificación Final/Ansiedad/wav/1/077_recortado_denoised.wav,1
077_recortado_denoised__seg13,077,077_recortado_denoised.wav,13,/home/ci2dt2-ai/Proyectos/Psiquiatria/Clasificación Final/Ansiedad/wav/1/077_recortado_denoised.wav,1
077_recortado_denoised__seg14,077,077_recortado_denoised.wav,14,/home/ci2dt2-ai/Proyectos/Psiquiatria/Clasificación Final/Ansiedad/wav/1/077_recortado_denoised.wav,1
077_recortado_denoised__seg15,077,077_recortado_denoised.wav,15,/home/ci2dt2-ai/Proyectos/Psiquiatria/Clasificación Final/Ansiedad/wav/1/077_recortado_denoised.wav,1
077_recortado_denoised__seg16,077,077_recortado_denoised.wav,16,/home/ci2dt2-ai/Proyectos/Psiquiatria/Clasificación Final/Ansiedad/wav/1/077_recortado_denoised.wav,1
077_recortado_denoised__seg17,077,077_recortado_denoised.wav,17,/home/ci2dt2-ai/Proyectos/Psiquiatria/Clasificación Final/Ansiedad/wav/1/077_recortado_denoised.wav,1
077_recortado_denoised__seg18,077,077_recortado_denoised.wav,18,/home/ci2dt2-ai/Proyectos/Psiquiatria/Clasificación Final/Ansiedad/wav/1/077_recortado_denoised.wav,1
077_recortado_denoised__seg19,077,077_recortado_denoised.wav,19,/home/ci2dt2-ai/Proyectos/Psiquiatria/Clasificación Final/Ansiedad/wav/1/077_recortado_denoised.wav,1
077_recortado_denoised__seg20,077,077_recortado_denoised.wav,20,/home/ci2dt2-ai/Proyectos/Psiquiatria/Clasificación Final/Ansiedad/wav/1/077_recortado_denoised.wav,1
077_recortado_denoised__seg21,077,077_recortado_denoised.wav,21,/home/ci2dt2-ai/Proyectos/Psiquiatria/Clasificación Final/Ansiedad/wav/1/077_recortado_denoised.wav,1
077_recortado_denoised__seg22,077,077_recortado_denoised.wav,22,/home/ci2dt2-ai/Proyectos/Psiquiatria/Clasificación Final/Ansiedad/wav/1/077_recortado_denoised.wav,1
077_recortado_denoised__seg23,077,077_recortado_denoised.wav,23,/home/ci2dt2-ai/Proyectos/Psiquiatria/Clasificación Final/Ansiedad/wav/1/077_recortado_denoised.wav,1
077_recortado_denoised__seg24,077,077_recortado_denoised.wav,24,/home/ci2dt2-ai/Proyectos/Psiquiatria/Clasificación Final/Ansiedad/wav/1/077_recortado_denoised.wav,1
077_recortado_denoised__seg25,077,077_recortado_denoised.wav,25,/home/ci2dt2-ai/Proyectos/Psiquiatria/Clasificación Final/Ansiedad/wav/1/077_recortado_denoised.wav,1
077_recortado_denoised__seg26,077,077_recortado_denoised.wav,26,/home/ci2dt2-ai/Proyectos/Psiquiatria/Clasificación Final/Ansiedad/wav/1/077_recortado_denoised.wav,1
077_recortado_denoised__seg27,077,077_recortado_denoised.wav,27,/home/ci2dt2-ai/Proyectos/Psiquiatria/Clasificación Final/Ansiedad/wav/1/077_recortado_denoised.wav,1
077_recortado_denoised__seg28,077,077_recortado_denoised.wav,28,/home/ci2dt2-ai/Proyectos/Psiquiatria/Clasificación Final/Ansiedad/wav/1/077_recortado_denoised.wav,1
077_recortado_denoised__seg29,077,077_recortado_denoised.wav,29,/home/ci2dt2-ai/Proyectos/Psiquiatria/Clasificación Final/Ansiedad/wav/1/077_recortado_denoised.wav,1
077_recortado_denoised__seg30,077,077_recortado_denoised.wav,30,/home/ci2dt2-ai/Proyectos/Psiquiatria/Clasificación Final/Ansiedad/wav/1/077_recortado_denoised.wav,1
077_recortado_denoised__seg31,077,077_recortado_denoised.wav,31,/home/ci2dt2-ai/Proyectos/Psiquiatria/Clasificación Final/Ansiedad/wav/1/077_recortado_denoised.wav,1
077_recortado_denoised__seg32,077,077_recortado_denoised.wav,32,/home/ci2dt2-ai/Proyectos/Psiquiatria/Clasificación Final/Ansiedad/wav/1/077_recortado_denoised.wav,1
077_recortado_denoised__seg33,077,077_recortado_denoised.wav,33,/home/ci2dt2-ai/Proyectos/Psiquiatria/Clasificación Final/Ansiedad/wav/1/077_recortado_denoised.wav,1
077_recortado_denoised__seg34,077,077_recortado_denoised.wav,34,/home/ci2dt2-ai/Proyectos/Psiquiatria/Clasificación Final/Ansiedad/wav/1/077_recortado_denoised.wav,1
077_recortado_denoised__seg35,077,077_recortado_denoised.wav,35,/home/ci2dt2-ai/Proyectos/Psiquiatria/Clasificación Final/Ansiedad/wav/1/077_recortado_denoised.wav,1
077_recortado_denoised__seg36,077,077_recortado_denoised.wav,36,/home/ci2dt2-ai/Proyectos/Psiquiatria/Clasificación Final/Ansiedad/wav/1/077_recortado_denoised.wav,1
077_recortado_denoised__seg37,077,077_recortado_denoised.wav,37,/home/ci2dt2-ai/Proyectos/Psiquiatria/Clasificación Final/Ansiedad/wav/1/077_recortado_denoised.wav,1
077_recortado_denoised__seg38,077,077_recortado_denoised.wav,38,/home/ci2dt2-ai/Proyectos/Psiquiatria/Clasificación Final/Ansiedad/wav/1/077_recortado_denoised.wav,1
077_recortado_denoised__seg39,077,077_recortado_denoised.wav,39,/home/ci2dt2-ai/Proyectos/Psiquiatria/Clasificación Final/Ansiedad/wav/1/077_recortado_denoised.wav,1
077_recortado_denoised__seg40,077,077_recortado_denoised.wav,40,/home/ci2dt2-ai/Proyectos/Psiquiatria/Clasificación Final/Ansiedad/wav/1/077_recortado_denoised.wav,1
077_recortado_denoised__seg41,077,077_recortado_denoised.wav,41,/home/ci2dt2-ai/Proyectos/Psiquiatria/Clasificación Final/Ansiedad/wav/1/077_recortado_denoised.wav,1
077_recortado_denoised__seg42,077,077_recortado_denoised.wav,42,/home/ci2dt2-ai/Proyectos/Psiquiatria/Clasificación Final/Ansiedad/wav/1/077_recortado_denoised.wav,1
077_recortado_denoised__seg43,077,077_recortado_denoised.wav,43,/home/ci2dt2-ai/Proyectos/Psiquiatria/Clasificación Final/Ansiedad/wav/1/077_recortado_denoised.wav,1
077_recortado_denoised__seg44,077,077_recortado_denoised.wav,44,/home/ci2dt2-ai/Proyectos/Psiquiatria/Clasificación Final/Ansiedad/wav/1/077_recortado_denoised.wav,1
077_recortado_denoised__seg45,077,077_recortado_denoised.wav,45,/home/ci2dt2-ai/Proyectos/Psiquiatria/Clasificación Final/Ansiedad/wav/1/077_recortado_denoised.wav,1
077_recortado_denoised__seg46,077,077_recortado_denoised.wav,46,/home/ci2dt2-ai/Proyectos/Psiquiatria/Clasificación Final/Ansiedad/wav/1/077_recortado_denoised.wav,1
077_recortado_denoised__seg47,077,077_recortado_denoised.wav,47,/home/ci2dt2-ai/Proyectos/Psiquiatria/Clasificación Final/Ansiedad/wav/1/077_recortado_denoised.wav,1
077_recortado_denoised__seg48,077,077_recortado_denoised.wav,48,/home/ci2dt2-ai/Proyectos/Psiquiatria/Clasificación Final/Ansiedad/wav/1/077_recortado_denoised.wav,1
077_recortado_denoised__seg49,077,077_recortado_denoised.wav,49,/home/ci2dt2-ai/Proyectos/Psiquiatria/Clasificación Final/Ansiedad/wav/1/077_recortado_denoised.wav,1
077_recortado_denoised__seg50,077,077_recortado_denoised.wav,50,/home/ci2dt2-ai/Proyectos/Psiquiatria/Clasificación Final/Ansiedad/wav/1/077_recortado_denoised.wav,1
077_recortado_denoised__seg51,077,077_recortado_denoised.wav,51,/home/ci2dt2-ai/Proyectos/Psiquiatria/Clasificación Final/Ansiedad/wav/1/077_recortado_denoised.wav,1
077_recortado_denoised__seg52,077,077_recortado_denoised.wav,52,/home/ci2dt2-ai/Proyectos/Psiquiatria/Clasificación Final/Ansiedad/wav/1/077_recortado_denoised.wav,1
077_recortado_denoised__seg53,077,077_recortado_denoised.wav,53,/home/ci2dt2-ai/Proyectos/Psiquiatria/Clasificación Final/Ansiedad/wav/1/077_recortado_denoised.wav,1
077_recortado_denoised__seg54,077,077_recortado_denoised.wav,54,/home/ci2dt2-ai/Proyectos/Psiquiatria/Clasificación Final/Ansiedad/wav/1/077_recortado_denoised.wav,1
077_recortado_denoised__seg55,077,077_recortado_denoised.wav,55,/home/ci2dt2-ai/Proyectos/Psiquiatria/Clasificación Final/Ansiedad/wav/1/077_recortado_denoised.wav,1
077_recortado_denoised__seg56,077,077_recortado_denoised.wav,56,/home/ci2dt2-ai/Proyectos/Psiquiatria/Clasificación Final/Ansiedad/wav/1/077_recortado_denoised.wav,1
077_recortado_denoised__seg57,077,077_recortado_denoised.wav,57,/home/ci2dt2-ai/Proyectos/Psiquiatria/Clasificación Final/Ansiedad/wav/1/077_recortado_denoised.wav,1
077_recortado_denoised__seg58,077,077_recortado_denoised.wav,58,/home/ci2dt2-ai/Proyectos/Psiquiatria/Clasificación Final/Ansiedad/wav/1/077_recortado_denoised.wav,1
077_recortado_denoised__seg59,077,077_recortado_denoised.wav,59,/home/ci2dt2-ai/Proyectos/Psiquiatria/Clasificación Final/Ansiedad/wav/1/077_recortado_denoised.wav,1
077_recortado_denoised__seg60,077,077_recortado_denoised.wav,60,/home/ci2dt2-ai/Proyectos/Psiquiatria/Clasificación Final/Ansiedad/wav/1/077_recortado_denoised.wav,1
077_recortado_denoised__seg61,077,077_recortado_denoised.wav,61,/home/ci2dt2-ai/Proyectos/Psiquiatria/Clasificación Final/Ansiedad/wav/1/077_recortado_denoised.wav,1
077_recortado_denoised__seg62,077,077_recortado_denoised.wav,62,/home/ci2dt2-ai/Proyectos/Psiquiatria/Clasificación Final/Ansiedad/wav/1/077_recortado_denoised.wav,1
077_recortado_denoised__seg63,077,077_recortado_denoised.wav,63,/home/ci2dt2-ai/Proyectos/Psiquiatria/Clasificación Final/Ansiedad/wav/1/077_recortado_denoised.wav,1
