condicion,dataset_tabular,tipo,alpha,modelo_student,mean_auc,std_auc,mean_f1,mean_acc,n_evaluaciones
depresion,egemaps,KD_regressor,0.0,AdaBoostRegressor,0.6484429285605054,0.1180895428629389,0.38948525781288823,0.5728863246345851,50
depresion,5s_opensmile_librosa,KD_regressor,0.0,AdaBoostRegressor,0.6439624565739906,0.11933260158104488,0.4032701292178252,0.5874613998932665,50
depresion,egemaps,KD_regressor,0.0,ExtraTreesRegressor,0.6419105165049126,0.12482220928929998,0.3901290656859074,0.628520699359961,50
depresion,egemaps,KD_regressor,0.0,GradientBoostingRegressor,0.6403768635016861,0.11986981249562376,0.40099108446889664,0.6271524089890153,50
depresion,egemaps,KD_regressor,0.0,HistGradientBoostingRegressor,0.6339277273941611,0.11607615475633871,0.39828349856918527,0.6306268106721675,50
depresion,5s_opensmile_librosa,KD_regressor,0.0,PoissonRegressor,0.6312960611072743,0.12018250998371148,0.3339593787162777,0.6207692961391281,50
depresion,egemaps,KD_regressor,0.0,RandomForestRegressor,0.6310253443364214,0.12131134789055513,0.3875534915257818,0.61890169180954,50
depresion,5s_opensmile_librosa,KD_regressor,0.0,GradientBoostingRegressor,0.6302039297251802,0.1170769620753048,0.4033452120539792,0.6236044945126508,50
depresion,egemaps,KD_regressor,0.0,BayesianRidge,0.6286320173547322,0.11981944182741991,0.3933441423897892,0.6149872100977015,50
depresion,5s_opensmile_librosa,KD_regressor,0.0,TweedieRegressor,0.6280254158041959,0.11909215061078432,0.37662327556678293,0.6109134399389832,50
depresion,egemaps,KD_regressor,0.0,RidgeCV,0.6278310417384507,0.11738474688506578,0.3943837655204085,0.6133868171262523,50
depresion,egemaps,KD_regressor,0.0,Ridge,0.626226683640001,0.11676143305456374,0.3924158044207136,0.6118889279222832,50
depresion,egemaps,KD_regressor,0.0,LassoLarsIC,0.6249118231994737,0.11729446306517301,0.3923518492031322,0.6112765005562693,50
depresion,egemaps,KD_regressor,0.0,OrthogonalMatchingPursuit,0.624541853726381,0.13002307083780076,0.37400544631548444,0.6098524484784291,50
depresion,egemaps,KD_regressor,0.0,TransformedTargetRegressor,0.6235758136586991,0.11631519867372925,0.39084221001212316,0.6097562631852503,50
depresion,egemaps,KD_regressor,0.0,LinearRegression,0.6235758136586991,0.11631519867372925,0.39084221001212316,0.6097562631852503,50
depresion,5s_opensmile_librosa,KD_regressor,0.0,GammaRegressor,0.6233805860128355,0.12036208406029013,0.34421490879572353,0.629250174324683,50
depresion,egemaps,KD_regressor,0.0,TweedieRegressor,0.6227062426505671,0.13793446134560414,0.33556357905989975,0.6119513926053621,50
depresion,egemaps,KD_regressor,0.25,TweedieRegressor,0.6202533849977846,0.13833963872679633,0.12266439534282308,0.7050536352956857,50
depresion,egemaps,KD_regressor,0.0,GammaRegressor,0.619826367232728,0.1332111349851185,0.32255570748794815,0.6249048826888763,50
depresion,egemaps,KD_regressor,0.25,ExtraTreesRegressor,0.6191592273688248,0.12615133115613592,0.24635199694248155,0.7006557427876544,50
depresion,egemaps,KD_regressor,0.25,LinearSVR,0.6189047109744361,0.11012805335733936,0.23543451472536123,0.6913338546941695,50
depresion,egemaps,KD_regressor,0.25,HuberRegressor,0.6188272717427088,0.11135261313228818,0.24728962577485786,0.6903208156163866,50
depresion,egemaps,KD_regressor,0.25,PoissonRegressor,0.6183925900495658,0.13962003149875518,0.06799446425267905,0.7118655359898796,50
depresion,egemaps,KD_regressor,0.0,PoissonRegressor,0.6181790193077901,0.13972174857260342,0.2953865151316135,0.6137809725148742,50
depresion,5s_opensmile_librosa,KD_regressor,0.0,HistGradientBoostingRegressor,0.6173728911156157,0.12028775538741683,0.3916027023681184,0.6209889077498503,50
depresion,egemaps,KD_regressor,0.0,HuberRegressor,0.6165137793527372,0.11195705509801668,0.3622022310362006,0.6231659499706118,50
depresion,5s_opensmile_librosa,KD_regressor,0.0,ExtraTreesRegressor,0.616479378453882,0.12046000881767006,0.3713106067293797,0.6154007458451773,50
depresion,egemaps,KD_regressor,0.0,XGBRegressor,0.6160774953962245,0.10717602850869228,0.39369061325099786,0.6177197878253702,50
depresion,egemaps,KD_regressor,0.25,Ridge,0.6157609926275328,0.11636166046389561,0.26785950057618624,0.6876955606009427,50
depresion,egemaps,KD_regressor,0.25,RidgeCV,0.6157072467952442,0.11681290281479474,0.266574666827382,0.688965330453742,50
depresion,egemaps,KD_regressor,0.25,LassoLarsIC,0.6157069978963696,0.11699915971342914,0.266271023308792,0.6884404293962999,50
depresion,egemaps,KD_regressor,0.25,GradientBoostingRegressor,0.61517353022631,0.12173811435010165,0.2602208195335287,0.6933038748393759,50
depresion,egemaps,KD_regressor,0.25,TransformedTargetRegressor,0.6150741320252814,0.11625783082104209,0.2679305876750591,0.6874095928795242,50
depresion,egemaps,KD_regressor,0.25,LinearRegression,0.6150741320252814,0.11625783082104209,0.2679305876750591,0.6874095928795242,50
depresion,egemaps,KD_regressor,0.0,BaggingRegressor,0.6150633357305055,0.11070724573955956,0.3889229203445071,0.6122139989030309,50
depresion,egemaps,KD_regressor,0.5,LinearSVR,0.6150514470188746,0.10361739155826843,0.017382395449314345,0.7193226342161182,50
depresion,5s_opensmile_librosa,KD_regressor,0.25,AdaBoostRegressor,0.6149948961732111,0.12168111109299094,0.20856230227809752,0.7001938695295438,50
depresion,egemaps,KD_regressor,0.25,BayesianRidge,0.6147739311461988,0.11914668410886581,0.2552383023820517,0.6910918467683955,50
depresion,egemaps,KD_regressor,0.25,GammaRegressor,0.6145343335239525,0.13310578454336913,0.1172423201774197,0.7040431034529864,50
depresion,5s_opensmile_librosa,KD_regressor,0.0,LassoLarsIC,0.6143299766883663,0.12179707915932411,0.39355675276372315,0.5983664630772833,50
depresion,5s_opensmile_librosa,KD_regressor,0.0,BayesianRidge,0.6133727647579152,0.12244528234697638,0.39518957136651806,0.5978896709314734,50
depresion,egemaps,KD_regressor,0.0,KernelRidge,0.6116216074907352,0.11598580333043064,0.020400981634975238,0.7237304921724538,50
depresion,egemaps,KD_regressor,0.25,RandomForestRegressor,0.6111634959963956,0.11801277875236389,0.25446020643544814,0.6970791378660334,50
depresion,5s_opensmile_librosa,KD_regressor,0.0,OrthogonalMatchingPursuit,0.6110530570853332,0.11557724086004441,0.383442570163138,0.5955444783366863,50
depresion,egemaps,KD_regressor,0.5,PoissonRegressor,0.6109485758865528,0.13493189030339078,0.003268963850112648,0.7237648661898975,50
depresion,egemaps,KD_regressor,0.0,SVR,0.6104769289117085,0.11745697511029718,0.39496235632382976,0.6078515806147835,50
ansiedad,egemaps,KD_regressor,0.5,OrthogonalMatchingPursuitCV,0.6104528201309235,0.09754024803511128,0.0021177673105198446,0.746476132067657,50
depresion,egemaps,KD_regressor,0.5,TweedieRegressor,0.6102015612628782,0.1337390907787572,0.005093756044376008,0.7232975008429021,50
depresion,egemaps,KD_regressor,0.0,LinearSVR,0.6100620610240434,0.11204345080254689,0.35451517497452756,0.6226559093273298,50
depresion,5s_opensmile_librosa,KD_regressor,0.0,RidgeCV,0.6093627070055857,0.12189204623750788,0.3950023568987217,0.5950882729754905,50
ansiedad,5s_opensmile_librosa,KD_regressor,0.0,RidgeCV,0.6092051606132229,0.11781772266167473,0.388660608176218,0.39283971984043214,50
ansiedad,5s_opensmile_librosa,KD_regressor,0.0,BayesianRidge,0.6091589372063286,0.11411859110802618,0.38859876530204784,0.387870701011329,50
depresion,egemaps,KD_regressor,0.0,NuSVR,0.6090684130864846,0.11664547165300197,0.3903464787651567,0.6134706958904633,50
depresion,5s_opensmile_librosa,KD_regressor,0.0,Ridge,0.6089368233090479,0.12175150885577699,0.39437083133054207,0.5929807637859841,50
depresion,egemaps,KD_regressor,0.0,KNeighborsRegressor,0.6089079202323234,0.10011722578355621,0.38773501478412825,0.6126551247639519,50
depresion,5s_opensmile_librosa,KD_regressor,0.0,ElasticNetCV,0.6087283191500368,0.12321993441894583,0.33860327994755657,0.6061161314574579,50
depresion,5s_opensmile_librosa,KD_regressor,0.0,TransformedTargetRegressor,0.608616205878526,0.12182250528558244,0.3943767889270103,0.5926171333182736,50
depresion,5s_opensmile_librosa,KD_regressor,0.0,LinearRegression,0.608616205878526,0.12182250528558244,0.3943767889270103,0.5926171333182736,50
ansiedad,5s_opensmile_librosa,KD_regressor,0.0,Ridge,0.608599574142468,0.11827994308942284,0.38869848767952325,0.39268944289204405,50
ansiedad,5s_opensmile_librosa,KD_regressor,0.0,LinearRegression,0.6085582148960609,0.11851548709022247,0.3886033225648826,0.39315853385378896,50
ansiedad,5s_opensmile_librosa,KD_regressor,0.0,TransformedTargetRegressor,0.6085582148960609,0.11851548709022247,0.3886033225648826,0.39315853385378896,50
depresion,5s_opensmile_librosa,KD_regressor,0.0,LassoLarsCV,0.6084823469699199,0.12342033004407509,0.3385514827666036,0.6070871913983352,50
ansiedad,egemaps,KD_regressor,0.0,AdaBoostRegressor,0.6084372891734379,0.14443687329389523,0.3734869723749026,0.3395665526076943,50
depresion,5s_opensmile_librosa,KD_regressor,0.0,LassoCV,0.6080905035257541,0.12385765722972403,0.3392741113794968,0.6073261721025571,50
depresion,egemaps,KD_regressor,0.25,HistGradientBoostingRegressor,0.6070056551670558,0.11572315105258997,0.277413821570641,0.6878385056182944,50
depresion,egemaps,KD_regressor,0.5,HuberRegressor,0.6068081264579109,0.11621274194878192,0.05184148676299398,0.7170396288301103,50
depresion,egemaps,KD_regressor,0.5,AdaBoostRegressor,0.6063742199017824,0.1196506740858241,0.0100828576544725,0.7247730869271034,50
depresion,egemaps,KD_regressor,0.25,OrthogonalMatchingPursuit,0.6062869445732723,0.12800753851193689,0.20107547873310513,0.6932279383357838,50
depresion,5s_opensmile_librosa,KD_regressor,0.0,SGDRegressor,0.6062853763569236,0.12015937370013238,0.3954468844705618,0.593706165085406,50
depresion,5s_opensmile_librosa,KD_regressor,0.0,RandomForestRegressor,0.6061919540699534,0.12056986439944531,0.37442938160450223,0.6120177884594089,50
ansiedad,egemaps,KD_regressor,0.0,GradientBoostingRegressor,0.6061195380032042,0.129801353078305,0.3794357642573687,0.36813526594929136,50
ansiedad,egemaps,KD_regressor,0.25,OrthogonalMatchingPursuitCV,0.6059906148146122,0.11409047656029592,0.06530120050749393,0.7264853842096756,50
ansiedad,5s_opensmile_librosa,KD_regressor,0.0,LassoLarsIC,0.6053590395256753,0.11955875381086627,0.3855440087220435,0.38372811952135955,50
depresion,egemaps,KD_regressor,0.25,AdaBoostRegressor,0.6052568062768322,0.1262638120665459,0.21877527331738186,0.6913692025726901,50
ansiedad,egemaps,KD_regressor,0.75,OrthogonalMatchingPursuitCV,0.6047752981449247,0.09909010317586602,0.0011825496055519883,0.7465580103513932,50
ansiedad,egemaps,KD_regressor,0.0,LassoLarsIC,0.6046233995636755,0.11712182436555874,0.378292247315016,0.37388172192713215,50
depresion,5s_opensmile_librosa,KD_regressor,0.25,GradientBoostingRegressor,0.6043543700073999,0.11807451676572886,0.24749716895504334,0.6807155011080558,50
ansiedad,egemaps,KD_regressor,0.0,TransformedTargetRegressor,0.6042209802948183,0.11667222323170959,0.37997033633556393,0.3757281354880261,50
ansiedad,egemaps,KD_regressor,0.0,LinearRegression,0.6042209802948183,0.11667222323170959,0.37997033633556393,0.3757281354880261,50
ansiedad,egemaps,KD_regressor,0.0,Ridge,0.60407762927822,0.11690290112329367,0.3794466726763087,0.3753148269921161,50
ansiedad,egemaps,KD_regressor,0.0,RidgeCV,0.6040397707594842,0.11729479510827417,0.37736161731886453,0.37393293079947026,50
depresion,egemaps,KD_regressor,0.0,LassoLarsCV,0.6035685292680748,0.1285514929232484,0.30857733135573595,0.5974784307415107,50
ansiedad,egemaps,KD_regressor,0.0,BayesianRidge,0.6034799121247464,0.1202112915671736,0.37559659608179014,0.3704526253932325,50
ansiedad,5s_opensmile_librosa,KD_regressor,0.0,SGDRegressor,0.6034663446222838,0.10563886098991328,0.38861646312214376,0.38985236632025744,50
depresion,5s_opensmile_librosa,KD_regressor,0.0,HuberRegressor,0.6032388903884178,0.11672927252130234,0.3714714725815551,0.5973785381234201,50
depresion,5s_opensmile_librosa,KD_regressor,0.0,XGBRegressor,0.6031995750586645,0.1086219932309446,0.3836526340988581,0.6108770285726363,50
depresion,5s_opensmile_librosa,KD_regressor,0.0,LarsCV,0.6024452528157868,0.12496214819343442,0.29491827249949054,0.6003060972283317,50
depresion,egemaps,KD_regressor,0.0,ElasticNetCV,0.602148689566812,0.13168417635337176,0.3173226129439342,0.5963454791887315,50
depresion,egemaps,KD_regressor,0.25,KernelRidge,0.6019862493195598,0.10886334203542193,0.007983449750626167,0.7225285831849624,50
depresion,egemaps,KD_regressor,0.0,LassoCV,0.6019837417663076,0.13057981801974372,0.31349493714982907,0.5953664625944485,50
depresion,egemaps,KD_regressor,0.5,GammaRegressor,0.6018762989032418,0.12759429215203644,0.015868594282589896,0.7208796977974978,50
depresion,egemaps,KD_regressor,0.75,LinearSVR,0.6004608744242663,0.09361053958349061,0.0008743618916025633,0.7234811301828443,50
depresion,egemaps,KD_regressor,0.25,KNeighborsRegressor,0.6002799680048877,0.0951145848261468,0.3001396508025734,0.6732776088795909,50
depresion,5s_opensmile_librosa,KD_regressor,0.0,SVR,0.5999795251877729,0.12731693289515525,0.39478859229600766,0.5893061320374772,50
depresion,egemaps,KD_regressor,0.0,LarsCV,0.5996018128188676,0.13836953169426344,0.2823443775316082,0.6021058763830843,50
depresion,egemaps,KD_regressor,0.75,PoissonRegressor,0.5995437163579623,0.13182427849771902,0.000937707533286005,0.723674291490556,50
depresion,5s_opensmile_librosa,KD_regressor,0.5,AdaBoostRegressor,0.5995112591687434,0.1192889683384886,0.013738413323533467,0.7247890004963172,50
depresion,egemaps,KD_regressor,0.5,LassoLarsIC,0.5994850918661656,0.11269112743615593,0.05425585466957811,0.7165538076803076,50
depresion,egemaps,KD_regressor,0.5,LinearRegression,0.5993845225619063,0.11219021608394275,0.057842865009244314,0.7159774616622855,50
depresion,egemaps,KD_regressor,0.5,TransformedTargetRegressor,0.5993845225619063,0.11219021608394275,0.057842865009244314,0.7159774616622855,50
ansiedad,5s_opensmile_librosa,KD_regressor,0.0,HuberRegressor,0.5992897810908739,0.11470157962238614,0.3806621326043594,0.40090949366585543,50
depresion,egemaps,KD_regressor,0.5,Ridge,0.5989842187313156,0.1121873504078593,0.05615943829603351,0.7160180205391471,50
depresion,egemaps,KD_regressor,0.0,OrthogonalMatchingPursuitCV,0.5987067286517292,0.12341878925316996,0.3279216207381085,0.5984380968798099,50
depresion,5s_opensmile_librosa,KD_regressor,0.25,PoissonRegressor,0.5980031470887058,0.11679835744145366,0.11416215462067143,0.7015423270622674,50
depresion,egemaps,KD_regressor,0.5,RidgeCV,0.5978081480840971,0.1126590435165657,0.05451202222397988,0.7166906842514261,50
depresion,5s_opensmile_librosa,KD_regressor,0.25,HistGradientBoostingRegressor,0.5977087046811312,0.11310295596377555,0.24994253976528544,0.6746232575532748,50
depresion,5s_opensmile_librosa,KD_regressor,0.0,NuSVR,0.597699160543966,0.11768477089939186,0.3810002872975676,0.6023423185264174,50
depresion,egemaps,KD_regressor,0.75,TweedieRegressor,0.5975510786688724,0.13092254024110672,0.001071216646120083,0.7236820257278107,50
ansiedad,5s_opensmile_librosa,KD_regressor,0.0,OrthogonalMatchingPursuit,0.5974968604296996,0.10843490690662716,0.37927797611493586,0.3740177486740124,50
depresion,egemaps,KD_regressor,0.75,HuberRegressor,0.5971270072982483,0.11929127019591357,0.008445757384598374,0.721364749996106,50
ansiedad,egemaps,KD_regressor,0.0,HistGradientBoostingRegressor,0.5962955744355318,0.12915484998685076,0.379066285969097,0.37147882956555944,50
depresion,egemaps,KD_regressor,0.5,OrthogonalMatchingPursuit,0.5962627523137585,0.12340475404865946,0.027911790817812903,0.7206732437550621,50
ansiedad,egemaps,KD_regressor,0.5,AdaBoostRegressor,0.5958565966920848,0.11080257991942025,0.0003508771929824561,0.74669928418737,50
depresion,egemaps,KD_regressor,0.5,BayesianRidge,0.5956767475522923,0.11501472664360708,0.04726537062329119,0.7176051909530172,50
ansiedad,egemaps,KD_regressor,0.0,OrthogonalMatchingPursuit,0.5949144168472263,0.12677704082915423,0.37422750733360494,0.36167146217518875,50
ansiedad,egemaps,KD_regressor,0.25,LarsCV,0.5947296704799495,0.112298981586252,0.04566716853198712,0.7359135819856887,50
depresion,egemaps,KD_regressor,0.25,LarsCV,0.5946370200212562,0.1395209546190527,0.07457153064407286,0.710130532720002,50
ansiedad,5s_opensmile_librosa,KD_regressor,0.0,TweedieRegressor,0.5944371197744716,0.11420124154448084,0.3683929206161427,0.3583347694101715,50
depresion,egemaps,KD_regressor,0.25,BaggingRegressor,0.5944044946845753,0.10327702027249006,0.27862231243660135,0.684914768943229,50
ansiedad,5s_opensmile_librosa,KD_regressor,0.0,GammaRegressor,0.5943512567441513,0.11649298572820056,0.3666481347768121,0.36225926884099374,50
ansiedad,egemaps,KD_regressor,0.0,ExtraTreesRegressor,0.5940669832622805,0.13707856398259471,0.37525055763909015,0.36065859834162795,50
ansiedad,egemaps,Baseline_regressor,1.0,OrthogonalMatchingPursuitCV,0.5934423337541557,0.098903742325148,0.001060749750328087,0.7466178740603634,50
ansiedad,egemaps,KD_regressor,0.0,GammaRegressor,0.5934358790045651,0.12667752936753693,0.3584907841061127,0.3556630586160912,50
ansiedad,egemaps,KD_regressor,0.0,TweedieRegressor,0.5930211149002265,0.12694198996569195,0.3582830541087514,0.35167479095475457,50
depresion,5s_opensmile_librosa,KD_regressor,0.0,OrthogonalMatchingPursuitCV,0.5928189410405768,0.1124969241762625,0.3408582808302556,0.5944020849220998,50
depresion,egemaps,KD_regressor,0.0,GaussianProcessRegressor,0.5927801932672746,0.10440159763352087,0.3700690279493136,0.6370249138279823,50
depresion,5s_opensmile_librosa,KD_regressor,0.25,ExtraTreesRegressor,0.592714611467406,0.1173875759459675,0.18698234448661008,0.6849640013250763,50
depresion,egemaps,KD_regressor,0.25,XGBRegressor,0.5919823818699146,0.10546590890797916,0.28850584224920167,0.6775564991634865,50
depresion,egemaps,KD_regressor,0.25,NuSVR,0.5913994560211131,0.10825747701800663,0.28878732855816497,0.6794871922173076,50
ansiedad,egemaps,KD_regressor,0.25,AdaBoostRegressor,0.590638041810466,0.12707927904002034,0.13249582912178132,0.7125945977895207,50
depresion,5s_opensmile_librosa,KD_regressor,0.0,BaggingRegressor,0.5905925710970621,0.10823218340247175,0.3701973142593244,0.6021959552987104,50
ansiedad,egemaps,KD_regressor,0.0,RandomForestRegressor,0.5905640215450343,0.12854608103386211,0.37390091576076406,0.3617942791989222,50
ansiedad,egemaps,KD_regressor,0.0,HuberRegressor,0.5905183086265282,0.11301701016737009,0.37078379066011,0.3848624343747613,50
depresion,egemaps,KD_regressor,0.5,ExtraTreesRegressor,0.5902422431875235,0.11632817977084009,0.05142842068538555,0.7211387104560596,50
ansiedad,egemaps,KD_regressor,0.25,GradientBoostingRegressor,0.5899651508084638,0.11125381086612,0.14095326322697554,0.70614594082835,50
depresion,egemaps,KD_regressor,0.0,PassiveAggressiveRegressor,0.5898844798268023,0.11859227386943434,0.39704660591714847,0.5703115501502621,50
depresion,egemaps,KD_regressor,0.5,GradientBoostingRegressor,0.5895065483965695,0.11339438880909296,0.07035313087482126,0.7189932827279922,50
depresion,egemaps,KD_regressor,0.5,KernelRidge,0.5890976783896188,0.10214529862412212,0.0014452947440696687,0.7226051787427079,50
depresion,egemaps,KD_regressor,0.5,RandomForestRegressor,0.5887031145340236,0.11302346588957722,0.08133435452134588,0.7223851686781141,50
ansiedad,egemaps,KD_regressor,0.0,LarsCV,0.5882599269404438,0.11739868696531448,0.36590354636659134,0.34333716636997524,50
depresion,5s_opensmile_librosa,KD_regressor,0.0,KernelRidge,0.588185319343068,0.11727355623621254,0.0464181972274082,0.7265748117356232,50
depresion,egemaps,Baseline_regressor,1.0,PoissonRegressor,0.5880659948411687,0.13293214473078746,0.0006897571727497198,0.7236712724755283,50
ansiedad,5s_opensmile_librosa,KD_regressor,0.0,GradientBoostingRegressor,0.5879274986450609,0.11060356084215885,0.37043466868516206,0.36177629427749197,50
ansiedad,egemaps,KD_regressor,0.75,AdaBoostRegressor,0.5878719800567711,0.09442726596662547,0.0,0.7466283952336907,50
depresion,5s_opensmile_librosa,KD_regressor,0.25,GammaRegressor,0.5874930149199405,0.1143064670505777,0.17456825865413794,0.6928175094168835,50
ansiedad,egemaps,KD_regressor,0.0,SVR,0.5872758838680081,0.13512975311051192,0.3765644773346563,0.35285231233470354,50
depresion,5s_opensmile_librosa,KD_regressor,0.25,TweedieRegressor,0.5872022800958969,0.11611097143254341,0.1743827107900252,0.6856699037101558,50
depresion,5s_opensmile_librosa,KD_regressor,0.25,XGBRegressor,0.5862979856459698,0.10111277378066223,0.266950845831549,0.6686237035095556,50
depresion,egemaps,Baseline_regressor,1.0,TweedieRegressor,0.5862705837243449,0.13066541108706103,0.000587996097774455,0.7236390010059339,50
ansiedad,5s_opensmile_librosa,KD_regressor,0.0,AdaBoostRegressor,0.5860587545755133,0.11592125192353274,0.3638125891949124,0.3327248980204942,50
depresion,5s_opensmile_librosa,KD_regressor,0.25,RandomForestRegressor,0.5859833865852404,0.11717441826179993,0.21550839431537283,0.6836038752033722,50
ansiedad,5s_opensmile_librosa,KD_regressor,0.0,KernelRidge,0.5857640622065534,0.11010366236211949,0.09133830107012741,0.7365417222871371,50
depresion,egemaps,KD_regressor,0.75,TransformedTargetRegressor,0.5856429645943482,0.10888502448708906,0.007401998776101332,0.7200668466767212,50
depresion,egemaps,KD_regressor,0.75,LinearRegression,0.5856429645943482,0.10888502448708906,0.007401998776101332,0.7200668466767212,50
ansiedad,egemaps,KD_regressor,0.0,PoissonRegressor,0.5855970607217899,0.12276417383148844,0.34863448148233395,0.34465132616636024,50
ansiedad,5s_opensmile_librosa,KD_regressor,0.0,PoissonRegressor,0.5855577987256456,0.11791264137646658,0.356830101603542,0.3448576671909439,50
ansiedad,egemaps,KD_regressor,0.0,OrthogonalMatchingPursuitCV,0.5851772451676054,0.11755590003371048,0.3691759900622186,0.35056474477465266,50
depresion,egemaps,KD_regressor,0.75,Ridge,0.584767837992246,0.10898813870015664,0.007682271976474538,0.7202678964864129,50
depresion,egemaps,KD_regressor,0.75,LassoLarsIC,0.5846661316160732,0.1100695751049488,0.007369831739176103,0.7204913929228206,50
depresion,egemaps,KD_regressor,0.75,GammaRegressor,0.5842862431550127,0.12366822254244698,0.009599026925761603,0.7225024227688291,50
ansiedad,egemaps,KD_regressor,0.25,RandomForestRegressor,0.5840642727580548,0.10552140009583919,0.1449152937235341,0.7135049896015437,50
ansiedad,egemaps,KD_regressor,0.0,KernelRidge,0.583453768385197,0.11442024340444795,0.06953141675357265,0.7373137411287118,50
depresion,egemaps,KD_regressor,0.75,RidgeCV,0.5828844505164184,0.10964305690488962,0.008267698883107433,0.7204071327781867,50
depresion,egemaps,KD_regressor,0.5,KNeighborsRegressor,0.5824758819252356,0.0876090166854847,0.16456647722434586,0.7063993320061164,50
depresion,egemaps,KD_regressor,0.5,HistGradientBoostingRegressor,0.5820683062429368,0.10682620168654387,0.10221175470863895,0.7152140908749874,50
ansiedad,egemaps,KD_regressor,0.0,LassoCV,0.5813016310104231,0.11357496493803185,0.3443144443303776,0.34351720343339365,50
ansiedad,egemaps,KD_regressor,0.0,ElasticNetCV,0.5812938533724897,0.11369716058736505,0.3450206795021494,0.34307716500908936,50
ansiedad,5s_opensmile_librosa,KD_regressor,0.0,HistGradientBoostingRegressor,0.5812136330690246,0.1177393941483086,0.3736075854573451,0.3678327205115505,50
depresion,5s_opensmile_librosa,KD_regressor,0.0,PassiveAggressiveRegressor,0.5802518252050146,0.11301273743743025,0.39404033140871597,0.5647643621769353,50
depresion,egemaps,KD_regressor,0.75,BayesianRidge,0.5800338042606921,0.11243093369997297,0.006886040648562276,0.7211290776036325,50
ansiedad,egemaps,KD_regressor,0.0,XGBRegressor,0.5798711791564927,0.11541695865604147,0.37634430486944653,0.3713314697718865,50
ansiedad,egemaps,KD_regressor,0.5,LarsCV,0.5797083082546801,0.10000037665893151,0.004152335303357948,0.7461025432522996,50
depresion,egemaps,KD_regressor,0.0,MLPRegressor,0.5795607475836101,0.09644351176346316,0.38435285095097177,0.5775935986580203,50
depresion,5s_opensmile_librosa,KD_regressor,0.25,SVR,0.5792987417970736,0.12098574858462693,0.2483592754599113,0.664874158684253,50
depresion,5s_opensmile_librosa,KD_regressor,0.25,NuSVR,0.5786222560708545,0.10651367629524432,0.24859373394477957,0.6666313561137917,50
depresion,5s_opensmile_librosa,KD_regressor,0.25,LarsCV,0.5785715834187144,0.1169660564278216,0.08473004982649161,0.7047838409718302,50
ansiedad,5s_opensmile_librosa,KD_regressor,0.0,ExtraTreesRegressor,0.5784928505194187,0.12846469367387162,0.3666354776249267,0.35591930397018556,50
depresion,egemaps,KD_regressor,0.5,LarsCV,0.5784175057596328,0.1317604195729617,0.003797276169140922,0.724022632432176,50
ansiedad,egemaps,Baseline_regressor,1.0,AdaBoostRegressor,0.578409501438236,0.09172930275315863,0.00013468013468013467,0.7466445895656745,50
ansiedad,egemaps,KD_regressor,0.0,PassiveAggressiveRegressor,0.5781907345570015,0.1356585240821541,0.386576382257575,0.38515479266360764,50
ansiedad,5s_opensmile_librosa,KD_regressor,0.0,PassiveAggressiveRegressor,0.57818176614699,0.10336131770819135,0.38515211896694496,0.37985364566386737,50
depresion,5s_opensmile_librosa,KD_regressor,0.0,LinearSVR,0.5781423473648388,0.10558666834644695,0.3620195524865105,0.5771307794509654,50
depresion,egemaps,KD_regressor,0.25,GaussianProcessRegressor,0.5773943551041915,0.09764918059176118,0.2720187553450543,0.6883143407525012,50
depresion,egemaps,KD_regressor,0.25,SVR,0.5773646425324972,0.11719140113655245,0.28530518183689985,0.6772254104576928,50
depresion,egemaps,KD_regressor,0.75,OrthogonalMatchingPursuit,0.5773004428249906,0.1273801860593433,0.004440293949731099,0.7231959307085432,50
depresion,egemaps,KD_regressor,0.75,AdaBoostRegressor,0.5771898437095838,0.11092440227355502,0.0,0.723962595881794,50
ansiedad,egemaps,KD_regressor,0.0,LinearSVR,0.5770609800472273,0.09156452722795143,0.3752753386282069,0.4016007750188262,50
depresion,egemaps,KD_regressor,0.75,KernelRidge,0.5769077156859058,0.09784498540814736,0.0009522421081743116,0.7228760984821773,50
ansiedad,egemaps,KD_regressor,0.75,LarsCV,0.5765843474171488,0.10018414925121502,0.0004111766213791336,0.7465848614614287,50
depresion,egemaps,KD_regressor,0.25,OrthogonalMatchingPursuitCV,0.5760941952174138,0.11260492399291402,0.1213410766833594,0.6926112752268284,50
ansiedad,egemaps,KD_regressor,0.25,RidgeCV,0.5760781974571845,0.1013773787979832,0.13323472139018844,0.699010965130382,50
ansiedad,egemaps,KD_regressor,0.25,Ridge,0.5759397935017574,0.10016843053423984,0.13506924856816668,0.6972486848969698,50
depresion,5s_opensmile_librosa,KD_regressor,0.25,LassoLarsIC,0.5757526267142871,0.11505306910568405,0.26351725533973946,0.6574029843493342,50
depresion,egemaps,Baseline_regressor,1.0,TransformedTargetRegressor,0.5756537890973827,0.10699452322347078,0.0036038608298872106,0.721559064371558,50
depresion,egemaps,Baseline_regressor,1.0,LinearRegression,0.5756537890973827,0.10699452322347078,0.0036038608298872106,0.721559064371558,50
depresion,5s_opensmile_librosa,KD_regressor,0.25,Ridge,0.5754324534988965,0.11560544863155696,0.2740054088630416,0.6564380762019342,50
depresion,egemaps,KD_regressor,0.25,ElasticNetCV,0.5753490793957305,0.12408952848008248,0.09755219864884322,0.7042957790786211,50
depresion,5s_opensmile_librosa,KD_regressor,0.25,TransformedTargetRegressor,0.5752728409978941,0.11553492922371321,0.27441565447199484,0.6559784330469363,50
depresion,5s_opensmile_librosa,KD_regressor,0.25,LinearRegression,0.5752728409978941,0.11553492922371321,0.27441565447199484,0.6559784330469363,50
depresion,egemaps,Baseline_regressor,1.0,HuberRegressor,0.575190255958606,0.11191248839024252,0.002939554605630072,0.7224919579632872,50
ansiedad,egemaps,KD_regressor,0.25,LinearRegression,0.575104437775267,0.09961224985854596,0.13551251287839508,0.6963069298478388,50
ansiedad,egemaps,KD_regressor,0.25,TransformedTargetRegressor,0.575104437775267,0.09961224985854596,0.13551251287839508,0.6963069298478388,50
depresion,5s_opensmile_librosa,KD_regressor,0.25,RidgeCV,0.575099046060305,0.11602522897560183,0.27230875652444536,0.6586304465661721,50
ansiedad,egemaps,KD_regressor,0.0,LassoLarsCV,0.57508299230594,0.11251350483118168,0.34218780357267725,0.343882005507454,50
depresion,egemaps,KD_regressor,0.25,LassoCV,0.5749133655737999,0.12343296840245453,0.095532526058874,0.7034923703612634,50
ansiedad,egemaps,KD_regressor,0.0,BaggingRegressor,0.574876909065715,0.11490727878603084,0.3741274818586019,0.3651490579124813,50
depresion,5s_opensmile_librosa,KD_regressor,0.25,BayesianRidge,0.5748401455922204,0.11653828601580764,0.25960737782557225,0.6601783261310387,50
depresion,5s_opensmile_librosa,KD_regressor,0.25,SGDRegressor,0.5747786950025213,0.11302775530493794,0.2779498271435743,0.6520800592236826,50
depresion,egemaps,Baseline_regressor,1.0,Ridge,0.5745603861956002,0.10724684739639227,0.0036239790243064785,0.7217345025607307,50
ansiedad,egemaps,KD_regressor,0.25,HistGradientBoostingRegressor,0.5743062729741976,0.10382297905872606,0.16406963597833754,0.6949256170261673,50
depresion,egemaps,KD_regressor,0.75,KNeighborsRegressor,0.5740453297417502,0.08440531199658308,0.07315592139979983,0.7203490182600603,50
ansiedad,egemaps,KD_regressor,0.25,BayesianRidge,0.5740228419455687,0.1042891742653455,0.12587071824839605,0.7033279579615129,50
ansiedad,egemaps,KD_regressor,0.25,GammaRegressor,0.5738358167600786,0.11070752296648771,0.056679777033456,0.7323772408249417,50
ansiedad,egemaps,KD_regressor,0.25,LassoLarsIC,0.5737253300641383,0.10100184266290956,0.13295435458483829,0.6981385611093917,50
ansiedad,5s_opensmile_librosa,KD_regressor,0.0,SVR,0.5736779234521964,0.130396011558621,0.37506958609799873,0.33605505499293736,50
depresion,egemaps,Baseline_regressor,1.0,LassoLarsIC,0.5736498086458175,0.10877621134428608,0.0033404585249791614,0.7218301504007532,50
ansiedad,egemaps,KD_regressor,0.25,OrthogonalMatchingPursuit,0.5736045295186785,0.09965875448127273,0.0985163705497444,0.7138250145202523,50
depresion,egemaps,KD_regressor,0.5,BaggingRegressor,0.5727305453972124,0.0928525807686376,0.11739555462006099,0.7183344135947038,50
ansiedad,egemaps,KD_regressor,0.25,TweedieRegressor,0.5723618927930837,0.1103816724355299,0.048164105363001836,0.7335954585122693,50
depresion,egemaps,Baseline_regressor,1.0,RidgeCV,0.5720996023811415,0.10824461211830612,0.00365340171302186,0.7219240841479566,50
depresion,egemaps,KD_regressor,0.25,MLPRegressor,0.5719104491911209,0.10007952951868518,0.3096940688866556,0.6415104938529567,50
ansiedad,egemaps,Baseline_regressor,1.0,LarsCV,0.571897832164293,0.09654492764904558,0.0002072538860103627,0.7464628691022388,50
ansiedad,5s_opensmile_librosa,KD_regressor,0.0,RandomForestRegressor,0.5716254836354018,0.1186849443878955,0.3681713521604836,0.35533907052938374,50
ansiedad,egemaps,KD_regressor,0.25,ExtraTreesRegressor,0.5715083743093178,0.1146051803448341,0.1232056684129611,0.713261419359994,50
depresion,5s_opensmile_librosa,KD_regressor,0.75,AdaBoostRegressor,0.5714396205676123,0.10860976132681122,0.0,0.723962595881794,50
depresion,5s_opensmile_librosa,KD_regressor,0.25,OrthogonalMatchingPursuitCV,0.5712930786519924,0.12002352262303696,0.16869814000322159,0.6857805647328604,50
ansiedad,5s_opensmile_librosa,KD_regressor,0.0,OrthogonalMatchingPursuitCV,0.5709436541637377,0.11955066453846187,0.36830192304918685,0.3500553950002489,50
depresion,5s_opensmile_librosa,KD_regressor,0.5,GradientBoostingRegressor,0.5707892902715443,0.11065576661391778,0.06496383331278846,0.7157898957360654,50
ansiedad,5s_opensmile_librosa,KD_regressor,0.0,NuSVR,0.5698710310154095,0.13104053921055805,0.37244894211447394,0.36744787788231775,50
depresion,5s_opensmile_librosa,KD_regressor,0.5,PoissonRegressor,0.5693877938576517,0.11764272315937524,0.00432881152673602,0.7223212404158977,50
depresion,egemaps,Baseline_regressor,1.0,BayesianRidge,0.568827424495922,0.11159288847791317,0.0030313189227578283,0.7225590366321516,50
ansiedad,egemaps,KD_regressor,0.25,HuberRegressor,0.5685808401735163,0.10037616988603484,0.12035656077652915,0.7015106147005823,50
depresion,5s_opensmile_librosa,KD_regressor,0.25,OrthogonalMatchingPursuit,0.5683022261942157,0.11206050591232138,0.23028861190724817,0.6599870367314543,50
depresion,5s_opensmile_librosa,KD_regressor,0.5,HistGradientBoostingRegressor,0.5682740479852773,0.10572735737426818,0.07161640567930105,0.71056971239167,50
depresion,5s_opensmile_librosa,KD_regressor,0.0,KNeighborsRegressor,0.5682056222766035,0.10511357277361189,0.35313763935144055,0.586079013580851,50
ansiedad,egemaps,KD_regressor,0.5,GradientBoostingRegressor,0.5680743688371647,0.09470233185058696,0.008497335216388461,0.7439113572405904,50
depresion,egemaps,Baseline_regressor,1.0,KernelRidge,0.5680191004619097,0.09486472578003065,0.0006269619828941863,0.7229826826975024,50
depresion,egemaps,KD_regressor,0.75,GradientBoostingRegressor,0.5679889162208819,0.10539103218024723,0.0049305032585448974,0.7224624725282003,50
depresion,egemaps,KD_regressor,0.5,XGBRegressor,0.5679231875089835,0.09398039395605681,0.14301772902082557,0.7109494894539301,50
depresion,5s_opensmile_librosa,KD_regressor,0.25,HuberRegressor,0.5677932488451869,0.11334028513761557,0.26546560434027083,0.6567052235161485,50
ansiedad,egemaps,KD_regressor,0.5,LinearSVR,0.5670229645662794,0.09698765344977535,0.004902452913144961,0.7457268372996798,50
ansiedad,egemaps,KD_regressor,0.25,BaggingRegressor,0.5669167324077469,0.09036090796271364,0.18562177719303755,0.6991458860244952,50
ansiedad,egemaps,KD_regressor,0.25,PassiveAggressiveRegressor,0.566434286416854,0.08915663016983356,0.2507630672629057,0.6563817144082331,50
ansiedad,5s_opensmile_librosa,KD_regressor,0.0,XGBRegressor,0.5661141784293131,0.10216281312904481,0.3742475412191769,0.36987343479978885,50
ansiedad,5s_opensmile_librosa,KD_regressor,0.0,LinearSVR,0.5660887763098926,0.11488359629784609,0.37296037932989584,0.4138680647319021,50
ansiedad,egemaps,KD_regressor,0.0,NuSVR,0.5656846114323981,0.11906446889338398,0.37495519752354695,0.3724957323366626,50
depresion,5s_opensmile_librosa,KD_regressor,0.25,BaggingRegressor,0.565190355199137,0.10560672407833777,0.242502462301362,0.6710653014833388,50
depresion,egemaps,Baseline_regressor,1.0,OrthogonalMatchingPursuit,0.5639596793269586,0.12364321944306905,0.003199242806718236,0.7238305086615514,50
depresion,egemaps,KD_regressor,0.75,ExtraTreesRegressor,0.5638073142119313,0.11287902573857038,0.002882936569493679,0.7237919432227587,50
depresion,egemaps,KD_regressor,0.0,ExtraTreeRegressor,0.5636673388981993,0.0628593180052139,0.3751089199972942,0.5895229431137228,50
ansiedad,egemaps,KD_regressor,0.0,GaussianProcessRegressor,0.5627531164452513,0.10146295058444589,0.3684926121315948,0.4059117428255409,50
depresion,5s_opensmile_librosa,KD_regressor,0.5,ExtraTreesRegressor,0.5626916481405975,0.11019421144246998,0.013738364193477251,0.7190176452626511,50
depresion,5s_opensmile_librosa,KD_regressor,0.25,LinearSVR,0.5624454861768926,0.1257532399497525,0.2751922845346003,0.6459057859236299,50
depresion,5s_opensmile_librosa,KD_regressor,0.25,LassoLarsCV,0.5624441355526588,0.12143420653430746,0.090087797035452,0.68993389888466,50
ansiedad,egemaps,KD_regressor,0.25,PoissonRegressor,0.5619484613510223,0.1141802001632669,0.014076787763969905,0.741802687172313,50
depresion,egemaps,KD_regressor,0.75,RandomForestRegressor,0.5619378264152989,0.114467738471272,0.014012125887540687,0.7237225384055206,50
depresion,egemaps,KD_regressor,0.25,LassoLarsCV,0.5615757933554822,0.11636991979387427,0.0866068014098428,0.7038436131712794,50
ansiedad,egemaps,KD_regressor,0.5,RandomForestRegressor,0.5614272664576437,0.0982824547334194,0.009826285230203345,0.7441542864581231,50
ansiedad,egemaps,KD_regressor,0.25,LassoCV,0.5600519375348915,0.09680398776666052,0.02648668988459946,0.7344015424691708,50
ansiedad,egemaps,KD_regressor,0.25,ElasticNetCV,0.5599774743382898,0.09683026027604102,0.02636967778962158,0.734445281800518,50
depresion,5s_opensmile_librosa,KD_regressor,0.25,ElasticNetCV,0.5596217195347906,0.119509590778695,0.08579921433046074,0.6903576839874996,50
depresion,5s_opensmile_librosa,KD_regressor,0.25,LassoCV,0.5596138871880345,0.12037926345510146,0.08872540210098387,0.6901566532202864,50
depresion,egemaps,KD_regressor,0.25,PassiveAggressiveRegressor,0.559390948835502,0.10592128072654161,0.309455825240896,0.6220430063673202,50
ansiedad,egemaps,KD_regressor,0.0,KNeighborsRegressor,0.5591441013266781,0.10074782870211495,0.3783504465175646,0.364117585659804,50
depresion,5s_opensmile_librosa,KD_regressor,0.5,GammaRegressor,0.5591083163130692,0.1112825065384167,0.040104360323598855,0.7182488382648011,50
depresion,5s_opensmile_librosa,KD_regressor,0.5,LinearSVR,0.5589330803082612,0.1222400443967692,0.09419387824163915,0.705738956905084,50
depresion,5s_opensmile_librosa,KD_regressor,0.5,LarsCV,0.5584988865069299,0.12212750937904848,0.018195886568326724,0.7144872028519537,50
depresion,egemaps,KD_regressor,0.0,DecisionTreeRegressor,0.5584623545585504,0.0719837875116827,0.3727271163103419,0.5859129673372743,50
ansiedad,5s_opensmile_librosa,KD_regressor,0.0,BaggingRegressor,0.5581232942429825,0.09432893014800842,0.3726242841160778,0.3612743557283964,50
depresion,egemaps,KD_regressor,0.75,HistGradientBoostingRegressor,0.5575992509921271,0.09824155355640557,0.02404310988511358,0.721854739375994,50
depresion,egemaps,KD_regressor,0.5,MLPRegressor,0.5572755542043017,0.0969631742563179,0.1854423846009192,0.695064619490616,50
depresion,egemaps,KD_regressor,0.5,NuSVR,0.5569038463473097,0.10444952864142021,0.12515618463996087,0.7109610208563485,50
depresion,egemaps,KD_regressor,0.5,DecisionTreeRegressor,0.5568697697114995,0.06609246722854524,0.3106346596863336,0.616761843615181,50
depresion,5s_opensmile_librosa,KD_regressor,0.5,NuSVR,0.5567255544610952,0.09677272802632442,0.06101025731786787,0.7122827149901851,50
depresion,egemaps,KD_regressor,0.5,GaussianProcessRegressor,0.5562032769302074,0.08943454693515944,0.12393133088789014,0.7187822714357546,50
depresion,egemaps,KD_regressor,0.75,LarsCV,0.5561732521475857,0.11871299974359188,0.016336314007840115,0.715280300868369,50
depresion,egemaps,Baseline_regressor,1.0,AdaBoostRegressor,0.5561546351968658,0.10735418467902638,0.0,0.723962595881794,50
ansiedad,egemaps,KD_regressor,0.75,GradientBoostingRegressor,0.5560673661289204,0.09089149221897146,0.0009330505008477558,0.7463986987317435,50
depresion,5s_opensmile_librosa,KD_regressor,0.25,KernelRidge,0.5559611074129353,0.11187985461188714,0.02031131257017181,0.7240661392503768,50
depresion,5s_opensmile_librosa,KD_regressor,0.5,RandomForestRegressor,0.5556487039896528,0.11361218958299382,0.03579210099835835,0.7151490471754514,50
ansiedad,egemaps,KD_regressor,0.25,XGBRegressor,0.5545407770579258,0.09298000586402817,0.18530840851897515,0.6815520141244701,50
depresion,egemaps,KD_regressor,0.75,BaggingRegressor,0.5541385283681983,0.09841474814605278,0.034767970312547955,0.7233208150407875,50
depresion,5s_opensmile_librosa,KD_regressor,0.5,XGBRegressor,0.5536056228163664,0.09615116252935513,0.10392852956328959,0.7050814908384094,50
depresion,5s_opensmile_librosa,KD_regressor,0.5,TweedieRegressor,0.5530625884983896,0.11873078874742961,0.005880363578441654,0.7210984823772641,50
depresion,egemaps,KD_regressor,0.25,DecisionTreeRegressor,0.5529060043267887,0.05790648916887189,0.32230881795761573,0.6154385079559362,50
ansiedad,egemaps,KD_regressor,0.75,RandomForestRegressor,0.552457004052373,0.10017265729147126,0.000740882897087358,0.7463786009654534,50
depresion,5s_opensmile_librosa,KD_regressor,0.5,SVR,0.5522051821972532,0.10692990796566484,0.05588152954303228,0.7135593465391031,50
ansiedad,5s_opensmile_librosa,KD_regressor,0.0,KNeighborsRegressor,0.5519464303499838,0.09087501811432906,0.37669880429412145,0.36147608301995476,50
depresion,5s_opensmile_librosa,KD_regressor,0.0,GaussianProcessRegressor,0.5517995906171584,0.06218800043436591,0.0,0.723962595881794,50
depresion,egemaps,KD_regressor,0.25,ExtraTreeRegressor,0.5517878807306964,0.06308901370208835,0.3225249352970362,0.6126638425947908,50
ansiedad,egemaps,KD_regressor,0.0,MLPRegressor,0.5516913783489658,0.08980834335920879,0.3805380737308193,0.4078309941226223,50
ansiedad,egemaps,KD_regressor,0.25,KernelRidge,0.5515677015194643,0.09518416473028576,0.002399311086448221,0.7463929738331275,50
depresion,5s_opensmile_librosa,KD_regressor,0.25,GaussianProcessRegressor,0.5509050319982547,0.06249500231114635,0.0,0.723962595881794,50
depresion,egemaps,Baseline_regressor,1.0,KNeighborsRegressor,0.5508226542644171,0.08017669199157514,0.07263645327591453,0.7203581962564704,50
depresion,egemaps,KD_regressor,0.5,OrthogonalMatchingPursuitCV,0.5507872001345352,0.11988612308644565,0.007826848874420127,0.7219025415249898,50
depresion,5s_opensmile_librosa,KD_regressor,0.5,GaussianProcessRegressor,0.5503397292593846,0.06290700796637991,0.0,0.723962595881794,50
depresion,5s_opensmile_librosa,KD_regressor,0.75,GaussianProcessRegressor,0.549717078956868,0.06354663064113789,0.0,0.723962595881794,50
depresion,egemaps,KD_regressor,0.5,ExtraTreeRegressor,0.5496234403891334,0.0527777966212436,0.29948924490027584,0.6107213714116575,50
depresion,5s_opensmile_librosa,KD_regressor,0.25,KNeighborsRegressor,0.5495164392195295,0.09359311933898647,0.2689542644438142,0.6505829503251165,50
ansiedad,5s_opensmile_librosa,KD_regressor,0.0,LarsCV,0.5490505229802098,0.11429519454277594,0.35046921030979916,0.34303655132951943,50
ansiedad,5s_opensmile_librosa,KD_regressor,0.0,LassoCV,0.5487884480071553,0.10979554876512287,0.3528061807323441,0.34341699253662383,50
depresion,5s_opensmile_librosa,KD_regressor,0.0,RANSACRegressor,0.5486867453491426,0.08683007356358094,0.3750102542669751,0.5475116484994583,50
ansiedad,5s_opensmile_librosa,KD_regressor,0.0,ElasticNetCV,0.5486717298575049,0.11004347924630789,0.3526873677953546,0.34321399177468365,50
depresion,5s_opensmile_librosa,KD_regressor,0.5,OrthogonalMatchingPursuitCV,0.54857058648494,0.10160143111387081,0.002778402829750712,0.7212300185545278,50
ansiedad,egemaps,KD_regressor,0.25,LinearSVR,0.5485011049842918,0.11327288939213287,0.1240880655792362,0.6963780756987241,50
ansiedad,egemaps,Baseline_regressor,1.0,GradientBoostingRegressor,0.5480851027574206,0.09273178383278761,0.0,0.7464827360409434,50
ansiedad,egemaps,KD_regressor,0.5,HistGradientBoostingRegressor,0.5480644800629344,0.09204673746663562,0.019280170717284627,0.739446736636878,50
depresion,egemaps,Baseline_regressor,1.0,LarsCV,0.5480168292397087,0.12826836972784347,0.004227297061256452,0.7221122435683729,50
ansiedad,egemaps,KD_regressor,0.5,BaggingRegressor,0.5478449037544214,0.0819600039727526,0.01703722932645988,0.7397313842499392,50
depresion,egemaps,KD_regressor,0.5,SVR,0.547434557250931,0.10505230426247063,0.12545601250982621,0.7122516189662373,50
depresion,5s_opensmile_librosa,KD_regressor,0.75,PoissonRegressor,0.5470811565408209,0.11945670271624974,0.00032053105737316263,0.723501287571767,50
ansiedad,egemaps,KD_regressor,0.25,LassoLarsCV,0.5468254110475341,0.09493988907748735,0.024128457209183645,0.7346771330724227,50
ansiedad,egemaps,KD_regressor,0.5,GammaRegressor,0.5463281157545177,0.10312123335115704,0.005381623398149396,0.7457401140616774,50
depresion,5s_opensmile_librosa,KD_regressor,0.5,Ridge,0.5458609306839302,0.11499714878041453,0.11966946424767448,0.7119589910086929,50
depresion,egemaps,Baseline_regressor,1.0,GradientBoostingRegressor,0.5458077428636086,0.1019308351534326,0.0008605569620225103,0.72350774900638,50
depresion,5s_opensmile_librosa,KD_regressor,0.5,TransformedTargetRegressor,0.5457705171834215,0.11491653116968016,0.12061389225134514,0.7116488346835067,50
depresion,5s_opensmile_librosa,KD_regressor,0.5,LinearRegression,0.5457705171834215,0.11491653116968016,0.12061389225134514,0.7116488346835067,50
ansiedad,egemaps,KD_regressor,0.5,ExtraTreesRegressor,0.5455575750984245,0.10345753281325848,0.003508513037729385,0.7448321973025473,50
depresion,5s_opensmile_librosa,KD_regressor,0.75,HistGradientBoostingRegressor,0.5454830146805383,0.10715640629131291,0.012165186870469686,0.7220888429781411,50
depresion,egemaps,Baseline_regressor,1.0,ExtraTreesRegressor,0.5450857635428875,0.11262800781928145,0.0,0.723962595881794,50
ansiedad,5s_opensmile_librosa,KD_regressor,0.0,LassoLarsCV,0.5445564730714724,0.10903424117634108,0.35291969849977844,0.34366707221377923,50
depresion,5s_opensmile_librosa,KD_regressor,0.5,RidgeCV,0.544206261127582,0.11507033146994744,0.11265090273166967,0.7122277087092093,50
depresion,5s_opensmile_librosa,KD_regressor,0.25,PassiveAggressiveRegressor,0.543731589232673,0.1190306890233276,0.30169230576558925,0.6164589006837361,50
depresion,5s_opensmile_librosa,KD_regressor,0.5,LassoLarsIC,0.5435399221478896,0.11578616714736477,0.10667844595669504,0.7131421975050202,50
depresion,egemaps,KD_regressor,0.5,PassiveAggressiveRegressor,0.5434408441049899,0.10259064618640976,0.20376447776523546,0.6642702116180356,50
depresion,egemaps,KD_regressor,0.75,DecisionTreeRegressor,0.5433842989033532,0.06282616047398154,0.2856075354471398,0.608625705399261,50
depresion,5s_opensmile_librosa,Baseline_regressor,1.0,GaussianProcessRegressor,0.5433357792816362,0.0720588884987433,0.0,0.723962595881794,50
depresion,egemaps,KD_regressor,0.75,XGBRegressor,0.5431981819226496,0.09049239292061174,0.05066397626858864,0.7208988933048543,50
ansiedad,egemaps,KD_regressor,0.5,OrthogonalMatchingPursuit,0.5430652533866378,0.09632883002303892,0.004145094402561313,0.7457575417929994,50
ansiedad,egemaps,KD_regressor,0.0,ExtraTreeRegressor,0.5426120390551186,0.06739614382720614,0.3784746281873639,0.40274986994994694,50
depresion,5s_opensmile_librosa,KD_regressor,0.5,BayesianRidge,0.5425991435066183,0.11637269350021529,0.0879080591974456,0.7135528470200363,50
depresion,5s_opensmile_librosa,KD_regressor,0.75,NuSVR,0.5425961806868745,0.09644391827970113,0.006783529408618365,0.7208231527568358,50
depresion,egemaps,KD_regressor,0.0,RANSACRegressor,0.5424264797358916,0.06639284051252245,0.38128468005360133,0.5310237359436606,50
ansiedad,egemaps,KD_regressor,0.25,DecisionTreeRegressor,0.5423048270942575,0.05530065774822292,0.2909154465117078,0.6176300538979081,50
ansiedad,egemaps,KD_regressor,0.75,BaggingRegressor,0.5422063449747621,0.08983427454060376,0.00516043195595396,0.7452701302324348,50
depresion,5s_opensmile_librosa,KD_regressor,0.5,SGDRegressor,0.5421912129610357,0.11253966946377175,0.11303543874082035,0.7072009632901073,50
depresion,5s_opensmile_librosa,KD_regressor,0.25,DecisionTreeRegressor,0.5417520800656447,0.06719458568033881,0.3223196975963809,0.6047693238585669,50
ansiedad,egemaps,KD_regressor,0.5,TweedieRegressor,0.541526854604523,0.10210389788014121,0.0010025799349668249,0.7460518986758018,50
depresion,5s_opensmile_librosa,KD_regressor,0.75,LarsCV,0.5412600230772816,0.11516382505447133,0.009979628137277522,0.7224922962373406,50
ansiedad,5s_opensmile_librosa,KD_regressor,0.0,ExtraTreeRegressor,0.5408920224623748,0.06768681416247954,0.37627750484100786,0.3997102515885591,50
depresion,5s_opensmile_librosa,KD_regressor,0.5,BaggingRegressor,0.540691272569531,0.09607477627244951,0.06653435771613225,0.7098668678848544,50
depresion,5s_opensmile_librosa,KD_regressor,0.75,PassiveAggressiveRegressor,0.5406036955274558,0.11965769877820691,0.13833235900682112,0.7027523792555214,50
depresion,5s_opensmile_librosa,KD_regressor,0.5,HuberRegressor,0.5405370529680091,0.11581220570095259,0.09680411109596739,0.709733374250726,50
ansiedad,egemaps,KD_regressor,0.5,HuberRegressor,0.5405275428893053,0.09637981089636863,0.004858550394354314,0.7454525508072407,50
ansiedad,egemaps,KD_regressor,0.0,DecisionTreeRegressor,0.5401861947715465,0.07773919273936143,0.3698879746296773,0.3960363971851876,50
depresion,5s_opensmile_librosa,Baseline_regressor,1.0,LarsCV,0.5401778703614584,0.11977353511818,0.009380690017648163,0.7150189618309348,50
ansiedad,egemaps,Baseline_regressor,1.0,RandomForestRegressor,0.5398501066243806,0.10069800878692729,0.0,0.7466445895656745,50
depresion,egemaps,KD_regressor,0.25,RANSACRegressor,0.5395933041421561,0.07867093578646964,0.3543009343156248,0.5655279398035167,50
depresion,egemaps,KD_regressor,0.75,GaussianProcessRegressor,0.5395218456125921,0.08475209438782928,0.036609898065355855,0.7229186191030837,50
depresion,egemaps,Baseline_regressor,1.0,HistGradientBoostingRegressor,0.5393946658019121,0.09596603148725677,0.003381859062503083,0.7229318905491983,50
ansiedad,egemaps,KD_regressor,0.75,HistGradientBoostingRegressor,0.5393046096848247,0.09338420902238921,0.004615818671497201,0.7438889654552057,50
depresion,egemaps,KD_regressor,0.75,MLPRegressor,0.539134230036597,0.09201474811194904,0.09193878897092606,0.7099820111602889,50
depresion,5s_opensmile_librosa,KD_regressor,0.5,OrthogonalMatchingPursuit,0.539097300096608,0.11978568522464543,0.0531865796609532,0.7152813644564566,50
depresion,5s_opensmile_librosa,KD_regressor,0.75,GradientBoostingRegressor,0.5386755618212602,0.11007531453716073,0.005382407711104159,0.7229986069007848,50
depresion,5s_opensmile_librosa,KD_regressor,0.25,RANSACRegressor,0.5382874269614526,0.071393087197993,0.3414959216504167,0.5761627584623079,50
depresion,5s_opensmile_librosa,KD_regressor,0.75,GammaRegressor,0.5377533082948917,0.11063145366183699,0.019000784135368116,0.7213990459307077,50
depresion,egemaps,Baseline_regressor,1.0,RandomForestRegressor,0.5375559376267004,0.11580889908262904,0.00020942408376963353,0.7239450993416006,50
depresion,5s_opensmile_librosa,KD_regressor,0.0,ExtraTreeRegressor,0.5374754541974514,0.0633637453328275,0.3520444821915298,0.5706373403582549,50
ansiedad,egemaps,KD_regressor,0.75,HuberRegressor,0.5373515541470723,0.09548587442597908,0.0002072538860103627,0.7465501032529541,50
ansiedad,egemaps,KD_regressor,0.5,Ridge,0.537154955073564,0.08786450521190907,0.012340248188437979,0.743864024201976,50
ansiedad,egemaps,KD_regressor,0.5,RidgeCV,0.5369239558768651,0.08970095611573735,0.011633055026616155,0.7439877876991617,50
depresion,5s_opensmile_librosa,KD_regressor,0.5,PassiveAggressiveRegressor,0.5367912822057999,0.11899103131062401,0.21115143489634922,0.6797010823463566,50
ansiedad,egemaps,KD_regressor,0.5,BayesianRidge,0.5367498559720255,0.09382870664794693,0.0088650491162907,0.7448074039209832,50
depresion,5s_opensmile_librosa,KD_regressor,0.5,DecisionTreeRegressor,0.5365921074703298,0.06471936281622064,0.2758757817798442,0.6030561785025674,50
ansiedad,egemaps,KD_regressor,0.5,XGBRegressor,0.5365330494731504,0.08329802039818748,0.034152925356556195,0.7332830541204193,50
depresion,egemaps,KD_regressor,0.75,ExtraTreeRegressor,0.536469885957809,0.06047916335188373,0.2895776843719283,0.6040658492397823,50
depresion,5s_opensmile_librosa,KD_regressor,0.75,ExtraTreesRegressor,0.5361763481347317,0.10678249284355901,0.00013157894736842105,0.7237012214789147,50
ansiedad,egemaps,KD_regressor,0.5,LinearRegression,0.5357381202717698,0.08691413918762476,0.012547821283271412,0.743878871111906,50
ansiedad,egemaps,KD_regressor,0.5,TransformedTargetRegressor,0.5357381202717698,0.08691413918762476,0.012547821283271412,0.743878871111906,50
depresion,5s_opensmile_librosa,KD_regressor,0.0,DecisionTreeRegressor,0.5356604257194142,0.06571408229560718,0.3471894775923984,0.5741256717644946,50
depresion,5s_opensmile_librosa,KD_regressor,0.75,LinearSVR,0.5356001355692429,0.12319097613248127,0.015670447271937813,0.7195498415092675,50
ansiedad,egemaps,KD_regressor,0.75,LinearSVR,0.5352317733919755,0.09535507904330641,0.00037591564034452225,0.7465220780703485,50
ansiedad,egemaps,KD_regressor,0.5,LassoLarsIC,0.5348215647910574,0.08711161167720735,0.011998765226753328,0.7440757558254565,50
ansiedad,egemaps,KD_regressor,0.25,ExtraTreeRegressor,0.5346320454709997,0.053917891902993884,0.28479738504330643,0.6129370503761191,50
depresion,5s_opensmile_librosa,KD_regressor,0.75,SVR,0.5345740624548435,0.10415762925611037,0.004294943555511123,0.721335685549413,50
depresion,5s_opensmile_librosa,Baseline_regressor,1.0,LinearSVR,0.5343790399196198,0.11743806824700624,0.003899387948391457,0.7210982312994696,50
depresion,egemaps,Baseline_regressor,1.0,MLPRegressor,0.5343635271468075,0.08635595461267818,0.05863974562802201,0.7141934130974409,50
depresion,egemaps,KD_regressor,0.75,PassiveAggressiveRegressor,0.5334619780748482,0.09848755000187193,0.13372237691787242,0.6863539797989324,50
depresion,5s_opensmile_librosa,KD_regressor,0.25,ExtraTreeRegressor,0.5333766661420345,0.05286927357570402,0.3059111744285084,0.604644227678483,50
depresion,5s_opensmile_librosa,Baseline_regressor,1.0,NuSVR,0.5331181476599405,0.1021759549086901,0.0011289393907244177,0.7223092209427171,50
depresion,5s_opensmile_librosa,KD_regressor,0.5,KernelRidge,0.5324937152273176,0.11092179440177366,0.0017074265656085216,0.7234122652072051,50
ansiedad,egemaps,KD_regressor,0.25,KNeighborsRegressor,0.5322662216624724,0.07623093354203629,0.19727038576186665,0.6733290346804143,50
depresion,5s_opensmile_librosa,KD_regressor,0.75,XGBRegressor,0.5321823507052246,0.09569106984285264,0.02624440701350867,0.7179813025975637,50
depresion,5s_opensmile_librosa,Baseline_regressor,1.0,AdaBoostRegressor,0.5312732572923532,0.10498657087922249,0.0,0.723962595881794,50
depresion,5s_opensmile_librosa,KD_regressor,0.75,OrthogonalMatchingPursuitCV,0.5308516271047402,0.11662030942195291,0.0,0.7238558095390466,50
depresion,5s_opensmile_librosa,KD_regressor,0.5,KNeighborsRegressor,0.5305258642423349,0.0810731744221283,0.14119638029061393,0.6937695484017903,50
ansiedad,egemaps,KD_regressor,0.75,OrthogonalMatchingPursuit,0.530525765169453,0.09532801339713672,0.0015904347306103094,0.7460889571470798,50
depresion,egemaps,KD_regressor,0.75,NuSVR,0.5302938287190652,0.10218944893516685,0.04018515666759342,0.7185397686429826,50
ansiedad,egemaps,KD_regressor,0.75,GammaRegressor,0.5302251762080854,0.10174183539381469,0.004266368492588058,0.745629943538313,50
ansiedad,egemaps,KD_regressor,0.5,LassoCV,0.5302051520806994,0.0761528634471374,0.00020942408376963353,0.7466445895656745,50
depresion,5s_opensmile_librosa,KD_regressor,0.5,ElasticNetCV,0.5301632926456351,0.09525337167946414,0.0,0.7237526549687869,50
ansiedad,egemaps,KD_regressor,0.5,ElasticNetCV,0.5301411548849587,0.07620800593332369,0.0,0.7466256322197029,50
depresion,5s_opensmile_librosa,Baseline_regressor,1.0,PoissonRegressor,0.5300093367358926,0.12025370523065117,0.0,0.7235440866058616,50
ansiedad,egemaps,KD_regressor,0.5,PoissonRegressor,0.5297788884337169,0.10745949529909675,0.0,0.7462964880521216,50
ansiedad,egemaps,KD_regressor,0.5,DecisionTreeRegressor,0.5297349894361885,0.04473704373202217,0.2676263698282744,0.6207526369536479,50
depresion,5s_opensmile_librosa,KD_regressor,0.75,DecisionTreeRegressor,0.5295440376486252,0.0604382608552318,0.2761062608827894,0.595781986390539,50
depresion,5s_opensmile_librosa,KD_regressor,0.5,ExtraTreeRegressor,0.529322261967755,0.054158859663625554,0.277129765367164,0.6020205831170603,50
depresion,egemaps,Baseline_regressor,1.0,BaggingRegressor,0.5291966611629767,0.09048178269747982,0.013300302816434278,0.7234620677469877,50
ansiedad,egemaps,KD_regressor,0.25,NuSVR,0.5291887241041934,0.09555336011613261,0.16802669224848008,0.6775584319675836,50
ansiedad,egemaps,KD_regressor,0.75,ExtraTreesRegressor,0.5290145850640825,0.10333639678190788,0.00023952095808383236,0.7465602269524241,50
ansiedad,5s_opensmile_librosa,KD_regressor,0.0,DecisionTreeRegressor,0.5285451635151527,0.06966063608681256,0.3702291251757298,0.39480223531062597,50
ansiedad,egemaps,KD_regressor,0.75,DecisionTreeRegressor,0.5285093065520167,0.04752779852358544,0.2655744866788788,0.6261322754464693,50
depresion,5s_opensmile_librosa,KD_regressor,0.75,TweedieRegressor,0.5282559777106353,0.12168956847754925,0.0,0.7237803546254171,50
depresion,egemaps,KD_regressor,0.75,OrthogonalMatchingPursuitCV,0.5278416913219758,0.11782103066840106,0.0025655288864417734,0.7239280077957412,50
depresion,egemaps,Baseline_regressor,1.0,GaussianProcessRegressor,0.5277371620221787,0.08246770431659622,0.015218890283754411,0.7235661408978552,50
depresion,5s_opensmile_librosa,Baseline_regressor,1.0,SVR,0.5276121437799712,0.10588010250542136,0.0007252069469242007,0.722627208924466,50
ansiedad,egemaps,Baseline_regressor,1.0,BaggingRegressor,0.5275258330771897,0.08598842576058753,0.002613954086370674,0.7457003580386801,50
ansiedad,egemaps,Baseline_regressor,1.0,HistGradientBoostingRegressor,0.527397717429001,0.0914572025268099,0.001164255241808336,0.7450079343998778,50
ansiedad,5s_opensmile_librosa,KD_regressor,0.0,Lars,0.526810864331646,0.07707774805034955,0.3618438870423937,0.47960936233230134,50
depresion,5s_opensmile_librosa,KD_regressor,0.0,MLPRegressor,0.5267723788221452,0.07569590477935118,0.35400088731900375,0.5381889756066103,50
depresion,egemaps,Baseline_regressor,1.0,XGBRegressor,0.5267438934042956,0.08461391399650792,0.019344199766361553,0.7219720629696025,50
depresion,5s_opensmile_librosa,KD_regressor,0.75,Ridge,0.5265024909947055,0.11612053089487377,0.019952047556947124,0.7184360189282805,50
depresion,5s_opensmile_librosa,KD_regressor,0.75,TransformedTargetRegressor,0.5264855205168667,0.1160731065660182,0.020965693651060106,0.7181457888781918,50
depresion,5s_opensmile_librosa,KD_regressor,0.75,LinearRegression,0.5264855205168667,0.1160731065660182,0.020965693651060106,0.7181457888781918,50
depresion,5s_opensmile_librosa,KD_regressor,0.75,HuberRegressor,0.5263833061243208,0.11739244083429232,0.017988035428975847,0.7182415673936968,50
depresion,egemaps,KD_regressor,0.75,SVR,0.5261943314585199,0.1034785810147834,0.03988249073651464,0.7189273918097641,50
depresion,5s_opensmile_librosa,KD_regressor,0.75,RandomForestRegressor,0.5261268333093718,0.10961607019378906,0.002418766764447678,0.7232672196894562,50
depresion,5s_opensmile_librosa,KD_regressor,0.75,ExtraTreeRegressor,0.5256850925671386,0.0502137433818063,0.27382330432787294,0.5949716823192333,50
depresion,5s_opensmile_librosa,KD_regressor,0.5,LassoCV,0.5255882161989913,0.08922083684505241,0.0,0.7237774259477322,50
depresion,5s_opensmile_librosa,KD_regressor,0.5,LassoLarsCV,0.525384704049022,0.08986368541608052,0.0,0.7237574059277121,50
depresion,egemaps,KD_regressor,0.0,SGDRegressor,0.524935570106155,0.07027050450111652,0.3627208553137657,0.531046922586098,50
depresion,5s_opensmile_librosa,KD_regressor,0.75,OrthogonalMatchingPursuit,0.524480398920092,0.12068031795420682,0.0035129003939020176,0.7227625883799363,50
ansiedad,egemaps,KD_regressor,0.75,ExtraTreeRegressor,0.5244039361430607,0.05382010581471395,0.2611993925124734,0.6181542218007168,50
depresion,5s_opensmile_librosa,KD_regressor,0.75,RidgeCV,0.524295728673397,0.1163317475716098,0.01691521588992304,0.7187254113128333,50
depresion,egemaps,Baseline_regressor,1.0,PassiveAggressiveRegressor,0.5238171675882755,0.10017420106863675,0.10752854192414157,0.6910303757057586,50
depresion,egemaps,KD_regressor,0.25,SGDRegressor,0.5237623896543732,0.0734610363582664,0.3324789318697124,0.5587668651977367,50
ansiedad,egemaps,KD_regressor,0.25,GaussianProcessRegressor,0.5237058581978683,0.08167685263802926,0.16191493815125127,0.6855426662003807,50
depresion,5s_opensmile_librosa,KD_regressor,0.25,MLPRegressor,0.5235798263809194,0.07452782705804054,0.2940743776156798,0.5974143900175215,50
ansiedad,egemaps,KD_regressor,0.5,PassiveAggressiveRegressor,0.5234969906077322,0.09072720057946401,0.10645092534713417,0.7028971883766593,50
ansiedad,egemaps,KD_regressor,0.75,TweedieRegressor,0.5234878953524374,0.09992687045551511,0.0002072538860103627,0.7461949489989723,50
depresion,5s_opensmile_librosa,KD_regressor,0.75,KNeighborsRegressor,0.5229132078379665,0.07735416371089178,0.048892036978046116,0.710327188789828,50
depresion,egemaps,KD_regressor,0.5,SGDRegressor,0.5227796653777226,0.06726410596151307,0.27939026182964755,0.6063784610784868,50
depresion,5s_opensmile_librosa,KD_regressor,0.75,LassoLarsIC,0.5227064693458167,0.11809053192920325,0.014302037263118192,0.7191261381217084,50
ansiedad,egemaps,Baseline_regressor,1.0,OrthogonalMatchingPursuit,0.5225489781381653,0.0885684931616234,0.0016045389264039119,0.746162097680584,50
ansiedad,egemaps,KD_regressor,0.25,SVR,0.5218968339228726,0.10485890719720542,0.1515917362557713,0.6823811998609496,50
ansiedad,5s_opensmile_librosa,KD_regressor,0.0,RANSACRegressor,0.5212600329063656,0.07800904430800827,0.36778616649750645,0.4496244434768258,50
depresion,5s_opensmile_librosa,KD_regressor,0.75,BayesianRidge,0.5211108928441108,0.11753756367876803,0.00785398718535243,0.7201758307408902,50
depresion,5s_opensmile_librosa,Baseline_regressor,1.0,PassiveAggressiveRegressor,0.5210140349880068,0.11733612858268551,0.09336665137249199,0.7063848072918512,50
ansiedad,egemaps,KD_regressor,0.0,RANSACRegressor,0.5209076150749793,0.06914909272775924,0.36127409758672,0.4574471208527542,50
ansiedad,egemaps,KD_regressor,0.25,MLPRegressor,0.5206118534949963,0.07632017825788585,0.24106125370032638,0.632762734498035,50
depresion,5s_opensmile_librosa,KD_regressor,0.75,SGDRegressor,0.5205204503782904,0.11721117583733995,0.023870085440595226,0.7178076467816971,50
ansiedad,5s_opensmile_librosa,KD_regressor,0.25,AdaBoostRegressor,0.5200961632159857,0.11136352922579751,0.10117577544272477,0.7172744726780738,50
ansiedad,egemaps,KD_regressor,0.5,LassoLarsCV,0.5200817903329871,0.0700758475254605,0.0,0.7466256322197029,50
depresion,5s_opensmile_librosa,Baseline_regressor,1.0,OrthogonalMatchingPursuitCV,0.520026887149768,0.1350688460466578,0.0,0.7239176015060909,50
ansiedad,egemaps,KD_regressor,0.75,LassoLarsCV,0.5199122246785568,0.05119676033884094,0.0,0.7466445895656745,50
ansiedad,5s_opensmile_librosa,KD_regressor,0.25,NuSVR,0.5191782359518922,0.10676569118144384,0.14524997020026706,0.6915829179971195,50
ansiedad,5s_opensmile_librosa,KD_regressor,0.25,SVR,0.5190906972741566,0.1132438771819813,0.11230437153206668,0.6995308110440791,50
depresion,5s_opensmile_librosa,KD_regressor,0.75,KernelRidge,0.5190264898871912,0.11129331423551662,0.0004840039720365641,0.7235905892326842,50
depresion,5s_opensmile_librosa,Baseline_regressor,1.0,HistGradientBoostingRegressor,0.5187219257412757,0.11133498691818504,0.0025487969516180906,0.7235181405038063,50
ansiedad,egemaps,KD_regressor,0.0,SGDRegressor,0.5185949864288733,0.08660007671888002,0.35638990208217314,0.4408291068398203,50
ansiedad,egemaps,KD_regressor,0.5,ExtraTreeRegressor,0.518408102113099,0.04481819298520308,0.24904492911251275,0.610234317130539,50
depresion,egemaps,Baseline_regressor,1.0,NuSVR,0.5177217233787187,0.10244820878031982,0.020150095530839525,0.7214421447280007,50
depresion,5s_opensmile_librosa,Baseline_regressor,1.0,GradientBoostingRegressor,0.5173964377927279,0.11236884234913619,0.0004118567794952064,0.7236806697628331,50
ansiedad,5s_opensmile_librosa,KD_regressor,0.25,Lars,0.5173266428924466,0.05246264711520773,0.32421507179756814,0.5462158031116253,50
depresion,5s_opensmile_librosa,Baseline_regressor,1.0,ExtraTreesRegressor,0.5172721650479205,0.10763249172670314,0.0,0.723962595881794,50
ansiedad,egemaps,KD_regressor,0.75,BayesianRidge,0.5170624517989707,0.09086330646247727,0.004720049621871483,0.7457565988165564,50
depresion,egemaps,Baseline_regressor,1.0,OrthogonalMatchingPursuitCV,0.5169534874666538,0.11975051260438976,0.0023958703696508863,0.7239941356627196,50
depresion,egemaps,Baseline_regressor,1.0,SVR,0.5166836076674313,0.10321950223104717,0.020592599678980417,0.7215866496573798,50
ansiedad,egemaps,KD_regressor,0.75,XGBRegressor,0.5166636156221688,0.07923042714191358,0.012719901266997942,0.7403102074536766,50
depresion,5s_opensmile_librosa,KD_regressor,0.75,BaggingRegressor,0.5164425975244847,0.08653521585720467,0.011375299679658089,0.7202304544010651,50
ansiedad,egemaps,Baseline_regressor,1.0,ExtraTreesRegressor,0.5164070673296002,0.10355049345514945,0.0,0.7466445895656745,50
depresion,egemaps,KD_regressor,0.5,RANSACRegressor,0.5163699607342269,0.07321392797820649,0.31153907074148945,0.5740412158571692,50
ansiedad,egemaps,KD_regressor,0.75,Ridge,0.516019994086996,0.08433454230596947,0.0055885824012428835,0.7453342784024838,50
ansiedad,egemaps,KD_regressor,0.75,RidgeCV,0.5158245349059901,0.08614810443051134,0.005323180532699388,0.7454773870402083,50
depresion,5s_opensmile_librosa,Baseline_regressor,1.0,HuberRegressor,0.5157566312121605,0.11854308452588541,0.006421363398738247,0.7207679552114322,50
ansiedad,egemaps,KD_regressor,0.25,RANSACRegressor,0.5156938746001658,0.07154639901380981,0.30273701836405126,0.575242336288978,50
depresion,egemaps,Baseline_regressor,1.0,SGDRegressor,0.5150033130872321,0.06522770801532816,0.22267440485536522,0.6409808668528862,50
ansiedad,egemaps,KD_regressor,0.75,ElasticNetCV,0.5145608571399615,0.04579794532904544,0.0,0.7466445895656745,50
ansiedad,egemaps,Baseline_regressor,1.0,LassoCV,0.5145606537212868,0.03860082035945974,0.0,0.7466445895656745,50
ansiedad,egemaps,Baseline_regressor,1.0,ElasticNetCV,0.5145479316379284,0.03855538681193993,0.0,0.7466445895656745,50
ansiedad,egemaps,KD_regressor,0.75,TransformedTargetRegressor,0.514458535588665,0.08356565987988913,0.005538421951346457,0.7452164599654857,50
ansiedad,egemaps,KD_regressor,0.75,LinearRegression,0.514458535588665,0.08356565987988913,0.005538421951346457,0.7452164599654857,50
ansiedad,egemaps,KD_regressor,0.75,LassoCV,0.5144211748097304,0.04600769010062838,0.0,0.7466445895656745,50
depresion,5s_opensmile_librosa,Baseline_regressor,1.0,OrthogonalMatchingPursuit,0.5142059287936731,0.12112979625447963,0.0008435849949494926,0.7235602015434937,50
ansiedad,egemaps,KD_regressor,0.5,KernelRidge,0.5140600349216452,0.08199188629061586,0.002633342612753959,0.7463183039251841,50
depresion,5s_opensmile_librosa,Baseline_regressor,1.0,LinearRegression,0.5140110144552192,0.11646544390298466,0.005705387181556223,0.7211146826181921,50
depresion,5s_opensmile_librosa,Baseline_regressor,1.0,TransformedTargetRegressor,0.5140110144552192,0.11646544390298466,0.005705387181556223,0.7211146826181921,50
depresion,5s_opensmile_librosa,Baseline_regressor,1.0,Ridge,0.5139521618835237,0.11653221658577084,0.005265699526330957,0.7212794792748224,50
ansiedad,egemaps,Baseline_regressor,1.0,DecisionTreeRegressor,0.5135653694449246,0.043055071319081824,0.27241839485627756,0.6256019186692086,50
ansiedad,egemaps,KD_regressor,0.75,LassoLarsIC,0.5135377977402584,0.08373317254637126,0.00499962769939646,0.7454323495378206,50
depresion,egemaps,KD_regressor,0.75,SGDRegressor,0.5133990056511248,0.06449915797694562,0.24616414805046025,0.6281985368424724,50
ansiedad,egemaps,Baseline_regressor,1.0,TweedieRegressor,0.5128898513219093,0.09949953619746417,0.0,0.7463431910027702,50
depresion,5s_opensmile_librosa,KD_regressor,0.5,RANSACRegressor,0.5122934538998237,0.06988843459806092,0.2835634402527787,0.5964500452332916,50
depresion,5s_opensmile_librosa,Baseline_regressor,1.0,RidgeCV,0.5115550340281964,0.11633263310001431,0.004330049474447542,0.721578054955179,50
depresion,5s_opensmile_librosa,KD_regressor,0.5,MLPRegressor,0.5114818629297817,0.07637477863254064,0.1809557600281204,0.6682261070012159,50
ansiedad,egemaps,KD_regressor,0.75,PoissonRegressor,0.5112841310079403,0.10526869270088024,0.0,0.7463624565002163,50
depresion,egemaps,Baseline_regressor,1.0,ExtraTreeRegressor,0.5111659315692226,0.042839419004446364,0.2857464190142745,0.6052921276835751,50
depresion,egemaps,Baseline_regressor,1.0,DecisionTreeRegressor,0.5111289759352221,0.04326521440837854,0.28235727286012285,0.608224870661854,50
depresion,egemaps,KD_regressor,0.75,RANSACRegressor,0.5108662678846408,0.05781298613630701,0.29056063467621873,0.5922914256204987,50
depresion,5s_opensmile_librosa,KD_regressor,0.75,LassoLarsCV,0.5107925830788144,0.085228073491697,0.0,0.723962595881794,50
depresion,5s_opensmile_librosa,Baseline_regressor,1.0,TweedieRegressor,0.510495641195019,0.12292275697238506,0.0,0.7239400986939425,50
ansiedad,egemaps,KD_regressor,0.5,Lars,0.5104661245880112,0.05826362850333969,0.34339822285757704,0.508378345965235,50
depresion,5s_opensmile_librosa,Baseline_regressor,1.0,LassoLarsIC,0.5103383489722438,0.11976544216568755,0.0035940818557074323,0.7219327986554114,50
ansiedad,egemaps,KD_regressor,0.5,KNeighborsRegressor,0.5099317083017558,0.064748733094953,0.03870705623238864,0.7280754971070688,50
ansiedad,egemaps,Baseline_regressor,1.0,LassoLarsCV,0.5094917804440011,0.031545148890602684,0.0,0.7466445895656745,50
depresion,5s_opensmile_librosa,Baseline_regressor,1.0,KernelRidge,0.5092753154735977,0.11071166188915747,0.00020512820512820512,0.7236883226298386,50
ansiedad,egemaps,KD_regressor,0.75,PassiveAggressiveRegressor,0.5090496868930939,0.08697137762403644,0.0784119015936062,0.7107674331756665,50
ansiedad,egemaps,KD_regressor,0.5,RANSACRegressor,0.5090188791705585,0.06884488034383467,0.26670411875921274,0.6092689463510375,50
depresion,egemaps,Baseline_regressor,1.0,LinearSVR,0.5089585811270807,0.07500942594649469,0.0,0.7238163113190161,50
ansiedad,5s_opensmile_librosa,KD_regressor,0.25,ExtraTreesRegressor,0.5089476373431241,0.11564098875076946,0.06236055955852146,0.7203708386904674,50
ansiedad,egemaps,KD_regressor,0.0,Lars,0.5088352761890946,0.05713360862082493,0.34352266986561,0.5069744148358762,50
depresion,5s_opensmile_librosa,Baseline_regressor,1.0,SGDRegressor,0.5083707488352,0.11868940980457314,0.006916446051920006,0.7206915828827521,50
depresion,5s_opensmile_librosa,KD_regressor,0.75,LassoCV,0.5083669261982159,0.08505499554424033,0.0,0.723962595881794,50
ansiedad,5s_opensmile_librosa,KD_regressor,0.25,KNeighborsRegressor,0.5071662336544229,0.07157403241295225,0.16632906477301787,0.6782657443042632,50
depresion,5s_opensmile_librosa,Baseline_regressor,1.0,BayesianRidge,0.5067777369361344,0.11790678337006054,0.0017686486214029767,0.7227893463716208,50
ansiedad,egemaps,KD_regressor,0.25,SGDRegressor,0.5066666105794218,0.07025862344079611,0.3032946733971127,0.5605887627478093,50
depresion,5s_opensmile_librosa,Baseline_regressor,1.0,XGBRegressor,0.5066203366244992,0.08776869336572635,0.013024224598532055,0.7223425240685039,50
depresion,5s_opensmile_librosa,Baseline_regressor,1.0,KNeighborsRegressor,0.5063787860820654,0.07596240520487409,0.0468084083462234,0.7105767601960465,50
ansiedad,egemaps,KD_regressor,0.75,KNeighborsRegressor,0.5062430021791895,0.06394238902734997,0.017983548307859892,0.7357958426444631,50
ansiedad,egemaps,KD_regressor,0.25,Lars,0.5061301195611789,0.06126289015575774,0.34039533921293746,0.5042467370651618,50
ansiedad,egemaps,Baseline_regressor,1.0,BayesianRidge,0.5060163343759316,0.0906382845111419,0.0033545609099293527,0.7458151918652456,50
ansiedad,5s_opensmile_librosa,KD_regressor,0.25,HuberRegressor,0.5059834140894541,0.1125601051295043,0.1263639675934166,0.6845568266855726,50
ansiedad,egemaps,Baseline_regressor,1.0,XGBRegressor,0.5059067582212713,0.08069509912638816,0.005311908688486566,0.743270038567274,50
depresion,5s_opensmile_librosa,Baseline_regressor,1.0,RandomForestRegressor,0.5058028713103986,0.1090896185122191,0.0,0.723941998559446,50
ansiedad,5s_opensmile_librosa,KD_regressor,0.25,ExtraTreeRegressor,0.5055613590157004,0.06501517612594818,0.2599779337840456,0.6011419862975176,50
depresion,5s_opensmile_librosa,KD_regressor,0.75,ElasticNetCV,0.5055118638123656,0.08841714441560165,0.0,0.723962595881794,50
ansiedad,5s_opensmile_librosa,KD_regressor,0.0,MLPRegressor,0.50546054346267,0.05484699413575346,0.36177524079587314,0.4117501700258178,50
ansiedad,5s_opensmile_librosa,KD_regressor,0.25,Ridge,0.5053669795567898,0.1110081973958095,0.14508217982914876,0.6747269078354995,50
ansiedad,5s_opensmile_librosa,KD_regressor,0.25,HistGradientBoostingRegressor,0.5053138520488648,0.1041500528577074,0.12042871606080326,0.6975716092669932,50
ansiedad,egemaps,Baseline_regressor,1.0,LinearSVR,0.5051198659180081,0.08877804809310197,0.0009313725490196079,0.7465752821268528,50
ansiedad,5s_opensmile_librosa,KD_regressor,0.25,TransformedTargetRegressor,0.5049902149168062,0.11084804270803206,0.1469951028310506,0.6740842484247322,50
ansiedad,5s_opensmile_librosa,KD_regressor,0.25,LinearRegression,0.5049902149168062,0.11084804270803206,0.1469951028310506,0.6740842484247322,50
ansiedad,egemaps,Baseline_regressor,1.0,Lars,0.5046478666508492,0.05309933113248897,0.3345850084668918,0.5073704403389642,50
ansiedad,5s_opensmile_librosa,KD_regressor,0.25,RidgeCV,0.5044877163060183,0.1117945642776382,0.14438410925152906,0.6753839318246199,50
ansiedad,egemaps,Baseline_regressor,1.0,Ridge,0.5043137638147632,0.08394081890997647,0.003425451648061231,0.7454330142182739,50
ansiedad,egemaps,Baseline_regressor,1.0,RidgeCV,0.5041024989796248,0.08578427015677857,0.00347617402358407,0.7455867941631699,50
ansiedad,5s_opensmile_librosa,KD_regressor,0.25,BayesianRidge,0.503788068933722,0.11220657440853998,0.12876491789967617,0.6818941402559523,50
ansiedad,5s_opensmile_librosa,KD_regressor,0.25,DecisionTreeRegressor,0.5032869378172274,0.05689057113203173,0.25496239654688124,0.6045880245128137,50
ansiedad,egemaps,Baseline_regressor,1.0,LinearRegression,0.5027573198721875,0.08326255127303117,0.0032176699875521766,0.745342612627777,50
ansiedad,egemaps,Baseline_regressor,1.0,TransformedTargetRegressor,0.5027573198721875,0.08326255127303117,0.0032176699875521766,0.745342612627777,50
ansiedad,egemaps,Baseline_regressor,1.0,LassoLarsIC,0.5025036060480572,0.0844779656628108,0.0032335163549579425,0.7455628445676097,50
ansiedad,5s_opensmile_librosa,KD_regressor,0.25,SGDRegressor,0.5022896858304198,0.10681301925618059,0.1349795608277028,0.6741804905589633,50
ansiedad,egemaps,KD_regressor,0.5,SGDRegressor,0.502262510882506,0.06972479839027165,0.2472829413602962,0.6145313492624402,50
ansiedad,egemaps,KD_regressor,0.75,Lars,0.5022048101503694,0.05788719740804293,0.33281713968328824,0.5029115940012339,50
depresion,5s_opensmile_librosa,Baseline_regressor,1.0,DecisionTreeRegressor,0.5020885005380941,0.04676031723121533,0.27660161280218604,0.5941351321395055,50
depresion,5s_opensmile_librosa,KD_regressor,0.25,Lars,0.5019615342076481,0.023904754667770655,0.3535239950828907,0.5032207130771083,50
ansiedad,5s_opensmile_librosa,KD_regressor,0.25,OrthogonalMatchingPursuitCV,0.5017831532275623,0.11933037090094334,0.051617048882199604,0.7300030632980123,50
depresion,egemaps,KD_regressor,0.0,Lars,0.5014226780142047,0.0486455667475673,0.3477837282302886,0.5088900540689615,50
ansiedad,5s_opensmile_librosa,KD_regressor,0.25,PassiveAggressiveRegressor,0.5009149524778694,0.09801811041182508,0.2010618782847023,0.6393754704945094,50
ansiedad,5s_opensmile_librosa,KD_regressor,0.5,DecisionTreeRegressor,0.5008821026487102,0.05729302701398462,0.22835076337845142,0.6061144346150745,50
depresion,5s_opensmile_librosa,KD_regressor,0.75,Lars,0.5008393991434308,0.021076288589068973,0.3557670383939786,0.49722807478691194,50
depresion,5s_opensmile_librosa,KD_regressor,0.75,RANSACRegressor,0.5007303027575343,0.07515454795518708,0.2616489049571365,0.6055688660893739,50
ansiedad,5s_opensmile_librosa,KD_regressor,0.25,BaggingRegressor,0.5005514326067331,0.08653520878107819,0.12639034253101206,0.6956725135544997,50
ansiedad,egemaps,Baseline_regressor,1.0,PoissonRegressor,0.5002759974702335,0.10420928126985943,0.00045882621305438784,0.746398077898352,50
ansiedad,5s_opensmile_librosa,KD_regressor,0.25,LassoLarsIC,0.5002641279625198,0.1125724362994288,0.12420546519303373,0.682098203680194,50
ansiedad,5s_opensmile_librosa,KD_regressor,0.25,DummyRegressor,0.5,0.0,0.0,0.7466445895656745,50
ansiedad,5s_opensmile_librosa,KD_regressor,0.0,LassoLars,0.5,0.0,0.3211291909859103,0.3513679779589552,50
ansiedad,5s_opensmile_librosa,KD_regressor,0.0,ElasticNet,0.5,0.0,0.3211291909859103,0.3513679779589552,50
ansiedad,5s_opensmile_librosa,KD_regressor,0.0,DummyRegressor,0.5,0.0,0.3211291909859103,0.3513679779589552,50
ansiedad,5s_opensmile_librosa,Baseline_regressor,1.0,ElasticNet,0.5,0.0,0.0,0.7466445895656745,50
ansiedad,5s_opensmile_librosa,Baseline_regressor,1.0,DummyRegressor,0.5,0.0,0.0,0.7466445895656745,50
ansiedad,5s_opensmile_librosa,KD_regressor,0.0,Lasso,0.5,0.0,0.3211291909859103,0.3513679779589552,50
ansiedad,5s_opensmile_librosa,KD_regressor,0.25,ElasticNet,0.5,0.0,0.0,0.7466445895656745,50
depresion,egemaps,KD_regressor,0.75,Lasso,0.5,0.0,0.0,0.723962595881794,50
depresion,egemaps,KD_regressor,0.5,QuantileRegressor,0.5,0.0,0.0,0.723962595881794,50
depresion,egemaps,KD_regressor,0.75,QuantileRegressor,0.5,0.0,0.0,0.723962595881794,50
depresion,5s_opensmile_librosa,KD_regressor,0.25,Lasso,0.5,0.0,0.0,0.723962595881794,50
ansiedad,egemaps,KD_regressor,0.75,QuantileRegressor,0.5,0.0,0.0,0.7466445895656745,50
ansiedad,egemaps,KD_regressor,0.75,Lasso,0.5,0.0,0.0,0.7466445895656745,50
ansiedad,egemaps,KD_regressor,0.75,LassoLars,0.5,0.0,0.0,0.7466445895656745,50
ansiedad,egemaps,KD_regressor,0.75,DummyRegressor,0.5,0.0,0.0,0.7466445895656745,50
depresion,5s_opensmile_librosa,KD_regressor,0.5,QuantileRegressor,0.5,0.0,0.0,0.723962595881794,50
ansiedad,egemaps,KD_regressor,0.75,ElasticNet,0.5,0.0,0.0,0.7466445895656745,50
depresion,5s_opensmile_librosa,Baseline_regressor,1.0,QuantileRegressor,0.5,0.0,0.0,0.723962595881794,50
depresion,5s_opensmile_librosa,Baseline_regressor,1.0,LassoLars,0.5,0.0,0.0,0.723962595881794,50
depresion,5s_opensmile_librosa,KD_regressor,0.5,Lasso,0.5,0.0,0.0,0.723962595881794,50
depresion,5s_opensmile_librosa,KD_regressor,0.5,LassoLars,0.5,0.0,0.0,0.723962595881794,50
depresion,5s_opensmile_librosa,Baseline_regressor,1.0,ElasticNet,0.5,0.0,0.0,0.723962595881794,50
depresion,egemaps,KD_regressor,0.5,LassoLars,0.5,0.0,0.0,0.723962595881794,50
ansiedad,5s_opensmile_librosa,KD_regressor,0.25,Lasso,0.5,0.0,0.0,0.7466445895656745,50
ansiedad,5s_opensmile_librosa,KD_regressor,0.25,LassoLars,0.5,0.0,0.0,0.7466445895656745,50
depresion,5s_opensmile_librosa,KD_regressor,0.75,DummyRegressor,0.5,0.0,0.0,0.723962595881794,50
depresion,egemaps,KD_regressor,0.5,Lasso,0.5,0.0,0.0,0.723962595881794,50
ansiedad,egemaps,KD_regressor,0.5,DummyRegressor,0.5,0.0,0.0,0.7466445895656745,50
ansiedad,egemaps,KD_regressor,0.5,ElasticNet,0.5,0.0,0.0,0.7466445895656745,50
depresion,5s_opensmile_librosa,KD_regressor,0.25,LassoLars,0.5,0.0,0.0,0.723962595881794,50
depresion,5s_opensmile_librosa,KD_regressor,0.25,QuantileRegressor,0.5,0.0,0.0,0.723962595881794,50
depresion,5s_opensmile_librosa,Baseline_regressor,1.0,DummyRegressor,0.5,0.0,0.0,0.723962595881794,50
ansiedad,5s_opensmile_librosa,KD_regressor,0.0,QuantileRegressor,0.5,0.0,0.30448313638753094,0.3702946039599091,50
depresion,5s_opensmile_librosa,KD_regressor,0.5,ElasticNet,0.5,0.0,0.0,0.723962595881794,50
depresion,5s_opensmile_librosa,Baseline_regressor,1.0,Lasso,0.5,0.0,0.0,0.723962595881794,50
depresion,5s_opensmile_librosa,KD_regressor,0.0,Lasso,0.5,0.0,0.09194789776433732,0.6216362837146849,50
depresion,5s_opensmile_librosa,KD_regressor,0.0,QuantileRegressor,0.5,0.0,0.03193953418782279,0.6843987866304228,50
depresion,5s_opensmile_librosa,KD_regressor,0.25,DummyRegressor,0.5,0.0,0.0,0.723962595881794,50
depresion,5s_opensmile_librosa,KD_regressor,0.25,ElasticNet,0.5,0.0,0.0,0.723962595881794,50
depresion,5s_opensmile_librosa,KD_regressor,0.0,ElasticNet,0.5,0.0,0.09194789776433732,0.6216362837146849,50
depresion,5s_opensmile_librosa,KD_regressor,0.0,DummyRegressor,0.5,0.0,0.09194789776433732,0.6216362837146849,50
depresion,5s_opensmile_librosa,KD_regressor,0.0,LassoLars,0.5,0.0,0.09194789776433732,0.6216362837146849,50
depresion,5s_opensmile_librosa,KD_regressor,0.5,DummyRegressor,0.5,0.0,0.0,0.723962595881794,50
depresion,5s_opensmile_librosa,KD_regressor,0.75,Lasso,0.5,0.0,0.0,0.723962595881794,50
ansiedad,5s_opensmile_librosa,KD_regressor,0.25,QuantileRegressor,0.5,0.0,0.0,0.7466445895656745,50
depresion,egemaps,KD_regressor,0.5,DummyRegressor,0.5,0.0,0.0,0.723962595881794,50
ansiedad,egemaps,KD_regressor,0.5,QuantileRegressor,0.5,0.0,0.0,0.7466445895656745,50
ansiedad,egemaps,KD_regressor,0.5,Lasso,0.5,0.0,0.0,0.7466445895656745,50
ansiedad,egemaps,KD_regressor,0.5,LassoLars,0.5,0.0,0.0,0.7466445895656745,50
depresion,egemaps,KD_regressor,0.5,ElasticNet,0.5,0.0,0.0,0.723962595881794,50
ansiedad,egemaps,KD_regressor,0.0,QuantileRegressor,0.5,0.0,0.30448313638753094,0.3702946039599091,50
ansiedad,egemaps,KD_regressor,0.0,LassoLars,0.5,0.0,0.3211291909859103,0.3513679779589552,50
ansiedad,egemaps,KD_regressor,0.25,ElasticNet,0.5,0.0,0.0,0.7466445895656745,50
ansiedad,egemaps,KD_regressor,0.25,DummyRegressor,0.5,0.0,0.0,0.7466445895656745,50
ansiedad,egemaps,KD_regressor,0.25,LassoLars,0.5,0.0,0.0,0.7466445895656745,50
ansiedad,egemaps,KD_regressor,0.25,Lasso,0.5,0.0,0.0,0.7466445895656745,50
ansiedad,egemaps,KD_regressor,0.25,QuantileRegressor,0.5,0.0,0.0,0.7466445895656745,50
ansiedad,egemaps,KD_regressor,0.0,DummyRegressor,0.5,0.0,0.3211291909859103,0.3513679779589552,50
ansiedad,egemaps,KD_regressor,0.0,ElasticNet,0.5,0.0,0.3211291909859103,0.3513679779589552,50
ansiedad,egemaps,Baseline_regressor,1.0,LassoLars,0.5,0.0,0.0,0.7466445895656745,50
depresion,5s_opensmile_librosa,KD_regressor,0.75,ElasticNet,0.5,0.0,0.0,0.723962595881794,50
depresion,egemaps,Baseline_regressor,1.0,DummyRegressor,0.5,0.0,0.0,0.723962595881794,50
depresion,5s_opensmile_librosa,KD_regressor,0.75,QuantileRegressor,0.5,0.0,0.0,0.723962595881794,50
depresion,5s_opensmile_librosa,KD_regressor,0.75,LassoLars,0.5,0.0,0.0,0.723962595881794,50
depresion,egemaps,KD_regressor,0.25,QuantileRegressor,0.5,0.0,0.0,0.723962595881794,50
ansiedad,5s_opensmile_librosa,KD_regressor,0.5,ElasticNetCV,0.5,0.0,0.0,0.7466445895656745,50
ansiedad,egemaps,Baseline_regressor,1.0,Lasso,0.5,0.0,0.0,0.7466445895656745,50
ansiedad,5s_opensmile_librosa,KD_regressor,0.5,ElasticNet,0.5,0.0,0.0,0.7466445895656745,50
ansiedad,5s_opensmile_librosa,KD_regressor,0.5,DummyRegressor,0.5,0.0,0.0,0.7466445895656745,50
depresion,egemaps,Baseline_regressor,1.0,LassoLarsCV,0.5,0.0,0.0,0.723962595881794,50
depresion,egemaps,Baseline_regressor,1.0,LassoLars,0.5,0.0,0.0,0.723962595881794,50
depresion,egemaps,Baseline_regressor,1.0,Lasso,0.5,0.0,0.0,0.723962595881794,50
depresion,egemaps,Baseline_regressor,1.0,ElasticNet,0.5,0.0,0.0,0.723962595881794,50
ansiedad,egemaps,KD_regressor,0.0,Lasso,0.5,0.0,0.3211291909859103,0.3513679779589552,50
ansiedad,egemaps,Baseline_regressor,1.0,QuantileRegressor,0.5,0.0,0.0,0.7466445895656745,50
ansiedad,egemaps,Baseline_regressor,1.0,DummyRegressor,0.5,0.0,0.0,0.7466445895656745,50
ansiedad,egemaps,Baseline_regressor,1.0,ElasticNet,0.5,0.0,0.0,0.7466445895656745,50
depresion,egemaps,KD_regressor,0.25,Lasso,0.5,0.0,0.0,0.723962595881794,50
depresion,egemaps,KD_regressor,0.25,LassoLars,0.5,0.0,0.0,0.723962595881794,50
ansiedad,5s_opensmile_librosa,KD_regressor,0.5,LassoLarsCV,0.5,0.0,0.0,0.7466445895656745,50
ansiedad,5s_opensmile_librosa,KD_regressor,0.5,LassoLars,0.5,0.0,0.0,0.7466445895656745,50
ansiedad,5s_opensmile_librosa,KD_regressor,0.5,LassoCV,0.5,0.0,0.0,0.7466445895656745,50
depresion,egemaps,KD_regressor,0.25,ElasticNet,0.5,0.0,0.0,0.723962595881794,50
depresion,egemaps,KD_regressor,0.25,DummyRegressor,0.5,0.0,0.0,0.723962595881794,50
depresion,egemaps,KD_regressor,0.0,QuantileRegressor,0.5,0.0,0.03193953418782279,0.6843987866304228,50
ansiedad,5s_opensmile_librosa,KD_regressor,0.75,QuantileRegressor,0.5,0.0,0.0,0.7466445895656745,50
ansiedad,5s_opensmile_librosa,KD_regressor,0.75,LassoLarsCV,0.5,0.0,0.0,0.7466445895656745,50
ansiedad,5s_opensmile_librosa,KD_regressor,0.75,LassoLars,0.5,0.0,0.0,0.7466445895656745,50
ansiedad,5s_opensmile_librosa,KD_regressor,0.5,QuantileRegressor,0.5,0.0,0.0,0.7466445895656745,50
depresion,egemaps,KD_regressor,0.0,LassoLars,0.5,0.0,0.09194789776433732,0.6216362837146849,50
ansiedad,5s_opensmile_librosa,KD_regressor,0.5,Lasso,0.5,0.0,0.0,0.7466445895656745,50
depresion,egemaps,KD_regressor,0.0,Lasso,0.5,0.0,0.09194789776433732,0.6216362837146849,50
depresion,egemaps,KD_regressor,0.0,ElasticNet,0.5,0.0,0.09194789776433732,0.6216362837146849,50
depresion,egemaps,KD_regressor,0.0,DummyRegressor,0.5,0.0,0.09194789776433732,0.6216362837146849,50
ansiedad,5s_opensmile_librosa,KD_regressor,0.75,LassoCV,0.5,0.0,0.0,0.7466445895656745,50
ansiedad,5s_opensmile_librosa,KD_regressor,0.75,Lasso,0.5,0.0,0.0,0.7466445895656745,50
ansiedad,5s_opensmile_librosa,KD_regressor,0.75,ElasticNetCV,0.5,0.0,0.0,0.7466445895656745,50
ansiedad,5s_opensmile_librosa,KD_regressor,0.75,ElasticNet,0.5,0.0,0.0,0.7466445895656745,50
ansiedad,5s_opensmile_librosa,KD_regressor,0.75,DummyRegressor,0.5,0.0,0.0,0.7466445895656745,50
depresion,egemaps,Baseline_regressor,1.0,QuantileRegressor,0.5,0.0,0.0,0.723962595881794,50
depresion,egemaps,KD_regressor,0.75,ElasticNet,0.5,0.0,0.0,0.723962595881794,50
depresion,egemaps,KD_regressor,0.75,DummyRegressor,0.5,0.0,0.0,0.723962595881794,50
ansiedad,5s_opensmile_librosa,Baseline_regressor,1.0,QuantileRegressor,0.5,0.0,0.0,0.7466445895656745,50
depresion,egemaps,KD_regressor,0.75,LassoLarsCV,0.5,0.0,0.0,0.723962595881794,50
depresion,egemaps,KD_regressor,0.75,LassoLars,0.5,0.0,0.0,0.723962595881794,50
ansiedad,5s_opensmile_librosa,Baseline_regressor,1.0,LassoLars,0.5,0.0,0.0,0.7466445895656745,50
ansiedad,5s_opensmile_librosa,Baseline_regressor,1.0,Lasso,0.5,0.0,0.0,0.7466445895656745,50
ansiedad,5s_opensmile_librosa,KD_regressor,0.25,RandomForestRegressor,0.49978573239005053,0.11202934343546081,0.08996882901983563,0.7138553821812244,50
depresion,5s_opensmile_librosa,Baseline_regressor,1.0,BaggingRegressor,0.49975805450456856,0.087890721807611,0.0064095195007807014,0.7229062154150526,50
ansiedad,egemaps,Baseline_regressor,1.0,SGDRegressor,0.49974601089048887,0.07585973421465082,0.20291713294999292,0.652364015254019,50
ansiedad,5s_opensmile_librosa,KD_regressor,0.5,ExtraTreeRegressor,0.49970851548462464,0.04725746894883199,0.22871968518327118,0.6020049430686418,50
ansiedad,egemaps,Baseline_regressor,1.0,ExtraTreeRegressor,0.4996463921934784,0.036858830513926015,0.25677446078524196,0.6109630846005829,50
depresion,5s_opensmile_librosa,KD_regressor,0.75,MLPRegressor,0.499626708930508,0.07995540764359883,0.0764750231526278,0.6969583722494606,50
ansiedad,egemaps,Baseline_regressor,1.0,PassiveAggressiveRegressor,0.49905322335200597,0.08800123523968811,0.0770284907070069,0.7117266321123635,50
ansiedad,5s_opensmile_librosa,KD_regressor,0.25,LinearSVR,0.49877048299188836,0.12077502901182413,0.1696599569345369,0.6672559629605856,50
depresion,5s_opensmile_librosa,Baseline_regressor,1.0,LassoLarsCV,0.498545964107895,0.06844706999810488,0.0,0.723962595881794,50
ansiedad,egemaps,KD_regressor,0.75,SGDRegressor,0.49839773826220474,0.0695483277194199,0.21361190832801585,0.6391615734942689,50
depresion,egemaps,Baseline_regressor,1.0,Lars,0.4979856680411393,0.05153265129981859,0.34751410169374664,0.5044871312230719,50
depresion,5s_opensmile_librosa,Baseline_regressor,1.0,ExtraTreeRegressor,0.4967958079117692,0.03780596383306874,0.2665949439061566,0.5930183582940354,50
ansiedad,egemaps,KD_regressor,0.5,GaussianProcessRegressor,0.4965798174797218,0.07325159447944195,0.017213622817363522,0.7335334410024815,50
depresion,5s_opensmile_librosa,KD_regressor,0.5,Lars,0.4964228069768845,0.02607819115672754,0.3485539270833359,0.4982702411351651,50
ansiedad,5s_opensmile_librosa,KD_regressor,0.25,XGBRegressor,0.4963209329926431,0.08744376597891639,0.14007241316865873,0.6811942396806634,50
depresion,5s_opensmile_librosa,Baseline_regressor,1.0,LassoCV,0.4962720395888165,0.06666697599627443,0.0,0.723962595881794,50
ansiedad,egemaps,KD_regressor,0.75,KernelRidge,0.49621706197149473,0.0785698959619121,0.0020540833627575826,0.7461570584156171,50
ansiedad,5s_opensmile_librosa,Baseline_regressor,1.0,LassoCV,0.495865299883104,0.029236744908299465,0.0,0.7466445895656745,50
ansiedad,5s_opensmile_librosa,Baseline_regressor,1.0,ElasticNetCV,0.495865299883104,0.029236744908299465,0.0,0.7466445895656745,50
ansiedad,5s_opensmile_librosa,Baseline_regressor,1.0,LassoLarsCV,0.495865299883104,0.029236744908299465,0.0,0.7466445895656745,50
depresion,5s_opensmile_librosa,Baseline_regressor,1.0,Lars,0.49586331810897355,0.021185564127577813,0.3478431692076954,0.49720710088338727,50
ansiedad,5s_opensmile_librosa,KD_regressor,0.25,GammaRegressor,0.49531410871337606,0.1131557627240011,0.04930671069585862,0.7282413226268756,50
ansiedad,egemaps,KD_regressor,0.5,MLPRegressor,0.49516908018167405,0.0700837760487509,0.0643221368722957,0.7105288489043471,50
depresion,5s_opensmile_librosa,Baseline_regressor,1.0,ElasticNetCV,0.4950066745518453,0.06872640837386321,0.0,0.723962595881794,50
depresion,egemaps,KD_regressor,0.5,Lars,0.4944238868146226,0.055851008029854946,0.34712892762195524,0.4939826762597718,50
ansiedad,egemaps,KD_regressor,0.75,RANSACRegressor,0.49440088668473386,0.06605333605610125,0.2540798571796153,0.6084016973874574,50
depresion,5s_opensmile_librosa,KD_regressor,0.0,Lars,0.4943343438496253,0.022797882735437605,0.34691834654944265,0.4952333064785384,50
depresion,egemaps,Baseline_regressor,1.0,ElasticNetCV,0.4941364223258999,0.03496083606260035,0.0,0.723962595881794,50
ansiedad,5s_opensmile_librosa,KD_regressor,0.25,OrthogonalMatchingPursuit,0.4940370347591273,0.11121982131830731,0.10457464310006166,0.6945951993800868,50
ansiedad,5s_opensmile_librosa,KD_regressor,0.75,Lars,0.4938899702538276,0.07073215864658242,0.2620093915850591,0.573900527178389,50
depresion,egemaps,KD_regressor,0.75,Lars,0.4933514836652111,0.046729370461296715,0.3484785860422191,0.49186494331328184,50
depresion,egemaps,KD_regressor,0.25,Lars,0.49283383968921257,0.055303757186425904,0.3407900848862824,0.5003596436078339,50
ansiedad,5s_opensmile_librosa,KD_regressor,0.25,PoissonRegressor,0.492772424622743,0.11707187810043009,0.007944240492924519,0.7418288424911773,50
ansiedad,5s_opensmile_librosa,KD_regressor,0.25,RANSACRegressor,0.492675828151447,0.07995714912893274,0.2805732289309087,0.5653928018090766,50
ansiedad,egemaps,KD_regressor,0.5,SVR,0.49249394044950195,0.08927999719076915,0.01218374831109609,0.732327758967432,50
ansiedad,5s_opensmile_librosa,KD_regressor,0.5,Lars,0.49222479012451786,0.0760096738961915,0.27407578998072984,0.5611353997603942,50
depresion,egemaps,Baseline_regressor,1.0,LassoCV,0.49199941066759545,0.037769274451016195,0.0,0.723962595881794,50
ansiedad,5s_opensmile_librosa,KD_regressor,0.75,DecisionTreeRegressor,0.4912153383048732,0.04052645292173302,0.20949177481150227,0.5967299900812809,50
ansiedad,5s_opensmile_librosa,KD_regressor,0.25,KernelRidge,0.4910465144729443,0.09929744140944807,0.0002670807453416149,0.7464497191488091,50
depresion,egemaps,KD_regressor,0.5,LassoLarsCV,0.4908219906446801,0.04132271675929609,0.0012753401755959302,0.7233468707885714,50
depresion,5s_opensmile_librosa,Baseline_regressor,1.0,MLPRegressor,0.4905386767429885,0.08146861752058814,0.0392284477632334,0.7091083081783631,50
depresion,egemaps,KD_regressor,0.75,ElasticNetCV,0.4905317102427505,0.04012401853148092,0.0002797202797202797,0.7239209232385254,50
depresion,egemaps,KD_regressor,0.75,LassoCV,0.49019406729291526,0.04104834575745291,0.0002797202797202797,0.7239209232385254,50
ansiedad,5s_opensmile_librosa,KD_regressor,0.25,LassoLarsCV,0.4900677207937503,0.04403156597284727,0.0040688649004570025,0.7418116911405729,50
ansiedad,5s_opensmile_librosa,KD_regressor,0.0,GaussianProcessRegressor,0.48998409373438995,0.05387563993456781,0.0,0.7466445895656745,50
depresion,egemaps,KD_regressor,0.5,LassoCV,0.48979794376970504,0.0427488125566203,0.003130289491845556,0.723471297525872,50
ansiedad,5s_opensmile_librosa,KD_regressor,0.25,ElasticNetCV,0.48971987794381616,0.04797719160918558,0.008451810282841858,0.7418445850794175,50
ansiedad,egemaps,Baseline_regressor,1.0,KNeighborsRegressor,0.4896545513829947,0.06210148003542212,0.017983548307859892,0.7357958426444631,50
ansiedad,5s_opensmile_librosa,KD_regressor,0.25,LassoCV,0.48963729111209453,0.047593956334565264,0.008695465603561176,0.7417370897291375,50
depresion,egemaps,KD_regressor,0.5,ElasticNetCV,0.48918921583052105,0.04238726817674927,0.003013089418446819,0.7234867150299636,50
ansiedad,5s_opensmile_librosa,KD_regressor,0.75,ExtraTreeRegressor,0.4891064888567811,0.03988900981288473,0.226724432507092,0.602232321137719,50
ansiedad,5s_opensmile_librosa,KD_regressor,0.25,GaussianProcessRegressor,0.48839469239912975,0.053863025597431176,0.0,0.7466445895656745,50
ansiedad,egemaps,Baseline_regressor,1.0,KernelRidge,0.48755040047839665,0.07743092762248556,0.002052661095778474,0.7461363585973514,50
ansiedad,egemaps,KD_regressor,0.5,NuSVR,0.48715259606297456,0.08984029525345635,0.012972641712216905,0.7298260057844129,50
ansiedad,5s_opensmile_librosa,KD_regressor,0.25,GradientBoostingRegressor,0.48700299530378965,0.10265748285784412,0.09048495432793256,0.7003031397830811,50
ansiedad,5s_opensmile_librosa,KD_regressor,0.5,GaussianProcessRegressor,0.4869926202090131,0.05391122976222871,0.0,0.7466445895656745,50
ansiedad,5s_opensmile_librosa,KD_regressor,0.5,NuSVR,0.4865100148931343,0.08647309653408125,0.0037128409102975056,0.7398537620428236,50
ansiedad,5s_opensmile_librosa,KD_regressor,0.75,GaussianProcessRegressor,0.4852663270935682,0.053983797605955314,0.0,0.7466445895656745,50
ansiedad,5s_opensmile_librosa,KD_regressor,0.25,TweedieRegressor,0.4846509135783307,0.11285738314811253,0.041011679833366295,0.7295552893060864,50
ansiedad,5s_opensmile_librosa,KD_regressor,0.5,KNeighborsRegressor,0.48440942025638506,0.06116581377494177,0.024968771155851898,0.7311165089642434,50
ansiedad,5s_opensmile_librosa,KD_regressor,0.5,LarsCV,0.4842909440844484,0.056796650929950655,0.0,0.7466445895656745,50
ansiedad,egemaps,KD_regressor,0.75,GaussianProcessRegressor,0.4831876636807638,0.07516698644112821,0.004949565368839524,0.7412616885349833,50
ansiedad,5s_opensmile_librosa,KD_regressor,0.75,KNeighborsRegressor,0.48171836309017374,0.06019351317853851,0.008154485971106388,0.7376978770293712,50
ansiedad,5s_opensmile_librosa,KD_regressor,0.5,AdaBoostRegressor,0.48095223346162547,0.0913076826396296,0.0,0.7466445895656745,50
ansiedad,5s_opensmile_librosa,KD_regressor,0.25,LarsCV,0.4805152987981031,0.08931104174742308,0.005879008181070423,0.743178684371456,50
ansiedad,5s_opensmile_librosa,KD_regressor,0.5,LinearSVR,0.4798108341703449,0.10789161145400532,0.0059074643763275154,0.7419056341421798,50
ansiedad,5s_opensmile_librosa,Baseline_regressor,1.0,ExtraTreeRegressor,0.4789280110108557,0.02677848835949261,0.2250060052126214,0.5977527808401374,50
ansiedad,5s_opensmile_librosa,KD_regressor,0.5,SVR,0.47838197011813827,0.08740394379323163,0.0011673284286270588,0.7434797244787609,50
ansiedad,5s_opensmile_librosa,Baseline_regressor,1.0,DecisionTreeRegressor,0.47815051074802406,0.025983988713270526,0.21892094593581027,0.6024655239702907,50
ansiedad,5s_opensmile_librosa,Baseline_regressor,1.0,GaussianProcessRegressor,0.477980921315338,0.05667405215312869,0.0,0.7466445895656745,50
ansiedad,5s_opensmile_librosa,Baseline_regressor,1.0,Lars,0.47560329519170264,0.05957773301018766,0.25911231767816273,0.5471823378893967,49
ansiedad,egemaps,Baseline_regressor,1.0,GaussianProcessRegressor,0.4751332582614385,0.07776498009250099,0.003129589737249272,0.7433233361050757,50
ansiedad,egemaps,Baseline_regressor,1.0,HuberRegressor,0.4750021909361715,0.0726442123622509,0.0,0.7466445895656745,50
ansiedad,5s_opensmile_librosa,Baseline_regressor,1.0,LarsCV,0.4728459624666852,0.06053141206860305,0.0,0.7466445895656745,50
ansiedad,egemaps,KD_regressor,0.75,MLPRegressor,0.4716773068914603,0.07693575877723371,0.031773993770172065,0.7242528715557752,50
ansiedad,5s_opensmile_librosa,KD_regressor,0.75,NuSVR,0.471494470899551,0.0849936580661284,0.0,0.7441244420377704,50
ansiedad,egemaps,KD_regressor,0.75,SVR,0.4714088256396687,0.09116237949042995,0.0028362865908026515,0.7404407000672275,50
ansiedad,5s_opensmile_librosa,KD_regressor,0.75,LinearSVR,0.47023922167250143,0.10572958690741342,0.0009426991221337641,0.7458085998071396,50
ansiedad,5s_opensmile_librosa,Baseline_regressor,1.0,KNeighborsRegressor,0.4676488861335084,0.05909218204977325,0.008154485971106388,0.7376978770293712,50
ansiedad,5s_opensmile_librosa,KD_regressor,0.25,MLPRegressor,0.46737771729593885,0.05181395221438144,0.2351380130996878,0.5879683212715459,50
ansiedad,5s_opensmile_librosa,KD_regressor,0.5,OrthogonalMatchingPursuitCV,0.4666766724707698,0.10964878038035848,0.0,0.7466445895656745,50
ansiedad,egemaps,KD_regressor,0.75,NuSVR,0.46665439871413583,0.09265752878106508,0.0027030105754358522,0.7399968344242679,50
ansiedad,5s_opensmile_librosa,KD_regressor,0.75,SVR,0.4648827753006659,0.08535873912883934,0.0001444043321299639,0.7450294739549014,50
ansiedad,egemaps,Baseline_regressor,1.0,MLPRegressor,0.46370616579942364,0.07760793194537886,0.024862656750611833,0.729270796760471,50
ansiedad,5s_opensmile_librosa,KD_regressor,0.5,XGBRegressor,0.4635446541261683,0.07871309247303088,0.016471117605355065,0.735352278507094,50
ansiedad,5s_opensmile_librosa,Baseline_regressor,1.0,NuSVR,0.4623711501881189,0.08592973243474705,0.0,0.7452013841187807,50
ansiedad,5s_opensmile_librosa,KD_regressor,0.5,RANSACRegressor,0.4611545058192913,0.07696795736539737,0.2305469378815457,0.5809527717381239,50
ansiedad,5s_opensmile_librosa,KD_regressor,0.75,LarsCV,0.46097112282053876,0.06709736085293952,0.0,0.7466445895656745,50
ansiedad,5s_opensmile_librosa,Baseline_regressor,1.0,SVR,0.4600054836188256,0.08702581047765448,0.0,0.7455147215205065,50
ansiedad,5s_opensmile_librosa,KD_regressor,0.5,ExtraTreesRegressor,0.45955584476240463,0.09412005373973889,0.0,0.7462895622205135,50
ansiedad,egemaps,Baseline_regressor,1.0,SVR,0.4586200502698226,0.09414216750750948,0.0010802398411080259,0.7426772515193479,50
ansiedad,5s_opensmile_librosa,Baseline_regressor,1.0,LinearSVR,0.4574875099731103,0.0843838796633961,0.00025983807192619094,0.7461275947661076,50
ansiedad,5s_opensmile_librosa,KD_regressor,0.5,HistGradientBoostingRegressor,0.4572087652338964,0.08911596988066066,0.006905988630387114,0.741809871253792,50
ansiedad,egemaps,Baseline_regressor,1.0,NuSVR,0.45701142444214815,0.09465999179120517,0.0013271534213549394,0.7427061700818453,50
ansiedad,5s_opensmile_librosa,KD_regressor,0.5,HuberRegressor,0.45658710314124645,0.09456384961585568,0.006418418458147696,0.7401024162382255,50
ansiedad,5s_opensmile_librosa,KD_regressor,0.5,BaggingRegressor,0.4557437693162878,0.06912616112498118,0.0078016163892137905,0.7413450979653398,50
ansiedad,5s_opensmile_librosa,KD_regressor,0.5,RandomForestRegressor,0.452253220952017,0.08382147610437231,0.00038794172061676975,0.7449563919648344,50
ansiedad,5s_opensmile_librosa,KD_regressor,0.75,RANSACRegressor,0.45198507303315066,0.06667812444406608,0.21237152969596315,0.5846643759599776,50
ansiedad,5s_opensmile_librosa,KD_regressor,0.5,Ridge,0.45052162242276284,0.09094770710706762,0.01351809809700002,0.7365814547263093,50
ansiedad,5s_opensmile_librosa,KD_regressor,0.5,LinearRegression,0.45014962311177037,0.09064622727151628,0.014919796912200715,0.7363696593888917,50
ansiedad,5s_opensmile_librosa,KD_regressor,0.5,TransformedTargetRegressor,0.45014962311177037,0.09064622727151628,0.014919796912200715,0.7363696593888917,50
ansiedad,5s_opensmile_librosa,KD_regressor,0.5,RidgeCV,0.44991428950591184,0.09206345418107656,0.012404403590339324,0.7367003674871937,50
ansiedad,5s_opensmile_librosa,KD_regressor,0.5,KernelRidge,0.4485117765760334,0.07798952003742715,0.0006637896107613092,0.7461689650124305,50
ansiedad,5s_opensmile_librosa,KD_regressor,0.5,BayesianRidge,0.4480035467947031,0.09435526032867134,0.005352530813160576,0.7402252462019524,50
ansiedad,5s_opensmile_librosa,KD_regressor,0.5,SGDRegressor,0.44778482296865485,0.09314870441271966,0.01002811411940169,0.7368349368996988,50
ansiedad,5s_opensmile_librosa,KD_regressor,0.75,BaggingRegressor,0.44717958825964305,0.06233524392984861,0.0004206817531528549,0.7454215778617457,50
ansiedad,5s_opensmile_librosa,KD_regressor,0.5,PassiveAggressiveRegressor,0.44683062045643135,0.08348865306665448,0.07423941704290145,0.7060893412124228,50
ansiedad,5s_opensmile_librosa,KD_regressor,0.5,MLPRegressor,0.4461054639601322,0.05953370832962862,0.09001951553532153,0.694398090918074,50
ansiedad,5s_opensmile_librosa,KD_regressor,0.5,LassoLarsIC,0.4459168249737258,0.0971501854368735,0.008673667681270567,0.739241335744407,50
ansiedad,5s_opensmile_librosa,KD_regressor,0.75,AdaBoostRegressor,0.444804096265084,0.09184919765708038,0.0,0.7466445895656745,50
ansiedad,5s_opensmile_librosa,KD_regressor,0.5,GammaRegressor,0.4440549500820369,0.09941871549602481,0.0007900825041131838,0.7455655452422397,50
ansiedad,5s_opensmile_librosa,KD_regressor,0.5,PoissonRegressor,0.44397768094916545,0.10465120440670513,0.0,0.7465908824739818,50
ansiedad,5s_opensmile_librosa,KD_regressor,0.75,XGBRegressor,0.4433155401593764,0.06733005948839692,0.003789722650730742,0.742504955577424,50
ansiedad,5s_opensmile_librosa,KD_regressor,0.75,MLPRegressor,0.4415218474567118,0.06286921455051513,0.043348718728000835,0.7224359005839915,50
ansiedad,5s_opensmile_librosa,Baseline_regressor,1.0,MLPRegressor,0.4411383238390601,0.061340094296651354,0.029623181499828444,0.7293642706411125,50
ansiedad,5s_opensmile_librosa,KD_regressor,0.75,HuberRegressor,0.44039886467929834,0.0893037545961604,0.001940706926880445,0.7438130798737184,50
ansiedad,5s_opensmile_librosa,KD_regressor,0.75,OrthogonalMatchingPursuitCV,0.4358965161060304,0.09790475930725416,0.0,0.7466445895656745,50
ansiedad,5s_opensmile_librosa,Baseline_regressor,1.0,BaggingRegressor,0.43553250406767124,0.06426665458221179,0.000537593984962406,0.7457376318514568,50
ansiedad,5s_opensmile_librosa,KD_regressor,0.75,ExtraTreesRegressor,0.4349711233133624,0.08802935129694374,0.0,0.7466445895656745,50
ansiedad,5s_opensmile_librosa,Baseline_regressor,1.0,OrthogonalMatchingPursuitCV,0.4347138584182318,0.08150397472685741,0.0,0.7466445895656745,50
ansiedad,5s_opensmile_librosa,KD_regressor,0.75,KernelRidge,0.43416022479698463,0.07002250887961634,0.0008074895027325251,0.7459871450816524,50
ansiedad,5s_opensmile_librosa,KD_regressor,0.75,HistGradientBoostingRegressor,0.4315251279824219,0.0784148382949894,0.0011831949702746552,0.7452380002354037,50
ansiedad,5s_opensmile_librosa,KD_regressor,0.5,GradientBoostingRegressor,0.4311648297834455,0.08578762713891384,0.0020846695619899254,0.7433104705855023,50
ansiedad,5s_opensmile_librosa,KD_regressor,0.5,OrthogonalMatchingPursuit,0.4308664750663147,0.08904905143555375,0.002933858105031847,0.7441957652315422,50
ansiedad,5s_opensmile_librosa,KD_regressor,0.75,SGDRegressor,0.43042772661748235,0.09402389696880414,0.004828054638600521,0.7424837718752808,50
ansiedad,5s_opensmile_librosa,KD_regressor,0.75,Ridge,0.42890904000231234,0.08359101172709471,0.004255283470040395,0.742141227636657,50
ansiedad,5s_opensmile_librosa,Baseline_regressor,1.0,XGBRegressor,0.42890762193869586,0.06790502944339682,0.004456551160634262,0.742730420932138,50
ansiedad,5s_opensmile_librosa,KD_regressor,0.75,RidgeCV,0.42888049006928364,0.08462396367886407,0.0035339218344986587,0.7422437750699616,50
ansiedad,5s_opensmile_librosa,KD_regressor,0.75,TransformedTargetRegressor,0.42849114312803743,0.08323646811122434,0.004915718205115337,0.7420680870926136,50
ansiedad,5s_opensmile_librosa,KD_regressor,0.75,LinearRegression,0.42849114312803743,0.08323646811122434,0.004915718205115337,0.7420680870926136,50
ansiedad,5s_opensmile_librosa,KD_regressor,0.5,TweedieRegressor,0.42801915976177035,0.09818793133657433,0.0,0.7466277828429854,50
ansiedad,5s_opensmile_librosa,Baseline_regressor,1.0,AdaBoostRegressor,0.42769973609627415,0.08180461439677454,0.0,0.7466445895656745,50
ansiedad,5s_opensmile_librosa,Baseline_regressor,1.0,KernelRidge,0.42639480113659833,0.06686763736256142,0.0009468725131039821,0.7457374389225244,50
ansiedad,5s_opensmile_librosa,Baseline_regressor,1.0,SGDRegressor,0.4263668777962172,0.08870938748195636,0.0024549687540775925,0.744293832235179,50
ansiedad,5s_opensmile_librosa,KD_regressor,0.75,LassoLarsIC,0.42575655357220216,0.08708255538615088,0.0028323034192206326,0.7434960872323599,50
ansiedad,5s_opensmile_librosa,KD_regressor,0.75,RandomForestRegressor,0.42563632063628953,0.07182540049059417,0.0,0.7465539893391739,50
ansiedad,5s_opensmile_librosa,KD_regressor,0.75,BayesianRidge,0.4256269304710404,0.08662143045752858,0.002295618735571129,0.7446039265032024,50
ansiedad,5s_opensmile_librosa,Baseline_regressor,1.0,PassiveAggressiveRegressor,0.42456226701344674,0.0838718141467259,0.0457668921771075,0.7198783436805387,50
ansiedad,5s_opensmile_librosa,Baseline_regressor,1.0,HuberRegressor,0.4240844745927166,0.08021272087992705,0.0014702619804025552,0.7445066876568182,50
ansiedad,5s_opensmile_librosa,KD_regressor,0.75,PoissonRegressor,0.4225817300527722,0.0961034025404475,0.0,0.7466445895656745,50
ansiedad,5s_opensmile_librosa,KD_regressor,0.75,GammaRegressor,0.4215338950983718,0.09039336584691485,0.000595326851128233,0.7454957848653518,50
ansiedad,5s_opensmile_librosa,KD_regressor,0.75,PassiveAggressiveRegressor,0.4206188525493461,0.08486780301352455,0.044675187719584404,0.7160140923386149,50
ansiedad,5s_opensmile_librosa,Baseline_regressor,1.0,ExtraTreesRegressor,0.42051385713368583,0.0800664560607656,0.0,0.7466445895656745,50
ansiedad,5s_opensmile_librosa,Baseline_regressor,1.0,Ridge,0.4183484051025876,0.08037117763899719,0.003057450024007013,0.7433084901689796,50
ansiedad,5s_opensmile_librosa,Baseline_regressor,1.0,LinearRegression,0.4180445792193862,0.0799491387261219,0.003188948147087436,0.7431875888920874,50
ansiedad,5s_opensmile_librosa,Baseline_regressor,1.0,TransformedTargetRegressor,0.4180445792193862,0.0799491387261219,0.003188948147087436,0.7431875888920874,50
ansiedad,5s_opensmile_librosa,Baseline_regressor,1.0,RidgeCV,0.4180429134727042,0.0806856104858609,0.0027936520201652837,0.7435837738865306,50
ansiedad,5s_opensmile_librosa,Baseline_regressor,1.0,HistGradientBoostingRegressor,0.4172605260087922,0.07828659020990764,0.0005920387964299397,0.7459475475620377,50
ansiedad,5s_opensmile_librosa,Baseline_regressor,1.0,BayesianRidge,0.41398770131942975,0.08301580825626531,0.0014730977827991647,0.7450808363179082,50
ansiedad,5s_opensmile_librosa,Baseline_regressor,1.0,RandomForestRegressor,0.4116815966840013,0.07415404484870157,0.0,0.7466445895656745,50
ansiedad,5s_opensmile_librosa,Baseline_regressor,1.0,PoissonRegressor,0.411385172575897,0.09157096837255523,0.0,0.7466445895656745,50
ansiedad,5s_opensmile_librosa,KD_regressor,0.75,GradientBoostingRegressor,0.41024910653265434,0.07831472888765793,0.0003922369765066394,0.7458985522622419,50
ansiedad,5s_opensmile_librosa,Baseline_regressor,1.0,LassoLarsIC,0.40938710362314834,0.08072788060554276,0.002172617125745642,0.7447422976316507,50
ansiedad,5s_opensmile_librosa,KD_regressor,0.75,OrthogonalMatchingPursuit,0.40592696610929485,0.09142345072630806,0.000679007388371346,0.7463233662449467,50
ansiedad,5s_opensmile_librosa,KD_regressor,0.75,TweedieRegressor,0.4051179307580947,0.08929985889829872,0.0,0.7466445895656745,50
ansiedad,5s_opensmile_librosa,Baseline_regressor,1.0,GradientBoostingRegressor,0.3952471084569415,0.07833279084032069,0.0,0.7463902483388322,50
ansiedad,5s_opensmile_librosa,Baseline_regressor,1.0,TweedieRegressor,0.3936291454113921,0.08475560161739147,0.0,0.7466445895656745,50
ansiedad,5s_opensmile_librosa,Baseline_regressor,1.0,OrthogonalMatchingPursuit,0.38867858688300905,0.08723076963110157,0.0006825374541572207,0.7464045367907866,50
