subject_id,repeat,fold,prob_extratrees_embeddings,prob_bilstm_embeddings,prob_destilacion_estudiante,prob_bigru_video,y_true,fusion_perceptron,fusion_logreg,fusion_voting,fusion_gboost,fusion_mlp
1,0,0,0.565,0.1665412485599517,0.3939026683026635,0.2828167378902435,1,0.3361058627151312,0.4461211037190272,0.25,0.5177187856127596,0.26078738914419514
1,1,4,0.63,0.6635178923606873,0.2952400748428508,0.9375989437103271,1,0.2214666342935734,0.9523298676953148,0.75,0.47788224969652154,0.9386663665624534
1,2,4,0.7,0.5506477952003479,0.3329196575507555,0.3288883864879608,1,0.6178132125250687,0.7756471818560453,0.5,0.8641806806874044,0.9886905553850881
1,3,2,0.505,0.3593455255031585,0.3571091472834674,0.5931781530380249,1,0.6522803367791811,0.717728456663644,0.5,0.4665809012079917,0.9974181661652923
1,4,1,0.585,0.2801312804222107,0.3506468966468554,0.5542972087860107,1,0.23933236821296985,0.5002366130461038,0.5,0.35129201811616384,0.714400944302248
1,5,1,0.6,0.3336806297302246,0.2808995474001008,0.4495342671871185,1,0.32762722643830616,0.5610936840710418,0.25,0.5809335666247206,0.9467674457142653
1,6,1,0.52,0.5324646830558777,0.2884276568401585,0.6680986881256104,1,0.41888811354464633,0.8059651120827319,0.75,0.9061616184981541,0.9142217138898968
1,7,0,0.555,0.2597885429859161,0.440256249807295,0.4568328559398651,1,0.26330686149044774,0.5174460416274941,0.25,0.9383683731939438,0.654975749905071
1,8,2,0.645,0.4020870327949524,0.2133286125971495,0.6611904501914978,1,0.29049019057557746,0.7160725509869927,0.5,0.8614932989661641,0.7803042067329617
1,9,1,0.545,0.2696390450000763,0.3761214264207213,0.4357432425022125,1,0.40810902684346545,0.5405439802304345,0.25,0.35041606572066825,0.5720359610990892
2,0,1,0.31,0.3029648959636688,0.2683736648275081,0.2506348788738251,0,0.198709717015087,0.23128711561175863,0.0,0.6334046603895918,0.3873775810101005
2,1,0,0.275,0.3177757561206817,0.277890319494129,0.0090919425711035,0,0.15612760519173452,0.1889737102788908,0.0,0.07572973809567732,0.31534854152483216
2,2,1,0.3,0.3373777568340301,0.2958982324928813,0.1917441487312317,0,0.2683437688720807,0.24691754645232694,0.0,0.03452030738966088,0.23220628864987214
2,3,2,0.39,0.2223398983478546,0.2299195953685552,0.1424737721681594,0,0.20604473433310885,0.14527086524833768,0.0,0.09732242906284612,0.007675359231355162
2,4,2,0.29,0.1854105293750763,0.3577930758840562,0.2510975301265716,0,0.2901308857975443,0.2539323418384827,0.0,0.527571643545045,0.2693411025791937
2,5,4,0.17,0.1951207667589187,0.2606609186519277,0.3042949736118316,0,0.23495736250978813,0.15039125364236391,0.0,0.0480142681392323,0.08953598995417343
2,6,1,0.425,0.2275642901659011,0.229558058806618,0.0881371721625328,0,0.33818250811759826,0.2570619940775403,0.0,0.5677738778959645,0.13062768908845762
2,7,4,0.36,0.2258524000644683,0.333363310385692,0.1335606873035431,0,0.20821292583894543,0.16358623743580245,0.0,0.06405848527216022,0.06708886984024577
2,8,1,0.325,0.2730035483837127,0.2640775002508043,0.4000396132469177,0,0.42741175264322634,0.4103689465991057,0.0,0.35191530415694333,0.7304526680471508
2,9,4,0.415,0.2608473002910614,0.2940034894489499,0.0758128836750984,0,0.25147477686634717,0.10579685742846254,0.0,0.04505413558100573,0.02687462287746964
3,0,4,0.205,0.2795256674289703,0.2948026706180709,0.7268365025520325,1,0.348373189348217,0.2715387932170054,0.25,0.13494660999538016,0.10548388318075244
3,1,0,0.18,0.4460025727748871,0.2723344726927615,0.2691597640514374,1,0.18996019257369204,0.2380535994397103,0.0,0.24785972536702996,0.3383624633011845
3,2,0,0.115,0.0858101099729538,0.2676764594459365,0.569897472858429,1,0.16125607716716192,0.10696631278831081,0.25,0.27887261607651953,0.06469919490923405
3,3,0,0.09,0.0532509721815586,0.2263032237572233,0.7200185656547546,1,0.21973659391863978,0.12997395154530061,0.25,0.07100503682002175,0.0358087585405263
3,4,2,0.145,0.0650350973010063,0.309709663900305,0.5325250029563904,1,0.40063931626861243,0.2721363878193647,0.25,0.0317513586164092,0.06569058827160461
3,5,4,0.095,0.272460788488388,0.2433280796320528,0.3545712828636169,1,0.2304798639266257,0.16650123888645968,0.0,0.09776933292658566,0.06631134331449365
3,6,3,0.095,0.0866620913147926,0.2776589868908107,0.7436093688011169,1,0.46372940820563996,0.3069759214618194,0.25,0.09051898841566129,0.028360527721158362
3,7,1,0.06,0.0773909389972686,0.307414167280787,0.6093723773956299,1,0.2935862458514034,0.14698042908352288,0.25,0.12182700361577624,0.1868187706171235
3,8,4,0.195,0.0825824961066246,0.21220325239489,0.4472731947898865,1,0.3247049828094311,0.11577643677667068,0.0,0.10926767635271142,0.08787128712074056
3,9,2,0.13,0.3094899356365204,0.2380491992707126,0.6801533102989197,1,0.32739524660076996,0.34440416200874296,0.25,0.2753244148592898,0.15526540549810602
4,0,0,0.185,0.1604682952165603,0.2266877211477354,0.3905573189258575,0,0.15493826007757458,0.16814324091498098,0.0,0.04783040078054573,0.1506184831388349
4,1,0,0.195,0.2187751084566116,0.2703860467441468,0.0131227411329746,0,0.12904749603684865,0.11428592817630412,0.0,0.04526095822157707,0.2716587679994378
4,2,4,0.18,0.2689931392669678,0.269081881030272,0.4107754528522491,0,0.20532827275095122,0.2031944485528349,0.0,0.08493108600861454,0.2178660882351887
4,3,4,0.19,0.139856606721878,0.2144697034804814,0.3684007227420807,0,0.17643153651562224,0.17993207941445147,0.0,0.18646431195653942,0.15647802887386666
4,4,1,0.05,0.1165196299552917,0.183507503189583,0.3864624798297882,0,0.21380745549464777,0.0673545173139704,0.0,0.15648926745062713,0.08847659445306859
4,5,3,0.2,0.2687215507030487,0.2544369497782666,0.3939433693885803,0,0.2722796740563502,0.2872611349430535,0.0,0.10085302927877662,0.2813075286319795
4,6,3,0.26,0.1643196046352386,0.2516721252063211,0.4005020260810852,0,0.27492725575612637,0.20506081565978926,0.0,0.18121944943640275,0.18324284701785773
4,7,2,0.18,0.5427402257919312,0.2411063155157917,0.5188901424407959,0,0.3175313810047002,0.3253537242026851,0.5,0.42234360975668533,0.7908320107562133
4,8,0,0.22,0.321250855922699,0.1885558309638316,0.2789945006370544,0,0.24357216329922182,0.23484739450097658,0.0,0.10778450639960474,0.26262549969541604
4,9,1,0.2,0.3409775793552398,0.2896744245302888,0.4760310053825378,0,0.3845597315199309,0.43058071637148637,0.0,0.4346337577818151,0.32925349389576497
5,0,4,0.15,0.0029852690640836,0.2485816243476974,0.3273084163665771,0,0.1586248397184684,0.05498825702902447,0.0,0.017752491589522516,0.0030917858495709315
5,1,4,0.235,0.1958654075860977,0.2195142293582001,0.3910020589828491,0,0.21640303357060633,0.19290795211337006,0.0,0.10172030443822527,0.14164098611453563
5,2,1,0.275,0.116008348762989,0.2569873524090019,0.2785280644893646,0,0.24161525440701606,0.17113960787109175,0.0,0.03946978455476405,0.07028835646120003
5,3,1,0.245,0.0638517886400222,0.1971733076917583,0.3306924104690552,0,0.2629108860490185,0.3037353782126637,0.0,0.24137383356807263,0.13240052557148624
5,4,0,0.17,0.0521674193441867,0.2975495288861474,0.2521889805793762,0,0.16243886609136593,0.11132570167544234,0.0,0.5020544983778102,0.20818343302786257
5,5,0,0.235,0.0294109918177127,0.2652742088704278,0.3102021217346191,0,0.09988539128073075,0.050846621350380906,0.0,0.07035725797214319,0.0014542266533005771
5,6,4,0.28,0.1638612747192382,0.2535158405716381,0.0973927453160286,0,0.22624530071479387,0.12294171420701315,0.0,0.05359549333930875,0.16202081915002303
5,7,4,0.28,0.0438207164406776,0.3060938125480533,0.3700593709945678,0,0.17548030433160847,0.21141983584961146,0.0,0.28184976538715484,0.12268961959036406
5,8,3,0.13,0.0277664065361022,0.2150204727228022,0.2632870376110077,0,0.1518358409185249,0.10530726797140325,0.0,0.07719073059503122,0.11194054222442412
5,9,3,0.055,0.1231027022004127,0.2167503054372023,0.2697567939758301,0,0.12009827735240032,0.050330090043112355,0.0,0.09868276149063593,0.1030890670751278
6,0,0,0.095,0.0670851841568946,0.2416026799593646,0.2135675549507141,0,0.1263374383519357,0.08170587823315126,0.0,0.02538260329564954,0.08272856241924122
6,1,1,0.17,0.1659176498651504,0.2629322991603641,0.1598886847496032,0,0.2227763489393314,0.1048987217809979,0.0,0.11696586138297821,0.059841623694342296
6,2,0,0.07,0.0909770876169204,0.2564817263575765,0.3388994336128235,0,0.12059423693317739,0.07699879638955016,0.0,0.11612726235482741,0.20595619248973432
6,3,4,0.115,0.0146163627505302,0.222173969094161,0.2363498359918594,0,0.10552637630574235,0.11149111266739947,0.0,0.09590861561327159,0.1107644831397671
6,4,3,0.12,0.1339089125394821,0.2745730210834283,0.1135717704892158,0,0.21480826287119548,0.104794925698381,0.0,0.06155683547973392,0.08901088932592696
6,5,4,0.115,0.1068104058504104,0.2427762737956521,0.2084294259548187,0,0.19114592426094135,0.08346124377833063,0.0,0.05167793186305387,0.18947591590633106
6,6,3,0.055,0.1191030219197273,0.2678631117827456,0.0380198657512664,0,0.12710578768337896,0.053836790266641656,0.0,0.01149400537984541,0.39227447142884747
6,7,2,0.08,0.1918133795261383,0.246359818891275,0.0811804234981536,0,0.16074765820271897,0.05517765338981719,0.0,0.8146589181946706,0.024406630372538467
6,8,2,0.135,0.148155078291893,0.1782841329934711,0.3405154645442962,0,0.2893184078847675,0.17383390950083663,0.0,0.10527417301848872,0.15555443344197675
6,9,4,0.06,0.2026865184307098,0.2543050814892632,0.0849420353770256,0,0.20068857996748116,0.06044648590700683,0.0,0.12619818746334435,0.3852687731609974
7,0,4,0.285,0.0143401380628347,0.3351278869319973,0.1158732250332832,0,0.19550791239598883,0.09764377019858883,0.0,0.07360908150033482,0.004955577359392689
7,1,3,0.265,0.0849397182464599,0.3180200481609054,0.0888062790036201,0,0.171786811482028,0.12685341584510446,0.0,0.06546498051044641,0.11364414096482552
7,2,0,0.15,0.0905896052718162,0.2566177396196372,0.2997110784053802,0,0.11984551324331483,0.0871659098742593,0.0,0.13398563815743664,0.14703367196549622
7,3,0,0.095,0.0786944255232811,0.3039916136651227,0.044212307780981,0,0.16328642899021092,0.05248771773886429,0.0,0.05449921615466416,0.07652915796189795
7,4,2,0.19,0.1388019025325775,0.3007392928618451,0.2429734617471695,0,0.2687377908742806,0.1543210404194324,0.0,0.4769065728809738,0.22053858922994596
7,5,3,0.52,0.1374427229166031,0.2602026443565908,0.3883495330810547,0,0.3442145440703588,0.4618572160580445,0.25,0.7007753972437186,0.39617723503224306
7,6,2,0.305,0.0960309505462646,0.3174012660728458,0.1585839837789535,0,0.2583796620944384,0.22635194279449058,0.0,0.14839882532160506,0.1771214985855925
7,7,3,0.375,0.2733548581600189,0.2580458326701347,0.0630251318216323,0,0.20200238559373962,0.11625488487197916,0.0,0.9357947248140387,0.13440351091479016
7,8,4,0.18,0.0513255819678306,0.214263180779227,0.0507683157920837,0,0.253236304721056,0.06711688776926174,0.0,0.07678086911197635,0.1265367862469446
7,9,3,0.345,0.2549100816249847,0.2332988073543983,0.2071121335029602,0,0.17853281076130512,0.08557550783458237,0.0,0.04671301897059904,0.030412839495145387
8,0,1,0.325,0.2216217368841171,0.2217006393710078,0.2443176060914993,0,0.15553344451444667,0.18743443395935125,0.0,0.10084947330899298,0.1667857789095505
8,1,1,0.27,0.099345751106739,0.2407588082672466,0.2400873601436615,0,0.2428917863908724,0.12507915434719308,0.0,0.08712328694629067,0.00430271897680147
8,2,3,0.345,0.0487441420555114,0.2064726289214357,0.0446757115423679,0,0.21293675657475086,0.07734090664061705,0.0,0.07617094872551407,0.010469507541219714
8,3,3,0.35,0.2467058002948761,0.1963868683325342,0.3890236020088196,0,0.23318819074425426,0.23444021931636463,0.0,0.08391548286515574,0.24180318719474073
8,4,1,0.39,0.052377413958311,0.2192059769491247,0.0667009204626083,0,0.23736075984055818,0.06782696261301606,0.0,0.071014613813868,0.029033268277377247
8,5,4,0.09,0.1796440482139587,0.243489710627612,0.2182662636041641,0,0.19312968677175776,0.10085113286805093,0.0,0.0480142681392323,0.1663024759844441
8,6,0,0.38,0.1505699455738067,0.2718744843475893,0.1478378474712371,0,0.18888128141070512,0.14188641000505467,0.0,0.06292674024489578,0.10995237443294612
8,7,2,0.32,0.2056072950363159,0.2646499778891765,0.2468492239713668,0,0.21318223426046845,0.15747409006990223,0.0,0.05011929628701773,0.023626250882989648
8,8,4,0.14,0.0372687168419361,0.207259117169305,0.1759960055351257,0,0.26961089017346634,0.06504614615953344,0.0,0.05021803959342246,0.11766044534497415
8,9,3,0.355,0.1163815855979919,0.2162913449376419,0.2688820660114288,0,0.18617295929342928,0.07088961742032114,0.0,0.044848893315056405,0.015017971301467814
9,0,0,0.29,0.0379766970872879,0.3470988648717105,0.0900985896587371,0,0.16680362048044908,0.13311832718117653,0.0,0.33295676404061747,0.04186990675464509
9,1,4,0.24,0.1833893954753875,0.3088277792712319,0.0552062354981899,0,0.24935308367494483,0.10964220233037679,0.0,0.11895641025581001,0.11369758209021821
9,2,4,0.175,0.0497064292430877,0.3110464505338601,0.3590749204158783,0,0.15738661082747393,0.13559032711370875,0.0,0.08204722065162771,0.12998200594977677
9,3,1,0.18,0.0420550219714641,0.2932950917174934,0.2100075334310531,0,0.18651346152630865,0.16689148774808737,0.0,0.15671679382736464,0.16757017848493086
9,4,4,0.205,0.0497770644724369,0.3466476971134073,0.2595690786838531,0,0.20524004789447345,0.17428814968470463,0.0,0.08910516634481042,0.15580091196524917
9,5,2,0.235,0.1945247948169708,0.2426984599936003,0.0898984000086784,0,0.20617075408830807,0.1382158847594466,0.0,0.14596599347098094,0.17502583167329916
9,6,3,0.195,0.1781887114048004,0.285135164196199,0.1152139753103256,0,0.1718431765899507,0.11421700312556056,0.0,0.2340120199426316,0.14298255519363595
9,7,1,0.205,0.0498466715216636,0.2905315148293225,0.1871004253625869,0,0.19510531536369916,0.08368348013337698,0.0,0.04030009862624048,0.0971700220872013
9,8,2,0.255,0.1796916425228119,0.1891353351320139,0.1819319128990173,0,0.28732949779460226,0.21501044191469584,0.0,0.13111614046927605,0.2192387566897568
9,9,0,0.215,0.0100514767691493,0.3249204879702434,0.196025088429451,0,0.2316349092516171,0.05023458453975669,0.0,0.02781405855649921,0.014208656837872993
10,0,2,0.43,0.2065626829862594,0.2671085195076741,0.0634926110506057,0,0.2482974391327255,0.17518777812549063,0.0,0.16010926553341612,0.03172950842158762
10,1,1,0.45,0.1618236154317855,0.2684450123124652,0.2341701537370681,0,0.26907165720481735,0.23224887411919537,0.0,0.2860906909274995,0.008500975486173224
10,2,4,0.575,0.1015785411000251,0.2862668478889478,0.3624423444271087,0,0.30262612893764823,0.44998684749607715,0.25,0.846790529095314,0.6118946479950942
10,3,1,0.48,0.1189741194248199,0.2594611171507198,0.2684486806392669,0,0.3143884273011304,0.3688722679486286,0.0,0.4437622261204071,0.15014994425348663
10,4,2,0.495,0.115386389195919,0.2847454406836969,0.1790060997009277,0,0.261472093761632,0.15674677413717208,0.0,0.1171164411389775,0.030644282035558103
10,5,3,0.565,0.1164929643273353,0.2743864056960978,0.3591670393943786,0,0.3238296173488264,0.44805278258671866,0.25,0.7352174273807552,0.48837043321360657
10,6,1,0.485,0.0407796800136566,0.2418414675206545,0.1654034256935119,0,0.3128743874865025,0.18922022859696438,0.0,0.5920711658807425,0.05533938354140739
10,7,0,0.48,0.0312569104135036,0.3233501181628211,0.2855951189994812,0,0.19849671231905233,0.28282667409755685,0.0,0.16876074566169097,0.1457767413037538
10,8,3,0.39,0.0498619265854358,0.2027754055925305,0.3608440160751343,0,0.23644260686872876,0.1963150806291039,0.0,0.022873527458897508,0.12590248276566054
10,9,4,0.425,0.0693903267383575,0.2531535147912573,0.1499271690845489,0,0.204722463252116,0.0700882078591163,0.0,0.05809461854701842,0.004896048757354155
11,0,3,0.33,0.4230709373950958,0.3265038587321571,0.5516729950904846,0,0.301159235023425,0.5888671486698123,0.25,0.520523947478378,0.7939399958099551
11,1,4,0.275,0.3175036907196045,0.2437218664345106,0.4824214279651642,0,0.20308883802130162,0.36251652001606766,0.0,0.4523789313414693,0.5698908196244784
11,2,4,0.355,0.1867441534996032,0.2682298235854471,0.439853310585022,0,0.2542649606030958,0.3126544890983177,0.0,0.04475561824692386,0.3768677367070236
11,3,0,0.1,0.0588383302092552,0.3466560447260053,0.3919185101985931,0,0.18954359340603164,0.1099020978616297,0.0,0.041469701193874525,0.06974827101583589
11,4,3,0.13,0.0480353944003582,0.3051521141770874,0.3864673674106598,0,0.24176972047154668,0.19957889780410565,0.0,0.126607960117814,0.3168899140084918
11,5,3,0.455,0.1274778991937637,0.2467208242343755,0.369305670261383,0,0.3360139562400486,0.4204199682264377,0.0,0.36850068536302305,0.20417518784837815
11,6,2,0.385,0.1368747055530548,0.2748741343044908,0.3578752279281616,0,0.2651908099440851,0.33858497942458393,0.0,0.3655358007551922,0.22631013184455964
11,7,2,0.315,0.2472752779722213,0.3068673385128626,0.6287556886672974,0,0.4529447531312842,0.5482221856734873,0.25,0.4583630975303884,0.31407879382469023
11,8,1,0.25,0.13352632522583,0.2228425769044866,0.4649202823638916,0,0.3438231010275395,0.1871887023584603,0.0,0.4075475122618838,0.287017899354099
11,9,0,0.015,0.022701920941472,0.3090506324517374,0.3653440475463867,0,0.19734814094467876,0.08927806825573742,0.0,0.06242012715606541,0.052953669732697814
12,0,1,0.53,0.4393389225006103,0.327426627795229,0.2672630548477173,0,0.42850908153263817,0.4649996056422211,0.25,0.6642597783982873,0.7504062719603636
12,1,4,0.525,0.4638278186321258,0.2775992453249661,0.3908907473087311,0,0.22560427980464245,0.6461649390816215,0.25,0.17460404085749787,0.8386335277381307
12,2,3,0.53,0.2779214680194855,0.2959773190229006,0.0579299256205558,0,0.323017493097199,0.2221801185574232,0.25,0.17383762397398783,0.0811724173634134
12,3,2,0.455,0.3247236609458923,0.3235008349141109,0.1864851862192154,0,0.3781038951830786,0.3099353962427019,0.0,0.17595904338954751,0.13250156818748934
12,4,3,0.59,0.2977811694145202,0.3452514414207742,0.0888203009963035,0,0.19731449090076728,0.23473039521294012,0.25,0.15467477786138806,0.02946288613833658
12,5,0,0.585,0.0971003398299217,0.3549470443864,0.3264771699905395,0,0.16388970659783628,0.11237350475614265,0.25,0.5298469989261796,0.07578817549799954
12,6,1,0.4,0.1065472066402435,0.361496851504957,0.3328358829021454,0,0.3017448728691728,0.15456851912340733,0.0,0.15910629064457765,0.04830741048195633
12,7,0,0.56,0.116349920630455,0.4692763864929691,0.2102675586938858,0,0.3044436840654701,0.4201833076262988,0.25,0.44241964148017326,0.3358143853224805
12,8,0,0.56,0.1328385323286056,0.2513885082801507,0.0189657490700483,0,0.28902149813251915,0.16246315111904824,0.25,0.08540925951944144,0.04405118149334616
12,9,0,0.47,0.0816277638077735,0.3184211677514955,0.4268290400505066,0,0.409158104499131,0.22464251650065234,0.0,0.15999429157672368,0.09363085026728259
13,0,2,0.175,0.1052266061305999,0.3098572876671515,0.148272305727005,0,0.20511757005078055,0.12773185736909118,0.0,0.03886878443558232,0.1399296499104835
13,1,0,0.145,0.1435827016830444,0.3032812636683156,0.0094904275611042,0,0.1177052997908692,0.07831696122138125,0.0,0.09952379916397437,0.17142656028929923
13,2,1,0.225,0.171576514840126,0.3202102547664727,0.1519398987293243,0,0.2578479857410856,0.16307597140499672,0.0,0.04655168570264434,0.1711748764812996
13,3,4,0.205,0.2955530881881714,0.2692962994496159,0.2418972551822662,0,0.2117641384845704,0.200265573439899,0.0,0.06497315938335645,0.19108820917725583
13,4,3,0.175,0.1270520538091659,0.3868573383271886,0.014387609437108,0,0.16662411420176884,0.07474845983433527,0.0,0.051568050169141615,0.014670864822098645
13,5,0,0.215,0.0429049581289291,0.2957459090017336,0.2294681817293167,0,0.0777061052884792,0.038390163921338746,0.0,0.022010717282331085,0.022308053569813864
13,6,3,0.205,0.3195014595985412,0.2583803111519693,0.059426300227642,0,0.1484590708690305,0.1199827202625651,0.0,0.020761936876240394,0.12889675849362847
13,7,4,0.265,0.1210928857326507,0.3612234424760862,0.1681286394596099,0,0.19100461959160023,0.15849332882735756,0.0,0.03976208107919542,0.04491278509989976
13,8,0,0.325,0.2302452474832534,0.2601859726721154,0.0034036845900118,0,0.3141297494666568,0.16622320266204857,0.0,0.12091721480749053,0.11348024636486165
13,9,1,0.175,0.1263424903154373,0.3345999971530604,0.3727980554103851,0,0.2699927171679278,0.29702611027759673,0.0,0.07573464515647008,0.030666239345219524
14,0,0,0.03,0.0614939145743846,0.2568505712438652,0.4092494249343872,0,0.14056224103129533,0.11276452372465132,0.0,0.09970119877412849,0.15046227506022125
14,1,3,0.015,0.1746294498443603,0.2695791057892606,0.3416065573692322,0,0.12254580724873664,0.08860538936005156,0.0,0.08278734362310933,0.07637085223674259
14,2,4,0.025,0.0483084060251712,0.2785822639947663,0.3743816018104553,0,0.12355369073036625,0.07703287627173049,0.0,0.11701990643946503,0.11695151922677155
14,3,0,0.02,0.0670470967888832,0.2419983508753466,0.2904467582702636,0,0.1454511559292587,0.05027622626473363,0.0,0.04367190691150246,0.09104118272891741
14,4,0,0.005,0.0703049302101135,0.3446154292235999,0.1767763644456863,0,0.12979302758770914,0.08368948014642262,0.0,0.10496116008978928,0.3887638433743649
14,5,1,0.035,0.0880787521600723,0.2748970307221037,0.2911617159843445,0,0.17638509272854988,0.07937624911821343,0.0,0.27049834489230534,0.3458820487816191
14,6,1,0.015,0.038711741566658,0.259553542557843,0.547260582447052,0,0.19270229435036457,0.31652760606852676,0.25,0.6317202263708023,0.4355788986645988
14,7,0,0.03,0.0161953642964363,0.3270700344248434,0.2742840051651001,0,0.24052917483163208,0.12727960531917965,0.0,0.346440318271792,0.23738009589795944
14,8,0,0.075,0.1570388972759246,0.1977875490616724,0.0195236708968877,0,0.2034655296462434,0.06697740916513882,0.0,0.06426737299030477,0.09149245930871608
14,9,4,0.035,0.3642309904098511,0.2492993203069289,0.1825837194919586,0,0.23794555778666204,0.11849108615614493,0.0,0.6935700010853191,0.37204962008782216
15,0,2,0.18,0.6403539180755615,0.2579624613277883,0.2806207835674286,0,0.3793403156955201,0.18086971818370584,0.25,0.046527548135741156,0.11958060984155384
15,1,1,0.175,0.5765290856361389,0.2973094683970506,0.2178214490413665,0,0.27894221924164486,0.3692587082131669,0.25,0.3723531862085171,0.2297051889057545
15,2,3,0.16,0.5143789649009705,0.2819011882849466,0.0402666330337524,0,0.42522910478720216,0.15514351601730128,0.25,0.7599627751273687,0.13972336783469447
15,3,1,0.205,0.500508725643158,0.2968411165420988,0.1800854057073593,0,0.2405972594454364,0.1734594784155737,0.25,0.1613950404360708,0.17147467100967154
15,4,3,0.12,0.4522465467453003,0.3236954272076944,0.0237157996743917,0,0.2067573679196468,0.1217441711919973,0.0,0.08491180665079305,0.008085422106792653
15,5,0,0.11,0.5995281338691711,0.2900356319624148,0.2217774540185928,0,0.4286085842777499,0.4413597959219193,0.25,0.36936375523658366,0.004831246960738577
15,6,1,0.15,0.7190846800804138,0.26881366368378,0.2511917948722839,0,0.3422047291285983,0.6239693252302532,0.25,0.41210846091589054,0.18067549767342725
15,7,4,0.165,0.2128118425607681,0.3394828460761727,0.1944649368524551,0,0.17427851674770845,0.13125531727066195,0.0,0.053704765797135415,0.12643673411551107
15,8,3,0.16,0.3889654576778412,0.2080062875493918,0.2770834565162658,0,0.20774969331515722,0.23996877228654168,0.0,0.09923737553928792,0.1722643086568985
15,9,0,0.19,0.3169771134853363,0.2628197522741921,0.3116723597049713,0,0.20721292319180915,0.14778598188210543,0.0,0.05358244168006639,0.076380661043343
16,0,0,0.225,0.2552120983600616,0.2563315407242083,0.3517727851867676,0,0.18347509687920885,0.19878884797858604,0.0,0.8330582156528973,0.2351118171119792
16,1,2,0.315,0.428095132112503,0.2895274636428228,0.4780675768852234,0,0.2894622869982748,0.4637933583617278,0.0,0.7228334486515199,0.6815364970735992
16,2,2,0.265,0.4979062378406524,0.1960784769692599,0.2553245425224304,0,0.2581508508019784,0.11824974760221978,0.0,0.049265797349019695,0.1897677392214123
16,3,3,0.235,0.3312146961688995,0.1622585025980391,0.2756193280220032,0,0.20294905083592452,0.10378983384845318,0.0,0.09135061774646167,0.08643163379335855
16,4,1,0.38,0.4482991993427276,0.2589248993847854,0.356889933347702,0,0.22484212027571457,0.1982795193338611,0.0,0.406961234481395,0.3202054303799119
16,5,2,0.25,0.3156636655330658,0.1878870954422633,0.3258392512798309,0,0.1482455175955123,0.26271600303017045,0.0,0.21451687691906338,0.24313257293494742
16,6,4,0.2,0.3847542703151703,0.2690939217473858,0.1828153282403946,0,0.24928680735773545,0.19388945059154467,0.0,0.09538148240387162,0.12389693567298386
16,7,3,0.32,0.563854455947876,0.2846533659990352,0.2856180965900421,0,0.4129363715734751,0.26807667365683246,0.25,0.07251194940706784,0.1499301823216765
16,8,2,0.39,0.4858883619308471,0.1844396485367095,0.6866728663444519,0,0.3054840575950684,0.6808270628040048,0.25,0.44683440691117365,0.5937321344124828
16,9,1,0.35,0.4849807322025299,0.3089155392002544,0.4266846477985382,0,0.43493192188091556,0.49887081159540797,0.0,0.18483746177586205,0.8615535328630305
17,0,4,0.17,0.0150961270555853,0.3327440773722472,0.2895513474941253,0,0.20357565452266865,0.08307350056402873,0.0,0.014715051228344265,0.017822860831117993
17,1,1,0.155,0.1744274795055389,0.3217502659113376,0.1949681043624878,0,0.21431953686190863,0.11184963897054055,0.0,0.07826473000965947,0.009552051650266399
17,2,1,0.01,0.1141024306416511,0.2917296046139209,0.3410335183143616,0,0.2229180293307528,0.09733796429087109,0.0,0.06955544728755378,0.18472449123794135
17,3,3,0.13,0.2514134645462036,0.2492089362678925,0.1383260935544967,0,0.22186109552081065,0.08365905360924353,0.0,0.07352596957014518,0.09726384112593417
17,4,1,0.215,0.1845593005418777,0.2616178942620623,0.1560248285531997,0,0.21388866293289877,0.09237533507648103,0.0,0.1374734568989024,0.13105997803408584
17,5,1,0.225,0.1413195133209228,0.25662016949208,0.1231290698051452,0,0.21059485221035343,0.09220513074343038,0.0,0.019531791708493104,0.00793646409823782
17,6,4,0.115,0.2216911017894745,0.2863247265113647,0.12802554666996,0,0.2448067332773948,0.11388151591401843,0.0,0.15460556977499423,0.18574794962311225
17,7,1,0.175,0.1928519159555435,0.2991317865572236,0.1529407501220703,0,0.1800944434219264,0.09724282032767889,0.0,0.056333127722584836,0.17655321664317233
17,8,3,0.13,0.2629465460777282,0.208382221488149,0.3294847309589386,0,0.18471350857841196,0.18554586897865386,0.0,0.09923737553928792,0.12447488275780867
17,9,3,0.165,0.275419145822525,0.2507368700095037,0.2554047107696533,0,0.16466734243673864,0.10061299803994811,0.0,0.044848893315056405,0.08592345286076336
18,0,2,0.195,0.5011551380157471,0.2802055804604738,0.0744798704981803,0,0.2949438562090621,0.13188548893770052,0.25,0.23007793911342672,0.24256635765141357
18,1,3,0.125,0.2396622449159622,0.3473930798097281,0.1538181006908416,0,0.20115668000342346,0.1756138370886013,0.0,0.1118950597910262,0.15885285530155305
18,2,4,0.085,0.3791367411613464,0.2731901611185302,0.4696677625179291,0,0.22027339427340165,0.19795668129660507,0.0,0.5568370580781964,0.09964645221591789
18,3,4,0.06,0.0572311505675315,0.2869381793052467,0.3466318249702453,0,0.11416735023915148,0.15155412390927067,0.0,0.04637040895348834,0.18889070875901104
18,4,1,0.185,0.5962411165237427,0.22774248592155,0.3228328227996826,0,0.2270986359522955,0.12575554618363233,0.25,0.3881118833102312,0.08312782376685471
18,5,1,0.185,0.4389726817607879,0.2717844156624953,0.1111762598156929,0,0.2703419382292281,0.22425191440807918,0.0,0.15336815915560606,0.010461793676598715
18,6,3,0.095,0.4015960097312927,0.3099306963724078,0.0332098715007305,0,0.15778196690587953,0.14564874519782312,0.0,0.0708172605451521,0.18700164547576628
18,7,3,0.135,0.7397511601448059,0.256666806801048,0.3609650731086731,0,0.5355632071341391,0.2643203698844088,0.25,0.19212265759917171,0.010025746693006663
18,8,2,0.13,0.4411109983921051,0.1907228219528098,0.3417358994483948,0,0.30478240605096035,0.4276167927108355,0.0,0.2327515591318027,0.3540396156524427
18,9,2,0.13,0.3031079173088074,0.2638524532460909,0.3365537226200104,0,0.2290063010839651,0.2130943494291807,0.0,0.05250666885802608,0.10527504163723349
19,0,2,0.16,0.247260108590126,0.2993892402231959,0.0316570401191711,0,0.21564879746070384,0.10384928245752874,0.0,0.2669590429305474,0.27342284135290884
19,1,0,0.18,0.1531187742948532,0.2867022874756172,0.014965871348977,0,0.12392156090492253,0.08962342670836114,0.0,0.11162521371721792,0.18487406551740232
19,2,2,0.145,0.2511107623577118,0.2559406559133362,0.1905898749828338,0,0.21281374434437264,0.1125929567153927,0.0,0.18936973493335357,0.17036235588732035
19,3,2,0.22,0.2416316270828247,0.2536688578352082,0.0237330719828605,0,0.13552838514460877,0.08283245177151648,0.0,0.6140002292910133,0.1728599565657125
19,4,1,0.15,0.1743916422128677,0.2031188170649602,0.0708597972989082,0,0.2318612803681731,0.045477958752040734,0.0,0.13066189236689996,0.10124039210175778
19,5,1,0.145,0.1037796586751937,0.2488775944209135,0.0334101691842079,0,0.19301186813856666,0.05374349260041799,0.0,0.019531791708493104,0.00714233247177707
19,6,2,0.19,0.1404989063739776,0.2828519834541126,0.1975566297769546,0,0.26578022887191755,0.17839207306049126,0.0,0.18065976351359922,0.1705622088315991
19,7,0,0.17,0.2010450065135955,0.3449570558799795,0.1998898684978485,0,0.228978542225832,0.1671619399605482,0.0,0.0640034529328739,0.16288172432914824
19,8,0,0.115,0.154384896159172,0.2431888306065379,0.0049360175617039,0,0.25243454869884324,0.08441780008864457,0.0,0.10671635384151416,0.1391469042743538
19,9,3,0.13,0.3704043328762054,0.2408970914113192,0.3314810395240783,0,0.1883914616889051,0.12963514234245269,0.0,0.13504883931640854,0.05744958980479954
20,0,3,0.29,0.416434645652771,0.3189149555031698,0.3988717496395111,1,0.25664767785898857,0.40368115210758854,0.0,0.4485844534674183,0.5144549989071625
20,1,0,0.27,0.2229771614074707,0.2812587388519013,0.5771098732948303,1,0.2709817618093851,0.19005658033235032,0.25,0.05368697822655689,0.08002233615226326
20,2,1,0.09,0.0888698771595954,0.2790538804065041,0.197971373796463,1,0.2244393566805445,0.09444697501235776,0.0,0.06955544728755378,0.10610737997125308
20,3,0,0.23,0.1200751811265945,0.3251041001948335,0.3538207709789276,1,0.23324880595236963,0.16310681908122357,0.0,0.043916693873867,0.12961357844085136
20,4,4,0.17,0.080031082034111,0.2957884543964603,0.2524166107177734,1,0.21068748809447543,0.1473375382598804,0.0,0.1749786624510571,0.11244486430778586
20,5,0,0.205,0.0722949355840683,0.2695685028625919,0.350627988576889,1,0.11148060510917525,0.06005903107113358,0.0,0.06719204401169965,0.005575985503619608
20,6,2,0.26,0.1596504896879196,0.2831919849136232,0.4158160090446472,1,0.2650636398873846,0.30999857499145117,0.0,0.29379776544256153,0.21148064885720658
20,7,4,0.235,0.1073521077632904,0.3237442815756666,0.3434486985206604,1,0.17967195120816756,0.19987950701448043,0.0,0.09837564585563165,0.1820201825323478
20,8,1,0.23,0.1683448851108551,0.2106920248073792,0.2364169359207153,1,0.24481532513034676,0.15805152136974915,0.0,0.038271207176452535,0.14337861937264856
20,9,0,0.04,0.0345858968794345,0.2870946149287463,0.2228969633579254,1,0.16245467848570969,0.040642556680564275,0.0,0.06242012715606541,0.07789692238573484
21,0,3,0.185,0.2385250627994537,0.2017130748243097,0.0270311012864112,0,0.19053963775571367,0.05910056731807707,0.0,0.05302783888322663,0.16088599183274682
21,1,1,0.215,0.2670406699180603,0.253492656921098,0.1311052590608596,0,0.24172677469275086,0.15358887834955653,0.0,0.1546613534334204,0.12894038586681156
21,2,2,0.15,0.2339828461408615,0.1996232636952801,0.2005143910646438,0,0.204650571126176,0.06195785919992493,0.0,0.18936973493335357,0.050254951850136176
21,3,2,0.255,0.3006108701229095,0.2283549446689631,0.0681585744023323,0,0.15044357698601837,0.10400167116397795,0.0,0.07764440673723748,0.15956815444938077
21,4,4,0.16,0.1578251421451568,0.3040005803163527,0.1382900178432464,0,0.18684079344600887,0.10888500631410503,0.0,0.08125444056347028,0.15150259836491098
21,5,2,0.09,0.2004255354404449,0.1967345941799336,0.0772948190569877,0,0.1366936840394886,0.08781106630369204,0.0,0.34137524493210886,0.10676610090190478
21,6,0,0.195,0.1408758759498596,0.2588652663734742,0.0866833701729774,0,0.17667844982889205,0.09249854184229064,0.0,0.06020102418720718,0.296785637003128
21,7,2,0.14,0.2141423970460891,0.2698943004401015,0.1257702708244323,0,0.17496614429598023,0.08118839007706063,0.0,0.06296076660725759,0.03583743375263578
21,8,4,0.195,0.0393333658576011,0.2043158150048065,0.0798106640577316,0,0.25885565675113054,0.06384753811367021,0.0,0.0441216097386048,0.11297480984335029
21,9,1,0.24,0.1297210901975631,0.27606282664661,0.3600673377513885,0,0.23149625705992002,0.22092071843660757,0.0,0.0320019049570584,0.10136345060647578
22,0,3,0.015,0.6156890392303467,0.2939019046443485,0.0271407011896371,0,0.13679569639623435,0.07570220247337837,0.25,0.11838483266515558,0.109794666927865
22,1,2,0.14,0.329755574464798,0.3109497858588047,0.2077724784612655,0,0.22800131215896394,0.19082670334095195,0.0,0.05576261543362102,0.3304301269885129
22,2,2,0.13,0.3379873931407928,0.241466254185461,0.2234228104352951,0,0.22364922201289747,0.10977088917417767,0.0,0.18936973493335357,0.19389930719258647
22,3,1,0.115,0.2245569974184036,0.2552051046208746,0.3994757235050201,0,0.2601400801040379,0.25153072824517947,0.0,0.06863564391787794,0.1839425838014575
22,4,4,0.04,0.0707073807716369,0.3112756802876732,0.1781569421291351,0,0.17380778129061558,0.10082945787676612,0.0,0.1543663730061834,0.07016509276354149
22,5,2,0.095,0.3415200412273407,0.2445170229344427,0.1860009133815765,0,0.1918262644751992,0.16203760835398875,0.0,0.32506256794826827,0.12630477314184965
22,6,4,0.045,0.2808970510959625,0.2611144315875186,0.0601279698312282,0,0.23062663155553076,0.08510447981801489,0.0,0.05992569383719168,0.14151854976465802
22,7,2,0.11,0.405958741903305,0.3162989655269595,0.1878190040588379,0,0.20766232834806975,0.13172893849486686,0.0,0.019722047861415588,0.2831059961497607
22,8,2,0.145,0.239919364452362,0.1878356906438117,0.2287353724241256,0,0.2926082149866924,0.22596478021098346,0.0,0.18498040678266464,0.27620573764197176
22,9,0,0.09,0.1413448601961136,0.2723365858230685,0.1638612896203994,0,0.15446359650113342,0.0404569054230572,0.0,0.04988649734778143,0.1000241898443921
23,0,3,0.035,0.1147001683712005,0.3044984562938031,0.0744121596217155,0,0.18830424338323926,0.04761071675688214,0.0,0.07775928477430222,0.19953829730853145
23,1,3,0.125,0.1100932285189628,0.3454599672880993,0.0593481808900833,0,0.153907239180649,0.10819308151168787,0.0,0.0519439085881387,0.09420099515765956
23,2,3,0.185,0.0805235430598259,0.2810296410256386,0.02350146882236,0,0.21534065302127647,0.058296667115640674,0.0,0.12484759915037087,0.04296159446062148
23,3,4,0.095,0.0273336563259363,0.2728289217111984,0.1992397457361221,0,0.09798041889793112,0.11593203970108508,0.0,0.04637040895348834,0.13724520898939532
23,4,0,0.19,0.0894659087061882,0.3418047542457978,0.2630389332771301,0,0.1906652009742579,0.14784250046830077,0.0,0.14710918662654157,0.171852760261984
23,5,3,0.14,0.1370419561862945,0.2427670525118204,0.3108510971069336,0,0.22857289056340788,0.1924165811395594,0.0,0.16713369643226914,0.09103543760704598
23,6,2,0.06,0.0767665579915046,0.312758710825299,0.2973678112030029,0,0.25572645959768275,0.1790402550887872,0.0,0.09796648366113468,0.2109422045152508
23,7,3,0.195,0.3455800116062164,0.3433391432578312,0.0570917502045631,0,0.2632044539658727,0.1500256508078801,0.0,0.9300762192617519,0.25979789983861723
23,8,4,0.15,0.0529095791280269,0.2448296629445076,0.1350092887878418,0,0.2694761498418205,0.08162191077764923,0.0,0.03299905383262112,0.13501408316918803
23,9,1,0.08,0.0688887611031532,0.3338740672780605,0.33331099152565,0,0.22700787260172314,0.23146405996739752,0.0,0.18959892004388967,0.021879648573108066
24,0,1,0.145,0.0507924072444438,0.3892788120541643,0.2102324366569519,0,0.26058841502644636,0.1513216710579242,0.0,0.25361535308464983,0.1912341735100054
24,1,3,0.125,0.1302346587181091,0.3817313899227819,0.0554888658225536,0,0.19213477838957213,0.14482649236737566,0.0,0.30262007541335545,0.12577732663597738
24,2,0,0.15,0.0880459994077682,0.3324016637250764,0.2564494609832763,0,0.2044190354047564,0.11828578031146574,0.0,0.3319543818734808,0.18666966034824944
24,3,0,0.12,0.1436145305633545,0.4078366862665289,0.047057632356882,0,0.170397783746008,0.08572036934905919,0.0,0.029916680187962584,0.10051991956182571
24,4,1,0.215,0.0686784461140632,0.2918904210255938,0.0863366723060607,0,0.2062267026142268,0.09166310630633397,0.0,0.6160908219613755,0.1380092497288466
24,5,0,0.115,0.0431946516036987,0.3540523626674745,0.143154576420784,0,0.04068388563277999,0.01720436469554332,0.0,0.024260116184135698,0.0022394570286638034
24,6,2,0.165,0.0798403322696685,0.3338017996056505,0.1937503665685653,0,0.25459489474120084,0.19151722875577018,0.0,0.08745181767174758,0.16576578596444574
24,7,0,0.14,0.0486678816378116,0.4081889645273365,0.1231119483709335,0,0.27490917865888204,0.1614307004231664,0.0,0.05476677227475797,0.09935697967234555
24,8,0,0.09,0.0645236447453498,0.2241474795196716,0.0063975253142416,0,0.2094426620902127,0.05183023976060624,0.0,0.11888145396425,0.07691158111157
24,9,3,0.135,0.2789908051490783,0.2917569675376643,0.2565188705921173,0,0.17813772083511537,0.14788810192907004,0.0,0.05661756710990766,0.15013443698577697
25,0,2,0.08,0.1470475047826767,0.3798341298465478,0.0260629076510667,0,0.1972916789498115,0.11508990856716864,0.0,0.6402013660748866,0.44230492516107817
25,1,2,0.11,0.0948251038789749,0.3847922392477827,0.0943912640213966,0,0.2789886565094248,0.07299718359911812,0.0,0.1802707775259741,0.05769928716763844
25,2,0,0.135,0.1113048195838928,0.3271117790049012,0.3188271522521972,0,0.2130121394127237,0.12619061460901862,0.0,0.16583096316230447,0.16298582581956936
25,3,3,0.075,0.2114327549934387,0.3404542608174026,0.1132127717137336,0,0.25802628054149335,0.10106533285523424,0.0,0.23579241076998023,0.11889296808842982
25,4,0,0.1,0.1061161383986473,0.398109666584943,0.3181367516517639,0,0.21204732545038296,0.1801817461454166,0.0,0.0884889011965293,0.12290434825656658
25,5,0,0.02,0.0223283004015684,0.346001233037596,0.1922890543937683,0,0.034743370980102786,0.012777989347563735,0.0,0.03727859860390483,0.0006927504003822415
25,6,0,0.095,0.1302441209554672,0.3093185808767738,0.0992842465639114,0,0.23450891369613344,0.12039882249028838,0.0,0.12161812957774945,0.26330936563490526
25,7,1,0.125,0.193383514881134,0.309772976715792,0.1993356496095657,0,0.1861465848886045,0.1013078496302139,0.0,0.056333127722584836,0.18781065403720223
25,8,2,0.125,0.1503224968910217,0.1999251411341925,0.1052143946290016,0,0.2850788124320271,0.14574275146510907,0.0,0.11087412590680898,0.18882847393387836
25,9,1,0.035,0.0408948734402656,0.3855214450677279,0.319162517786026,0,0.2538329898057286,0.2689516135094734,0.0,0.692385706419824,0.0032937014251260507
26,0,3,0.735,0.3772221207618713,0.353872009959277,0.1760091632604599,0,0.27593735552344945,0.5760878871313927,0.25,0.2862224417543575,0.36042873270574727
26,1,3,0.765,0.1198069974780082,0.3497665305121324,0.2066776156425476,0,0.48189936111541876,0.5272991674810619,0.25,0.8516190026183937,0.6635404543197183
26,2,4,0.735,0.1988782435655594,0.331822739638041,0.47860187292099,0,0.4771235254797371,0.71878791322116,0.25,0.9397697411946209,0.9945445615124738
26,3,3,0.81,0.4308274090290069,0.2915054741249153,0.0915162414312362,0,0.47466035873484963,0.6131887811406445,0.25,0.8666551235034875,0.43754542066691066
26,4,0,0.81,0.1323586851358413,0.3572685962190091,0.1835507601499557,0,0.3828170169537303,0.3788756711267598,0.25,0.3856184201987354,0.01114769242059448
26,5,0,0.745,0.0533873848617076,0.3059339564471061,0.2655094563961029,0,0.2281725473173809,0.17500484007835496,0.25,0.6061913732962052,0.007391851345623861
26,6,3,0.795,0.256045401096344,0.2984407305375998,0.1017807871103286,0,0.25949571281901135,0.4089241004962551,0.25,0.6244640258988879,0.34110728769438015
26,7,3,0.805,0.2049690037965774,0.3354906730259355,0.168241485953331,0,0.250810630420682,0.3225649346668004,0.25,0.4141262032805138,0.1736396830239461
26,8,0,0.82,0.1339569687843322,0.2932655886040076,0.0431358180940151,0,0.38006090196955894,0.2827398978751867,0.25,0.06909016276291965,0.04423541486234199
26,9,2,0.72,0.286948561668396,0.2690333888436362,0.3518854677677154,0,0.4262337657796355,0.3060430130436331,0.25,0.2675381858994253,0.3317715478925696
27,0,0,0.12,0.1060003042221069,0.389155106703807,0.0826619789004325,1,0.16960689546253638,0.09577666241658282,0.0,0.04975410857720515,0.1092403166062742
27,1,1,0.18,0.4244203865528106,0.3008925342453732,0.1137766391038894,1,0.24045242404857134,0.2206144933442523,0.0,0.44832537672268447,0.10766779354485549
27,2,3,0.145,0.1980971544981002,0.3099092746589838,0.0238320901989936,1,0.2595634113809645,0.07249757393818057,0.0,0.07219080557755621,0.07848338056264612
27,3,0,0.115,0.1101778075098991,0.3837996934069823,0.028364798054099,1,0.16944780274446872,0.07286059398911865,0.0,0.05449921615466416,0.08231406113642994
27,4,3,0.13,0.2072178125381469,0.3857968198426439,0.0157786943018436,1,0.16712716681385756,0.07874089594071255,0.0,0.05909753113475804,0.01422870650502875
27,5,4,0.105,0.1845540851354599,0.2725643658365055,0.278952956199646,1,0.22272997482765877,0.12169666295137817,0.0,0.06953522712104394,0.07230382800817715
27,6,4,0.105,0.2533155381679535,0.2503171862675107,0.1002247706055641,1,0.2279513575731927,0.09962445145303508,0.0,0.045312125613465606,0.13463607256036728
27,7,1,0.055,0.2114423811435699,0.2906045755458984,0.1782808601856231,1,0.17009604444870882,0.07555726328166597,0.0,0.1599997310628046,0.19180442467574912
27,8,3,0.09,0.2066266685724258,0.2165521595957607,0.306631475687027,1,0.17067479909988226,0.15404487978407402,0.0,0.2602632468375161,0.12285176310989723
27,9,0,0.025,0.0386613830924034,0.3263214231795358,0.1744657903909683,1,0.15985290660224583,0.04078071851733139,0.0,0.05211444197407338,0.06136742216332004
28,0,1,0.42,0.221207857131958,0.351763537055032,0.4798541665077209,1,0.4539928745120782,0.4467790991582731,0.0,0.33865732314262215,0.6767352785838745
28,1,0,0.385,0.2963367700576782,0.377639761686644,0.9230200052261353,1,0.4475249745870125,0.35001655539124565,0.25,0.29949589131002463,0.48982747362886925
28,2,3,0.485,0.6892598271369934,0.3583997012816726,0.7869775891304016,1,0.4611192028033934,0.8799220008072329,0.5,0.8621199427085304,0.5698704545098968
28,3,2,0.39,0.4182692766189575,0.3979708868239716,0.8968462944030762,1,0.7934134256139549,0.8843636845748097,0.25,0.9680186809594797,0.9968361781682029
28,4,4,0.52,0.7444581985473633,0.3352242591926214,0.4654698371887207,1,0.456362226764202,0.6553857687373262,0.5,0.7956468085114887,0.8481405826736161
28,5,3,0.385,0.4767446517944336,0.3253348505894205,0.4167636930942535,1,0.29542516700858434,0.40435128839648515,0.0,0.5817493104797896,0.24909541832230422
28,6,1,0.35,0.3047755360603332,0.3250456110731514,0.7679744362831116,1,0.3070135843026573,0.642159313778862,0.25,0.46122519345334634,0.7496848242647464
28,7,2,0.46,0.3163565993309021,0.3802537580365961,0.7878302931785583,1,0.5642711445147616,0.818901433485134,0.25,0.6989500458118407,0.5951670795667446
28,8,1,0.54,0.3081628978252411,0.2625433354552667,0.771381139755249,1,0.5634008710722006,0.6475076915341265,0.5,0.8137898803612593,0.9376256826405721
28,9,2,0.51,0.3338651061058044,0.2741186282498028,0.6763430237770081,1,0.4832001486107387,0.4960274668569082,0.5,0.5400246059876068,0.8041464655765649
29,0,2,0.155,0.3313395082950592,0.2989417949452371,0.0201414078474044,0,0.23261468205128386,0.10588206987052312,0.0,0.2669590429305474,0.39731930962197465
29,1,2,0.175,0.3482092022895813,0.3500859652948269,0.0471807047724723,0,0.247044521978526,0.18077280837514242,0.0,0.7697828219646282,0.19827557091488088
29,2,4,0.24,0.1996503323316574,0.3082316816401292,0.3787857890129089,0,0.2034776977924938,0.2216804133974376,0.0,0.16432156280608312,0.2194212246569906
29,3,3,0.21,0.2691690623760223,0.2643581497408694,0.0595121309161186,0,0.26355200118099925,0.1031743731069563,0.0,0.07352596957014518,0.0679803165518532
29,4,0,0.115,0.2310150414705276,0.3302872372530632,0.1671365052461624,0,0.16079184570614058,0.1139412115956554,0.0,0.0964153046276074,0.19928205067967672
29,5,2,0.155,0.3404543995857239,0.2749313770280653,0.0525776781141757,0,0.25069876330905555,0.16552327238535175,0.0,0.09456204571152706,0.09358075903035341
29,6,1,0.21,0.5026469230651855,0.2719727315523376,0.0606159344315528,0,0.2949109508423969,0.3145328275052658,0.25,0.29785038650923457,0.10571770322873006
29,7,0,0.125,0.1217494904994964,0.3824537340675474,0.1372336596250534,0,0.2554033444549289,0.15240768546339512,0.0,0.11268405781087801,0.12895211248827795
29,8,1,0.175,0.2489121109247207,0.1995042239590139,0.0599423572421073,0,0.19560050210483934,0.1596710779123324,0.0,0.06917071468530807,0.27130019248825604
29,9,0,0.01,0.1754356175661087,0.2791681249956717,0.1672850847244262,0,0.13835222433614855,0.044085166698223426,0.0,0.05480594244969829,0.1587457481302981
30,0,0,0.375,0.1215987578034401,0.2745916285501301,0.091389924287796,0,0.16329726914592327,0.15304517992621025,0.0,0.0835610110779362,0.03562295537516888
30,1,2,0.24,0.0621687248349189,0.2904202644267042,0.0589070580899715,0,0.2530925114355345,0.055407120582311856,0.0,0.02811656255731129,0.0019066149644327893
30,2,1,0.255,0.0912450104951858,0.2061793874727995,0.2195120453834533,0,0.2254975744060497,0.12853616704925783,0.0,0.106810713162019,0.059324828288497784
30,3,1,0.33,0.1011241152882576,0.3019215426729176,0.2726858258247375,0,0.2530378864372231,0.26230505780418367,0.0,0.15671679382736464,0.1618229764388838
30,4,0,0.23,0.0463726408779621,0.3691807922423016,0.1544109433889389,0,0.1802633491928111,0.13250013214494596,0.0,0.0879347956587798,0.1343316251546612
30,5,4,0.31,0.1534299105405807,0.2626135529571483,0.2355426400899887,0,0.2474358583881895,0.1683629178456093,0.0,0.05823846914280409,0.09939030515223937
30,6,1,0.395,0.0736996531486511,0.2535208775702347,0.0709886103868484,0,0.2789120822342005,0.13909887329558504,0.0,0.03509068346065793,0.07870250020722766
30,7,0,0.215,0.0685950145125389,0.3413511289672494,0.2347487360239029,0,0.22387243765425677,0.17982428899363945,0.0,0.061086396471645585,0.12265997714381296
30,8,3,0.305,0.0290722288191318,0.2412746245334804,0.1744734197854995,0,0.2255998183230826,0.15577693330124903,0.0,0.02445984475775889,0.10976196138614569
30,9,3,0.055,0.0847193747758865,0.2559644919410496,0.2096197456121444,0,0.11647024969956087,0.05863755245415677,0.0,0.10254424453214825,0.18917612042086174
31,0,4,0.14,0.9744481444358826,0.3114338959975478,0.0957474708557128,0,0.3017735210929718,0.517197480423304,0.25,0.19216613637592186,0.0033365343637573983
31,1,1,0.185,0.5860345363616943,0.3532132152068258,0.1788742393255233,0,0.254251063491531,0.37109155951427697,0.25,0.34193164301413814,0.008097038097699743
31,2,2,0.185,0.6921765804290771,0.2564478169072772,0.3590051531791687,0,0.3554423443212504,0.2527888398881941,0.25,0.21347444495709836,0.43438191111453994
31,3,4,0.185,0.8529106378555298,0.2732996085555821,0.2448305040597915,0,0.48791677775176306,0.3384540480777259,0.25,0.3283932444782485,0.260111777194352
31,4,1,0.17,0.9045127034187316,0.3371766773215858,0.0498274005949497,0,0.26036144978972287,0.16732552185281077,0.25,0.09969283223283842,0.08582628050671598
31,5,1,0.13,0.4225305020809173,0.2593933543256843,0.0484372675418853,0,0.26626428562588406,0.16925882691892843,0.0,0.12650018664307683,0.010045320473730388
31,6,0,0.18,0.4139128625392914,0.3027445716072094,0.0660966038703918,0,0.19784537297027513,0.17135020015428426,0.0,0.06570055742072979,0.03245569973015856
31,7,1,0.19,0.7912888526916504,0.322212940960114,0.2401409298181533,0,0.18141402098776263,0.3020935506267216,0.25,0.0495706727208698,0.07618038935502122
31,8,4,0.165,0.3577456176280975,0.2649396802209807,0.062788188457489,0,0.22248081871590952,0.28850240254916515,0.0,0.2799254214260996,0.30841393032175457
31,9,2,0.2,0.7739589214324951,0.2852542717965866,0.1498661637306213,0,0.3200003546327789,0.3727928389227675,0.25,0.36893936678319816,0.31623693763562094
32,0,1,0.43,0.2056395411491394,0.5626608709717029,0.3923995494842529,1,0.6284736382244426,0.5798394476077315,0.25,0.3357942139556446,0.3458352830584937
32,1,2,0.45,0.2927518188953399,0.3307494853137757,0.1640341430902481,1,0.33452917545561184,0.26330510810385754,0.0,0.04625535388510368,0.27014418706286475
32,2,3,0.43,0.2087898701429367,0.3741276732072962,0.0801755934953689,1,0.29192359802802786,0.17990318633254854,0.0,0.6701223625344142,0.08230296374405337
32,3,1,0.335,0.4561662077903747,0.5444454342864886,0.3214150965213775,1,0.27915083070855135,0.19337209143893144,0.25,0.12135001558662087,0.1326994512236972
32,4,3,0.335,0.1200059503316879,0.5401020903753685,0.0912825986742973,1,0.13466155473743058,0.1041059830292916,0.25,0.220360373799906,0.09331196319039477
32,5,1,0.455,0.2364590466022491,0.2698074503494051,0.0768719464540481,1,0.26341726778368535,0.17276911334375264,0.0,0.021075737630513566,6.613887044855005e-05
32,6,2,0.34,0.3408450186252594,0.3179446536642062,0.2852470576763153,1,0.2773209095659516,0.32581789105781717,0.0,0.24222955267046767,0.3794341972343124
32,7,2,0.445,0.3407815098762512,0.4398752077677701,0.2224719226360321,1,0.3420866058463272,0.35467684509227154,0.0,0.1975083846231542,0.7980942849092095
32,8,0,0.44,0.270000010728836,0.2993131657465113,0.1593514829874038,1,0.40812871257479205,0.3258119447125715,0.0,0.4858903740695559,0.2646036035778541
32,9,1,0.38,0.3517591655254364,0.4632890695528873,0.4855260252952575,1,0.5431406787022763,0.735493448915147,0.0,0.47163737425830565,0.008451739820001315
33,0,2,0.32,0.472982257604599,0.2302004642267357,0.1355558037757873,1,0.30934776175838047,0.15486258959705337,0.0,0.07082472062490638,0.2423152675422513
33,1,1,0.305,0.4080554544925689,0.2610234818842908,0.6183139681816101,1,0.34215712013867483,0.4967151675507574,0.25,0.9386841570252602,0.7748881273188538
33,2,0,0.39,0.1606984287500381,0.2903684947863233,0.4097813665866852,1,0.1991337571260362,0.2095010626609914,0.0,0.04839332925213634,0.024839266855193703
33,3,3,0.35,0.450513482093811,0.1954120149985034,0.5866495370864868,1,0.24901250280349685,0.2853727342870455,0.25,0.10436177002614423,0.6831833696337997
33,4,1,0.19,0.2754753232002258,0.2114890469023172,0.2536197900772095,1,0.22477717110395903,0.08203815878832169,0.0,0.20476982516420703,0.0875917112330302
33,5,0,0.36,0.2437528520822525,0.29544658560718,0.3932615220546722,1,0.23634798306480598,0.19839948240641925,0.0,0.07977529934667113,0.1336450398040869
33,6,0,0.235,0.2149639278650283,0.2645070055457715,0.5213502645492554,1,0.2881734975282407,0.3588022552783798,0.25,0.06280770512929365,0.3384813651031225
33,7,0,0.28,0.2893946766853332,0.3214233443716223,0.5204265713691711,1,0.2079753119273621,0.30262971209352435,0.25,0.11644644868240199,0.29171592284639686
33,8,3,0.255,0.3546686172485351,0.2409466058690167,0.3186773061752319,1,0.28188515082558535,0.3158229715858308,0.0,0.0683851503587551,0.3492186772539996
33,9,3,0.21,0.3451009690761566,0.2459027303512227,0.507689356803894,1,0.2911201132770373,0.2397877144394716,0.25,0.10407714129078408,0.13630191162829566
34,0,4,0.17,0.1170847713947296,0.3183184134055135,0.4897990524768829,0,0.25978331597985727,0.1349178073683174,0.0,0.017752491589522516,0.1048537535173556
34,1,1,0.41,0.2299169450998306,0.3745989900588015,0.357751190662384,0,0.2653519106142532,0.3099188644147966,0.0,0.3689020502486635,0.7319047923281604
34,2,1,0.32,0.1754675507545471,0.3865767818169334,0.3636649250984192,0,0.30342584858558647,0.301887795053655,0.0,0.4353430010745935,0.5120796802018592
34,3,2,0.365,0.4749476015567779,0.3922652863342718,0.7494088411331177,0,0.7372480228449615,0.8296256913236185,0.25,0.9680186809594797,0.9899529226965728
34,4,2,0.47,0.214248389005661,0.4114767549198839,0.3583964705467224,0,0.36677893056833205,0.46816515703709854,0.0,0.21722614250729347,0.7402886925192842
34,5,4,0.325,0.2401988953351974,0.3610529143830761,0.3777629137039184,0,0.36078368418535733,0.3019380094543315,0.0,0.2163170890287314,0.2065704130183629
34,6,0,0.4,0.2585131525993347,0.3278290662486365,0.6410341858863831,0,0.44803203912816336,0.6234485496442003,0.25,0.9311330502510763,0.8514404028625475
34,7,3,0.355,0.4620806276798248,0.2887522006030216,0.6481128931045532,0,0.49675273991651303,0.4542995048534003,0.25,0.26566549556586705,0.2210866149782855
34,8,1,0.34,0.2648365199565887,0.2100368664638118,0.5555566549301147,0,0.36483935905246506,0.3414987730136855,0.25,0.1528695194584284,0.3787603258660694
34,9,4,0.305,0.4403473436832428,0.3418691855601581,0.5407416224479675,0,0.35085504383903715,0.643102606326792,0.25,0.3762299704015409,0.6471210068226848
35,0,0,0.53,0.4803829193115234,0.3343106697589841,0.6955181956291199,1,0.47514757349043846,0.7219010573840406,0.5,0.45051298433833487,0.7576811978030562
35,1,4,0.605,0.7169972658157349,0.2960140982075035,0.9491923451423644,1,0.21938052210276537,0.9599615462227264,0.75,0.47788224969652154,0.9314501854706774
35,2,2,0.61,0.7003174424171448,0.3562233032274522,0.6432145833969116,1,0.47271095450560746,0.7980883094506057,0.75,0.8888059164546337,0.8594653525987094
35,3,3,0.665,0.707632839679718,0.3666701794850014,0.5772489309310913,1,0.44424559639824457,0.7442110905754434,0.75,0.9046204344893897,0.9215568251863513
35,4,0,0.58,0.3565715551376343,0.3751727719717267,0.4790816307067871,1,0.4625873855869756,0.5384158055611572,0.25,0.3910269428228836,0.7923203458809586
35,5,2,0.615,0.6832181811332703,0.2946710548970713,0.6286519169807434,1,0.3692291895349225,0.8817532356624491,0.75,0.7705367496843045,0.9562515371443522
35,6,3,0.65,0.6696358323097229,0.3120284368493166,0.8477867841720581,1,0.7087274160963029,0.9270196419698931,0.75,0.9137376930105896,0.9917146901428064
35,7,3,0.59,0.9138796329498292,0.3113382211917304,0.6658177375793457,1,0.7046078371690022,0.7320086210910186,0.75,0.4247006897360718,0.08041402734501167
35,8,0,0.73,0.3392612040042877,0.2392080932061467,0.2857694327831268,1,0.3616102718405933,0.509885878883486,0.25,0.8867576341923059,0.36296351228938867
35,9,2,0.63,0.5055460333824158,0.2874377337475096,0.7869048714637756,1,0.6351333343340868,0.6976683313897996,0.75,0.8331638761532835,0.9224175839051759
36,0,3,0.17,0.1199206933379173,0.4338607554169689,0.8915243744850159,0,0.43453727281328874,0.7207753313488496,0.25,0.5334908444123575,0.8982428164345935
36,1,3,0.285,0.0491101182997226,0.36349191536392,0.8779954314231873,0,0.3533926705185941,0.44702792475254394,0.25,0.10854184271141774,0.19608908112323042
36,2,2,0.285,0.0369324050843715,0.2879817430447802,0.5468425750732422,0,0.19668553224151067,0.20850208896639666,0.25,0.019578690743693252,0.17143593543771785
36,3,1,0.245,0.0877778008580207,0.4596697683126491,0.6077324151992798,0,0.3361282298637322,0.3395721404855508,0.25,0.6475555677264584,0.33240501345121504
36,4,3,0.165,0.0148502560332417,0.4391407455570633,0.313065230846405,0,0.17966229894457583,0.14455759552448205,0.0,0.11658343555061204,0.13110586722063383
36,5,0,0.15,0.0096230395138263,0.3473719851188894,0.5516037344932556,0,0.06139698624775449,0.026322731866177968,0.25,0.022010717282331085,0.0025359470184594854
36,6,0,0.205,0.1508814990520477,0.3277148888804931,0.8078228235244751,0,0.5213088057351271,0.6717967894082573,0.25,0.7836995930310235,0.6227560884390989
36,7,2,0.225,0.0698489397764206,0.4017710306709467,0.8675320148468018,0,0.5632050438491821,0.8232866985622519,0.25,0.10306391914284846,0.3742773813732235
36,8,4,0.21,0.0472829677164554,0.2533777273059433,0.8470445275306702,0,0.4305649917241239,0.17903119461486025,0.25,0.30221787444102355,0.07841269624268213
36,9,1,0.245,0.0577078573405742,0.3793102531397299,0.4511669278144836,0,0.3292185031067997,0.4195681507432924,0.0,0.09740095383429347,0.026027926685448018
37,0,4,0.1,0.0163697153329849,0.253226298945358,0.5749602317810059,0,0.2164576473220502,0.06902553760481625,0.25,0.023823426587949417,0.014426236043626165
37,1,2,0.265,0.1122487559914588,0.2727042736687153,0.5620377063751221,0,0.3043075210046322,0.1792691231421236,0.25,0.046622945763202896,0.015214664294135897
37,2,0,0.17,0.0559478662908077,0.2431819923794152,0.1930563300848007,0,0.09573004082517646,0.07001518756419246,0.0,0.045180278450784886,0.07220090455124367
37,3,1,0.135,0.1153038740158081,0.2230268074544656,0.2983518838882446,0,0.21968338640868748,0.2183919187002391,0.0,0.5114345374559262,0.1912140208480164
37,4,0,0.145,0.1791800111532211,0.3631612749828932,0.3602751493453979,0,0.22707525486579153,0.20105374138716023,0.0,0.0884889011965293,0.11045809647626884
37,5,2,0.18,0.2477133423089981,0.2091995057780736,0.4725146293640136,0,0.15528187112642208,0.21399496930661738,0.0,0.042300940237053886,0.2037535254435963
37,6,1,0.12,0.2526708841323852,0.2510121858540173,0.4750240445137024,0,0.2579983041651393,0.460501482137666,0.0,0.31659740079648363,0.3901280233540834
37,7,0,0.11,0.1522508412599563,0.3112377920003633,0.3102034628391266,0,0.22445371278473195,0.15673451785371323,0.0,0.5335065158009218,0.23088592507862782
37,8,0,0.21,0.3261004984378814,0.1724754477417447,0.9595359563827516,0,0.2735826664432565,0.5379149581728236,0.25,0.20088137307200318,0.0982600104240052
37,9,3,0.105,0.1676066666841507,0.2239890578635028,0.4015647172927856,0,0.17849138429724745,0.09653356802889103,0.0,0.044848893315056405,0.043913075928882855
38,0,1,0.08,0.1880093812942505,0.2407051560266641,0.280156135559082,0,0.1103257920153519,0.11510875388065807,0.0,0.031126261108491378,0.06742744918645972
38,1,4,0.095,0.208880141377449,0.2146114797492193,0.2030024826526641,0,0.19192277441554398,0.09971538806120134,0.0,0.0773875079178648,0.07948412779946346
38,2,0,0.205,0.0718766972422599,0.2622371829107837,0.2312215864658355,0,0.1161458834571135,0.08902405635859237,0.0,0.045180278450784886,0.078339226315891
38,3,2,0.2,0.3066023290157318,0.2315499266710278,0.0200869776308536,0,0.1267130858676164,0.08223331574770847,0.0,0.6829787530383439,0.3472803737689256
38,4,2,0.165,0.0940096452832222,0.3329575981121013,0.124598279595375,0,0.23052103812886407,0.12638642868044359,0.0,0.15624051255313723,0.21971421246110473
38,5,4,0.195,0.2335506528615951,0.2702954730456805,0.2600640654563904,0,0.235387889299704,0.17061972467971115,0.0,0.13766051281444036,0.07801686202418981
38,6,3,0.23,0.2123690247535705,0.2964146884426823,0.0587969496846199,0,0.1635699063684912,0.1235920099127695,0.0,0.20891976505757218,0.15972457975615803
38,7,0,0.175,0.1207019537687301,0.3512803624059522,0.1275404989719391,0,0.23461349307162926,0.1495294276800342,0.0,0.11268405781087801,0.09627695035096773
38,8,2,0.18,0.1961289793252945,0.184175191198477,0.1130128353834152,0,0.29029874749058976,0.19086545101285127,0.0,0.1509655463583455,0.24072426110706155
38,9,0,0.195,0.1004111692309379,0.2715756420499034,0.2161629796028137,0,0.19875179890671177,0.051473115210645404,0.0,0.03524916717703085,0.03750807891223137
39,0,4,0.19,0.0139015158638358,0.2939484682088281,0.3050375580787658,0,0.18665317419235397,0.07678501765746566,0.0,0.014536960821799698,0.00617102442418611
39,1,0,0.225,0.2333405315876007,0.2573768682434771,0.0861360728740692,0,0.14643763363239115,0.13493866297063734,0.0,0.17105077490719697,0.2191637131224585
39,2,1,0.24,0.3067898750305176,0.1903581888846372,0.2712134420871734,0,0.24127146773427596,0.1755651962839319,0.0,0.11237220428165351,0.21972792850615672
39,3,3,0.205,0.3477745056152344,0.172190628134016,0.4003249704837799,0,0.19708091386744853,0.12188956084930483,0.0,0.07952918294063194,0.20155974748956276
39,4,3,0.345,0.20823834836483,0.2880643636417064,0.0335963405668735,0,0.20331052501434213,0.13056972957664778,0.0,0.05092292401358558,0.008113279806105851
39,5,1,0.245,0.1211899295449256,0.2806955222731299,0.1389801055192947,0,0.198593541120587,0.08881052594093633,0.0,0.023041489012269427,0.002143706767671682
39,6,2,0.27,0.197022333741188,0.2568497705884587,0.350518137216568,0,0.2726085502403523,0.26553853477716655,0.0,0.12136880931665794,0.19177727363164437
39,7,4,0.185,0.0991944372653961,0.3050440141225067,0.1755682379007339,0,0.14766427426129006,0.10589670494088507,0.0,0.04305975145856061,0.04786262799285847
39,8,1,0.265,0.1478598564863205,0.1716796456371767,0.4375367164611816,0,0.24706381591828286,0.13978457801287944,0.0,0.10278682527745239,0.05937204794552172
39,9,3,0.195,0.2349911332130432,0.2226622877657061,0.3175567984580993,0,0.17504254468635563,0.08953051203328881,0.0,0.044848893315056405,0.038749685696756755
40,0,3,0.185,0.1102641522884368,0.2873583123402153,0.0890169516205787,0,0.2086278330094963,0.07676017300993722,0.0,0.02951510589897522,0.09405244120037583
40,1,2,0.22,0.0155869480222463,0.3530283811783736,0.0539861284196376,0,0.29626320935645345,0.05331850185418235,0.0,0.02811656255731129,0.004737439323815854
40,2,1,0.155,0.0550249591469764,0.2867530857467294,0.2166233658790588,0,0.23247487308145173,0.11225604218208264,0.0,0.05470825421169063,0.08770292908674657
40,3,3,0.12,0.0829103738069534,0.2519144577909554,0.0532823279500007,0,0.2155048163100692,0.07756960166041225,0.0,0.06698377557596791,0.10571531547162977
40,4,0,0.11,0.0327818393707275,0.3106630862201581,0.148518219590187,0,0.1309684591107838,0.07971525937095199,0.0,0.09068948867279301,0.24619538471147545
40,5,4,0.28,0.0856193006038665,0.322571413648364,0.3743634819984436,0,0.31521847561430033,0.16927194352159136,0.0,0.5723492103486698,0.29054949579812384
40,6,2,0.175,0.0621943213045597,0.3605607527193419,0.2909784018993377,0,0.24928146814205013,0.2527435109090062,0.0,0.09612619720815123,0.26084531423097945
40,7,1,0.25,0.0390134081244468,0.3380967619769536,0.1941275894641876,0,0.22398194876367752,0.12539480321805463,0.0,0.04030009862624048,0.08247157886817418
40,8,4,0.29,0.0220994967967271,0.2561117839869833,0.0573767647147178,0,0.28513765113464734,0.0860838611571977,0.0,0.037149374307388815,0.07591818539322964
40,9,3,0.2,0.0975710153579711,0.2452741911100061,0.1458873152732849,0,0.12187969791951699,0.051228988338989735,0.0,0.04671301897059904,0.08648258068657885
41,0,2,0.31,0.1457893550395965,0.19662402960336,0.090428240597248,0,0.2071168451709643,0.09684884587899899,0.0,0.0423180358632905,0.018563831647588864
41,1,1,0.27,0.166899487376213,0.263130865877489,0.1876941472291946,0,0.23917298312399948,0.14250246267920655,0.0,0.18105074269937052,0.04635817887725121
41,2,2,0.16,0.1954085081815719,0.2194747299786366,0.2568315267562866,0,0.2036094186367402,0.07814388412544312,0.0,0.14844867728923825,0.09944556667127395
41,3,2,0.25,0.3165020644664764,0.246405526696748,0.0571056380867958,0,0.15960758614361026,0.11093431901958246,0.0,0.06002537906617506,0.23691180273328954
41,4,3,0.365,0.2505888938903808,0.2963230274484259,0.0320532768964767,0,0.20190837185224364,0.14135263409110074,0.0,0.05092292401358558,0.007057605165193902
41,5,4,0.29,0.2484732568264007,0.2581234017748199,0.2889849245548248,0,0.26004522266207525,0.22616709709078578,0.0,0.09740231158233276,0.14317234510997848
41,6,4,0.29,0.1522630900144577,0.2613475464320636,0.1920014917850494,0,0.23518721015118618,0.15955372535415982,0.0,0.07049089520549709,0.15193474765046155
41,7,1,0.26,0.1518937945365905,0.2885171857653965,0.2315371632575988,0,0.20784911333131992,0.11786884538901349,0.0,0.056333127722584836,0.13418990915968737
41,8,0,0.26,0.1724089086055755,0.1876298758798921,0.0100412284955382,0,0.20336111326787595,0.08965707786694896,0.0,0.03461618299666223,0.06899665761194829
41,9,2,0.325,0.1874915510416031,0.2399648177095047,0.2230510115623474,0,0.20031540847854476,0.130534269129671,0.0,0.06852894442166216,0.028253860343854343
42,0,4,0.13,0.001270396169275,0.2506056900426974,0.318015843629837,1,0.15442350668286123,0.050809475065905434,0.0,0.04253303949098612,0.003539377922885875
42,1,2,0.245,0.1615770161151886,0.2773685185982673,0.1058338433504104,1,0.2375682768566105,0.08896116090026536,0.0,0.02811656255731129,0.00995212078917647
42,2,4,0.215,0.1166768968105316,0.2319836010847779,0.3782403767108917,1,0.17537017231232085,0.15822471414395248,0.0,0.05182248524082081,0.024657844235266246
42,3,2,0.17,0.1468203365802765,0.2259167864719458,0.2068182975053787,1,0.14468678164365295,0.09567526470687669,0.0,0.10542995001417066,0.06884786681299132
42,4,0,0.195,0.0689772889018058,0.3264690745778618,0.2460401803255081,1,0.1790012047965072,0.13202354642339642,0.0,0.16898485495907378,0.17560081976085787
42,5,1,0.225,0.1329933851957321,0.2668476415506117,0.1399029493331909,1,0.20436005488654588,0.0917921829470088,0.0,0.019531791708493104,0.006646687081912294
42,6,3,0.215,0.1470774412155151,0.2808226687806324,0.0443373471498489,1,0.14705469403881108,0.09037848076361316,0.0,0.03111394781670413,0.14305400647191455
42,7,3,0.155,0.1382151544094085,0.2409675549355822,0.3768308758735657,1,0.210995074459675,0.13017518180718385,0.0,0.13681802008878935,0.11161537495158068
42,8,1,0.165,0.1164785474538803,0.1875987320565086,0.5284391641616821,1,0.27448475497446706,0.12505851170170662,0.25,0.22374689677572,0.04587516807704696
42,9,3,0.085,0.092199258506298,0.2235011503632629,0.2683774530887604,1,0.12495883902500093,0.053049545813601225,0.0,0.044848893315056405,0.09096079601743963
43,0,3,0.055,0.2780747413635254,0.387545124297576,0.0545021556317806,1,0.17260827581599383,0.07460198245326895,0.0,0.285321568291843,0.1506244231487455
43,1,1,0.085,0.1516565680503845,0.373480277830748,0.2027367204427719,1,0.20454909681689878,0.08887777859820854,0.0,0.04418277582186917,0.0010478801068745016
43,2,4,0.04,0.0358919464051723,0.3364170858548954,0.3722832202911377,1,0.12836134723168405,0.08763519922295893,0.0,0.14427480714801924,0.04759587428303713
43,3,4,0.075,0.0171348843723535,0.317776548098981,0.30609792470932,1,0.1072576452580584,0.14907300403704343,0.0,0.04637040895348834,0.19018010283991008
43,4,4,0.045,0.0688421502709388,0.3669235800183736,0.2058814465999603,1,0.17084215022512414,0.1318992088115578,0.0,0.13118221864748356,0.12802575633883384
43,5,0,0.055,0.0483622252941131,0.3438358762995618,0.270655483007431,1,0.04475624043655215,0.018365481759479867,0.0,0.03727859860390483,0.0010663187664929866
43,6,4,0.045,0.2302662879228592,0.3091349195255029,0.1637846082448959,1,0.26052200318982943,0.11647969868158926,0.0,0.15460556977499423,0.11990564802030047
43,7,0,0.03,0.0281853806227445,0.4336984444664404,0.2327480912208557,1,0.2975574438847195,0.16710660034974942,0.0,0.7144199832044155,0.12639495321131738
43,8,0,0.05,0.0612392984330654,0.2253013152612064,0.0050903433002531,1,0.20838846139606035,0.04802415031426637,0.0,0.06064085609408672,0.08026701517011497
43,9,1,0.035,0.0476658642292022,0.3549246347512069,0.4126472175121307,1,0.2813470825155226,0.3133966332467839,0.0,0.28476496891249525,0.002168986858579873
44,0,3,0.185,0.6387128829956055,0.3361890207090245,0.267480194568634,0,0.18971426000153746,0.29826652774043727,0.25,0.07232442508651249,0.10030704935821645
44,1,4,0.3,0.5960968732833862,0.2689967611323199,0.0172079931944608,0,0.19976624336844637,0.41936069775241314,0.25,0.13508063021534497,0.10688579642871139
44,2,2,0.295,0.493906557559967,0.3780283552258662,0.2881654500961303,0,0.3211584995880414,0.5453928815835796,0.0,0.0992955844545235,0.2886312849358111
44,3,3,0.155,0.4709441065788269,0.2596662405484378,0.0718881264328956,0,0.2695676261536326,0.07248713932933087,0.0,0.08798765343849652,0.02169938606942847
44,4,1,0.255,0.2507105767726898,0.267293256505229,0.0624917298555374,0,0.2216003426756583,0.08603925891923586,0.0,0.11930719704949887,0.10038406983416358
44,5,2,0.245,0.4056869447231293,0.2776614695841734,0.0406488664448261,0,0.2745738021543495,0.25149048682585906,0.0,0.12322714552773475,0.08912606806550825
44,6,4,0.18,0.412518173456192,0.339411929093442,0.0528964102268219,0,0.2841990751156447,0.16863781212521134,0.0,0.046422188931932375,0.15278248007917183
44,7,0,0.27,0.0967249795794487,0.3882641132515389,0.1580791473388672,0,0.25039328206222167,0.20550970107482722,0.0,0.06819986557884276,0.10559299977966893
44,8,2,0.24,0.4137198328971863,0.2541386924876412,0.1226095184683799,0,0.28788453733734837,0.4125268792170044,0.0,0.5683900220960907,0.4700430047782355
44,9,0,0.28,0.4241247773170471,0.2744734886225249,0.1460238546133041,0,0.1960760356879062,0.10898300800490296,0.0,0.04161040788553955,0.06859623733049589
45,0,1,0.14,0.0401922650635242,0.3250285511883745,0.3278972208499908,0,0.1987206635032253,0.15343639552768434,0.0,0.03344122308931003,0.14705324613293758
45,1,1,0.22,0.1394508332014084,0.3146352789092219,0.3336940109729767,0,0.23192638479895625,0.14843895719916006,0.0,0.09559078544826545,0.048925151739720715
45,2,3,0.24,0.0252009313553571,0.3143228396035391,0.8237040638923645,0,0.1752335004253144,0.43046400082670755,0.25,0.33134565296565754,0.2940253798186625
45,3,0,0.17,0.1068104058504104,0.3333382787135426,0.3458870947360992,0,0.20555871104036824,0.1322066497533567,0.0,0.043916693873867,0.12030945363910132
45,4,3,0.22,0.0363560952246189,0.3684785323307867,0.520362138748169,0,0.23603188359951907,0.2957701699369343,0.25,0.21329150508728648,0.182252695830864
45,5,3,0.17,0.1139726936817169,0.2713171083780193,0.3872249126434326,0,0.19825074836985224,0.1888829692166548,0.0,0.22269167191651648,0.2204690397886957
45,6,3,0.215,0.1899658590555191,0.3115151153439319,0.0379900336265563,0,0.16312811639255284,0.1181631312554014,0.0,0.053699231564880066,0.14478615252096874
45,7,2,0.24,0.1005303040146827,0.4071267693375486,0.5091110467910767,0,0.4559272344951009,0.5167815323744956,0.25,0.5140884450402061,0.5159068590738045
45,8,1,0.265,0.1182018592953682,0.2248536087402394,0.2990859448909759,0,0.29896578941674395,0.15865536978532663,0.0,0.14417961206649466,0.19955371080016465
45,9,1,0.12,0.0415290594100952,0.3140404743456081,0.4561245143413543,0,0.26965980704212344,0.3032702773633096,0.0,0.4026801439434705,0.025181245671438368
46,0,4,0.11,0.0013668700121343,0.2469299303470862,0.2432107478380203,0,0.13583839514697424,0.041970443361465944,0.0,0.01232460923880523,0.003286288253904335
46,1,3,0.09,0.1727566421031952,0.2480771131303578,0.2576673626899719,0,0.12068706303876259,0.08083146127684901,0.0,0.06560374818175795,0.05523707008404223
46,2,1,0.155,0.3128574788570404,0.1561354018039061,0.3278787732124328,0,0.23455965265766296,0.13939249602521914,0.0,0.17826698501948327,0.3023186042700369
46,3,0,0.045,0.0665072202682495,0.2175837853636641,0.2498943358659744,0,0.14991783819578297,0.047596388695180625,0.0,0.08623563550434865,0.1400352458077626
46,4,4,0.13,0.1087919995188713,0.3312171756361995,0.3591257929801941,0,0.20168821234931797,0.2304704491333122,0.0,0.14399083178700134,0.17487160091608095
46,5,0,0.13,0.1711836457252502,0.260951872791375,0.4294888079166412,0,0.1576046295332982,0.09564433404716179,0.0,0.0674684816306158,0.07035276878934163
46,6,0,0.165,0.1597103029489517,0.2635702632044784,0.2209580987691879,0,0.20249367036032342,0.14418257129089537,0.0,0.06318304399766952,0.17217167864798363
46,7,3,0.135,0.377034842967987,0.2229473973640263,0.0683780014514923,0,0.22192013274785602,0.07946704638905319,0.0,0.7330368537151032,0.37163277408625406
46,8,1,0.14,0.1135559305548667,0.1857802376475304,0.4282420873641968,0,0.24290841295033086,0.10643086847504603,0.0,0.22374689677572,0.04456501413374998
46,9,2,0.17,0.1944027543067932,0.2198199409962054,0.3498872816562652,0,0.18452668971386546,0.1363413538474673,0.0,0.06695282778841569,0.05902863437389317
47,0,0,0.38,0.1009717136621475,0.2624952610118025,0.4147216975688934,0,0.19696951076260327,0.29323271058680694,0.0,0.15469581719578993,0.17777365050451974
47,1,2,0.5,0.1055653318762779,0.2923389564407921,0.4968532025814056,0,0.38941925525271565,0.23768528149401394,0.0,0.018193194627422055,0.05000248556909174
47,2,4,0.365,0.1150008589029312,0.2862099889738543,0.4300298988819122,0,0.2367485090165955,0.2933576209537721,0.0,0.04475561824692386,0.3704634196835619
47,3,3,0.34,0.2395801842212677,0.2278746053437588,0.3884694576263428,0,0.24329913824224472,0.2570965803014532,0.0,0.09526310867739107,0.29985743471694865
47,4,4,0.54,0.2152623385190963,0.311900584035821,0.501325249671936,0,0.441982277688772,0.496406103989302,0.5,0.7646803254513272,0.7433917005097737
47,5,1,0.405,0.2494130283594131,0.287511117399974,0.4496815204620361,0,0.2659125739511362,0.36906490096414607,0.0,0.22641333983452888,0.546120421966223
47,6,2,0.425,0.1267805844545364,0.259070302026434,0.3175858855247497,0,0.26702951589351565,0.32512308838002263,0.0,0.08149335121323581,0.20586914517233157
47,7,4,0.4,0.06880434602499,0.3426395478144549,0.6901602149009705,0,0.2583991208666501,0.5438600743916377,0.25,0.20583033598320255,0.5439122673739248
47,8,1,0.37,0.2046234756708145,0.1977459747897702,0.6441986560821533,0,0.3805024818940928,0.2886052334485274,0.25,0.15783345706956206,0.26548778889730773
47,9,0,0.38,0.0258590709418058,0.2805840468688826,0.2827708423137665,0,0.30515112110842907,0.07286590898774203,0.0,0.03348406934573417,0.009708992686791873
48,0,1,0.25,0.1008611842989921,0.2487983011807151,0.5025708675384521,0,0.19762670903133972,0.2359301735265671,0.25,0.20232022683084744,0.1951520582867929
48,1,1,0.235,0.1915037482976913,0.2579663839562509,0.7180471420288086,0,0.30584672365081406,0.30839501235014255,0.25,0.3664594384858257,0.13123367491922466
48,2,0,0.165,0.2723285555839538,0.2690162577741042,0.4808754026889801,0,0.20692248666546656,0.18161581335971108,0.0,0.05598437231725342,0.09094951612007575
48,3,2,0.145,0.3513923585414886,0.2993836453339608,0.0344711914658546,0,0.16278915684675163,0.11231234350408527,0.0,0.6166117590649332,0.19788884809525992
48,4,4,0.235,0.2517676055431366,0.3081310813419045,0.6519458889961243,0,0.374650053482587,0.5656269031847789,0.25,0.4284929109490415,0.44915212590927384
48,5,0,0.27,0.0976083055138588,0.287107476060372,0.3622931540012359,0,0.1254942004425677,0.07502365861038048,0.0,0.024042891736077064,0.019430886982108
48,6,1,0.26,0.3276759088039398,0.2661722578540083,0.1680359989404678,0,0.2839017391266924,0.28776869020731194,0.0,0.32631604899504585,0.15159689775185328
48,7,4,0.25,0.0563613027334213,0.3454539765358264,0.5482196807861328,0,0.2105498299476212,0.348411423894955,0.25,0.12464321636789369,0.3569167010317868
48,8,1,0.17,0.2023900598287582,0.2269056909943186,0.4397843182086944,0,0.31732499017305,0.21721588470242842,0.0,0.8704714083826678,0.1895045336341281
48,9,4,0.24,0.4039109945297241,0.2436914324287656,0.2102324515581131,0,0.25295904470181274,0.15058765650828523,0.0,0.13785767088668593,0.06561750777875885
49,0,3,0.235,0.1978851109743118,0.3535206573755404,0.1749297380447387,0,0.22540298746420395,0.15859062415907635,0.0,0.34141604610686893,0.1673841241045178
49,1,4,0.215,0.3041503429412842,0.2954311549535144,0.4121014773845672,0,0.20247676216126123,0.2946044410766124,0.0,0.38039402181146437,0.45735033844844003
49,2,1,0.21,0.051014419645071,0.2898304505265882,0.5484850406646729,0,0.2454098681775924,0.19463514660574413,0.25,0.07909352280130155,0.19055332683696213
49,3,2,0.245,0.1871993094682693,0.3262265927226931,0.206995815038681,0,0.25913322489670726,0.1801691399844933,0.0,0.16036663586545694,0.1339188656628868
49,4,2,0.22,0.1902490258216858,0.3372397927142547,0.5628748536109924,0,0.42212084456083804,0.4045995055311934,0.25,0.1333284689378712,0.12868362487814558
49,5,1,0.2,0.1298133581876754,0.2557974944549693,0.3325898945331573,0,0.21651388832764432,0.14749932956653355,0.0,0.28536277159795903,0.06120172415096356
49,6,1,0.26,0.0695146098732948,0.2640969234110278,0.5670852661132812,0,0.2572624904523983,0.39424818173724946,0.25,0.3913650131854683,0.3254908160867439
49,7,4,0.3,0.1089715287089347,0.3964492770478226,0.3839030265808105,0,0.23996973650824335,0.3236349391429625,0.0,0.2041762398878783,0.35590465368995955
49,8,1,0.255,0.1421891450881958,0.217775894947883,0.5604435205459595,0,0.36597465321791844,0.20439369820328449,0.25,0.36121144642878356,0.21121740364866845
49,9,4,0.22,0.06189651414752,0.2764663352086138,0.4969575703144073,0,0.21742559586647628,0.2596829351407329,0.0,0.29032785298361186,0.18701106093286485
50,0,0,0.1,0.0305989831686019,0.4096848228362006,0.1482464522123336,0,0.1753170836921029,0.10379665601965057,0.0,0.04975410857720515,0.10201007163477233
50,1,0,0.16,0.0743793249130249,0.3564140586811049,0.0253283381462097,0,0.12433016976915821,0.06642128647806939,0.0,0.02691304643307358,0.07486523173500509
50,2,3,0.12,0.01494443975389,0.3332017815910569,0.0765906348824501,0,0.19206445459367583,0.05286057328078817,0.0,0.5429443245912747,0.06874607744301604
50,3,1,0.19,0.0928896814584732,0.3900157723727634,0.2932798862457275,0,0.20546681782267862,0.17230188510409467,0.0,0.11766965367328479,0.23124113850773742
50,4,1,0.235,0.0436813309788703,0.3335316496533,0.0899995416402816,0,0.2017889011514096,0.12432652421918026,0.0,0.08014403747800002,0.16828465451639998
50,5,4,0.09,0.0329283811151981,0.2973714305415304,0.2260485589504242,0,0.2189451244543854,0.06843656503916325,0.0,0.03143713156219004,0.0874736610930839
50,6,2,0.18,0.0651480853557586,0.3354476327364548,0.2226487100124359,0,0.25306001754515633,0.20905995720777104,0.0,0.08745181767174758,0.17903514815364283
50,7,4,0.24,0.0235446169972419,0.4070763607281968,0.0900127738714218,0,0.19395673898954433,0.14220734317527797,0.0,0.03266596919374214,0.017351613953959958
50,8,2,0.175,0.0471038296818733,0.2018896329461584,0.230234682559967,0,0.2782852780223455,0.11880218243800778,0.0,0.06004109932643247,0.09307249298873344
50,9,2,0.23,0.05117142572999,0.2786887608266733,0.1857853084802627,0,0.16496290421631446,0.11554006252916399,0.0,0.13169576342849942,0.06019654718804256
51,0,3,0.575,0.4230183959007263,0.3361281046988397,0.1039502322673797,1,0.22630395791003596,0.37999896228976976,0.25,0.19239342803298534,0.1819425706092554
51,1,2,0.46,0.113910399377346,0.3223379593308522,0.2277918756008148,1,0.3594390420236009,0.15530775317611223,0.0,0.017909697798688163,0.0161031486751328
51,2,0,0.46,0.1939433962106704,0.3016748405991672,0.2342167496681213,1,0.20643756863965398,0.23455739111390977,0.0,0.05144202646012773,0.030650583277910277
51,3,2,0.43,0.2839320600032806,0.285910978665904,0.1602994352579116,1,0.3002121519085363,0.2285697947240444,0.0,0.07560409102613998,0.02648493822115175
51,4,2,0.5,0.2571704387664795,0.2997453112310568,0.406505286693573,1,0.3583084878153056,0.34293805276404377,0.0,0.44500003902867913,0.41422994315452466
51,5,0,0.615,0.051184844225645,0.2950372869089367,0.3372273743152618,1,0.19831539653261362,0.14134317013505154,0.25,0.5298469989261796,0.0024762999535663734
51,6,1,0.52,0.1209781989455223,0.2793175649020022,0.2078096717596054,1,0.32380224697615656,0.21099846716837423,0.25,0.2906624999748979,0.08645161200029332
51,7,4,0.52,0.0877384468913078,0.3593048627690262,0.1439734399318695,1,0.24074110203534502,0.239775763595929,0.25,0.1481773956775931,0.02192950181219955
51,8,4,0.46,0.0935373306274414,0.2430958868354504,0.1568958014249801,1,0.3042293527663215,0.1548833324228808,0.0,0.2915891894821206,0.08355524919865226
51,9,0,0.465,0.0370516255497932,0.2790403436542359,0.3686282038688659,1,0.3702906325042507,0.12272147074981732,0.0,0.03348406934573417,0.016768646849880185
52,0,4,0.225,0.0346674844622612,0.3019531562918063,0.1719374060630798,0,0.1743655345455145,0.07926124423986655,0.0,0.008391098527098632,0.004986764708542986
52,1,0,0.1,0.2831561267375946,0.3168167079590205,0.0685474872589111,0,0.12657403393701586,0.10947804494356951,0.0,0.11522163879141183,0.16510959284185323
52,2,3,0.135,0.1240165457129478,0.295565737988549,0.0082320207729935,0,0.22879013759794406,0.05572197760722171,0.0,0.12484759915037087,0.06391923315913717
52,3,0,0.075,0.1970432102680206,0.2901628740896058,0.1039629057049751,0,0.15685406475526334,0.059831184757951524,0.0,0.05449921615466416,0.11092165929611536
52,4,0,0.205,0.3507086336612701,0.3187552120401228,0.1563046276569366,0,0.18966258223769003,0.1427592177656849,0.0,0.059904177430230035,0.10001813756148688
52,5,3,0.46,0.4006438851356506,0.2682310319152053,0.226988598704338,0,0.3820102933201655,0.45000286659851285,0.0,0.7405285286426213,0.5291371482213427
52,6,0,0.195,0.3226962983608246,0.281680097205822,0.0454958342015743,0,0.17839844442455877,0.12523509521580778,0.0,0.16089637069797522,0.05724686634953497
52,7,3,0.3,0.7766008377075195,0.2196355318399668,0.0298641696572303,0,0.3913092297839805,0.15018693384666482,0.25,0.8068444258449317,0.10543576120544862
52,8,3,0.09,0.0764329731464386,0.2104462181915387,0.2179269939661026,0,0.1425420257317065,0.10027854902193356,0.0,0.5703786280766205,0.12904864572298883
52,9,3,0.295,0.5683681964874268,0.2223242670730398,0.1386084854602813,0,0.18073723164208189,0.09550274277551216,0.25,0.05874026489235845,0.022164022143828174
53,0,0,0.18,0.0714356303215026,0.3593335066509772,0.1678958535194397,0,0.17094045301633057,0.12520796903765438,0.0,0.04975410857720515,0.09645561551289537
53,1,2,0.17,0.0934272930026054,0.357035163477417,0.0969529598951339,0,0.2777429621684299,0.07443606454087526,0.0,0.02811656255731129,0.02467237255795223
53,2,2,0.21,0.255882203578949,0.2989691775370112,0.3333514928817749,0,0.2204959035708274,0.22112438409849577,0.0,0.11431953494803099,0.22802907843345913
53,3,4,0.07,0.2120476216077804,0.3270243717984852,0.4764010012149811,0,0.17494544910873486,0.2454463937706389,0.0,0.11703427803032854,0.15831579353099284
53,4,4,0.03,0.079724982380867,0.3515637390781009,0.3072230517864227,0,0.17361825015960566,0.17950135415036525,0.0,0.12815505211622435,0.118651121274729
53,5,2,0.195,0.3295216858386993,0.2809691360683987,0.1965392678976059,0,0.2589850765135666,0.2116219289526968,0.0,0.07995421512757249,0.1645800406977426
53,6,2,0.195,0.1582235991954803,0.3536605400005864,0.3631574213504791,0,0.2563359581551377,0.3013021620314204,0.0,0.07938255357262711,0.3122793277860028
53,7,3,0.18,0.1901808381080627,0.3078544647422288,0.2327323406934738,0,0.2263257882586207,0.14758546175683213,0.0,0.04434291277201751,0.15151742547031902
53,8,3,0.17,0.131185382604599,0.2310228344371184,0.296525090932846,0,0.19495365697548764,0.1623993128669759,0.0,0.2207122286270549,0.19381820908801323
53,9,2,0.18,0.2090492695569992,0.27008564821066,0.3363675773143768,0,0.2212399257663887,0.19430199474501547,0.0,0.05250666885802608,0.09467779419173215
54,0,0,0.27,0.4534425735473633,0.2565211043376052,0.0506448931992054,1,0.1813809351406164,0.1358414231453488,0.0,0.07089243123078807,0.17952426116645734
54,1,3,0.2,0.3735854029655456,0.2471553316722559,0.0874913707375526,1,0.17931272874801937,0.13838660240338677,0.0,0.2320020852221032,0.22061393565175016
54,2,2,0.21,0.5412293672561646,0.2129495109628373,0.228371113538742,1,0.2725992407565899,0.12970550842200923,0.25,0.12854163166280974,0.21050427299505328
54,3,3,0.2,0.3904663026332855,0.1785530845266662,0.0546562597155571,1,0.23017686454786987,0.060291949482795724,0.0,0.08636763189356288,0.025669056423311673
54,4,0,0.215,0.119374006986618,0.31332541363968,0.1337785720825195,1,0.15884663215568806,0.10532029051257089,0.0,0.0476213649323904,0.09569798156097152
54,5,2,0.16,0.4532172083854675,0.2124604311874566,0.0438817627727985,1,0.17546566603734923,0.22594404261528536,0.0,0.1250993963777918,0.12438183006334495
54,6,3,0.13,0.1421392560005188,0.2655179887814683,0.0239783115684986,1,0.12812528059486913,0.06396436355399508,0.0,0.01075977279801424,0.2551204136997099
54,7,2,0.205,0.43809774518013,0.248803316199453,0.080171026289463,1,0.17166769141860141,0.07150074460805177,0.0,0.025406202288703935,0.003309884991237523
54,8,0,0.22,0.2252380698919296,0.1980076573931716,0.004700724966824,1,0.21947941770646204,0.1073456863255488,0.0,0.042620947830960466,0.1032157758328739
54,9,4,0.22,0.3507106900215149,0.2533997028051675,0.0641668662428855,1,0.2421204970036989,0.08249404260795505,0.0,0.08795094352437535,0.10365564406506737
55,0,2,0.33,0.6133278608322144,0.293696085771222,0.0779913663864135,1,0.3722856841474392,0.2049175635837379,0.25,0.12860973376794144,0.1718735701193295
55,1,4,0.295,0.4798071086406708,0.2645839964978962,0.1157724782824516,1,0.19918560094834173,0.3507707038768809,0.0,0.282818750248971,0.3879892269007385
55,2,1,0.15,0.4545723795890808,0.28900967449389,0.2490904182195663,1,0.25856526688872256,0.211570295820175,0.0,0.05773219129103075,0.1574419987473846
55,3,3,0.35,0.4949968159198761,0.2298415280587472,0.0547874793410301,1,0.31315358135432037,0.1266549832943025,0.0,0.073505852621066,0.055105945736773236
55,4,0,0.315,0.3983416855335235,0.3276503511019149,0.2840168178081512,1,0.2663554371900055,0.24727810257555402,0.0,0.14347293593369853,0.2714395624530741
55,5,2,0.27,0.4483736455440521,0.2263709688556005,0.1366623193025589,1,0.20273308296931955,0.32376189378052833,0.0,0.24148997387468663,0.2505660541402715
55,6,4,0.29,0.4376690685749054,0.2834894699427642,0.2246713042259216,1,0.264723633020944,0.279723880601538,0.0,0.3923587891679313,0.2516771604797397
55,7,1,0.265,0.3260415494441986,0.291901557418822,0.2996231615543365,1,0.21447746753456132,0.17545219522610067,0.0,0.15968698559821914,0.26208090485324675
55,8,3,0.28,0.3343292772769928,0.2171978304838707,0.2132488191127777,1,0.24116312198736103,0.2605091917171342,0.0,0.1175727841960775,0.29970446367473913
55,9,0,0.05,0.3769139647483825,0.2792792406652446,0.2253146767616272,1,0.1555137748375344,0.11352378419802774,0.0,0.08381915728604666,0.19094391327706725
56,0,3,0.185,0.4442723393440246,0.4124754536948926,0.181343138217926,0,0.1962700300480472,0.2196114574680364,0.0,0.10282181827940048,0.1284587052019515
56,1,3,0.29,0.2677081227302551,0.3732773661490309,0.3154956102371216,0,0.34245099145140795,0.3807293218396705,0.0,0.35311245042822004,0.31265702343958957
56,2,1,0.22,0.1753531992435455,0.3164406666210316,0.2111508101224899,0,0.25655293674563234,0.17209274022066773,0.0,0.07720667969365828,0.1708125042126563
56,3,1,0.175,0.1638022363185882,0.3837085774556191,0.336339384317398,0,0.22388850288284623,0.1894841822403394,0.0,0.20943237326486164,0.21701859391032155
56,4,1,0.225,0.3011590242385864,0.3074895963318362,0.2021149098873138,0,0.2102713731306692,0.1493529906610621,0.0,0.18519116948699763,0.14716289482322592
56,5,2,0.19,0.3809896111488342,0.2584234083549318,0.2131781876087188,0,0.2257512474103698,0.24372823974805133,0.0,0.12204763169260313,0.1828702580661331
56,6,4,0.19,0.2888145744800567,0.2859835406256875,0.1148906946182251,0,0.24774243308076435,0.1435950306880053,0.0,0.11354091194212793,0.15132154564998324
56,7,3,0.235,0.412595272064209,0.4026730884958014,0.3575169444084167,0,0.45345918930051926,0.37769903012894557,0.0,0.25890417142376604,0.39624200147565386
56,8,0,0.16,0.1181094869971275,0.3169220953344183,0.0102424025535583,0,0.36902723580136154,0.11005662466747515,0.0,0.08671210629205807,0.16611575183187985
56,9,4,0.22,0.2619757950305938,0.3291751258360902,0.2237956374883651,0,0.26251205841061925,0.21006691364486701,0.0,0.09134190913378738,0.0988004190944253
57,0,0,0.505,0.1550735980272293,0.4426591436753633,0.1642920225858688,0,0.326566131586983,0.353441912907675,0.25,0.5177187856127596,0.1870062369590867
57,1,3,0.48,0.2088471949100494,0.3707592785717168,0.1981922835111618,0,0.3924588348356172,0.4193196627176326,0.0,0.720717274769182,0.5195827083203943
57,2,2,0.495,0.2914832532405853,0.4122671135694032,0.1967353522777557,0,0.27135240071020605,0.6517342777695192,0.0,0.8825910823111894,0.4701291552601641
57,3,2,0.49,0.6322845816612244,0.3767373386747215,0.6273234486579895,0,0.7339312090885916,0.8516044331893579,0.5,0.851815571734373,0.9968858203702244
57,4,2,0.535,0.1676340401172638,0.4044297497219867,0.2491446286439895,0,0.3232460634655294,0.3767032004585425,0.25,0.6555398804457794,0.3073996104277331
57,5,3,0.37,0.1726021468639373,0.2978449525629925,0.4106231033802032,0,0.23461255153586258,0.3025976935902288,0.0,0.31454051481522705,0.3369890952255469
57,6,1,0.425,0.3259072303771972,0.3179788502829712,0.2923771142959595,0,0.31834188892694737,0.3171832373633332,0.0,0.481426364696283,0.4462542471234124
57,7,4,0.355,0.0834409892559051,0.4506154244203006,0.1488825529813766,0,0.27888636995643074,0.2528598229144012,0.0,0.14050963996666468,0.07291061911895062
57,8,3,0.515,0.1183384135365486,0.3068165184493109,0.2999989986419678,0,0.48252541169733276,0.3967591677238021,0.25,0.9032717397250798,0.32987875958617413
57,9,1,0.4,0.0830698832869529,0.377836603876611,0.4242735803127289,0,0.32289231899327026,0.4212892622388218,0.0,0.09740095383429347,0.13224844172876432
58,0,4,0.67,0.7267991304397583,0.3554381894001589,0.2176133692264557,0,0.47121414041924625,0.8376632599368371,0.5,0.40557790733319693,0.9390666703178496
58,1,3,0.715,0.5217324495315552,0.3973051352679118,0.0754518285393714,0,0.643881608194638,0.781177857801856,0.5,0.8835805618252912,0.7416593572617598
58,2,3,0.435,0.6463686227798462,0.3202163355343947,0.0134171908721327,0,0.5335365965346069,0.3382012448072111,0.25,0.9203582716711488,0.2997437345058627
58,3,3,0.66,0.5266916751861572,0.3637654591794089,0.0548668019473552,0,0.4996959718600818,0.5098555306824856,0.5,0.8720352606088541,0.559894551396373
58,4,1,0.68,0.7088719606399536,0.36530134592337,0.1300725191831588,0,0.29416068341819046,0.37805962029411727,0.5,0.1010572287991523,0.5246204847608955
58,5,1,0.65,0.3285969793796539,0.3087073566599983,0.0236251503229141,0,0.2986965506956866,0.26690136778966317,0.25,0.026021991385480375,3.376443218566167e-05
58,6,2,0.72,0.4908399581909179,0.3422628912840039,0.2831378877162933,0,0.28854429528221737,0.5909438659901499,0.25,0.7416969545058004,0.843286691184784
58,7,1,0.695,0.7820714712142944,0.3170781760268751,0.1559679210186004,0,0.2462303247764469,0.5468163066891191,0.5,0.6645808667482573,0.7566949084378218
58,8,1,0.655,0.4565814137458801,0.337200360803893,0.1314661651849746,0,0.5402776363077376,0.8204260798503862,0.25,0.2202719745077872,0.7604654366012812
58,9,2,0.64,0.6532339453697205,0.3095083581346055,0.1814869046211242,0,0.4693387457614042,0.45694353737080934,0.5,0.8380400989085676,0.20428678747300186
59,0,1,0.16,0.1359500586986541,0.3669416911732387,0.5133506059646606,0,0.31637948922469156,0.28325859734576353,0.25,0.22339815020128517,0.3520506444143213
59,1,0,0.095,0.2004503458738327,0.360862034590368,0.7194851636886597,0,0.26280358539080106,0.11960050752384216,0.25,0.0339037695822515,0.06537355246888192
59,2,3,0.2,0.3912763893604278,0.2886434624418376,0.4969919621944427,0,0.2944951376132161,0.3792644621104217,0.0,0.2269274133734603,0.32225208587256404
59,3,0,0.17,0.347617894411087,0.3174968007182878,0.6333880424499512,0,0.19694999749150974,0.2540419388916379,0.25,0.03006806880602353,0.05243959608379173
59,4,2,0.315,0.2960796654224396,0.3377435086330202,0.5755512118339539,0,0.4306084674990176,0.48995067318981694,0.25,0.4749830972859765,0.39392419208017865
59,5,1,0.13,0.1640457659959793,0.3025498226047366,0.2083535641431808,0,0.1829048461796525,0.09579184827175193,0.0,0.020554759238055956,0.020313770092230905
59,6,3,0.195,0.3270078897476196,0.3263600063009597,0.4816872179508209,0,0.3986610731804447,0.4110812228805497,0.0,0.7022952104843834,0.5322361626904787
59,7,3,0.23,0.5662627816200256,0.3511788686620248,0.2968505918979645,0,0.47827178514025426,0.3244805588939249,0.25,0.07893242871061844,0.10332904493276336
59,8,1,0.145,0.1901729702949524,0.2218482852913525,0.3295356333255768,0,0.2696220655547869,0.17552884517198517,0.0,0.15408610012389024,0.16096730887682706
59,9,1,0.025,0.0633511915802955,0.326504298566208,0.5134978294372559,0,0.32223065329200967,0.3750795433504658,0.25,0.28476496891249525,0.004566581586286889
60,0,4,0.24,0.083965852856636,0.3473442635728315,0.3330776989459991,1,0.2480314723015359,0.14196006970000455,0.0,0.017969256737362573,0.06859897626470061
60,1,0,0.14,0.2780142426490783,0.3527706944217551,0.7412428855895996,1,0.2892239404415645,0.17154687159997076,0.25,0.0339037695822515,0.1444333418336411
60,2,0,0.215,0.1953643411397934,0.3498118099162504,0.3268019258975982,1,0.29915628473947115,0.20221081194185736,0.0,0.5951472561106033,0.08757102852080263
60,3,0,0.18,0.4968282878398895,0.3552337842693816,0.5518925786018372,1,0.17961520862405692,0.2927485955354444,0.25,0.10269994416039058,0.05151248614839224
60,4,0,0.155,0.2624406814575195,0.3728956788831158,0.3703429400920868,1,0.24920511717449031,0.23439948190920046,0.0,0.12400505847492098,0.048821471807087194
60,5,3,0.285,0.3845297992229461,0.2749601539445385,0.4190598726272583,1,0.3131110209106109,0.3755693609065777,0.0,0.08936545668488348,0.3510470664132445
60,6,2,0.135,0.5464122295379639,0.3389400352376397,0.3874287903308868,1,0.29138725086528383,0.30360303205740274,0.25,0.12148912881636591,0.17245014738046607
60,7,4,0.185,0.1654512286186218,0.427080623362246,0.6735649704933167,1,0.2766994243559882,0.5191162684907573,0.25,0.5938601050875381,0.19810461480287614
60,8,2,0.18,0.4168606996536255,0.2229687140088858,0.2550646960735321,1,0.29553336550527476,0.41097390852031906,0.0,0.31595498735802974,0.412826891290353
60,9,1,0.235,0.1756531894207,0.3824175260249536,0.5021311640739441,1,0.4157251443996451,0.5350893230608043,0.25,0.05873035881528391,0.01283719799530871
61,0,0,0.66,0.3280520737171173,0.3678322141247642,0.7097943425178528,1,0.5023965094274322,0.7916632452369753,0.5,0.9000143082199521,0.8126883210426675
61,1,2,0.72,0.4626664817333221,0.4015656177682088,0.498513251543045,1,0.5216692525418128,0.7747016048342792,0.25,0.6848656667874374,0.8933873772882899
61,2,1,0.75,0.4190985858440399,0.3408871147376782,0.572771430015564,1,0.36463362231863855,0.7538934358727534,0.5,0.8777975436961715,0.9461206145451179
61,3,4,0.7,0.2352444380521774,0.2962146848958327,0.5601550936698914,1,0.44736481820441815,0.5566234605781939,0.5,0.4295506401809989,0.4476303991110743
61,4,3,0.71,0.2136088013648986,0.3802001415621088,0.8886938691139221,1,0.3463786618400965,0.8232152647150308,0.5,0.12257970608013527,0.6052772681201796
61,5,3,0.66,0.5397323966026306,0.2854336844320879,0.3508866727352142,1,0.5334889903115484,0.6987569222817371,0.5,0.9401454871734151,0.8797137135726474
61,6,4,0.72,0.5415233969688416,0.2791034946521081,0.5883874893188477,1,0.30746774345013755,0.7896802417230526,0.75,0.6811446237287557,0.8027190492454767
61,7,0,0.74,0.1356312036514282,0.4299415551079585,0.5198363065719604,1,0.252584108923259,0.6209015534535847,0.5,0.9383683731939438,0.6943232900025126
61,8,0,0.79,0.2741738855838775,0.2753453967343557,0.8758307695388794,1,0.44557823707826566,0.7789804241584319,0.5,0.2529912393177458,0.8259180136758432
61,9,4,0.735,0.5495193004608154,0.3060805112798827,0.7771772742271423,1,0.41793768739032394,0.8578007707652721,0.75,0.8855870318019661,0.9826915050521987
62,0,1,0.255,0.5286726355552673,0.4684476046677841,0.3268651366233825,0,0.46316594802863054,0.4701703212038122,0.25,0.8187590566716404,0.14540749034482
62,1,2,0.27,0.2306241393089294,0.3704394015138633,0.1285372972488403,0,0.30796814779769016,0.16816305545681445,0.0,0.2329716556755407,0.22907295635893776
62,2,2,0.23,0.517457902431488,0.3136803428021422,0.2508813142776489,0,0.2980496447632865,0.32907837516863214,0.25,0.047711584457282206,0.2877375463199651
62,3,2,0.19,0.5319555997848511,0.4280119769275244,0.4367161393165588,0,0.5664784682712222,0.6044424813950268,0.25,0.7212163312081544,0.36382114999211146
62,4,4,0.14,0.3783279657363891,0.4291283796999542,0.305886298418045,0,0.18317396595476276,0.33104727724207433,0.0,0.2972512535601627,0.18277684843220182
62,5,4,0.23,0.263139396905899,0.2803321480463404,0.474342793226242,0,0.3093336050498751,0.2694713049032689,0.0,0.1102470599723566,0.12887559555004519
62,6,4,0.145,0.3789821565151214,0.2790062092046028,0.2280822992324829,0,0.257667230555708,0.19750399343947012,0.0,0.30433335807740053,0.13625571316497945
62,7,1,0.225,0.4102433323860168,0.3129554881878909,0.5260524749755859,0,0.2773632517823706,0.2871673787467949,0.25,0.26935152602658097,0.2855962352816156
62,8,3,0.115,0.2817220985889435,0.2874623948268512,0.3292571604251861,0,0.2795948671552629,0.26671401318363924,0.0,0.12049132797809974,0.20955683410524437
62,9,2,0.285,0.3354253768920898,0.2966041399726559,0.5783560276031494,0,0.3869255810229147,0.44031896130237586,0.25,0.3509910890592314,0.43278414010874405
63,0,2,0.485,0.4655987024307251,0.3719134185436948,0.280613899230957,1,0.4277853286934685,0.4472528665930011,0.0,0.2909344582409393,0.6033807696443866
63,1,0,0.365,0.2099203765392303,0.3703510449420444,0.0358619876205921,1,0.18834483976279823,0.17955161989685103,0.0,0.03278825512484141,0.1581847825106493
63,2,3,0.47,0.7313816547393799,0.3311606405665381,0.1921587437391281,1,0.5571560670969492,0.5495028397831129,0.25,0.9203582716711488,0.5124295979113574
63,3,1,0.435,0.2641388475894928,0.3950765593236168,0.4043606519699096,1,0.3552998620975778,0.3610496154158365,0.0,0.057115673729826635,0.4068724256119029
63,4,2,0.405,0.4394886195659637,0.3971980788196717,0.315453439950943,1,0.3249003917168212,0.49613104598867436,0.0,0.24365400846078628,0.8157503848478705
63,5,1,0.595,0.425704687833786,0.323437109173343,0.0798355191946029,1,0.30629932134153454,0.35417393028016797,0.25,0.20942405526569996,0.0006214500123922923
63,6,1,0.36,0.2178707122802734,0.3589590249628412,0.187802717089653,1,0.29466815159656184,0.13878588612290377,0.0,0.202198247672698,0.06635609073226859
63,7,3,0.475,0.297276496887207,0.3506206652445511,0.1345834285020828,1,0.2556780101131147,0.2444593318472541,0.0,0.5835402985264446,0.22379942150862578
63,8,3,0.365,0.7495802044868469,0.2711509639786787,0.3794296979904175,1,0.47864232109129917,0.6827525253936746,0.25,0.07170820043768351,0.5937724670761411
63,9,0,0.47,0.3309676051139831,0.3694006146350924,0.4254207909107208,1,0.41747807108477014,0.48092470526273823,0.0,0.7236409526787967,0.7197101676939036
64,0,2,0.14,0.0843381732702255,0.3613960446801348,0.1298170387744903,0,0.20252853180810446,0.1416042807010859,0.0,0.10726770001826905,0.25376274744299476
64,1,4,0.115,0.2626269161701202,0.3023805281435793,0.2614196836948395,0,0.19623768585093682,0.15992261665326515,0.0,0.08189297478055496,0.1818870342390117
64,2,3,0.185,0.1557429432868957,0.3362156301635002,0.0846933051943779,0,0.24256980740538214,0.0886897932273049,0.0,0.6118354967011066,0.08655005486151993
64,3,3,0.15,0.1460250914096832,0.3298919376113169,0.372671514749527,0,0.23617820265471048,0.21282004599177506,0.0,0.27397135430377256,0.20463570562528227
64,4,2,0.16,0.0973122268915176,0.3692880112095011,0.3433560132980346,0,0.32794140191458204,0.26045327309682853,0.0,0.1730884343358082,0.13886866619294952
64,5,3,0.12,0.1539275199174881,0.2967200726427301,0.3955510556697845,0,0.1638295436148845,0.15097089985351622,0.0,0.13547961860968555,0.15435892528887313
64,6,0,0.115,0.2190126329660415,0.3487646917906689,0.1243305057287216,0,0.2806971184851425,0.19025206977617184,0.0,0.06638411169326837,0.1165911248663802
64,7,2,0.105,0.1289770305156707,0.405926811019207,0.3355609476566314,0,0.34500194438218673,0.2954640182941057,0.0,0.4925753409306239,0.35685911016439403
64,8,4,0.155,0.0547095239162445,0.2613854048545102,0.2457034885883331,0,0.29149033171772304,0.10019821904331963,0.0,0.0479228877685421,0.15781172749400219
64,9,2,0.205,0.0533374398946762,0.2887306119583837,0.1230527758598327,0,0.151955004579241,0.10684122039421026,0.0,0.06641180061760843,0.10865330798775007
65,0,3,0.445,0.105964183807373,0.2183847957527958,0.0492531061172485,0,0.2336683751925868,0.12357398278825832,0.0,0.22782685591392746,0.018055613612624113
65,1,2,0.515,0.0481170676648616,0.2782516232544152,0.0994489043951034,0,0.3350021994632919,0.09010146740235475,0.25,0.023206975481292216,0.000928274600169898
65,2,0,0.37,0.0309108607470989,0.2624198028374875,0.3542468547821045,0,0.12744731765629588,0.12161148758594513,0.0,0.030611688942463192,0.014941378733275248
65,3,0,0.375,0.130128800868988,0.2332299413862131,0.0822872817516326,0,0.27785374357645204,0.13465427186816945,0.0,0.08433651875278586,0.030171577722368413
65,4,4,0.575,0.1155344620347023,0.3124313122465799,0.3180626928806305,0,0.3506618982792407,0.29559175717907593,0.25,0.30151105477769014,0.2632707749066128
65,5,1,0.38,0.0779322385787963,0.2944851075737171,0.1819020360708236,0,0.20865294523954037,0.10842859788162977,0.0,0.03461109916666294,0.007253586699713964
65,6,3,0.335,0.1396881341934204,0.2833114625635824,0.0280474256724119,0,0.1533801319252788,0.11185304559537791,0.0,0.09030312561282255,0.08840768369859381
65,7,1,0.48,0.1280532032251358,0.2923957255568599,0.2760897874832153,0,0.2920887458947715,0.19823831328266361,0.0,0.1730103117235691,0.14313219432790483
65,8,2,0.53,0.0718116238713264,0.1840870477272027,0.1206749901175499,0,0.2788352544004746,0.2276105870855444,0.25,0.11493877434781587,0.1015937890901843
65,9,1,0.425,0.0301883351057767,0.2669411187095759,0.4111847579479217,0,0.2512746242504496,0.23258365039044046,0.0,0.0811835748389389,0.3098271981732187
67,0,1,0.075,0.2551077902317047,0.2533430897134452,0.3122302889823913,1,0.12193901910711018,0.13840669095741323,0.0,0.03344122308931003,0.09900401460821978
67,1,4,0.035,0.4845386445522308,0.2323895381474258,0.0442862547934055,1,0.17848081436138166,0.1770815186338178,0.0,0.11202439595686611,0.21042523165258148
67,2,2,0.11,0.5008314251899719,0.2007372753039115,0.2866457998752594,1,0.24994264420779624,0.09261165751081506,0.25,0.3408319460469082,0.20935802778755333
67,3,0,0.075,0.155197262763977,0.224079758717771,0.2165376991033554,1,0.15454689762276902,0.05697185240310403,0.0,0.08623563550434865,0.12344965380010121
67,4,1,0.115,0.7234702110290527,0.2355673478601304,0.3010157942771911,1,0.22711560596480126,0.12263946186057752,0.25,0.2046242171059493,0.052215075123476624
67,5,2,0.075,0.5197346210479736,0.2060609306454387,0.1615933775901794,1,0.15770581173620019,0.24618581383643295,0.25,0.3018294427084488,0.10498241564610118
67,6,0,0.12,0.287304013967514,0.2774904414840936,0.1020619869232177,1,0.1889355526308847,0.12929384245520884,0.0,0.14572957242861742,0.20798435208926705
67,7,4,0.065,0.2892836034297943,0.3377115079444264,0.0904451757669448,1,0.15856698557065332,0.08110081413132585,0.0,0.7137310569665017,0.10579166326832633
67,8,4,0.09,0.2376488298177719,0.2337299266054975,0.1013957634568214,1,0.230073466526816,0.15101072341958058,0.0,0.1008252355061687,0.19900774117294198
67,9,3,0.035,0.5926644206047058,0.2522752075811174,0.2086207270622253,1,0.17048115203754619,0.12512891390934267,0.25,0.12703087066057375,0.09018401725491516
68,0,2,0.045,0.0318682119250297,0.2557062193967366,0.3738037645816803,0,0.19136306125854127,0.10498811246798667,0.0,0.12324278089577902,0.09634520323528813
68,1,4,0.065,0.2453971803188324,0.2339028524245841,0.314437061548233,0,0.18439840324691617,0.13555448348544794,0.0,0.057002000193749805,0.14317725078680865
68,2,2,0.05,0.1830571889877319,0.2567246152662713,0.2349389046430587,0,0.21053556422267494,0.08780964740846198,0.0,0.1393770268326076,0.19374120552947666
68,3,1,0.035,0.0780953615903854,0.2531913824218814,0.4483490884304046,0,0.2346518323542901,0.23542475084324976,0.0,0.09566001069409771,0.23401390847341622
68,4,4,0.075,0.1587813198566436,0.3595279309713663,0.5110799074172974,0,0.2013442513405691,0.3820271638287498,0.25,0.1592781304038747,0.10809800361694061
68,5,1,0.085,0.1935991495847702,0.310462385791966,0.5327027440071106,0,0.2025278024505536,0.22059032165001954,0.25,0.2978244163165883,0.0058305055483076065
68,6,4,0.065,0.1494497060775756,0.2904866325453831,0.4812308847904205,0,0.2717811668980773,0.22212464146233699,0.0,0.30302126770342985,0.14479585161638722
68,7,2,0.05,0.1201572492718696,0.3143688089311764,0.3876011371612549,0,0.2848081426107905,0.22652835309090835,0.0,0.7688971977605886,0.5568540418858653
68,8,3,0.065,0.0302811954170465,0.2165651863924785,0.2926446199417114,0,0.14055546613059441,0.09633262056831672,0.0,0.10141909890141694,0.1098169353318093
68,9,0,0.04,0.0120322657749056,0.2799964195176599,0.3643656969070434,0,0.19536088332800708,0.07369095830019598,0.0,0.06242012715606541,0.04551198338727403
69,0,4,0.33,0.55399489402771,0.3121517917310847,0.1320842951536178,0,0.27086579011898015,0.3840721519067112,0.25,0.6568548172623221,0.5715563807933729
69,1,1,0.41,0.3363932073116302,0.3498855748660676,0.1080812960863113,0,0.2560626759351674,0.2893247430168425,0.0,0.4254768305518062,0.12103439749341986
69,2,0,0.335,0.4971735179424286,0.3550206639082809,0.367429256439209,0,0.4897945795227701,0.4759900334093304,0.0,0.48010623874453956,0.31141893465079956
69,3,4,0.415,0.2331365197896957,0.3019364371387553,0.1371139287948608,0,0.24087153074211662,0.23575677989939553,0.0,0.30251910126811504,0.13480729069087402
69,4,2,0.52,0.5060111284255981,0.3737888399464881,0.2223538607358932,0,0.284205131335384,0.45212793046915517,0.5,0.6672276375488713,0.6325293188716477
69,5,3,0.22,0.3901621103286743,0.2907682745658765,0.4069776833057403,0,0.2580363535310491,0.29737203891628144,0.0,0.08936545668488348,0.1485781321621781
69,6,0,0.475,0.2984523177146911,0.3135027986953222,0.0376318804919719,0,0.19753336911713903,0.1765929982772172,0.0,0.18743202389246194,0.025925858956389086
69,7,0,0.37,0.1958749741315841,0.3969582893030587,0.2107420563697815,0,0.2500837492998908,0.2762445462303953,0.0,0.022510723088710285,0.26297579722802716
69,8,3,0.38,0.2771673500537872,0.228723308124205,0.238663449883461,0,0.2925060948696597,0.29823584275434234,0.0,0.1175727841960775,0.4408623581802569
69,9,4,0.35,0.4034872353076935,0.2910156307191535,0.1084135398268699,0,0.2887047829574567,0.1513146816418178,0.0,0.06869741508869669,0.0628628917459127
70,0,2,0.17,0.6120986938476562,0.472726768693482,0.1526871621608734,0,0.4124674606175718,0.330486782221222,0.25,0.05865526929338394,0.035054812109728446
70,1,4,0.205,0.727881133556366,0.3055756978146666,0.2339801043272018,0,0.19554970269721508,0.62309567093145,0.25,0.1670278164002964,0.05938929823791069
70,2,0,0.225,0.4316132068634033,0.3567501361858683,0.2378721833229065,0,0.4287311396009999,0.341388246393177,0.0,0.5671814296719804,0.08024648768804601
70,3,0,0.2,0.3414502739906311,0.457820695131641,0.1026666387915611,0,0.19237161927955226,0.17856349012532158,0.0,0.03170451477440915,0.14497580248984326
70,4,2,0.31,0.7163760662078857,0.4427212697724592,0.268151193857193,0,0.29888456922029655,0.6362136734284396,0.25,0.9050448090856821,0.7634536971291047
70,5,2,0.24,0.5351831316947937,0.2799352342358451,0.1169639825820922,0,0.2807057088115692,0.3698594359825875,0.25,0.16599020224350342,0.10385936491775265
70,6,0,0.255,0.291321337223053,0.3123566134123472,0.0887727811932563,0,0.216036209540141,0.17097665038561669,0.0,0.18743202389246194,0.07057229194357742
70,7,1,0.22,0.7637279629707336,0.3235138435553452,0.2942574322223663,0,0.19328236525803622,0.33278986176811776,0.25,0.0495706727208698,0.10151733964910678
70,8,0,0.205,0.2587938606739044,0.2835807176174499,0.0111993961036205,0,0.35540230702447695,0.1729275134415241,0.0,0.11062392014791775,0.19521931295811862
70,9,3,0.2,0.5310592651367188,0.3896449405610687,0.2820731401443481,0,0.2948663461390347,0.49680954610800193,0.25,0.5519570325711102,0.16447939722825097
71,0,2,0.58,0.2898741960525512,0.4828989932723446,0.7358693480491638,1,0.5097894959351065,0.8090756947650967,0.5,0.9611379879259346,0.8873157095625813
71,1,3,0.65,0.36090087890625,0.4129074200571429,0.4023196995258331,1,0.647421614975768,0.7882078651132819,0.25,0.82513615318061,0.8035304058515004
71,2,2,0.64,0.2638278603553772,0.393930160734648,0.4493131339550018,1,0.2756819939024126,0.7267357955564803,0.25,0.8473790419338887,0.6159706100766777
71,3,1,0.515,0.2550576627254486,0.5248973933403834,0.3433885872364044,1,0.3243887871590741,0.2955466247870114,0.5,0.12519252614523416,0.2939538769637555
71,4,2,0.72,0.5460350513458252,0.4584328102082325,0.4519199132919311,1,0.4268352540599445,0.7979324001118997,0.5,0.9156916120567546,0.9610941451439469
71,5,3,0.605,0.4048487544059753,0.2951118454905049,0.4266718029975891,1,0.435606822262111,0.6128571672101272,0.25,0.8661045797466881,0.8522518682974752
71,6,2,0.455,0.310828298330307,0.3095703622219742,0.3500329256057739,1,0.2754087221475361,0.4207667195886834,0.0,0.19913721821379665,0.5274199944449246
71,7,3,0.625,0.5566248893737793,0.4550381793931293,0.4462678730487823,1,0.5647140914443843,0.6987622467571815,0.5,0.9104716143317683,0.8923355731182548
71,8,2,0.505,0.5531753897666931,0.2314447542389616,0.4384858012199402,1,0.29792937354971033,0.748951756740317,0.5,0.8654689258402987,0.7276673105674603
71,9,4,0.59,0.5511408448219299,0.4073771284250593,0.4798289537429809,1,0.4694848557825233,0.7805117942138713,0.5,0.8250545084673973,0.8861380016462671
72,0,3,0.31,0.4702615439891815,0.1902078904779921,0.1438754945993423,0,0.20773528493825,0.17158906618522138,0.0,0.5778472806317522,0.4333455942205881
72,1,0,0.265,0.1937354058027267,0.2635536678750796,0.0854742899537086,0,0.15355637772483643,0.13402192576483501,0.0,0.11201769603195055,0.1675081999264803
72,2,3,0.275,0.2304120063781738,0.2614146298654129,0.0810698643326759,0,0.27034733229313207,0.11750486520676989,0.0,0.02594859676508911,0.07052155037012695
72,3,0,0.15,0.1928332149982452,0.2198696812118429,0.110689602792263,0,0.17702789710279435,0.06449459674048301,0.0,0.1064409911061664,0.11647863049119546
72,4,3,0.385,0.1555647701025009,0.2924303950581468,0.0192988291382789,0,0.19941646062397614,0.12314530011694776,0.0,0.05092292401358558,0.006173701321165101
72,5,3,0.27,0.2475560754537582,0.2686002104131019,0.4625702500343323,0,0.27552122128996714,0.3324330712534598,0.0,0.262150435671876,0.26705328714815935
72,6,1,0.36,0.5179896354675293,0.2371197693474928,0.0971765369176864,0,0.37444373601517295,0.4471079213237931,0.25,0.8696262881752412,0.0797405092094798
72,7,3,0.215,0.4239433705806732,0.2400684522701644,0.1610424220561981,0,0.27035924970780717,0.12663997442779937,0.0,0.06659693433093952,0.33876565607042614
72,8,4,0.255,0.0828121304512023,0.2039457177463185,0.0913676917552948,0,0.2608130666470973,0.0857967965471842,0.0,0.038949663032467864,0.11382782752419894
72,9,2,0.295,0.1941492259502411,0.2320397101673332,0.4822513461112976,0,0.261556525936857,0.21102712333271825,0.0,0.23072862773096778,0.22199942302876693
73,0,3,0.85,0.6186991930007935,0.4481955749091112,0.6385921835899353,1,0.40557074653968356,0.9567757924086299,0.75,0.9771129792619287,0.9966370794734978
73,1,1,0.865,0.3408886790275574,0.3992598403465339,0.2622330486774444,1,0.3429561367608205,0.6810572917457882,0.25,0.942072597792189,0.8989188100221257
73,2,0,0.795,0.5320224165916443,0.3609981639101465,0.3044936656951904,1,0.5343830261238637,0.7272782301639183,0.5,0.9691414764184957,0.9594847234456808
73,3,1,0.745,0.4444871246814728,0.5451943163964916,0.2588490545749664,1,0.405138363700183,0.3712709770313641,0.5,0.28827536515002977,0.4530377846431236
73,4,4,0.83,0.3491680324077606,0.465874761275045,0.2606824040412903,1,0.33606467620941743,0.5147677853239736,0.25,0.6461637297542014,0.24872538279275902
73,5,4,0.69,0.5458816885948181,0.2584631587557073,0.3835203647613525,1,0.45365835058733667,0.7560475970973267,0.5,0.5435703788652315,0.9349844271093563
73,6,0,0.65,0.2675295770168304,0.3438056112061194,0.7574200630187988,1,0.5098581107400638,0.778276888159975,0.5,0.9227924744049756,0.9620138081436497
73,7,1,0.85,0.7940893769264221,0.333897593934425,0.3291354775428772,1,0.38259451791471544,0.740507150614912,0.5,0.29114379180727856,0.946958140375903
73,8,1,0.845,0.310767114162445,0.416530441932443,0.3954593241214752,1,0.5832145409080904,0.8914686915445387,0.25,0.7892749740502788,0.8710086121379224
73,9,3,0.78,0.588240921497345,0.4142463638990755,0.3389140963554382,1,0.5799300716438597,0.7888418860730317,0.5,0.8290268562649554,0.9210838894484831
74,0,1,0.1,0.1285329610109329,0.3081534443150788,0.2891583740711212,0,0.16375013808084657,0.1389356313692668,0.0,0.03228363084939253,0.16875306659591766
74,1,4,0.09,0.3360546827316284,0.2526777960908268,0.1252700090408325,0,0.18400978023285844,0.1422294651756331,0.0,0.3301578223513426,0.2363399120634251
74,2,0,0.065,0.1219324618577957,0.2960274633002231,0.4020183086395263,0,0.17875648828198573,0.10593562284321098,0.0,0.14443597208655365,0.17806106209728784
74,3,4,0.065,0.0433082208037376,0.2601383907538849,0.2753612101078033,0,0.10420811707693224,0.1244986492574318,0.0,0.04637040895348834,0.17951441031438375
74,4,3,0.085,0.3148773908615112,0.3443509604229595,0.185710072517395,0,0.20561434362987988,0.148394809414066,0.0,0.16548460862339207,0.08621613225833519
74,5,2,0.095,0.3715576529502868,0.2716517502757264,0.2187699079513549,0,0.22891602125284452,0.1857295695422341,0.0,0.2611882417218735,0.10482546573438493
74,6,3,0.1,0.3357743620872497,0.2913789919579233,0.0542363859713077,0,0.15260010035214874,0.119877139013203,0.0,0.07354954846606562,0.26342446328278896
74,7,1,0.17,0.3542777895927429,0.3135720665441073,0.1812215596437454,0,0.18258325580524326,0.14106832776030911,0.0,0.09739870986777023,0.2283119656613266
74,8,3,0.075,0.1664756536483764,0.2281974276767563,0.2368506044149398,0,0.16458846579079278,0.13371383802231798,0.0,0.21377252063551389,0.1581516660326335
74,9,1,0.045,0.2520413994789123,0.264482328652283,0.3915682733058929,0,0.27538852440703826,0.255944603858777,0.0,0.1605951023550792,0.1023204530379362
75,0,1,0.12,0.3546597957611084,0.4367238561437275,0.3104901611804962,0,0.3574789053344627,0.2864414592080612,0.0,0.2594574584673321,0.1806060841503582
75,1,0,0.1,0.2302972823381424,0.3629117911261326,0.4986359179019928,0,0.210920137944586,0.11783703280361771,0.0,0.034668381403591284,0.07606979261345594
75,2,3,0.14,0.4964549839496612,0.3357195876222966,0.3414313197135925,0,0.3792214017148173,0.3106910387212261,0.0,0.8733612164361354,0.1608756285651219
75,3,4,0.16,0.3295974731445312,0.2982604394976412,0.3374239504337311,0,0.2212453659484547,0.23989064504256138,0.0,0.06497315938335645,0.19753763419017237
75,4,2,0.255,0.5169098377227783,0.3683050838436369,0.3993295133113861,0,0.341182183000094,0.4983252075301054,0.25,0.5366289728103669,0.6659676074417341
75,5,4,0.19,0.4964174032211303,0.2829313708538485,0.3997765183448791,0,0.29533912869961493,0.4025764371084031,0.0,0.26128793268714273,0.46004620720781053
75,6,3,0.125,0.2329589277505874,0.298774160396994,0.3749252557754516,0,0.2915196598848449,0.22202911654796803,0.0,0.30974570370128,0.17114262314570483
75,7,4,0.14,0.1550511866807937,0.404055850255716,0.1839310675859451,0,0.1997088131433755,0.15570897839092482,0.0,0.029355115964439318,0.16018686379032687
75,8,2,0.135,0.2438546568155288,0.2076524911749561,0.304705411195755,0,0.2888154635655598,0.23685405800208761,0.0,0.18498040678266464,0.25462641944169534
75,9,0,0.155,0.2139465510845184,0.3478601437320268,0.3676930963993072,0,0.24934654235972156,0.2207453414047199,0.0,0.1894002926854515,0.14017794359483582
76,0,2,0.63,0.172114759683609,0.3345822332273744,0.0360475219786167,0,0.2906926248550255,0.324359214415706,0.25,0.8240461611090584,0.06065883252629858
76,1,3,0.535,0.326250821352005,0.3702963086400702,0.1411362588405609,0,0.4613628580117933,0.5188356932511852,0.25,0.720717274769182,0.6150461950744017
76,2,1,0.535,0.3061046004295349,0.2864761768625909,0.2584434151649475,0,0.294832986762492,0.4102287923874322,0.25,0.35850042255508774,0.4182567617128637
76,3,4,0.5,0.2707284688949585,0.2740568294396728,0.2515739202499389,0,0.3176525836493022,0.3088280767446358,0.0,0.2236118860954873,0.21312039536208197
76,4,0,0.66,0.3596867322921753,0.3834479680207198,0.1365821361541748,0,0.36604941218860837,0.3672609491824225,0.25,0.2950520949720708,0.06700818109221074
76,5,2,0.66,0.6239059567451477,0.2458285996941343,0.0860720574855804,0,0.31103837602206613,0.762374351980224,0.5,0.8729585187889762,0.8084998914240308
76,6,4,0.65,0.6723735928535461,0.2645753217657045,0.0572839640080928,0,0.25657775407398026,0.4506374663000123,0.5,0.7096318945284192,0.17468376576454783
76,7,2,0.52,0.3586495518684387,0.405861157114492,0.2084037959575653,0,0.3078271241060661,0.3255858509039518,0.25,0.1073513538367719,0.9398768167789318
76,8,2,0.595,0.3324861526489258,0.204573601429864,0.0881281197071075,0,0.2886827150772844,0.5070467396436333,0.25,0.18731191425538493,0.5686500063830724
76,9,4,0.52,0.5258188843727112,0.2745021967325826,0.1003963649272918,0,0.33175325673028605,0.18022066559698405,0.5,0.16374676791281262,0.02924233050068576
77,0,4,0.84,0.92914879322052,0.3583568244232906,0.2328952699899673,1,0.5778938766900471,0.949273224244484,0.5,0.40557790733319693,0.9669863247609416
77,1,3,0.865,0.3061018884181976,0.3944456387176795,0.1084433794021606,1,0.6344594202997488,0.7543370051024025,0.25,0.9125293709465572,0.906647652926504
77,2,4,0.83,0.3869926035404205,0.3748110024551249,0.4056571125984192,1,0.6274349487606427,0.8382532274824549,0.25,0.8459937867996565,0.998401784558558
77,3,4,0.785,0.8789414167404175,0.300889320475844,0.2080802023410797,1,0.730416984096386,0.6328217447030369,0.5,0.3666131951146839,0.8975382366014835
77,4,1,0.78,0.8924129009246826,0.3528125492831936,0.1686053127050399,1,0.3125840783248131,0.44324023508749244,0.5,0.1010572287991523,0.6166988815735197
77,5,4,0.735,0.5067352652549744,0.2636689717813001,0.2586568593978882,1,0.4420891035302139,0.7142420316460917,0.5,0.3556111909544899,0.8694212215152746
77,6,0,0.65,0.3431424796581268,0.3029500589874637,0.1000004485249519,1,0.19493581197502344,0.2374990408792146,0.25,0.3525892168275604,0.025495753109434038
77,7,0,0.72,0.6129636764526367,0.4597514991722548,0.4751223921775818,1,0.29553515333109215,0.6664085742404897,0.5,0.9247907065910538,0.9391355181785894
77,8,2,0.725,0.7226294875144958,0.2147451482170485,0.3374153673648834,1,0.30971868462890356,0.9020771973265759,0.5,0.9277696888675832,0.8727133935585494
77,9,2,0.845,0.7668787240982056,0.3311938480464772,0.2112659960985183,1,0.5940045259115756,0.618530856162009,0.5,0.8380400989085676,0.45338168517183874
78,0,1,0.665,0.3226262927055359,0.4681996288150758,0.4677596092224121,1,0.7282323532356375,0.729761068076923,0.25,0.8713477628086428,0.8083055612038131
78,1,3,0.78,0.4204885959625244,0.3988999283561226,0.4516247510910034,1,0.7126446867856732,0.864429615591689,0.25,0.8137365014056821,0.8896269442799964
78,2,1,0.725,0.4362304210662842,0.3401077208463003,0.4209411144256592,1,0.3572736572236732,0.701162599789032,0.25,0.7831495916458813,0.8980643342743516
78,3,4,0.71,0.4974865317344665,0.2944965611316568,0.5570601224899292,1,0.5833833728076174,0.6416571816663307,0.5,0.3721438963480344,0.8133893554539972
78,4,3,0.665,0.3483667373657226,0.4455657020049256,0.8871282935142517,1,0.3335181245729306,0.8319596291553265,0.5,0.4381743171874891,0.42460398363318236
78,5,0,0.735,0.4045005142688751,0.3344163661808224,0.448077529668808,1,0.5055895978945024,0.6215046391531295,0.25,0.9212289060320725,0.9614990754377264
78,6,0,0.595,0.2766073644161224,0.3101830301615184,0.3689068257808685,1,0.29401000595331767,0.41233958209436444,0.25,0.4978707531825557,0.7085514030106969
78,7,2,0.7,0.6150417327880859,0.4304746759083981,0.6753724217414856,1,0.5713864712899707,0.8525491311057763,0.75,0.9042037993264932,0.984511308596205
78,8,4,0.6,0.2955784201622009,0.2898147872593422,0.6874929666519165,1,0.4007628932490443,0.5828431610591861,0.5,0.8686846597784936,0.8241154935367173
78,9,4,0.695,0.4674011468887329,0.3510938649353576,0.7526507377624512,1,0.4167226438870532,0.8632349112621567,0.5,0.962705610885053,0.9801140151515016
79,0,1,0.08,0.053320612758398,0.3040036196310486,0.329519659280777,0,0.1565377999953924,0.12785497935697082,0.0,0.03344122308931003,0.12443239582393192
79,1,0,0.045,0.0774896368384361,0.2951091639398994,0.537817120552063,0,0.1871318604834569,0.06368786727806709,0.25,0.07542812603075168,0.01572500763784279
79,2,4,0.06,0.0537309870123863,0.3006686205732217,0.4170283675193786,0,0.13719771920711005,0.09875845519660667,0.0,0.14427480714801924,0.07013784065613791
79,3,2,0.04,0.2834759652614593,0.2610017527659744,0.4242013096809387,0,0.2384711358391285,0.2113489476246996,0.0,0.14378288580606707,0.012576788788715512
79,4,4,0.085,0.285702109336853,0.3808918197030241,0.3030830025672912,0,0.17253448986782557,0.2541073575481976,0.0,0.49369459073623206,0.16632390374765782
79,5,3,0.04,0.1984025090932846,0.3135217002399115,0.3209129869937897,0,0.1350346756429209,0.10179787911051381,0.0,0.16400300977759039,0.09176251781245863
79,6,4,0.08,0.3448058664798736,0.2618547708152624,0.2918149530887604,0,0.2509531313636388,0.18506727337492068,0.0,0.0799594165056995,0.11370624378310726
79,7,1,0.145,0.46335169672966,0.324687132004391,0.15353724360466,0,0.17697033938857634,0.16031711983493993,0.0,0.0495706727208698,0.18451109796724602
79,8,4,0.07,0.0543935783207416,0.2394901549221429,0.3706813454627991,0,0.30115982526139934,0.08982434600897571,0.0,0.06959593598805193,0.08523308337849873
79,9,2,0.085,0.1636202186346054,0.2973625839336403,0.1671092808246612,0,0.17205508304952488,0.1430033746328503,0.0,0.14672005375970978,0.34479481471702916
80,0,0,0.435,0.2079534530639648,0.2524743022370806,0.0716608613729476,0,0.17485705551383116,0.1761670590704872,0.0,0.12871472616784962,0.048412586771870485
80,1,2,0.385,0.4628655612468719,0.2761314362997789,0.05569863691926,0,0.25137870153055414,0.3043640411790475,0.0,0.5678203817650628,0.6103646611949992
80,2,4,0.26,0.2871060967445373,0.2921781319327418,0.3593968749046325,0,0.22982445552400763,0.2564300226503984,0.0,0.06440549194092579,0.2930755111941368
80,3,1,0.335,0.2232755273580551,0.249158367806033,0.2582567930221557,0,0.2780282100324533,0.2870895221472172,0.0,0.09518054958661187,0.20834808771118296
80,4,3,0.345,0.7462238669395447,0.3612787827366321,0.019113739952445,0,0.2657471713251452,0.24253424913763888,0.25,0.20645301533842816,0.03272336773850865
80,5,0,0.36,0.3774227499961853,0.2995049589158534,0.1554310172796249,0,0.2893105167896396,0.28588496152162807,0.0,0.07977529934667113,0.15240304457368375
80,6,2,0.34,0.2618364989757538,0.2644826924761895,0.205581247806549,0,0.2790726864500331,0.24067188694883107,0.0,0.21724712491999318,0.2029866675791618
80,7,2,0.395,0.7210466861724854,0.2895522164214891,0.1230576261878013,0,0.2041394878754661,0.14387472261411396,0.25,0.02383818546313958,0.0015489086535197404
80,8,4,0.305,0.2266412228345871,0.2346537560714006,0.0539127252995967,0,0.24667764171511544,0.18683777808654214,0.0,0.31552499077360724,0.14817779384373994
80,9,4,0.395,0.463475227355957,0.2722976309769646,0.0464898720383644,0,0.2979462129290463,0.12182538428610859,0.0,0.07411866070499307,0.03527793374203039
