subject_id,repeat,fold,prob_extratrees_embeddings,prob_bilstm_embeddings,prob_destilacion_estudiante,prob_bigru_video,y_true,fusion_perceptron,fusion_perceptron_pred,fusion_logreg,fusion_logreg_pred,fusion_voting,fusion_voting_pred,fusion_gboost,fusion_gboost_pred,fusion_mlp,fusion_mlp_pred
1,0,0,0.565,0.1665412485599517,0.3939026683026635,0.2828167378902435,1,0.32811736468557723,1.0,0.49352817280975514,0.0,0.25,1.0,0.7023848838430675,1.0,0.34451356829183793,1.0
1,1,4,0.63,0.6635178923606873,0.2952400748428508,0.9375989437103271,1,0.662718762082341,1.0,0.9668783220545472,1.0,0.75,1.0,0.5155562688285742,0.0,0.9999977489741937,1.0
1,2,4,0.7,0.5506477952003479,0.3329196575507555,0.3288883864879608,1,0.2818812005741329,1.0,0.7342750120724263,1.0,0.5,1.0,0.08195444037486695,1.0,0.9984733061582607,1.0
1,3,2,0.505,0.3593455255031585,0.3571091472834674,0.5931781530380249,1,0.31580220742042964,0.0,0.5463928134738618,1.0,0.5,1.0,0.1903466232936312,0.0,0.9977633452515695,1.0
1,4,1,0.585,0.2801312804222107,0.3506468966468554,0.5542972087860107,1,0.41741035469280785,1.0,0.41004488816472817,1.0,0.5,1.0,0.10938886970761455,0.0,0.8058729938755347,1.0
1,5,1,0.6,0.3336806297302246,0.2808995474001008,0.4495342671871185,1,0.35883292293734104,1.0,0.5536967853841589,1.0,0.25,1.0,0.05633342700860776,1.0,0.9092400198239444,1.0
1,6,1,0.52,0.5324646830558777,0.2884276568401585,0.6680986881256104,1,0.2925254121430319,1.0,0.81862839277648,1.0,0.75,1.0,0.583102947621174,0.0,0.9962554241043301,1.0
1,7,0,0.555,0.2597885429859161,0.440256249807295,0.4568328559398651,1,0.3569716207570039,1.0,0.5042607252466429,1.0,0.25,1.0,0.13487874406830364,0.0,0.6983545803086388,1.0
1,8,2,0.645,0.4020870327949524,0.2133286125971495,0.6611904501914978,1,0.39336269139716523,1.0,0.5495503490940084,1.0,0.5,1.0,0.6607934912371238,1.0,0.7579436287991717,1.0
1,9,1,0.545,0.2696390450000763,0.3761214264207213,0.4357432425022125,1,0.5579592921725643,1.0,0.40523839559859004,0.0,0.25,0.0,0.14749201849489185,0.0,0.5781328925508281,0.0
2,0,1,0.31,0.3029648959636688,0.2683736648275081,0.2506348788738251,0,0.20999271670307526,0.0,0.2103545807234628,1.0,0.0,0.0,0.322433718888837,1.0,0.27976797802955305,1.0
2,1,0,0.275,0.3177757561206817,0.277890319494129,0.0090919425711035,0,0.2595302657407566,0.0,0.24677283423778473,0.0,0.0,0.0,0.0395399960621605,0.0,0.43064263279097714,0.0
2,2,1,0.3,0.3373777568340301,0.2958982324928813,0.1917441487312317,0,0.2307627559491884,0.0,0.21381523400055943,0.0,0.0,0.0,0.06490157801812081,0.0,0.13491261720821948,1.0
2,3,2,0.39,0.2223398983478546,0.2299195953685552,0.1424737721681594,0,0.29808526753748943,0.0,0.1786096092267018,0.0,0.0,0.0,0.5930825726386517,0.0,0.012576627922303183,0.0
2,4,2,0.29,0.1854105293750763,0.3577930758840562,0.2510975301265716,0,0.27559643627947694,0.0,0.2660175646280247,0.0,0.0,0.0,0.1773378012279197,1.0,0.3121348350310842,0.0
2,5,4,0.17,0.1951207667589187,0.2606609186519277,0.3042949736118316,0,0.23038599335503593,0.0,0.14315802660934876,0.0,0.0,0.0,0.29217040858777066,1.0,0.08591547071404397,1.0
2,6,1,0.425,0.2275642901659011,0.229558058806618,0.0881371721625328,0,0.32763895866143306,1.0,0.21937721954526226,0.0,0.0,0.0,0.5309398901857102,0.0,0.021051320635719257,0.0
2,7,4,0.36,0.2258524000644683,0.333363310385692,0.1335606873035431,0,0.2790022206708109,0.0,0.22961783273211847,0.0,0.0,0.0,0.15881132943364906,0.0,0.09513995578060389,0.0
2,8,1,0.325,0.2730035483837127,0.2640775002508043,0.4000396132469177,0,0.2792198150663699,0.0,0.3437955443397515,0.0,0.0,0.0,0.351636241568094,0.0,0.5275528645519076,1.0
2,9,4,0.415,0.2608473002910614,0.2940034894489499,0.0758128836750984,0,0.24106304445813662,1.0,0.09693889364433289,0.0,0.0,1.0,0.012351366337415891,1.0,0.019653625558363728,0.0
3,0,4,0.205,0.2795256674289703,0.2948026706180709,0.7268365025520325,1,0.30451245405252114,1.0,0.27251430646551683,0.0,0.25,1.0,0.5549344618548121,1.0,0.15008302952489824,0.0
3,1,0,0.18,0.4460025727748871,0.2723344726927615,0.2691597640514374,1,0.2464369840763049,0.0,0.3337930457747173,0.0,0.0,0.0,0.0395399960621605,0.0,0.363352344604166,0.0
3,2,0,0.115,0.0858101099729538,0.2676764594459365,0.569897472858429,1,0.28447655279524375,0.0,0.13550725355775453,0.0,0.25,1.0,0.09080192820162357,1.0,0.0250928093814968,0.0
3,3,0,0.09,0.0532509721815586,0.2263032237572233,0.7200185656547546,1,0.2754767160816661,0.0,0.1712731474695759,0.0,0.25,0.0,0.08364130116650073,0.0,0.111602501238212,0.0
3,4,2,0.145,0.0650350973010063,0.309709663900305,0.5325250029563904,1,0.2665397944495338,0.0,0.18260708301948242,0.0,0.25,1.0,0.1773378012279197,1.0,0.03399137924981801,0.0
3,5,4,0.095,0.272460788488388,0.2433280796320528,0.3545712828636169,1,0.22123821205649907,0.0,0.17135064117277835,0.0,0.0,0.0,0.29217040858777066,1.0,0.07570369192522852,1.0
3,6,3,0.095,0.0866620913147926,0.2776589868908107,0.7436093688011169,1,0.41807838636126043,1.0,0.19862388797388073,0.0,0.25,0.0,0.18883994367698195,0.0,0.010395846123101266,0.0
3,7,1,0.06,0.0773909389972686,0.307414167280787,0.6093723773956299,1,0.1646738853804385,0.0,0.09075718161681234,0.0,0.25,0.0,0.12283974149338744,0.0,0.6641162478791922,0.0
3,8,4,0.195,0.0825824961066246,0.21220325239489,0.4472731947898865,1,0.16958766627006647,0.0,0.11163219922790149,0.0,0.0,0.0,0.11155774130808728,0.0,0.0804633269529556,0.0
3,9,2,0.13,0.3094899356365204,0.2380491992707126,0.6801533102989197,1,0.3021928745086047,0.0,0.2513982810228085,0.0,0.25,1.0,0.07399679207245599,1.0,0.3491711671014882,1.0
4,0,0,0.185,0.1604682952165603,0.2266877211477354,0.3905573189258575,0,0.31123495886837,1.0,0.16912050405434717,0.0,0.0,0.0,0.7871345857992147,1.0,0.17190247384439564,1.0
4,1,0,0.195,0.2187751084566116,0.2703860467441468,0.0131227411329746,0,0.247643794423249,0.0,0.16136407895045415,0.0,0.0,0.0,0.0395399960621605,0.0,0.5439008873633623,1.0
4,2,4,0.18,0.2689931392669678,0.269081881030272,0.4107754528522491,0,0.238963297686108,0.0,0.24671164802541232,0.0,0.0,0.0,0.08195444037486695,1.0,0.18210126502243523,0.0
4,3,4,0.19,0.139856606721878,0.2144697034804814,0.3684007227420807,0,0.21456433328800165,0.0,0.20000319657152194,0.0,0.0,0.0,0.09435990471479323,0.0,0.11135848991245477,0.0
4,4,1,0.05,0.1165196299552917,0.183507503189583,0.3864624798297882,0,0.21432082660005258,0.0,0.04101612600158144,0.0,0.0,0.0,0.10930347124728088,0.0,0.11699382523098957,0.0
4,5,3,0.2,0.2687215507030487,0.2544369497782666,0.3939433693885803,0,0.2471191038103384,0.0,0.2717199400650413,0.0,0.0,0.0,0.04517818434507508,1.0,0.334294464326848,1.0
4,6,3,0.26,0.1643196046352386,0.2516721252063211,0.4005020260810852,0,0.31440118844993753,0.0,0.15566711490183519,0.0,0.0,0.0,0.18883994367698195,0.0,0.052433526837193295,0.0
4,7,2,0.18,0.5427402257919312,0.2411063155157917,0.5188901424407959,0,0.20909632536800637,0.0,0.3817092995537992,0.0,0.5,1.0,0.20408104504740185,0.0,0.9786758119765614,1.0
4,8,0,0.22,0.321250855922699,0.1885558309638316,0.2789945006370544,0,0.27498340903841517,0.0,0.23860926251877956,0.0,0.0,0.0,0.15231070284004256,0.0,0.277106944863914,0.0
4,9,1,0.2,0.3409775793552398,0.2896744245302888,0.4760310053825378,0,0.3327327656927259,1.0,0.4275758273345963,0.0,0.0,0.0,0.13652004642321822,0.0,0.35832334788826403,0.0
5,0,4,0.15,0.0029852690640836,0.2485816243476974,0.3273084163665771,0,0.21824382075910975,0.0,0.06466566832755721,0.0,0.0,0.0,0.4503503413560788,1.0,0.005746959101737312,0.0
5,1,4,0.235,0.1958654075860977,0.2195142293582001,0.3910020589828491,0,0.20992444489769943,0.0,0.1756768148234511,1.0,0.0,0.0,0.5508570542257456,0.0,0.06708412920688965,0.0
5,2,1,0.275,0.116008348762989,0.2569873524090019,0.2785280644893646,0,0.2405458279571834,0.0,0.16842253794241974,0.0,0.0,0.0,0.05102210667471407,0.0,0.053372933196034644,1.0
5,3,1,0.245,0.0638517886400222,0.1971733076917583,0.3306924104690552,0,0.28874903916037425,1.0,0.2598340946329114,1.0,0.0,0.0,0.08042739856428682,0.0,0.23950431271952313,0.0
5,4,0,0.17,0.0521674193441867,0.2975495288861474,0.2521889805793762,0,0.17030624183515564,0.0,0.11325234967106863,0.0,0.0,0.0,0.0661687174702862,0.0,0.12565433011396948,1.0
5,5,0,0.235,0.0294109918177127,0.2652742088704278,0.3102021217346191,0,0.1557732052010817,0.0,0.06296573231191643,0.0,0.0,0.0,0.10832842890519279,1.0,0.007958385302918182,0.0
5,6,4,0.28,0.1638612747192382,0.2535158405716381,0.0973927453160286,0,0.15051708490634466,0.0,0.14380458209849298,0.0,0.0,0.0,0.44250011573446046,0.0,0.13077663484297106,0.0
5,7,4,0.28,0.0438207164406776,0.3060938125480533,0.3700593709945678,0,0.2758931248268588,0.0,0.22778781345983953,0.0,0.0,0.0,0.16981614702750508,0.0,0.07758230470568697,0.0
5,8,3,0.13,0.0277664065361022,0.2150204727228022,0.2632870376110077,0,0.24458222948845168,0.0,0.13309256805988331,0.0,0.0,0.0,0.06098163367053541,0.0,0.15844525511200322,0.0
5,9,3,0.055,0.1231027022004127,0.2167503054372023,0.2697567939758301,0,0.1992034167672608,0.0,0.051601867371383676,0.0,0.0,0.0,0.07995485676944906,0.0,0.06004519877805304,0.0
6,0,0,0.095,0.0670851841568946,0.2416026799593646,0.2135675549507141,0,0.21518210951570538,0.0,0.08646692842328278,0.0,0.0,0.0,0.3802793652565931,0.0,0.10919632480798658,0.0
6,1,1,0.17,0.1659176498651504,0.2629322991603641,0.1598886847496032,0,0.2349355154521742,0.0,0.10743971680573085,0.0,0.0,0.0,0.10370079729374854,0.0,0.1944141042408048,1.0
6,2,0,0.07,0.0909770876169204,0.2564817263575765,0.3388994336128235,0,0.2585982405953241,0.0,0.1017394931771069,0.0,0.0,0.0,0.04614405512489864,0.0,0.15544832533796263,0.0
6,3,4,0.115,0.0146163627505302,0.222173969094161,0.2363498359918594,0,0.20813371375980094,0.0,0.12967451008388495,0.0,0.0,0.0,0.09435990471479323,0.0,0.11689812385915604,0.0
6,4,3,0.12,0.1339089125394821,0.2745730210834283,0.1135717704892158,0,0.1812068578977042,0.0,0.14087298942357449,0.0,0.0,0.0,0.7262932192743401,1.0,0.12771763578380682,0.0
6,5,4,0.115,0.1068104058504104,0.2427762737956521,0.2084294259548187,0,0.2062677568033681,0.0,0.08059890571465454,0.0,0.0,0.0,0.29217040858777066,1.0,0.12814376517108927,1.0
6,6,3,0.055,0.1191030219197273,0.2678631117827456,0.0380198657512664,0,0.24132104518531303,0.0,0.053705065229928226,0.0,0.0,0.0,0.18883994367698195,0.0,0.365795052914706,1.0
6,7,2,0.08,0.1918133795261383,0.246359818891275,0.0811804234981536,0,0.16212690891848158,0.0,0.09470448781080469,0.0,0.0,0.0,0.0447187544997469,0.0,0.04673150761691611,0.0
6,8,2,0.135,0.148155078291893,0.1782841329934711,0.3405154645442962,0,0.2071671211559288,0.0,0.12935607336058874,0.0,0.0,0.0,0.11380392845942289,0.0,0.08148141602228483,0.0
6,9,4,0.06,0.2026865184307098,0.2543050814892632,0.0849420353770256,0,0.20153526379771913,0.0,0.037339506820946,0.0,0.0,1.0,0.012351366337415891,1.0,0.24419931598069142,1.0
7,0,4,0.285,0.0143401380628347,0.3351278869319973,0.1158732250332832,0,0.22236848969292067,0.0,0.11651934423989477,0.0,0.0,0.0,0.18124712963834533,0.0,0.006514989843793096,0.0
7,1,3,0.265,0.0849397182464599,0.3180200481609054,0.0888062790036201,0,0.26121115778459053,0.0,0.14210305542898233,0.0,0.0,0.0,0.18260894696575314,1.0,0.12552107484331612,0.0
7,2,0,0.15,0.0905896052718162,0.2566177396196372,0.2997110784053802,0,0.2538727497293048,0.0,0.11217998656414797,0.0,0.0,0.0,0.04614405512489864,0.0,0.10949635000168724,0.0
7,3,0,0.095,0.0786944255232811,0.3039916136651227,0.044212307780981,0,0.2611791403902252,0.0,0.04579300327082903,0.0,0.0,0.0,0.09319624894614453,1.0,0.07127061521307913,0.0
7,4,2,0.19,0.1388019025325775,0.3007392928618451,0.2429734617471695,0,0.25044294493955205,0.0,0.11484558850352437,0.0,0.0,0.0,0.1773378012279197,1.0,0.2017341313553218,0.0
7,5,3,0.52,0.1374427229166031,0.2602026443565908,0.3883495330810547,0,0.4466890878591671,0.0,0.5085274147141808,1.0,0.25,0.0,0.04517818434507508,1.0,0.327819025692766,1.0
7,6,2,0.305,0.0960309505462646,0.3174012660728458,0.1585839837789535,0,0.2540984896082673,0.0,0.20501942193579714,0.0,0.0,0.0,0.10922538508412773,1.0,0.08913362706119536,0.0
7,7,3,0.375,0.2733548581600189,0.2580458326701347,0.0630251318216323,0,0.2529696856262739,0.0,0.11738481018650784,0.0,0.0,0.0,0.5449296636108375,1.0,0.00897741334706271,0.0
7,8,4,0.18,0.0513255819678306,0.214263180779227,0.0507683157920837,0,0.14417673102986253,0.0,0.05046757377000482,0.0,0.0,0.0,0.12968627575428807,1.0,0.03818272044303184,0.0
7,9,3,0.345,0.2549100816249847,0.2332988073543983,0.2071121335029602,0,0.29483879437120564,0.0,0.08509934029691948,0.0,0.0,0.0,0.07995485676944906,0.0,0.013234210895726692,0.0
8,0,1,0.325,0.2216217368841171,0.2217006393710078,0.2443176060914993,0,0.16968485708130143,0.0,0.1627584537705846,1.0,0.0,0.0,0.322433718888837,1.0,0.08025664470124524,0.0
8,1,1,0.27,0.099345751106739,0.2407588082672466,0.2400873601436615,0,0.24195421028334266,0.0,0.13531859548813957,0.0,0.0,0.0,0.15098871755160162,0.0,0.033491962755176345,1.0
8,2,3,0.345,0.0487441420555114,0.2064726289214357,0.0446757115423679,0,0.17448067728221717,0.0,0.1064196711200413,0.0,0.0,0.0,0.018183211619829456,0.0,2.995420579161472e-09,0.0
8,3,3,0.35,0.2467058002948761,0.1963868683325342,0.3890236020088196,0,0.2514357549872673,1.0,0.26287337272937594,1.0,0.0,0.0,0.08293039709249671,0.0,0.22158977225148485,0.0
8,4,1,0.39,0.052377413958311,0.2192059769491247,0.0667009204626083,0,0.15727967472469165,0.0,0.053783897860901354,0.0,0.0,0.0,0.10930347124728088,0.0,0.002138214981731489,0.0
8,5,4,0.09,0.1796440482139587,0.243489710627612,0.2182662636041641,0,0.20719516067750768,0.0,0.09899970615467661,0.0,0.0,0.0,0.29217040858777066,1.0,0.14552865186407588,1.0
8,6,0,0.38,0.1505699455738067,0.2718744843475893,0.1478378474712371,0,0.2664702043791612,0.0,0.11967431577133976,0.0,0.0,0.0,0.5112887701451484,0.0,0.008067919009775605,0.0
8,7,2,0.32,0.2056072950363159,0.2646499778891765,0.2468492239713668,0,0.19173128257743466,0.0,0.2651840190997127,0.0,0.0,0.0,0.0447187544997469,0.0,0.19745529019377783,1.0
8,8,4,0.14,0.0372687168419361,0.207259117169305,0.1759960055351257,0,0.14365815511429836,0.0,0.051586165889157515,0.0,0.0,0.0,0.12968627575428807,1.0,0.037645123667704616,0.0
8,9,3,0.355,0.1163815855979919,0.2162913449376419,0.2688820660114288,0,0.28374191037729773,0.0,0.057671655243018094,0.0,0.0,0.0,0.07995485676944906,0.0,0.000912958196947854,0.0
9,0,0,0.29,0.0379766970872879,0.3470988648717105,0.0900985896587371,0,0.2068906033454815,0.0,0.15673204724400536,0.0,0.0,0.0,0.41483445998215884,0.0,0.039643999547434736,0.0
9,1,4,0.24,0.1833893954753875,0.3088277792712319,0.0552062354981899,0,0.1845508762207372,0.0,0.09665670533113978,1.0,0.0,0.0,0.5508570542257456,0.0,0.04728196425423796,0.0
9,2,4,0.175,0.0497064292430877,0.3110464505338601,0.3590749204158783,0,0.23629026119728005,0.0,0.16675391893948416,0.0,0.0,0.0,0.08195444037486695,1.0,0.12696315603863004,0.0
9,3,1,0.18,0.0420550219714641,0.2932950917174934,0.2100075334310531,0,0.244564810595049,0.0,0.1510359768892677,1.0,0.0,0.0,0.09703652016148723,1.0,0.2752169048831976,0.0
9,4,4,0.205,0.0497770644724369,0.3466476971134073,0.2595690786838531,0,0.24974800306160969,0.0,0.1744025019515904,0.0,0.0,0.0,0.42913103370667705,0.0,0.15299127077143446,0.0
9,5,2,0.235,0.1945247948169708,0.2426984599936003,0.0898984000086784,0,0.3102212811928537,0.0,0.19097876989456378,0.0,0.0,0.0,0.07375790209919696,0.0,0.47503342068332155,0.0
9,6,3,0.195,0.1781887114048004,0.285135164196199,0.1152139753103256,0,0.26079600732478603,0.0,0.12178861187796335,0.0,0.0,0.0,0.18883994367698195,0.0,0.1024929207547033,0.0
9,7,1,0.205,0.0498466715216636,0.2905315148293225,0.1871004253625869,0,0.20384091245889457,0.0,0.07970730950956625,0.0,0.0,0.0,0.03238431148479647,0.0,0.05115604339558441,0.0
9,8,2,0.255,0.1796916425228119,0.1891353351320139,0.1819319128990173,0,0.2548116445948055,0.0,0.2087861439824756,0.0,0.0,0.0,0.11380392845942289,0.0,0.2502437286132669,0.0
9,9,0,0.215,0.0100514767691493,0.3249204879702434,0.196025088429451,0,0.1638344655931783,0.0,0.07160870269022887,0.0,0.0,0.0,0.04134721433959245,1.0,0.02121974675390435,0.0
10,0,2,0.43,0.2065626829862594,0.2671085195076741,0.0634926110506057,0,0.2493831109325324,0.0,0.14752587909505804,0.0,0.0,0.0,0.35300880530235346,0.0,0.013938916869909787,0.0
10,1,1,0.45,0.1618236154317855,0.2684450123124652,0.2341701537370681,0,0.25981412153804645,1.0,0.2516548328852987,1.0,0.0,0.0,0.15098871755160162,0.0,0.5222588365847122,1.0
10,2,4,0.575,0.1015785411000251,0.2862668478889478,0.3624423444271087,0,0.20468592986380663,0.0,0.41841445435866503,0.0,0.25,1.0,0.08195444037486695,1.0,0.7217406038752116,0.0
10,3,1,0.48,0.1189741194248199,0.2594611171507198,0.2684486806392669,0,0.2685445459738589,1.0,0.370917307892413,1.0,0.0,0.0,0.09499573342792325,1.0,0.16101989402009323,0.0
10,4,2,0.495,0.115386389195919,0.2847454406836969,0.1790060997009277,0,0.24848141744367416,0.0,0.1411333358896645,0.0,0.0,0.0,0.1773378012279197,1.0,0.00379056614776059,0.0
10,5,3,0.565,0.1164929643273353,0.2743864056960978,0.3591670393943786,0,0.47161668251996547,0.0,0.48991726617088804,1.0,0.25,0.0,0.04517818434507508,1.0,0.4137164055553603,1.0
10,6,1,0.485,0.0407796800136566,0.2418414675206545,0.1654034256935119,0,0.29796010058101635,1.0,0.14012244526380974,0.0,0.0,0.0,0.2803283385818892,0.0,0.00029341413174724016,0.0
10,7,0,0.48,0.0312569104135036,0.3233501181628211,0.2855951189994812,0,0.2668363902628106,1.0,0.2742980474208635,1.0,0.0,1.0,0.2091804964724607,1.0,0.03235682059970513,0.0
10,8,3,0.39,0.0498619265854358,0.2027754055925305,0.3608440160751343,0,0.296345921190437,0.0,0.25654758377144465,0.0,0.0,0.0,0.06098163367053541,0.0,0.45805520776676434,0.0
10,9,4,0.425,0.0693903267383575,0.2531535147912573,0.1499271690845489,0,0.2527979009299221,1.0,0.05164650616287089,0.0,0.0,1.0,0.012351366337415891,1.0,0.0021915804616962475,0.0
11,0,3,0.33,0.4230709373950958,0.3265038587321571,0.5516729950904846,0,0.2756641173661978,0.0,0.5887812373429699,1.0,0.25,1.0,0.27012599300036144,0.0,0.9543666117396359,0.0
11,1,4,0.275,0.3175036907196045,0.2437218664345106,0.4824214279651642,0,0.34269449229959975,1.0,0.37088558005208677,1.0,0.0,0.0,0.5508570542257456,0.0,0.9098504150911336,0.0
11,2,4,0.355,0.1867441534996032,0.2682298235854471,0.439853310585022,0,0.20938026029766763,0.0,0.3281723807698576,0.0,0.0,0.0,0.08195444037486695,1.0,0.2773301965505363,0.0
11,3,0,0.1,0.0588383302092552,0.3466560447260053,0.3919185101985931,0,0.27401393800664553,0.0,0.12195858362703389,0.0,0.0,0.0,0.08364130116650073,0.0,0.09757388776405229,0.0
11,4,3,0.13,0.0480353944003582,0.3051521141770874,0.3864673674106598,0,0.27269320403147984,0.0,0.15927722529505658,0.0,0.0,0.0,0.052763178329024996,0.0,0.1094753946584822,0.0
11,5,3,0.455,0.1274778991937637,0.2467208242343755,0.369305670261383,0,0.4104175765603159,0.0,0.46284731309924837,1.0,0.0,0.0,0.04517818434507508,1.0,0.13154475675531535,1.0
11,6,2,0.385,0.1368747055530548,0.2748741343044908,0.3578752279281616,0,0.3358460824984842,1.0,0.33834809777890457,0.0,0.0,0.0,0.10922538508412773,1.0,0.3226863588811375,1.0
11,7,2,0.315,0.2472752779722213,0.3068673385128626,0.6287556886672974,0,0.20489918769715207,0.0,0.5851244944124462,1.0,0.25,1.0,0.23940883399451335,1.0,0.7413819783640349,1.0
11,8,1,0.25,0.13352632522583,0.2228425769044866,0.4649202823638916,0,0.21193959978096366,0.0,0.18280836433348818,0.0,0.0,0.0,0.5010502273149373,1.0,0.24664890776082155,0.0
11,9,0,0.015,0.022701920941472,0.3090506324517374,0.3653440475463867,0,0.18207096043470192,0.0,0.14963338810164453,0.0,0.0,0.0,0.04134721433959245,1.0,0.09007022755511665,0.0
12,0,1,0.53,0.4393389225006103,0.327426627795229,0.2672630548477173,0,0.33953125589722016,1.0,0.3909891252896566,1.0,0.25,1.0,0.322433718888837,1.0,0.6842472361130972,1.0
12,1,4,0.525,0.4638278186321258,0.2775992453249661,0.3908907473087311,0,0.4777461609081417,1.0,0.6751381477432835,1.0,0.25,1.0,0.49305621342256806,0.0,0.9979856184254491,1.0
12,2,3,0.53,0.2779214680194855,0.2959773190229006,0.0579299256205558,0,0.16316291111841283,0.0,0.2969065806980816,1.0,0.25,1.0,0.2421629185765299,1.0,2.4942577009525668e-08,0.0
12,3,2,0.455,0.3247236609458923,0.3235008349141109,0.1864851862192154,0,0.32340586644192765,1.0,0.3735161335884133,1.0,0.0,0.0,0.1903466232936312,0.0,0.2849600580143925,0.0
12,4,3,0.59,0.2977811694145202,0.3452514414207742,0.0888203009963035,0,0.29714429199491404,0.0,0.363818900390198,0.0,0.25,0.0,0.5814524806108797,1.0,0.0690344385952422,0.0
12,5,0,0.585,0.0971003398299217,0.3549470443864,0.3264771699905395,0,0.21212642744353685,0.0,0.15482165871664297,0.0,0.25,0.0,0.10832842890519279,1.0,0.06584223121857051,0.0
12,6,1,0.4,0.1065472066402435,0.361496851504957,0.3328358829021454,0,0.25296058825731993,0.0,0.14206492206243812,0.0,0.0,0.0,0.34154785928629616,0.0,0.0004542027061114202,0.0
12,7,0,0.56,0.116349920630455,0.4692763864929691,0.2102675586938858,0,0.30502016115238245,1.0,0.3376189652951524,1.0,0.25,1.0,0.2273260048375721,1.0,0.057417165941876555,0.0
12,8,0,0.56,0.1328385323286056,0.2513885082801507,0.0189657490700483,0,0.16018997519894076,0.0,0.09664271259597806,0.0,0.25,0.0,0.1923736441260896,0.0,0.028242924500601535,0.0
12,9,0,0.47,0.0816277638077735,0.3184211677514955,0.4268290400505066,0,0.2843441496834443,0.0,0.24711746571737345,0.0,0.0,0.0,0.04134721433959245,1.0,0.08630409968538713,0.0
13,0,2,0.175,0.1052266061305999,0.3098572876671515,0.148272305727005,0,0.2005499121208366,0.0,0.13785444470974453,0.0,0.0,0.0,0.4784418095283901,0.0,0.08041990801560332,0.0
13,1,0,0.145,0.1435827016830444,0.3032812636683156,0.0094904275611042,0,0.25387463920745507,0.0,0.11178060181983171,0.0,0.0,0.0,0.0395399960621605,0.0,0.3703635394237768,0.0
13,2,1,0.225,0.171576514840126,0.3202102547664727,0.1519398987293243,0,0.19821963814812973,0.0,0.16812416394466922,0.0,0.0,0.0,0.05185931760601544,0.0,0.228886669055004,1.0
13,3,4,0.205,0.2955530881881714,0.2692962994496159,0.2418972551822662,0,0.24397751288239924,0.0,0.20035895057467604,0.0,0.0,0.0,0.14470640573784938,0.0,0.11282789565327211,0.0
13,4,3,0.175,0.1270520538091659,0.3868573383271886,0.014387609437108,0,0.2924396666204348,0.0,0.13546466390594483,0.0,0.0,0.0,0.7262932192743401,1.0,0.01834739028222301,0.0
13,5,0,0.215,0.0429049581289291,0.2957459090017336,0.2294681817293167,0,0.12789810537656368,0.0,0.04964771804074603,0.0,0.0,0.0,0.10832842890519279,1.0,0.01938144394797807,0.0
13,6,3,0.205,0.3195014595985412,0.2583803111519693,0.059426300227642,0,0.2367290791899248,0.0,0.12476827640612409,0.0,0.0,0.0,0.18883994367698195,0.0,0.04064515590470502,0.0
13,7,4,0.265,0.1210928857326507,0.3612234424760862,0.1681286394596099,0,0.2774124939747659,0.0,0.22116310577038634,0.0,0.0,0.0,0.16981614702750508,0.0,0.0329763739256465,0.0
13,8,0,0.325,0.2302452474832534,0.2601859726721154,0.0034036845900118,0,0.22134461751173393,0.0,0.13493381831448362,0.0,0.0,0.0,0.152617566214307,0.0,0.10490901783095188,0.0
13,9,1,0.175,0.1263424903154373,0.3345999971530604,0.3727980554103851,0,0.382732702271298,1.0,0.2544399162454542,0.0,0.0,0.0,0.09424027186856761,0.0,0.04546349923325572,0.0
14,0,0,0.03,0.0614939145743846,0.2568505712438652,0.4092494249343872,0,0.26490324517639263,1.0,0.1196646167794493,0.0,0.0,0.0,0.8551490804653158,1.0,0.12878680563704642,0.0
14,1,3,0.015,0.1746294498443603,0.2695791057892606,0.3416065573692322,0,0.18321326013810557,0.0,0.07994479841134422,0.0,0.0,0.0,0.06563202543820681,0.0,0.028628608920304246,0.0
14,2,4,0.025,0.0483084060251712,0.2785822639947663,0.3743816018104553,0,0.23638095205884394,0.0,0.10985668163516585,0.0,0.0,0.0,0.08195444037486695,1.0,0.22141807121646584,0.0
14,3,0,0.02,0.0670470967888832,0.2419983508753466,0.2904467582702636,0,0.2506590742136903,0.0,0.04721794888468954,0.0,0.0,0.0,0.04699358756864447,0.0,0.08567317985569063,0.0
14,4,0,0.005,0.0703049302101135,0.3446154292235999,0.1767763644456863,0,0.13881118178801818,0.0,0.07029466152929936,0.0,0.0,0.0,0.0661687174702862,0.0,0.4697325684528069,1.0
14,5,1,0.035,0.0880787521600723,0.2748970307221037,0.2911617159843445,0,0.166846229855956,0.0,0.03944027070786764,0.0,0.0,1.0,0.03164645337754755,0.0,0.18322126535510017,1.0
14,6,1,0.015,0.038711741566658,0.259553542557843,0.547260582447052,0,0.19743863373844242,0.0,0.34669758074579043,0.0,0.25,1.0,0.30259312590529386,0.0,0.1845970513217218,0.0
14,7,0,0.03,0.0161953642964363,0.3270700344248434,0.2742840051651001,0,0.30015820613736083,1.0,0.14119428818802912,0.0,0.0,1.0,0.2091804964724607,1.0,0.6186323967201727,1.0
14,8,0,0.075,0.1570388972759246,0.1977875490616724,0.0195236708968877,0,0.20478120963569646,0.0,0.0731324481472353,0.0,0.0,0.0,0.1923736441260896,0.0,0.08078336954267207,0.0
14,9,4,0.035,0.3642309904098511,0.2492993203069289,0.1825837194919586,0,0.23141621778089183,0.0,0.09342904371683179,0.0,0.0,1.0,0.01964223617156681,1.0,0.421269706270986,1.0
15,0,2,0.18,0.6403539180755615,0.2579624613277883,0.2806207835674286,0,0.2373734485745728,0.0,0.18315112731599506,0.0,0.25,0.0,0.35300880530235346,0.0,0.12168595782187079,0.0
15,1,1,0.175,0.5765290856361389,0.2973094683970506,0.2178214490413665,0,0.2871358432084062,1.0,0.37096814498104036,1.0,0.25,1.0,0.18317487658936243,1.0,0.2453851174936862,1.0
15,2,3,0.16,0.5143789649009705,0.2819011882849466,0.0402666330337524,0,0.2044122078961974,0.0,0.25305558672630385,1.0,0.25,1.0,0.018183211619829456,0.0,0.6076201963008501,0.0
15,3,1,0.205,0.500508725643158,0.2968411165420988,0.1800854057073593,0,0.2528886080969152,1.0,0.1425874993861722,1.0,0.25,1.0,0.12178392020803963,1.0,0.08306888472191036,0.0
15,4,3,0.12,0.4522465467453003,0.3236954272076944,0.0237157996743917,0,0.2123550612886411,0.0,0.20994148858616948,0.0,0.0,0.0,0.33720026813088994,0.0,0.030481948821027248,0.0
15,5,0,0.11,0.5995281338691711,0.2900356319624148,0.2217774540185928,0,0.367724024571777,1.0,0.42836019385003743,1.0,0.25,0.0,0.30215621092606426,1.0,0.008684649523598934,0.0
15,6,1,0.15,0.7190846800804138,0.26881366368378,0.2511917948722839,0,0.29976105751998866,1.0,0.7180477666033638,1.0,0.25,1.0,0.5309398901857102,0.0,0.02365063629374643,0.0
15,7,4,0.165,0.2128118425607681,0.3394828460761727,0.1944649368524551,0,0.2716645249361566,0.0,0.18193419563320565,0.0,0.0,0.0,0.15881132943364906,0.0,0.1972167926433562,0.0
15,8,3,0.16,0.3889654576778412,0.2080062875493918,0.2770834565162658,0,0.15966372068457005,0.0,0.18275988970922843,0.0,0.0,0.0,0.049217885717920996,0.0,0.07366317426257334,0.0
15,9,0,0.19,0.3169771134853363,0.2628197522741921,0.3116723597049713,0,0.247999155520746,0.0,0.16620936865390867,0.0,0.0,0.0,0.04134721433959245,1.0,0.052347206873715704,0.0
16,0,0,0.225,0.2552120983600616,0.2563315407242083,0.3517727851867676,0,0.3003893740451306,1.0,0.18978615438034674,0.0,0.0,0.0,0.7871345857992147,1.0,0.2418411230274495,1.0
16,1,2,0.315,0.428095132112503,0.2895274636428228,0.4780675768852234,0,0.3045144028461965,1.0,0.38614211733443415,1.0,0.0,0.0,0.3616148725959914,1.0,0.6460250923888432,1.0
16,2,2,0.265,0.4979062378406524,0.1960784769692599,0.2553245425224304,0,0.19535497183181957,1.0,0.20079717903788133,1.0,0.0,1.0,0.07211468832158514,0.0,0.01633133811391785,1.0
16,3,3,0.235,0.3312146961688995,0.1622585025980391,0.2756193280220032,0,0.16360063648871578,0.0,0.16239773282246847,0.0,0.0,0.0,0.08293039709249671,0.0,0.16343624822804517,0.0
16,4,1,0.38,0.4482991993427276,0.2589248993847854,0.356889933347702,0,0.32884009322813923,0.0,0.10990644206292051,0.0,0.0,0.0,0.10930347124728088,0.0,0.07902444438238186,0.0
16,5,2,0.25,0.3156636655330658,0.1878870954422633,0.3258392512798309,0,0.32266038838481675,0.0,0.41977184554852476,0.0,0.0,0.0,0.2084223862525993,0.0,0.17491276866340152,0.0
16,6,4,0.2,0.3847542703151703,0.2690939217473858,0.1828153282403946,0,0.20585893022695675,0.0,0.17507209874699256,0.0,0.0,0.0,0.44250011573446046,0.0,0.17381165176090194,0.0
16,7,3,0.32,0.563854455947876,0.2846533659990352,0.2856180965900421,0,0.23379723934788896,0.0,0.2667834342412273,0.0,0.25,1.0,0.20275097118795155,1.0,0.11563886524615911,0.0
16,8,2,0.39,0.4858883619308471,0.1844396485367095,0.6866728663444519,0,0.3492482547193592,1.0,0.4984293497283972,1.0,0.25,1.0,0.10751632646127682,0.0,0.24446642137340865,0.0
16,9,1,0.35,0.4849807322025299,0.3089155392002544,0.4266846477985382,0,0.4176211880800733,1.0,0.4909453674289154,0.0,0.0,0.0,0.13652004642321822,0.0,0.757204043572132,0.0
17,0,4,0.17,0.0150961270555853,0.3327440773722472,0.2895513474941253,0,0.19082377920536517,0.0,0.09927453126478553,0.0,0.0,0.0,0.4503503413560788,1.0,0.019790539038131078,0.0
17,1,1,0.155,0.1744274795055389,0.3217502659113376,0.1949681043624878,0,0.24522549816901848,0.0,0.1002587359011858,0.0,0.0,0.0,0.10370079729374854,0.0,0.0010568051839171596,0.0
17,2,1,0.01,0.1141024306416511,0.2917296046139209,0.3410335183143616,0,0.2095636206559824,0.0,0.13038839205866276,0.0,0.0,0.0,0.06490157801812081,0.0,0.012880831709200234,0.0
17,3,3,0.13,0.2514134645462036,0.2492089362678925,0.1383260935544967,0,0.13858837454913328,0.0,0.11824578377068322,0.0,0.0,0.0,0.08293039709249671,0.0,0.13598988654781072,0.0
17,4,1,0.215,0.1845593005418777,0.2616178942620623,0.1560248285531997,0,0.18978881817722582,0.0,0.0778513418088538,0.0,0.0,0.0,0.10930347124728088,0.0,0.07869395299186355,0.0
17,5,1,0.225,0.1413195133209228,0.25662016949208,0.1231290698051452,0,0.18353952060279852,0.0,0.06841508534865849,0.0,0.0,1.0,0.03164645337754755,0.0,0.0065411165063637864,0.0
17,6,4,0.115,0.2216911017894745,0.2863247265113647,0.12802554666996,0,0.1845734308855508,0.0,0.10444408949386808,0.0,0.0,0.0,0.44250011573446046,0.0,0.10543623847833615,0.0
17,7,1,0.175,0.1928519159555435,0.2991317865572236,0.1529407501220703,0,0.19208915848379515,0.0,0.08184573829827063,0.0,0.0,0.0,0.07749633360831475,0.0,0.09961514992603442,0.0
17,8,3,0.13,0.2629465460777282,0.208382221488149,0.3294847309589386,0,0.1857146727644922,0.0,0.17334859955407494,0.0,0.0,0.0,0.06098163367053541,0.0,0.13352457577978794,0.0
17,9,3,0.165,0.275419145822525,0.2507368700095037,0.2554047107696533,0,0.24344445085991048,0.0,0.11598296094569602,0.0,0.0,0.0,0.07995485676944906,0.0,0.06498416751611122,0.0
18,0,2,0.195,0.5011551380157471,0.2802055804604738,0.0744798704981803,0,0.22765938758645246,0.0,0.14236253682032807,0.0,0.25,0.0,0.4784418095283901,0.0,0.3609338351954033,0.0
18,1,3,0.125,0.2396622449159622,0.3473930798097281,0.1538181006908416,0,0.2365254387331007,0.0,0.16350908405774545,0.0,0.0,0.0,0.052387537641474455,0.0,0.11849508705644587,0.0
18,2,4,0.085,0.3791367411613464,0.2731901611185302,0.4696677625179291,0,0.255993715175858,1.0,0.2558241797437347,0.0,0.0,0.0,0.08195444037486695,1.0,0.08654281575137501,0.0
18,3,4,0.06,0.0572311505675315,0.2869381793052467,0.3466318249702453,0,0.25762703252011526,0.0,0.18879475271517807,0.0,0.0,0.0,0.14470640573784938,0.0,0.06594200858921341,0.0
18,4,1,0.185,0.5962411165237427,0.22774248592155,0.3228328227996826,0,0.35785902505265793,1.0,0.057050721729861316,0.0,0.25,0.0,0.10930347124728088,0.0,0.0021826431036856744,0.0
18,5,1,0.185,0.4389726817607879,0.2717844156624953,0.1111762598156929,0,0.2642719406041258,0.0,0.2030341828113209,0.0,0.0,1.0,0.03164645337754755,0.0,0.030049534329318173,0.0
18,6,3,0.095,0.4015960097312927,0.3099306963724078,0.0332098715007305,0,0.25385817152637385,0.0,0.19147713485413248,0.0,0.0,0.0,0.18883994367698195,0.0,0.21889962475216362,1.0
18,7,3,0.135,0.7397511601448059,0.256666806801048,0.3609650731086731,0,0.17943954081088345,0.0,0.29990533166340816,0.0,0.25,1.0,0.20275097118795155,1.0,0.0022747589910365965,0.0
18,8,2,0.13,0.4411109983921051,0.1907228219528098,0.3417358994483948,0,0.2899842652863041,0.0,0.4026488197297704,0.0,0.0,0.0,0.10751632646127682,0.0,0.15983724304874686,0.0
18,9,2,0.13,0.3031079173088074,0.2638524532460909,0.3365537226200104,0,0.24543746506833308,0.0,0.18547793909528718,0.0,0.0,0.0,0.03960859247773131,0.0,0.14491582784161486,0.0
19,0,2,0.16,0.247260108590126,0.2993892402231959,0.0316570401191711,0,0.20045695684566808,0.0,0.11639719439307347,0.0,0.0,0.0,0.27948306788259486,0.0,0.3110438971109805,0.0
19,1,0,0.18,0.1531187742948532,0.2867022874756172,0.014965871348977,0,0.25087334876630457,0.0,0.12351119348274493,0.0,0.0,0.0,0.0395399960621605,0.0,0.42777321391237083,0.0
19,2,2,0.145,0.2511107623577118,0.2559406559133362,0.1905898749828338,0,0.12363685918530964,1.0,0.08797346088196101,1.0,0.0,1.0,0.07211468832158514,0.0,0.03014090025065777,1.0
19,3,2,0.22,0.2416316270828247,0.2536688578352082,0.0237330719828605,0,0.2756759688961197,0.0,0.1427605267123693,0.0,0.0,0.0,0.5930825726386517,0.0,0.10915584753032526,0.0
19,4,1,0.15,0.1743916422128677,0.2031188170649602,0.0708597972989082,0,0.15815720744390724,0.0,0.03304105555590118,0.0,0.0,0.0,0.10930347124728088,0.0,0.02376884061691101,0.0
19,5,1,0.145,0.1037796586751937,0.2488775944209135,0.0334101691842079,0,0.1711616425389424,0.0,0.038239950313115764,0.0,0.0,1.0,0.03164645337754755,0.0,0.0026286847778695765,0.0
19,6,2,0.19,0.1404989063739776,0.2828519834541126,0.1975566297769546,0,0.23976340553786604,0.0,0.18118135907019625,0.0,0.0,0.0,0.10922538508412773,1.0,0.25561806197676895,1.0
19,7,0,0.17,0.2010450065135955,0.3449570558799795,0.1998898684978485,0,0.25575235404796454,1.0,0.15530898372065471,0.0,0.0,1.0,0.2273260048375721,1.0,0.17345507407919727,0.0
19,8,0,0.115,0.154384896159172,0.2431888306065379,0.0049360175617039,0,0.22910302929776935,0.0,0.09002455077875986,0.0,0.0,0.0,0.1923736441260896,0.0,0.13388779277731744,0.0
19,9,3,0.13,0.3704043328762054,0.2408970914113192,0.3314810395240783,0,0.26377979697532056,0.0,0.17960321148206182,0.0,0.0,0.0,0.07995485676944906,0.0,0.046491344822907614,0.0
20,0,3,0.29,0.416434645652771,0.3189149555031698,0.3988717496395111,1,0.2670512957937714,0.0,0.4162861903593303,1.0,0.0,0.0,0.2600104208887178,0.0,0.8416346459040531,0.0
20,1,0,0.27,0.2229771614074707,0.2812587388519013,0.5771098732948303,1,0.22870162868500368,0.0,0.1937712492030468,0.0,0.25,1.0,0.0395399960621605,0.0,0.03393455983818448,0.0
20,2,1,0.09,0.0888698771595954,0.2790538804065041,0.197971373796463,1,0.17168043101184494,0.0,0.09992425719346396,0.0,0.0,0.0,0.09354804596219271,0.0,0.03941678558401025,0.0
20,3,0,0.23,0.1200751811265945,0.3251041001948335,0.3538207709789276,1,0.28648144479520415,0.0,0.19233779620084251,0.0,0.0,0.0,0.08364130116650073,0.0,0.15284971553265014,0.0
20,4,4,0.17,0.080031082034111,0.2957884543964603,0.2524166107177734,1,0.21382363007137628,0.0,0.12965315066114608,0.0,0.0,0.0,0.4454277729177938,0.0,0.08274391248690408,0.0
20,5,0,0.205,0.0722949355840683,0.2695685028625919,0.350627988576889,1,0.1820404549523228,0.0,0.0776793378744804,0.0,0.0,0.0,0.10832842890519279,1.0,0.013467586385678553,0.0
20,6,2,0.26,0.1596504896879196,0.2831919849136232,0.4158160090446472,1,0.29460528140533493,0.0,0.3065970602104565,0.0,0.0,0.0,0.10922538508412773,1.0,0.2935230144433211,1.0
20,7,4,0.235,0.1073521077632904,0.3237442815756666,0.3434486985206604,1,0.27506814778874394,0.0,0.22579691520922812,0.0,0.0,0.0,0.16981614702750508,0.0,0.21879588748431794,0.0
20,8,1,0.23,0.1683448851108551,0.2106920248073792,0.2364169359207153,1,0.23521139563814497,0.0,0.18767378643689056,0.0,0.0,0.0,0.351636241568094,0.0,0.14481498594927864,0.0
20,9,0,0.04,0.0345858968794345,0.2870946149287463,0.2228969633579254,1,0.1554892466840341,0.0,0.06518091391277103,0.0,0.0,0.0,0.04134721433959245,1.0,0.07772183310494749,0.0
21,0,3,0.185,0.2385250627994537,0.2017130748243097,0.0270311012864112,0,0.2685898461546579,0.0,0.062088258529628855,0.0,0.0,0.0,0.13419333974100411,0.0,0.048614320841467176,0.0
21,1,1,0.215,0.2670406699180603,0.253492656921098,0.1311052590608596,0,0.24229481715347542,0.0,0.16550551408797895,1.0,0.0,0.0,0.10370079729374854,0.0,0.40378024608972457,1.0
21,2,2,0.15,0.2339828461408615,0.1996232636952801,0.2005143910646438,0,0.1401983549382552,1.0,0.07405501762099032,1.0,0.0,1.0,0.07211468832158514,0.0,0.010411649346622365,1.0
21,3,2,0.255,0.3006108701229095,0.2283549446689631,0.0681585744023323,0,0.2949579628760562,0.0,0.15278502920553494,0.0,0.0,0.0,0.5930825726386517,0.0,0.15461157342921109,0.0
21,4,4,0.16,0.1578251421451568,0.3040005803163527,0.1382900178432464,0,0.1632060334547926,0.0,0.07096207753832601,0.0,0.0,0.0,0.1202233404384378,0.0,0.05868329757163837,0.0
21,5,2,0.09,0.2004255354404449,0.1967345941799336,0.0772948190569877,0,0.3132021766226032,0.0,0.1536235882489871,0.0,0.0,0.0,0.07375790209919696,0.0,0.30883447726950375,0.0
21,6,0,0.195,0.1408758759498596,0.2588652663734742,0.0866833701729774,0,0.26171010379537635,0.0,0.10192686996957609,0.0,0.0,0.0,0.5112887701451484,0.0,0.5645960464917908,0.0
21,7,2,0.14,0.2141423970460891,0.2698943004401015,0.1257702708244323,0,0.17614784045287865,0.0,0.12483434778949397,0.0,0.0,0.0,0.0447187544997469,0.0,0.050070568563618044,0.0
21,8,4,0.195,0.0393333658576011,0.2043158150048065,0.0798106640577316,0,0.14541920672127995,0.0,0.0471083162387105,0.0,0.0,0.0,0.12968627575428807,1.0,0.032641712301727605,0.0
21,9,1,0.24,0.1297210901975631,0.27606282664661,0.3600673377513885,0,0.2353426678227588,0.0,0.17479587428366045,0.0,0.0,0.0,0.14749201849489185,0.0,0.014571286709833483,0.0
22,0,3,0.015,0.6156890392303467,0.2939019046443485,0.0271407011896371,0,0.21467573115460523,0.0,0.11945677112884774,0.0,0.25,1.0,0.13419333974100411,0.0,0.009345878929763254,0.0
22,1,2,0.14,0.329755574464798,0.3109497858588047,0.2077724784612655,0,0.2747612244253009,0.0,0.19336115780898266,0.0,0.0,0.0,0.3616148725959914,1.0,0.13598432433733662,0.0
22,2,2,0.13,0.3379873931407928,0.241466254185461,0.2234228104352951,0,0.13220598236683748,1.0,0.10228066282148839,1.0,0.0,1.0,0.07211468832158514,0.0,0.016097718763413437,1.0
22,3,1,0.115,0.2245569974184036,0.2552051046208746,0.3994757235050201,0,0.2873709598588315,1.0,0.20689452842664735,1.0,0.0,0.0,0.08042739856428682,0.0,0.07108993809018746,0.0
22,4,4,0.04,0.0707073807716369,0.3112756802876732,0.1781569421291351,0,0.15777301674072589,0.0,0.06720583891913635,0.0,0.0,0.0,0.10709603823201672,0.0,0.03750445805747314,0.0
22,5,2,0.095,0.3415200412273407,0.2445170229344427,0.1860009133815765,0,0.28590102884846974,0.0,0.18380872440289905,0.0,0.0,0.0,0.14345073940302533,0.0,0.07270431313697516,0.0
22,6,4,0.045,0.2808970510959625,0.2611144315875186,0.0601279698312282,0,0.15159499928039533,0.0,0.07798055341590326,0.0,0.0,0.0,0.44250011573446046,0.0,0.04626357851567632,0.0
22,7,2,0.11,0.405958741903305,0.3162989655269595,0.1878190040588379,0,0.2128186311882306,0.0,0.13376280296837514,0.0,0.0,0.0,0.032807004571143696,0.0,0.20359517199360555,1.0
22,8,2,0.145,0.239919364452362,0.1878356906438117,0.2287353724241256,0,0.2409199112648193,0.0,0.2162907756622592,0.0,0.0,0.0,0.11380392845942289,0.0,0.18470646640554528,0.0
22,9,0,0.09,0.1413448601961136,0.2723365858230685,0.1638612896203994,0,0.15903242975478318,0.0,0.056047534611753734,0.0,0.0,0.0,0.04134721433959245,1.0,0.12816632641842848,0.0
23,0,3,0.035,0.1147001683712005,0.3044984562938031,0.0744121596217155,0,0.20267948838467187,0.0,0.05654855289988638,0.0,0.0,0.0,0.13419333974100411,0.0,0.25324822052264967,0.0
23,1,3,0.125,0.1100932285189628,0.3454599672880993,0.0593481808900833,0,0.23781113583361968,0.0,0.10749376827554147,0.0,0.0,0.0,0.052387537641474455,0.0,0.037532182587335365,0.0
23,2,3,0.185,0.0805235430598259,0.2810296410256386,0.02350146882236,0,0.13366199570272555,0.0,0.06865080745776361,0.0,0.0,0.0,0.018183211619829456,0.0,0.0001767414562869282,0.0
23,3,4,0.095,0.0273336563259363,0.2728289217111984,0.1992397457361221,0,0.2387921853899545,0.0,0.13818764878493583,0.0,0.0,0.0,0.14470640573784938,0.0,0.13069717341385587,0.0
23,4,0,0.19,0.0894659087061882,0.3418047542457978,0.2630389332771301,0,0.18098686029108998,0.0,0.13048424515580342,0.0,0.0,0.0,0.0661687174702862,0.0,0.12662065823049481,1.0
23,5,3,0.14,0.1370419561862945,0.2427670525118204,0.3108510971069336,0,0.23372362682308942,0.0,0.1701653753231941,0.0,0.0,0.0,0.04517818434507508,1.0,0.04752358616832964,0.0
23,6,2,0.06,0.0767665579915046,0.312758710825299,0.2973678112030029,0,0.23238803990170132,0.0,0.16929537415268855,0.0,0.0,0.0,0.12188251255267973,1.0,0.2952214241389039,1.0
23,7,3,0.195,0.3455800116062164,0.3433391432578312,0.0570917502045631,0,0.22887309888289167,0.0,0.18841793433939752,0.0,0.0,0.0,0.5449296636108375,1.0,0.23423408947720992,0.0
23,8,4,0.15,0.0529095791280269,0.2448296629445076,0.1350092887878418,0,0.14190815506699195,0.0,0.06596275381506352,0.0,0.0,0.0,0.12968627575428807,1.0,0.05584167682951035,0.0
23,9,1,0.08,0.0688887611031532,0.3338740672780605,0.33331099152565,0,0.3550398641958528,1.0,0.20613835758826546,0.0,0.0,0.0,0.09424027186856761,0.0,0.11084387896892516,0.0
24,0,1,0.145,0.0507924072444438,0.3892788120541643,0.2102324366569519,0,0.2351047587618155,0.0,0.14068778365190943,1.0,0.0,0.0,0.322433718888837,1.0,0.23286955663165781,1.0
24,1,3,0.125,0.1302346587181091,0.3817313899227819,0.0554888658225536,0,0.27679289430348736,0.0,0.13527903676335523,0.0,0.0,0.0,0.05916956986349194,0.0,0.2003121628624858,0.0
24,2,0,0.15,0.0880459994077682,0.3324016637250764,0.2564494609832763,0,0.2936979782805784,0.0,0.1768958511191502,0.0,0.0,0.0,0.04614405512489864,0.0,0.27484015156202674,0.0
24,3,0,0.12,0.1436145305633545,0.4078366862665289,0.047057632356882,0,0.26542190559121465,0.0,0.0737283166309459,0.0,0.0,0.0,0.09319624894614453,1.0,0.0827388898714155,0.0
24,4,1,0.215,0.0686784461140632,0.2918904210255938,0.0863366723060607,0,0.17645049821511552,0.0,0.10134474333694703,0.0,0.0,0.0,0.10938886970761455,0.0,0.08069913426026716,0.0
24,5,0,0.115,0.0431946516036987,0.3540523626674745,0.143154576420784,0,0.09387874294906579,0.0,0.02728991483152897,0.0,0.0,0.0,0.10832842890519279,1.0,0.0006133020480000449,0.0
24,6,2,0.165,0.0798403322696685,0.3338017996056505,0.1937503665685653,0,0.22695448797832593,0.0,0.167759710558845,0.0,0.0,0.0,0.10922538508412773,1.0,0.1150640663224497,0.0
24,7,0,0.14,0.0486678816378116,0.4081889645273365,0.1231119483709335,0,0.28553878112669673,1.0,0.13544171774053118,0.0,0.0,1.0,0.2273260048375721,1.0,0.03494588182010886,0.0
24,8,0,0.09,0.0645236447453498,0.2241474795196716,0.0063975253142416,0,0.20014195927002573,0.0,0.05699427678943341,0.0,0.0,0.0,0.1923736441260896,0.0,0.06651561509525904,0.0
24,9,3,0.135,0.2789908051490783,0.2917569675376643,0.2565188705921173,0,0.2281468371807297,0.0,0.16569640567454594,0.0,0.0,0.0,0.07995485676944906,0.0,0.13500953953102682,0.0
25,0,2,0.08,0.1470475047826767,0.3798341298465478,0.0260629076510667,0,0.21344069897635468,0.0,0.16462039326573832,0.0,0.0,0.0,0.31790172999776456,0.0,0.5547345805870457,1.0
25,1,2,0.11,0.0948251038789749,0.3847922392477827,0.0943912640213966,0,0.21471295638147284,0.0,0.09818529985568465,0.0,0.0,0.0,0.05420008234300817,0.0,0.2321938788656699,0.0
25,2,0,0.135,0.1113048195838928,0.3271117790049012,0.3188271522521972,0,0.29407184156682176,0.0,0.18194712530989557,0.0,0.0,0.0,0.04614405512489864,0.0,0.25967098430777713,0.0
25,3,3,0.075,0.2114327549934387,0.3404542608174026,0.1132127717137336,0,0.14650647307832707,0.0,0.11848664539274187,0.0,0.0,0.0,0.08293039709249671,0.0,0.13401105959714651,0.0
25,4,0,0.1,0.1061161383986473,0.398109666584943,0.3181367516517639,0,0.16525987724874786,0.0,0.12693168797519255,0.0,0.0,0.0,0.07939925094721503,1.0,0.10042188744490793,1.0
25,5,0,0.02,0.0223283004015684,0.346001233037596,0.1922890543937683,0,0.09795029436325858,0.0,0.022083831581947818,0.0,0.0,0.0,0.10832842890519279,1.0,0.00019425415145750944,0.0
25,6,0,0.095,0.1302441209554672,0.3093185808767738,0.0992842465639114,0,0.25094415102040063,0.0,0.156799153448481,0.0,0.0,0.0,0.5112887701451484,0.0,0.5955745538572895,0.0
25,7,1,0.125,0.193383514881134,0.309772976715792,0.1993356496095657,0,0.18757861418349986,0.0,0.07898019940224545,0.0,0.0,0.0,0.07749633360831475,0.0,0.20680058653751898,0.0
25,8,2,0.125,0.1503224968910217,0.1999251411341925,0.1052143946290016,0,0.2236092521818359,0.0,0.1656034813283412,0.0,0.0,0.0,0.11380392845942289,0.0,0.23180102943681233,0.0
25,9,1,0.035,0.0408948734402656,0.3855214450677279,0.319162517786026,0,0.46146651593052573,1.0,0.24596066220268942,0.0,0.0,0.0,0.09424027186856761,0.0,0.1182944044324698,0.0
26,0,3,0.735,0.3772221207618713,0.353872009959277,0.1760091632604599,0,0.41871474891458277,1.0,0.4685572414022719,1.0,0.25,1.0,0.17622987866437811,0.0,0.015497099375628518,0.0
26,1,3,0.765,0.1198069974780082,0.3497665305121324,0.2066776156425476,0,0.5250880229830402,1.0,0.6115292196303767,1.0,0.25,1.0,0.15796187191476668,0.0,0.999615452514131,1.0
26,2,4,0.735,0.1988782435655594,0.331822739638041,0.47860187292099,0,0.21327518482975383,0.0,0.6505877027811614,1.0,0.25,1.0,0.08195444037486695,1.0,0.9995296604605503,1.0
26,3,3,0.81,0.4308274090290069,0.2915054741249153,0.0915162414312362,0,0.4719867955880999,1.0,0.5538495977977593,1.0,0.25,1.0,0.10406087935010622,1.0,0.28944864793934344,1.0
26,4,0,0.81,0.1323586851358413,0.3572685962190091,0.1835507601499557,0,0.36611973502021405,0.0,0.3626257274059959,0.0,0.25,0.0,0.08783580612438043,1.0,0.0003753397623951798,0.0
26,5,0,0.745,0.0533873848617076,0.3059339564471061,0.2655094563961029,0,0.19460977054663628,0.0,0.18149779507716574,0.0,0.25,0.0,0.10832842890519279,1.0,0.048446357225827894,0.0
26,6,3,0.795,0.256045401096344,0.2984407305375998,0.1017807871103286,0,0.27785797118160854,0.0,0.4906358309337793,1.0,0.25,0.0,0.15513854802327173,0.0,0.9899122769124012,1.0
26,7,3,0.805,0.2049690037965774,0.3354906730259355,0.168241485953331,0,0.41221994135987755,1.0,0.21904349944777673,0.0,0.25,1.0,0.5973814946312436,1.0,0.0004863230470446039,0.0
26,8,0,0.82,0.1339569687843322,0.2932655886040076,0.0431358180940151,0,0.1535072861832622,0.0,0.1339133456761182,0.0,0.25,0.0,0.1923736441260896,0.0,0.018908125128938958,0.0
26,9,2,0.72,0.286948561668396,0.2690333888436362,0.3518854677677154,0,0.37357139409297613,1.0,0.4572753816041943,1.0,0.25,1.0,0.03960859247773131,0.0,0.37426397550021206,1.0
27,0,0,0.12,0.1060003042221069,0.389155106703807,0.0826619789004325,1,0.18401180757802926,0.0,0.10430665875342224,0.0,0.0,0.0,0.3818763958108465,0.0,0.15336134772979243,1.0
27,1,1,0.18,0.4244203865528106,0.3008925342453732,0.1137766391038894,1,0.25889380118764826,1.0,0.21965344262839334,1.0,0.0,0.0,0.12736321850543947,0.0,0.25470786823964164,1.0
27,2,3,0.145,0.1980971544981002,0.3099092746589838,0.0238320901989936,1,0.1327690154460899,0.0,0.08826703786421476,0.0,0.0,0.0,0.018183211619829456,0.0,0.06758820065758216,0.0
27,3,0,0.115,0.1101778075098991,0.3837996934069823,0.028364798054099,1,0.266613173065562,0.0,0.06316189114338601,0.0,0.0,0.0,0.09319624894614453,1.0,0.07437456681354607,0.0
27,4,3,0.13,0.2072178125381469,0.3857968198426439,0.0157786943018436,1,0.27502484952126377,0.0,0.142327047415109,0.0,0.0,0.0,0.33720026813088994,0.0,0.02036594238422369,0.0
27,5,4,0.105,0.1845540851354599,0.2725643658365055,0.278952956199646,1,0.2216856579850932,0.0,0.1067631339988268,0.0,0.0,0.0,0.29217040858777066,1.0,0.0597044376047694,0.0
27,6,4,0.105,0.2533155381679535,0.2503171862675107,0.1002247706055641,1,0.15023248290130817,0.0,0.09982390964489556,0.0,0.0,0.0,0.44250011573446046,0.0,0.06220101401604974,0.0
27,7,1,0.055,0.2114423811435699,0.2906045755458984,0.1782808601856231,1,0.16087998935384515,0.0,0.050545525161640174,0.0,0.0,0.0,0.07749633360831475,0.0,0.39952820105675596,0.0
27,8,3,0.09,0.2066266685724258,0.2165521595957607,0.306631475687027,1,0.20056689206229858,0.0,0.15222175249346326,0.0,0.0,0.0,0.06098163367053541,0.0,0.2473607475712708,0.0
27,9,0,0.025,0.0386613830924034,0.3263214231795358,0.1744657903909683,1,0.1547471926945483,0.0,0.06771142143717285,0.0,0.0,0.0,0.04134721433959245,1.0,0.04817389548849376,0.0
28,0,1,0.42,0.221207857131958,0.351763537055032,0.4798541665077209,1,0.3688665750579978,1.0,0.44151179130890683,1.0,0.0,0.0,0.322433718888837,1.0,0.5541973074715211,1.0
28,1,0,0.385,0.2963367700576782,0.377639761686644,0.9230200052261353,1,0.24985014307090406,0.0,0.2750078543481652,0.0,0.25,1.0,0.0395399960621605,0.0,0.615471874374372,1.0
28,2,3,0.485,0.6892598271369934,0.3583997012816726,0.7869775891304016,1,0.5599051247665449,1.0,0.8329692806946917,1.0,0.5,1.0,0.5555792862610113,1.0,0.16810716201977488,0.0
28,3,2,0.39,0.4182692766189575,0.3979708868239716,0.8968462944030762,1,0.2867470025534576,0.0,0.6342011144271026,1.0,0.25,1.0,0.23194882528109306,0.0,0.9520980987970431,1.0
28,4,4,0.52,0.7444581985473633,0.3352242591926214,0.4654698371887207,1,0.4795913665475488,0.0,0.8259633784208357,0.0,0.5,1.0,0.5444378880221826,1.0,0.8772637392531728,0.0
28,5,3,0.385,0.4767446517944336,0.3253348505894205,0.4167636930942535,1,0.2971140983479525,0.0,0.3865875255316878,1.0,0.0,0.0,0.04517818434507508,1.0,0.12234262380135458,1.0
28,6,1,0.35,0.3047755360603332,0.3250456110731514,0.7679744362831116,1,0.2344927425886202,0.0,0.671357631836901,1.0,0.25,1.0,0.6506628114595276,1.0,0.6937289158561438,1.0
28,7,2,0.46,0.3163565993309021,0.3802537580365961,0.7878302931785583,1,0.2372594833816307,0.0,0.7811059830667583,1.0,0.25,1.0,0.3020102013826867,1.0,0.7318735145428485,1.0
28,8,1,0.54,0.3081628978252411,0.2625433354552667,0.771381139755249,1,0.3057939912538625,1.0,0.46071795429810125,1.0,0.5,1.0,0.5139787142492932,1.0,0.6046195546645325,1.0
28,9,2,0.51,0.3338651061058044,0.2741186282498028,0.6763430237770081,1,0.4175518803583425,1.0,0.5103928969922452,1.0,0.5,1.0,0.07399679207245599,1.0,0.8576188801246423,1.0
29,0,2,0.155,0.3313395082950592,0.2989417949452371,0.0201414078474044,0,0.20678960489487444,0.0,0.12121359570611773,0.0,0.0,0.0,0.27948306788259486,0.0,0.5108525485466944,0.0
29,1,2,0.175,0.3482092022895813,0.3500859652948269,0.0471807047724723,0,0.260338926610241,0.0,0.19661697946942283,0.0,0.0,0.0,0.4726132317240124,1.0,0.0063263243733639105,0.0
29,2,4,0.24,0.1996503323316574,0.3082316816401292,0.3787857890129089,0,0.24525122828848578,0.0,0.25552819306440644,0.0,0.0,0.0,0.08195444037486695,1.0,0.29585558495739284,0.0
29,3,3,0.21,0.2691690623760223,0.2643581497408694,0.0595121309161186,0,0.15836954009941348,0.0,0.13629698398986903,0.0,0.0,0.0,0.08293039709249671,0.0,0.12465026095896474,0.0
29,4,0,0.115,0.2310150414705276,0.3302872372530632,0.1671365052461624,0,0.19393236566569702,0.0,0.12239428286695195,0.0,0.0,0.0,0.07939925094721503,1.0,0.39141123730002797,1.0
29,5,2,0.155,0.3404543995857239,0.2749313770280653,0.0525776781141757,0,0.3030536826468126,0.0,0.17363081389205032,0.0,0.0,0.0,0.14345073940302533,0.0,0.07521219782457418,0.0
29,6,1,0.21,0.5026469230651855,0.2719727315523376,0.0606159344315528,0,0.3060237087887823,1.0,0.3583118589194461,0.0,0.25,1.0,0.5309398901857102,0.0,0.0005194887528806592,0.0
29,7,0,0.125,0.1217494904994964,0.3824537340675474,0.1372336596250534,0,0.2691690286180293,1.0,0.13168037644210762,0.0,0.0,1.0,0.2273260048375721,1.0,0.08493289258957815,0.0
29,8,1,0.175,0.2489121109247207,0.1995042239590139,0.0599423572421073,0,0.2653179701310122,0.0,0.22232654979909508,0.0,0.0,0.0,0.351636241568094,0.0,0.31283963790602615,0.0
29,9,0,0.01,0.1754356175661087,0.2791681249956717,0.1672850847244262,0,0.15967126292129108,0.0,0.06444581670562986,0.0,0.0,0.0,0.04134721433959245,1.0,0.18538745024395228,1.0
30,0,0,0.375,0.1215987578034401,0.2745916285501301,0.091389924287796,0,0.2303750824500446,1.0,0.16711163674269697,0.0,0.0,0.0,0.3459649172813916,0.0,0.02767870444762947,0.0
30,1,2,0.24,0.0621687248349189,0.2904202644267042,0.0589070580899715,0,0.2111426103867705,0.0,0.081244663068889,0.0,0.0,0.0,0.08312364361412654,0.0,0.0015737280315974438,0.0
30,2,1,0.255,0.0912450104951858,0.2061793874727995,0.2195120453834533,0,0.20073871743554847,0.0,0.10003217012851875,0.0,0.0,0.0,0.07402738879853162,0.0,0.0013186288401705023,0.0
30,3,1,0.33,0.1011241152882576,0.3019215426729176,0.2726858258247375,0,0.2560916257065898,1.0,0.25870550730048386,1.0,0.0,0.0,0.09703652016148723,1.0,0.1916979738137292,0.0
30,4,0,0.23,0.0463726408779621,0.3691807922423016,0.1544109433889389,0,0.17730177920673826,0.0,0.10186031324028218,0.0,0.0,0.0,0.0661687174702862,0.0,0.04817029223518265,0.0
30,5,4,0.31,0.1534299105405807,0.2626135529571483,0.2355426400899887,0,0.24703907970643502,0.0,0.16313792246155487,0.0,0.0,0.0,0.29217040858777066,1.0,0.07821347400297288,1.0
30,6,1,0.395,0.0736996531486511,0.2535208775702347,0.0709886103868484,0,0.29036923909540185,1.0,0.11007758099498381,0.0,0.0,0.0,0.2803283385818892,0.0,0.0022244241451329144,0.0
30,7,0,0.215,0.0685950145125389,0.3413511289672494,0.2347487360239029,0,0.2727861471164635,1.0,0.1756084208717694,0.0,0.0,1.0,0.2091804964724607,1.0,0.11166278078360618,0.0
30,8,3,0.305,0.0290722288191318,0.2412746245334804,0.1744734197854995,0,0.3224785825639162,0.0,0.1816601347836574,0.0,0.0,0.0,0.06098163367053541,0.0,0.23848016362475016,0.0
30,9,3,0.055,0.0847193747758865,0.2559644919410496,0.2096197456121444,0,0.182871427138851,0.0,0.05296518791672744,0.0,0.0,0.0,0.030104203490728447,0.0,0.22219331852352256,0.0
31,0,4,0.14,0.9744481444358826,0.3114338959975478,0.0957474708557128,0,0.2334303799704436,0.0,0.4787345767933571,1.0,0.25,1.0,0.13855731296913013,0.0,0.0037624057416669075,0.0
31,1,1,0.185,0.5860345363616943,0.3532132152068258,0.1788742393255233,0,0.29127004193356515,1.0,0.345517027136409,1.0,0.25,1.0,0.18317487658936243,1.0,0.00960437008471124,1.0
31,2,2,0.185,0.6921765804290771,0.2564478169072772,0.3590051531791687,0,0.21177262309685516,1.0,0.31676433008309396,1.0,0.25,1.0,0.07211468832158514,0.0,0.0338317791353172,1.0
31,3,4,0.185,0.8529106378555298,0.2732996085555821,0.2448305040597915,0,0.2873742346643511,0.0,0.2421458713384829,0.0,0.25,1.0,0.43731927087564454,1.0,0.00961904776878275,0.0
31,4,1,0.17,0.9045127034187316,0.3371766773215858,0.0498274005949497,0,0.4253527496958481,1.0,0.10513476834929159,0.0,0.25,0.0,0.10908217197392879,0.0,0.0022448545415476137,0.0
31,5,1,0.13,0.4225305020809173,0.2593933543256843,0.0484372675418853,0,0.2514974368207336,0.0,0.15942249714257986,0.0,0.0,1.0,0.03164645337754755,0.0,0.055019346918929776,0.0
31,6,0,0.18,0.4139128625392914,0.3027445716072094,0.0660966038703918,0,0.23481460814972022,0.0,0.2413456972907079,0.0,0.0,0.0,0.4316285955256636,0.0,0.035295151938820345,0.0
31,7,1,0.19,0.7912888526916504,0.322212940960114,0.2401409298181533,0,0.18474960188381973,0.0,0.17318283488404032,0.0,0.25,0.0,0.022897214482309827,0.0,0.0007343347691203578,0.0
31,8,4,0.165,0.3577456176280975,0.2649396802209807,0.062788188457489,0,0.2626731668067119,0.0,0.35948544726780834,0.0,0.0,0.0,0.11155774130808728,0.0,0.5040983122217044,0.0
31,9,2,0.2,0.7739589214324951,0.2852542717965866,0.1498661637306213,0,0.27838259758238393,0.0,0.37881998499396957,0.0,0.25,1.0,0.5261487519339518,1.0,0.03723569727387865,0.0
32,0,1,0.43,0.2056395411491394,0.5626608709717029,0.3923995494842529,1,0.6020374122585205,1.0,0.5418251117079513,1.0,0.25,1.0,0.28255696705765654,0.0,0.2011481366964297,1.0
32,1,2,0.45,0.2927518188953399,0.3307494853137757,0.1640341430902481,1,0.25840062433444483,0.0,0.2706591981769449,1.0,0.0,0.0,0.3616148725959914,1.0,0.10744779345290399,0.0
32,2,3,0.43,0.2087898701429367,0.3741276732072962,0.0801755934953689,1,0.13123773737429043,0.0,0.1872332293925482,1.0,0.0,0.0,0.018183211619829456,0.0,3.166539738898365e-05,0.0
32,3,1,0.335,0.4561662077903747,0.5444454342864886,0.3214150965213775,1,0.22247354983654344,0.0,0.23649938306792498,1.0,0.25,1.0,0.12178392020803963,1.0,0.004040583007353949,0.0
32,4,3,0.335,0.1200059503316879,0.5401020903753685,0.0912825986742973,1,0.4728098209756089,1.0,0.18223150938471935,0.0,0.25,0.0,0.7567627163937559,1.0,0.05816789224869771,0.0
32,5,1,0.455,0.2364590466022491,0.2698074503494051,0.0768719464540481,1,0.2138068220495083,0.0,0.15552861700208326,0.0,0.0,1.0,0.05633342700860776,1.0,0.00023008390394960333,0.0
32,6,2,0.34,0.3408450186252594,0.3179446536642062,0.2852470576763153,1,0.2170114970786774,0.0,0.2872659339133956,0.0,0.0,0.0,0.10922538508412773,1.0,0.12415130826206415,0.0
32,7,2,0.445,0.3407815098762512,0.4398752077677701,0.2224719226360321,1,0.40706137316355945,1.0,0.29584615154191013,0.0,0.0,0.0,0.0447187544997469,0.0,0.23028253142891644,1.0
32,8,0,0.44,0.270000010728836,0.2993131657465113,0.1593514829874038,1,0.26099252809811974,0.0,0.26765915216106306,0.0,0.0,0.0,0.15231070284004256,0.0,0.22537454697140097,0.0
32,9,1,0.38,0.3517591655254364,0.4632890695528873,0.4855260252952575,1,0.6710886799299605,1.0,0.685620961338037,1.0,0.0,0.0,0.13652004642321822,0.0,0.02208421977991365,0.0
33,0,2,0.32,0.472982257604599,0.2302004642267357,0.1355558037757873,1,0.23258441423514487,0.0,0.13215872199065695,0.0,0.0,0.0,0.35300880530235346,0.0,0.29695120110735945,0.0
33,1,1,0.305,0.4080554544925689,0.2610234818842908,0.6183139681816101,1,0.3290278334700449,1.0,0.5061184959736456,1.0,0.25,1.0,0.15098871755160162,0.0,0.22191598796102008,1.0
33,2,0,0.39,0.1606984287500381,0.2903684947863233,0.4097813665866852,1,0.2777909870987274,0.0,0.23946625419402537,0.0,0.0,0.0,0.04614405512489864,0.0,0.08640336044680015,0.0
33,3,3,0.35,0.450513482093811,0.1954120149985034,0.5866495370864868,1,0.3150256933695761,1.0,0.3476900975009608,1.0,0.25,1.0,0.08293039709249671,0.0,0.6323867530534183,1.0
33,4,1,0.19,0.2754753232002258,0.2114890469023172,0.2536197900772095,1,0.2075991043272126,0.0,0.049060970539489136,0.0,0.0,0.0,0.10930347124728088,0.0,0.04184030114064313,0.0
33,5,0,0.36,0.2437528520822525,0.29544658560718,0.3932615220546722,1,0.28676685753142656,1.0,0.2377682622116862,0.0,0.0,0.0,0.10832842890519279,1.0,0.06979755021795994,0.0
33,6,0,0.235,0.2149639278650283,0.2645070055457715,0.5213502645492554,1,0.29619507550564556,1.0,0.31894817122223784,1.0,0.25,1.0,0.5112887701451484,0.0,0.3069361317025697,0.0
33,7,0,0.28,0.2893946766853332,0.3214233443716223,0.5204265713691711,1,0.32874045410342373,1.0,0.3605079936617768,1.0,0.25,1.0,0.13487874406830364,0.0,0.2807791311156051,0.0
33,8,3,0.255,0.3546686172485351,0.2409466058690167,0.3186773061752319,1,0.24279896787292446,0.0,0.2618040405850078,0.0,0.0,0.0,0.049217885717920996,0.0,0.1338136860133494,0.0
33,9,3,0.21,0.3451009690761566,0.2459027303512227,0.507689356803894,1,0.31308198207684823,0.0,0.30133153500567106,1.0,0.25,0.0,0.07995485676944906,0.0,0.16440491121247885,0.0
34,0,4,0.17,0.1170847713947296,0.3183184134055135,0.4897990524768829,0,0.22168230446131298,0.0,0.1496188066243152,0.0,0.0,0.0,0.38347072294023227,1.0,0.06880714033049233,0.0
34,1,1,0.41,0.2299169450998306,0.3745989900588015,0.357751190662384,0,0.29436271117113993,1.0,0.27466074390680567,1.0,0.0,0.0,0.15098871755160162,0.0,0.27312866109448275,1.0
34,2,1,0.32,0.1754675507545471,0.3865767818169334,0.3636649250984192,0,0.3351470387236237,0.0,0.43247163404524536,0.0,0.0,0.0,0.05185931760601544,0.0,0.5423372381517642,1.0
34,3,2,0.365,0.4749476015567779,0.3922652863342718,0.7494088411331177,0,0.30202226953197336,0.0,0.6171521216726175,1.0,0.25,1.0,0.1903466232936312,0.0,0.9790615173938723,1.0
34,4,2,0.47,0.214248389005661,0.4114767549198839,0.3583964705467224,0,0.30969542453693344,0.0,0.5747935715570872,0.0,0.0,0.0,0.1773378012279197,1.0,0.831045121494208,1.0
34,5,4,0.325,0.2401988953351974,0.3610529143830761,0.3777629137039184,0,0.310515181561622,0.0,0.21436079061177066,0.0,0.0,0.0,0.29217040858777066,1.0,0.0853921386264183,1.0
34,6,0,0.4,0.2585131525993347,0.3278290662486365,0.6410341858863831,0,0.32019371423443627,1.0,0.5261464153390111,1.0,0.25,1.0,0.5112887701451484,0.0,0.9299401978511952,0.0
34,7,3,0.355,0.4620806276798248,0.2887522006030216,0.6481128931045532,0,0.28956276381736085,1.0,0.3806068698548391,1.0,0.25,1.0,0.4843196809463986,1.0,0.16612502800890952,0.0
34,8,1,0.34,0.2648365199565887,0.2100368664638118,0.5555566549301147,0,0.25972103841708916,0.0,0.30328886215659523,0.0,0.25,0.0,0.4821881289482035,1.0,0.2891001019292591,0.0
34,9,4,0.305,0.4403473436832428,0.3418691855601581,0.5407416224479675,0,0.3967754787861569,1.0,0.6955921105221173,1.0,0.25,1.0,0.01964223617156681,1.0,0.647267646227422,1.0
35,0,0,0.53,0.4803829193115234,0.3343106697589841,0.6955181956291199,1,0.5270768199908931,1.0,0.698434469554327,0.0,0.5,1.0,0.925339254262575,1.0,0.7789333642551102,1.0
35,1,4,0.605,0.7169972658157349,0.2960140982075035,0.9491923451423644,1,0.6656150609581877,1.0,0.974335061526807,1.0,0.75,1.0,0.5155562688285742,0.0,0.9999960830875235,1.0
35,2,2,0.61,0.7003174424171448,0.3562233032274522,0.6432145833969116,1,0.6209551921893383,1.0,0.89282302810066,1.0,0.75,1.0,0.853031027553969,1.0,0.9888518782735501,1.0
35,3,3,0.665,0.707632839679718,0.3666701794850014,0.5772489309310913,1,0.6035176529122329,1.0,0.7041933675459772,1.0,0.75,1.0,0.10941617168529874,1.0,0.8570895582766085,1.0
35,4,0,0.58,0.3565715551376343,0.3751727719717267,0.4790816307067871,1,0.39106803033584603,0.0,0.5430166813404281,1.0,0.25,0.0,0.10826596702506493,1.0,0.9050613416480495,1.0
35,5,2,0.615,0.6832181811332703,0.2946710548970713,0.6286519169807434,1,0.3294611726573167,0.0,0.880185675004015,1.0,0.75,1.0,0.4357506352712059,0.0,0.9577890406369273,1.0
35,6,3,0.65,0.6696358323097229,0.3120284368493166,0.8477867841720581,1,0.47112400324990106,1.0,0.9168535867063505,1.0,0.75,1.0,0.1753797624054017,0.0,0.9879784017887844,1.0
35,7,3,0.59,0.9138796329498292,0.3113382211917304,0.6658177375793457,1,0.3670709991367657,1.0,0.6259123259377104,1.0,0.75,1.0,0.20275097118795155,1.0,0.014816363339543184,0.0
35,8,0,0.73,0.3392612040042877,0.2392080932061467,0.2857694327831268,1,0.23133209069649774,0.0,0.3383484970876715,0.0,0.25,0.0,0.15231070284004256,0.0,0.17884472481552907,0.0
35,9,2,0.63,0.5055460333824158,0.2874377337475096,0.7869048714637756,1,0.4978388233542779,1.0,0.7189716869329,1.0,0.75,1.0,0.05029186048157653,1.0,0.9408931520496983,1.0
36,0,3,0.17,0.1199206933379173,0.4338607554169689,0.8915243744850159,0,0.20709130412609086,0.0,0.7219246597566865,1.0,0.25,1.0,0.7455359531972481,1.0,0.9834240034074033,0.0
36,1,3,0.285,0.0491101182997226,0.36349191536392,0.8779954314231873,0,0.5447513961841396,1.0,0.34947512130895014,1.0,0.25,1.0,0.2026441948340226,1.0,0.008607418160236283,0.0
36,2,2,0.285,0.0369324050843715,0.2879817430447802,0.5468425750732422,0,0.3969028271211475,1.0,0.2592058445573589,1.0,0.25,1.0,0.055128915626669474,0.0,0.03841841432561036,1.0
36,3,1,0.245,0.0877778008580207,0.4596697683126491,0.6077324151992798,0,0.2766008014508483,1.0,0.3865227648779102,1.0,0.25,1.0,0.09703652016148723,1.0,0.1653663972389021,0.0
36,4,3,0.165,0.0148502560332417,0.4391407455570633,0.313065230846405,0,0.3682579025209092,1.0,0.144198347357277,0.0,0.0,0.0,0.0607033087963702,0.0,0.133858390441595,0.0
36,5,0,0.15,0.0096230395138263,0.3473719851188894,0.5516037344932556,0,0.22564417159731176,0.0,0.06075669883455645,0.0,0.25,0.0,0.19165035469647482,1.0,0.0009430254480842699,0.0
36,6,0,0.205,0.1508814990520477,0.3277148888804931,0.8078228235244751,0,0.33596733582701344,1.0,0.6020481656133885,1.0,0.25,1.0,0.49471541316821704,0.0,0.7830210466871032,0.0
36,7,2,0.225,0.0698489397764206,0.4017710306709467,0.8675320148468018,0,0.1828284880824742,0.0,0.7311935064631314,1.0,0.25,1.0,0.3785141352526423,1.0,0.22031309664943635,1.0
36,8,4,0.21,0.0472829677164554,0.2533777273059433,0.8470445275306702,0,0.18018513435372382,0.0,0.19528198865423405,0.0,0.25,1.0,0.12968627575428807,1.0,0.12213400167291985,0.0
36,9,1,0.245,0.0577078573405742,0.3793102531397299,0.4511669278144836,0,0.49561116922344767,1.0,0.32577934127434804,0.0,0.0,0.0,0.09424027186856761,0.0,0.054051586841188104,0.0
37,0,4,0.1,0.0163697153329849,0.253226298945358,0.5749602317810059,0,0.23814897366430743,0.0,0.07873262546788341,0.0,0.25,1.0,0.4503503413560788,1.0,0.013788871620827963,0.0
37,1,2,0.265,0.1122487559914588,0.2727042736687153,0.5620377063751221,0,0.2521000167239877,0.0,0.173264108782783,0.0,0.25,1.0,0.05420008234300817,0.0,0.012227086427403524,0.0
37,2,0,0.17,0.0559478662908077,0.2431819923794152,0.1930563300848007,0,0.2424209907559486,0.0,0.09158622080739304,0.0,0.0,0.0,0.04614405512489864,0.0,0.06322906747500145,0.0
37,3,1,0.135,0.1153038740158081,0.2230268074544656,0.2983518838882446,0,0.2756461277960868,1.0,0.17614444484252634,1.0,0.0,0.0,0.08042739856428682,0.0,0.15295803825107168,0.0
37,4,0,0.145,0.1791800111532211,0.3631612749828932,0.3602751493453979,0,0.1951996432330915,0.0,0.1756734176147074,0.0,0.0,0.0,0.07939925094721503,1.0,0.07800224186136864,0.0
37,5,2,0.18,0.2477133423089981,0.2091995057780736,0.4725146293640136,0,0.26133613181772813,0.0,0.2739559881979346,0.0,0.0,0.0,0.05582735053451196,0.0,0.2554142910017378,0.0
37,6,1,0.12,0.2526708841323852,0.2510121858540173,0.4750240445137024,0,0.21991100262766172,0.0,0.5023407613208166,1.0,0.0,0.0,0.5576848816529928,0.0,0.2244954217156592,0.0
37,7,0,0.11,0.1522508412599563,0.3112377920003633,0.3102034628391266,0,0.28004779864074103,1.0,0.17305774997844176,0.0,0.0,1.0,0.2091804964724607,1.0,0.5133045711331569,1.0
37,8,0,0.21,0.3261004984378814,0.1724754477417447,0.9595359563827516,0,0.4686568551149762,1.0,0.6544057927978384,1.0,0.25,0.0,0.20167155412967652,0.0,0.15326055161771013,0.0
37,9,3,0.105,0.1676066666841507,0.2239890578635028,0.4015647172927856,0,0.2313246212562243,0.0,0.10438668332065386,0.0,0.0,0.0,0.07995485676944906,0.0,0.012476542233519109,0.0
38,0,1,0.08,0.1880093812942505,0.2407051560266641,0.280156135559082,0,0.1588938811153331,0.0,0.12878847156687526,0.0,0.0,0.0,0.322433718888837,1.0,0.07386737996522547,0.0
38,1,4,0.095,0.208880141377449,0.2146114797492193,0.2030024826526641,0,0.147960096750434,0.0,0.09502185124664521,1.0,0.0,0.0,0.5508570542257456,0.0,0.018054898035017506,0.0
38,2,0,0.205,0.0718766972422599,0.2622371829107837,0.2312215864658355,0,0.2519349488355443,0.0,0.11656815967071332,0.0,0.0,0.0,0.04614405512489864,0.0,0.07407676719787956,0.0
38,3,2,0.2,0.3066023290157318,0.2315499266710278,0.0200869776308536,0,0.28901095262726456,0.0,0.13755228555624283,0.0,0.0,0.0,0.5355233632269237,0.0,0.21717695673248535,0.0
38,4,2,0.165,0.0940096452832222,0.3329575981121013,0.124598279595375,0,0.25286708884050757,0.0,0.1292443705298454,0.0,0.0,0.0,0.1773378012279197,1.0,0.3594925061228577,0.0
38,5,4,0.195,0.2335506528615951,0.2702954730456805,0.2600640654563904,0,0.2366823640504161,0.0,0.15901103296754088,0.0,0.0,0.0,0.29217040858777066,1.0,0.12863502826930545,1.0
38,6,3,0.23,0.2123690247535705,0.2964146884426823,0.0587969496846199,0,0.25258960245193846,0.0,0.1470297916053574,0.0,0.0,0.0,0.18883994367698195,0.0,0.0963603435642677,0.0
38,7,0,0.175,0.1207019537687301,0.3512803624059522,0.1275404989719391,0,0.24765072179534364,1.0,0.12967514399070407,0.0,0.0,1.0,0.2273260048375721,1.0,0.07778305841774832,0.0
38,8,2,0.18,0.1961289793252945,0.184175191198477,0.1130128353834152,0,0.24875217240903588,0.0,0.2056953880349976,0.0,0.0,0.0,0.11380392845942289,0.0,0.2872681249355352,0.0
38,9,0,0.195,0.1004111692309379,0.2715756420499034,0.2161629796028137,0,0.16987397779554822,0.0,0.06718480710482541,0.0,0.0,0.0,0.04134721433959245,1.0,0.03672961516695031,0.0
39,0,4,0.19,0.0139015158638358,0.2939484682088281,0.3050375580787658,0,0.21550996755228943,0.0,0.09032408402945,0.0,0.0,0.0,0.4503503413560788,1.0,0.009049469839608047,0.0
39,1,0,0.225,0.2333405315876007,0.2573768682434771,0.0861360728740692,0,0.2420381979011347,0.0,0.1802665402698502,0.0,0.0,0.0,0.0395399960621605,0.0,0.42500459684740505,0.0
39,2,1,0.24,0.3067898750305176,0.1903581888846372,0.2712134420871734,0,0.22155558799021277,0.0,0.11857268520262024,0.0,0.0,0.0,0.05102210667471407,0.0,0.07011344300080932,1.0
39,3,3,0.205,0.3477745056152344,0.172190628134016,0.4003249704837799,0,0.17858673048552243,0.0,0.1834188159796735,0.0,0.0,0.0,0.08293039709249671,0.0,0.2421928485216834,0.0
39,4,3,0.345,0.20823834836483,0.2880643636417064,0.0335963405668735,0,0.20865749266577727,0.0,0.21684314004365507,0.0,0.0,0.0,0.3736288932012093,0.0,0.0154338995606723,0.0
39,5,1,0.245,0.1211899295449256,0.2806955222731299,0.1389801055192947,0,0.17067125376106004,0.0,0.052926804090014615,0.0,0.0,1.0,0.03164645337754755,0.0,0.004478151698937887,0.0
39,6,2,0.27,0.197022333741188,0.2568497705884587,0.350518137216568,0,0.2893099725338084,0.0,0.28186590198070105,0.0,0.0,0.0,0.10922538508412773,1.0,0.17346205698975065,0.0
39,7,4,0.185,0.0991944372653961,0.3050440141225067,0.1755682379007339,0,0.2701328629604507,0.0,0.14803603653143582,0.0,0.0,0.0,0.16981614702750508,0.0,0.012567713693546924,0.0
39,8,1,0.265,0.1478598564863205,0.1716796456371767,0.4375367164611816,0,0.2156666349160068,0.0,0.16588679694280023,0.0,0.0,0.0,0.5010502273149373,1.0,0.08301872707876615,0.0
39,9,3,0.195,0.2349911332130432,0.2226622877657061,0.3175567984580993,0,0.25978678304446806,0.0,0.09952128350373272,0.0,0.0,0.0,0.07995485676944906,0.0,0.016441500605731615,0.0
40,0,3,0.185,0.1102641522884368,0.2873583123402153,0.0890169516205787,0,0.2457366251524,0.0,0.07699175537432804,0.0,0.0,0.0,0.13419333974100411,0.0,0.03129832480875298,0.0
40,1,2,0.22,0.0155869480222463,0.3530283811783736,0.0539861284196376,0,0.20052734975886552,0.0,0.08026417596822369,0.0,0.0,0.0,0.08312364361412654,0.0,0.02172729065847258,0.0
40,2,1,0.155,0.0550249591469764,0.2867530857467294,0.2166233658790588,0,0.19264695080285366,0.0,0.12505473561248007,0.0,0.0,0.0,0.09354804596219271,0.0,0.07423340404274897,1.0
40,3,3,0.12,0.0829103738069534,0.2519144577909554,0.0532823279500007,0,0.13782220574831724,0.0,0.09658016076354493,0.0,0.0,0.0,0.08293039709249671,0.0,0.15621539014559005,0.0
40,4,0,0.11,0.0327818393707275,0.3106630862201581,0.148518219590187,0,0.15234262546024824,0.0,0.07590220812103367,0.0,0.0,0.0,0.0661687174702862,0.0,0.15850818338743974,1.0
40,5,4,0.28,0.0856193006038665,0.322571413648364,0.3743634819984436,0,0.2717033346414936,0.0,0.12517203023744217,0.0,0.0,0.0,0.29217040858777066,1.0,0.21057580645392787,1.0
40,6,2,0.175,0.0621943213045597,0.3605607527193419,0.2909784018993377,0,0.23644370078281804,0.0,0.20513445780877299,0.0,0.0,0.0,0.10922538508412773,1.0,0.009560693096812603,0.0
40,7,1,0.25,0.0390134081244468,0.3380967619769536,0.1941275894641876,0,0.2617610544989973,1.0,0.14058105559530498,0.0,0.0,0.0,0.03238431148479647,0.0,0.0205640247424177,0.0
40,8,4,0.29,0.0220994967967271,0.2561117839869833,0.0573767647147178,0,0.14623749062165384,0.0,0.05948192190142007,0.0,0.0,0.0,0.12968627575428807,1.0,0.040849823892394,0.0
40,9,3,0.2,0.0975710153579711,0.2452741911100061,0.1458873152732849,0,0.21281947727207054,0.0,0.0423473303447197,0.0,0.0,0.0,0.07995485676944906,0.0,0.0912557801190498,0.0
41,0,2,0.31,0.1457893550395965,0.19662402960336,0.090428240597248,0,0.1789005431116386,0.0,0.07081128727831829,0.0,0.0,0.0,0.35300880530235346,0.0,0.003936879480383698,0.0
41,1,1,0.27,0.166899487376213,0.263130865877489,0.1876941472291946,0,0.24371511487950906,0.0,0.14991059091084902,0.0,0.0,0.0,0.15098871755160162,0.0,0.12165281158497895,1.0
41,2,2,0.16,0.1954085081815719,0.2194747299786366,0.2568315267562866,0,0.1607109438326289,1.0,0.08894062711952527,1.0,0.0,1.0,0.07211468832158514,0.0,0.044174238141364536,1.0
41,3,2,0.25,0.3165020644664764,0.246405526696748,0.0571056380867958,0,0.29622274380365154,0.0,0.17077269124548064,0.0,0.0,0.0,0.5930825726386517,0.0,0.24025070790464167,0.0
41,4,3,0.365,0.2505888938903808,0.2963230274484259,0.0320532768964767,0,0.21519628170145363,0.0,0.23740240540308555,0.0,0.0,0.0,0.3736288932012093,0.0,0.013865342194080227,0.0
41,5,4,0.29,0.2484732568264007,0.2581234017748199,0.2889849245548248,0,0.2539061483149045,0.0,0.22980111765485153,0.0,0.0,0.0,0.29217040858777066,1.0,0.07949017077880058,1.0
41,6,4,0.29,0.1522630900144577,0.2613475464320636,0.1920014917850494,0,0.17561646370914705,0.0,0.18209887907625394,0.0,0.0,0.0,0.44250011573446046,0.0,0.1726061501261941,0.0
41,7,1,0.26,0.1518937945365905,0.2885171857653965,0.2315371632575988,0,0.20128273916880768,0.0,0.10815748658014504,0.0,0.0,0.0,0.13606723748760263,0.0,0.05564955732872261,0.0
41,8,0,0.26,0.1724089086055755,0.1876298758798921,0.0100412284955382,0,0.2008353435197653,0.0,0.07395836617182328,0.0,0.0,0.0,0.1923736441260896,0.0,0.05039401340386377,0.0
41,9,2,0.325,0.1874915510416031,0.2399648177095047,0.2230510115623474,0,0.23642722521420023,0.0,0.15977878493290684,0.0,0.0,0.0,0.03960859247773131,0.0,0.06673201983665315,0.0
42,0,4,0.13,0.001270396169275,0.2506056900426974,0.318015843629837,1,0.2059524590891646,0.0,0.06020390376667874,0.0,0.0,0.0,0.4503503413560788,1.0,0.006974031608383716,0.0
42,1,2,0.245,0.1615770161151886,0.2773685185982673,0.1058338433504104,1,0.23121387028751594,0.0,0.11382153148318572,0.0,0.0,0.0,0.05420008234300817,0.0,0.004546393742669843,0.0
42,2,4,0.215,0.1166768968105316,0.2319836010847779,0.3782403767108917,1,0.20710789965263263,0.0,0.1906574326322486,0.0,0.0,0.0,0.08195444037486695,1.0,0.0016001718331812675,0.0
42,3,2,0.17,0.1468203365802765,0.2259167864719458,0.2068182975053787,1,0.23866252180193856,0.0,0.10335291137113167,0.0,0.0,0.0,0.5513591009962717,0.0,0.07301969220698398,0.0
42,4,0,0.195,0.0689772889018058,0.3264690745778618,0.2460401803255081,1,0.17776167951761787,0.0,0.12175524293505512,0.0,0.0,0.0,0.0661687174702862,0.0,0.10312966396406158,1.0
42,5,1,0.225,0.1329933851957321,0.2668476415506117,0.1399029493331909,1,0.1779876943254319,0.0,0.06163117529396589,0.0,0.0,1.0,0.03164645337754755,0.0,0.007214061648638711,0.0
42,6,3,0.215,0.1470774412155151,0.2808226687806324,0.0443373471498489,1,0.24428181739551258,0.0,0.09958892458928843,0.0,0.0,0.0,0.18883994367698195,0.0,0.10373451853099803,0.0
42,7,3,0.155,0.1382151544094085,0.2409675549355822,0.3768308758735657,1,0.19667397350095814,0.0,0.13276836380408352,0.0,0.0,0.0,0.4843196809463986,1.0,0.0620646676874614,0.0
42,8,1,0.165,0.1164785474538803,0.1875987320565086,0.5284391641616821,1,0.18607765679937258,0.0,0.1431762871320796,0.0,0.25,0.0,0.4821881289482035,1.0,0.11302902885250247,0.0
42,9,3,0.085,0.092199258506298,0.2235011503632629,0.2683774530887604,1,0.2004819148325382,0.0,0.05006956188094577,0.0,0.0,0.0,0.030104203490728447,0.0,0.061130737092049275,0.0
43,0,3,0.055,0.2780747413635254,0.387545124297576,0.0545021556317806,1,0.19716792213516932,0.0,0.09741021858946067,0.0,0.0,0.0,0.13419333974100411,0.0,0.06811406896474774,0.0
43,1,1,0.085,0.1516565680503845,0.373480277830748,0.2027367204427719,1,0.24617688521014217,0.0,0.06891727539389242,0.0,0.0,0.0,0.10370079729374854,0.0,1.3571856920200091e-06,0.0
43,2,4,0.04,0.0358919464051723,0.3364170858548954,0.3722832202911377,1,0.2585535882040555,1.0,0.1211461552816123,0.0,0.0,0.0,0.08195444037486695,1.0,0.06681605569151602,0.0
43,3,4,0.075,0.0171348843723535,0.317776548098981,0.30609792470932,1,0.2774899903388289,0.0,0.19386392516440676,0.0,0.0,0.0,0.14470640573784938,0.0,0.0763895473057263,0.0
43,4,4,0.045,0.0688421502709388,0.3669235800183736,0.2058814465999603,1,0.19293892542219057,0.0,0.10642283285444744,0.0,0.0,0.0,0.10709603823201672,0.0,0.07591645202584711,0.0
43,5,0,0.055,0.0483622252941131,0.3438358762995618,0.270655483007431,1,0.12492500172757082,0.0,0.03276468270945221,0.0,0.0,0.0,0.10832842890519279,1.0,0.0003264738893953568,0.0
43,6,4,0.045,0.2302662879228592,0.3091349195255029,0.1637846082448959,1,0.21882655645294538,0.0,0.09432359271834019,0.0,0.0,0.0,0.44250011573446046,0.0,0.1099189988115678,0.0
43,7,0,0.03,0.0281853806227445,0.4336984444664404,0.2327480912208557,1,0.3597795044271286,1.0,0.15951400049366915,0.0,0.0,1.0,0.2091804964724607,1.0,0.11685045930240925,0.0
43,8,0,0.05,0.0612392984330654,0.2253013152612064,0.0050903433002531,1,0.20759934700243207,0.0,0.05603892086632357,0.0,0.0,0.0,0.1923736441260896,0.0,0.0718887176316937,0.0
43,9,1,0.035,0.0476658642292022,0.3549246347512069,0.4126472175121307,1,0.4187506085226497,1.0,0.2862395272821747,0.0,0.0,0.0,0.09424027186856761,0.0,0.053657783958957636,0.0
44,0,3,0.185,0.6387128829956055,0.3361890207090245,0.267480194568634,0,0.24923893700495944,0.0,0.3697094404018378,0.0,0.25,1.0,0.163416628409889,0.0,0.011897639478443935,0.0
44,1,4,0.3,0.5960968732833862,0.2689967611323199,0.0172079931944608,0,0.37863553575425235,1.0,0.5110653740248786,1.0,0.25,1.0,0.49305621342256806,0.0,0.12068345235981297,0.0
44,2,2,0.295,0.493906557559967,0.3780283552258662,0.2881654500961303,0,0.20346876396403002,1.0,0.372146589096294,1.0,0.0,1.0,0.055128915626669474,0.0,0.03314586825285193,1.0
44,3,3,0.155,0.4709441065788269,0.2596662405484378,0.0718881264328956,0,0.13629319225356848,0.0,0.12566727808648367,0.0,0.0,0.0,0.08293039709249671,0.0,0.065217091464376,0.0
44,4,1,0.255,0.2507105767726898,0.267293256505229,0.0624917298555374,0,0.17827500864958132,0.0,0.07238848085116069,0.0,0.0,0.0,0.10930347124728088,0.0,0.015613872377080142,0.0
44,5,2,0.245,0.4056869447231293,0.2776614695841734,0.0406488664448261,0,0.33108979926872856,0.0,0.28054689952911605,0.0,0.0,0.0,0.14345073940302533,0.0,0.06565359124245665,0.0
44,6,4,0.18,0.412518173456192,0.339411929093442,0.0528964102268219,0,0.25260827802292746,0.0,0.11940344888312668,0.0,0.0,0.0,0.44250011573446046,0.0,0.1946837308931406,0.0
44,7,0,0.27,0.0967249795794487,0.3882641132515389,0.1580791473388672,0,0.2695423401513432,1.0,0.17431626993400373,0.0,0.0,1.0,0.2273260048375721,1.0,0.02696224998410099,0.0
44,8,2,0.24,0.4137198328971863,0.2541386924876412,0.1226095184683799,0,0.3316551744505442,1.0,0.5320058371453388,1.0,0.0,0.0,0.08813272113220398,0.0,0.6036333379449548,1.0
44,9,0,0.28,0.4241247773170471,0.2744734886225249,0.1460238546133041,0,0.21988718485081193,0.0,0.10373721812797722,0.0,0.0,0.0,0.04134721433959245,1.0,0.05043998139094542,0.0
45,0,1,0.14,0.0401922650635242,0.3250285511883745,0.3278972208499908,0,0.20943343067186296,0.0,0.16068104209395292,1.0,0.0,0.0,0.322433718888837,1.0,0.17986936493193678,1.0
45,1,1,0.22,0.1394508332014084,0.3146352789092219,0.3336940109729767,0,0.2626840201852673,1.0,0.13470636383636628,0.0,0.0,0.0,0.10370079729374854,0.0,0.010063704814774406,1.0
45,2,3,0.24,0.0252009313553571,0.3143228396035391,0.8237040638923645,0,0.40727366632603035,1.0,0.20016594251101424,1.0,0.25,1.0,0.0574600112809782,0.0,0.0009078327602699893,0.0
45,3,0,0.17,0.1068104058504104,0.3333382787135426,0.3458870947360992,0,0.27765437891832767,0.0,0.14799328566181616,0.0,0.0,0.0,0.08364130116650073,0.0,0.12478785929817365,0.0
45,4,3,0.22,0.0363560952246189,0.3684785323307867,0.520362138748169,0,0.3707092264954143,1.0,0.20208602512678536,0.0,0.25,0.0,0.052763178329024996,0.0,0.017379484288738686,0.0
45,5,3,0.17,0.1139726936817169,0.2713171083780193,0.3872249126434326,0,0.25041385186171894,0.0,0.15059610332690096,0.0,0.0,0.0,0.04517818434507508,1.0,0.18609221492134456,1.0
45,6,3,0.215,0.1899658590555191,0.3115151153439319,0.0379900336265563,0,0.2547299405790699,0.0,0.15089500281153703,0.0,0.0,0.0,0.18883994367698195,0.0,0.11111252754444396,0.0
45,7,2,0.24,0.1005303040146827,0.4071267693375486,0.5091110467910767,0,0.169189539178958,0.0,0.42934637431833245,0.0,0.25,1.0,0.3324881248736992,1.0,0.16704074959099297,1.0
45,8,1,0.265,0.1182018592953682,0.2248536087402394,0.2990859448909759,0,0.22310561080731484,0.0,0.17063146391406608,0.0,0.0,0.0,0.351636241568094,0.0,0.1534809172664572,0.0
45,9,1,0.12,0.0415290594100952,0.3140404743456081,0.4561245143413543,0,0.32779618062970034,1.0,0.25198765640905707,0.0,0.0,0.0,0.09424027186856761,0.0,0.04535760158243409,0.0
46,0,4,0.11,0.0013668700121343,0.2469299303470862,0.2432107478380203,0,0.1859243985146929,0.0,0.05051268204269899,0.0,0.0,0.0,0.5843472130070967,1.0,0.00782335921399301,0.0
46,1,3,0.09,0.1727566421031952,0.2480771131303578,0.2576673626899719,0,0.17568117454010637,0.0,0.08330773155883955,0.0,0.0,0.0,0.052387537641474455,0.0,0.032322182672252404,0.0
46,2,1,0.155,0.3128574788570404,0.1561354018039061,0.3278787732124328,0,0.2170182002950527,0.0,0.09029413787521745,0.0,0.0,0.0,0.04598930581766056,0.0,0.032242385171766114,0.0
46,3,0,0.045,0.0665072202682495,0.2175837853636641,0.2498943358659744,0,0.2531237873484154,0.0,0.044853411937266795,0.0,0.0,0.0,0.04699358756864447,0.0,0.0945067349573135,0.0
46,4,4,0.13,0.1087919995188713,0.3312171756361995,0.3591257929801941,0,0.2840047824793606,0.0,0.26994732858568576,0.0,0.0,0.0,0.4454277729177938,0.0,0.22995648981566494,0.0
46,5,0,0.13,0.1711836457252502,0.260951872791375,0.4294888079166412,0,0.2551609905347025,1.0,0.12530469154080412,0.0,0.0,0.0,0.10832842890519279,1.0,0.05197521995373658,0.0
46,6,0,0.165,0.1597103029489517,0.2635702632044784,0.2209580987691879,0,0.26571397656226564,0.0,0.15499101947575541,0.0,0.0,0.0,0.5112887701451484,0.0,0.27264674909176556,0.0
46,7,3,0.135,0.377034842967987,0.2229473973640263,0.0683780014514923,0,0.1898752233231702,0.0,0.10307181299641159,0.0,0.0,0.0,0.5449296636108375,1.0,0.6578144936295685,1.0
46,8,1,0.14,0.1135559305548667,0.1857802376475304,0.4282420873641968,0,0.18704581553671548,0.0,0.13446679965973474,0.0,0.0,0.0,0.5010502273149373,1.0,0.12599671646145325,0.0
46,9,2,0.17,0.1944027543067932,0.2198199409962054,0.3498872816562652,0,0.2264838702048575,0.0,0.12777358738201353,0.0,0.0,0.0,0.03960859247773131,0.0,0.08177168248471955,0.0
47,0,0,0.38,0.1009717136621475,0.2624952610118025,0.4147216975688934,0,0.3601277646665089,1.0,0.3232700060961968,0.0,0.0,0.0,0.7871345857992147,1.0,0.2729781784693507,1.0
47,1,2,0.5,0.1055653318762779,0.2923389564407921,0.4968532025814056,0,0.23972152855221426,0.0,0.23337636114581276,1.0,0.0,0.0,0.05420008234300817,0.0,0.007394622210081564,0.0
47,2,4,0.365,0.1150008589029312,0.2862099889738543,0.4300298988819122,0,0.20723076064108312,0.0,0.3049044991537721,0.0,0.0,0.0,0.08195444037486695,1.0,0.501787833387616,0.0
47,3,3,0.34,0.2395801842212677,0.2278746053437588,0.3884694576263428,0,0.2624407125405745,1.0,0.2716845436282511,1.0,0.0,0.0,0.08293039709249671,0.0,0.2533222524944477,0.0
47,4,4,0.54,0.2152623385190963,0.311900584035821,0.501325249671936,0,0.4901373861713461,0.0,0.7148196692161646,0.0,0.5,1.0,0.28259374099562007,0.0,0.7910164922952692,0.0
47,5,1,0.405,0.2494130283594131,0.287511117399974,0.4496815204620361,0,0.26611646430381297,0.0,0.28942492805130365,0.0,0.0,1.0,0.05633342700860776,1.0,0.19810598124796547,1.0
47,6,2,0.425,0.1267805844545364,0.259070302026434,0.3175858855247497,0,0.3561863778230386,1.0,0.337530572908103,0.0,0.0,0.0,0.10922538508412773,1.0,0.2492133510278526,1.0
47,7,4,0.4,0.06880434602499,0.3426395478144549,0.6901602149009705,0,0.2928976085011297,0.0,0.457860359754799,0.0,0.25,1.0,0.17150574415064854,0.0,0.5877146978455376,0.0
47,8,1,0.37,0.2046234756708145,0.1977459747897702,0.6441986560821533,0,0.23891450487204102,0.0,0.2512724454434442,0.0,0.25,0.0,0.4821881289482035,1.0,0.16975545819076499,0.0
47,9,0,0.38,0.0258590709418058,0.2805840468688826,0.2827708423137665,0,0.19053742259530618,0.0,0.08634519106106947,0.0,0.0,0.0,0.04134721433959245,1.0,0.011092897956756597,0.0
48,0,1,0.25,0.1008611842989921,0.2487983011807151,0.5025708675384521,0,0.2161663699617354,0.0,0.2656314126921202,1.0,0.25,1.0,0.322433718888837,1.0,0.10125134082527529,1.0
48,1,1,0.235,0.1915037482976913,0.2579663839562509,0.7180471420288086,0,0.3175284891166878,1.0,0.30037642057818725,1.0,0.25,1.0,0.10370079729374854,0.0,0.3596586273015821,1.0
48,2,0,0.165,0.2723285555839538,0.2690162577741042,0.4808754026889801,0,0.2640759576205502,0.0,0.19804655720412287,0.0,0.0,0.0,0.04614405512489864,0.0,0.04193578934805439,0.0
48,3,2,0.145,0.3513923585414886,0.2993836453339608,0.0344711914658546,0,0.2794006083270156,0.0,0.1963245792937211,0.0,0.0,0.0,0.5355233632269237,0.0,0.10552331653204257,0.0
48,4,4,0.235,0.2517676055431366,0.3081310813419045,0.6519458889961243,0,0.4886001647247884,0.0,0.8014629261102973,0.0,0.25,0.0,0.28461881822947954,0.0,0.8273412635178743,0.0
48,5,0,0.27,0.0976083055138588,0.287107476060372,0.3622931540012359,0,0.19777688785391348,0.0,0.09933535120929708,0.0,0.0,0.0,0.10832842890519279,1.0,0.006391599180137873,0.0
48,6,1,0.26,0.3276759088039398,0.2661722578540083,0.1680359989404678,0,0.27846837639203087,1.0,0.2983459549163427,0.0,0.0,0.0,0.5309398901857102,0.0,0.07690994265552195,0.0
48,7,4,0.25,0.0563613027334213,0.3454539765358264,0.5482196807861328,0,0.280938091110259,0.0,0.3226674473820482,0.0,0.25,1.0,0.17150574415064854,0.0,0.4595079152996908,0.0
48,8,1,0.17,0.2023900598287582,0.2269056909943186,0.4397843182086944,0,0.220048528110676,0.0,0.21894348597998767,0.0,0.0,0.0,0.5010502273149373,1.0,0.2117736974763805,0.0
48,9,4,0.24,0.4039109945297241,0.2436914324287656,0.2102324515581131,0,0.2717949514930433,1.0,0.14950359631962934,0.0,0.0,1.0,0.01964223617156681,1.0,0.07976303961413848,1.0
49,0,3,0.235,0.1978851109743118,0.3535206573755404,0.1749297380447387,0,0.24419158384236317,0.0,0.16096920433638426,0.0,0.0,0.0,0.163416628409889,0.0,0.26352892440835296,0.0
49,1,4,0.215,0.3041503429412842,0.2954311549535144,0.4121014773845672,0,0.3193022898443219,1.0,0.30378081861442374,1.0,0.0,0.0,0.5508570542257456,0.0,0.7692538915516663,0.0
49,2,1,0.21,0.051014419645071,0.2898304505265882,0.5484850406646729,0,0.35481865057990963,0.0,0.3023771656033542,0.0,0.25,1.0,0.11387154205449543,0.0,0.41954005162063246,1.0
49,3,2,0.245,0.1871993094682693,0.3262265927226931,0.206995815038681,0,0.24811292362478046,0.0,0.22131357907624774,0.0,0.0,0.0,0.1903466232936312,0.0,0.10976605881193122,0.0
49,4,2,0.22,0.1902490258216858,0.3372397927142547,0.5628748536109924,0,0.2844116876220588,0.0,0.3038710928420463,0.0,0.25,1.0,0.1773378012279197,1.0,0.09992901910850088,0.0
49,5,1,0.2,0.1298133581876754,0.2557974944549693,0.3325898945331573,0,0.20083285318427646,0.0,0.10594972300705434,0.0,0.0,1.0,0.03164645337754755,0.0,0.029600185435277464,0.0
49,6,1,0.26,0.0695146098732948,0.2640969234110278,0.5670852661132812,0,0.2233423517554188,0.0,0.3832084329632557,0.0,0.25,1.0,0.30259312590529386,0.0,0.2511072183693317,0.0
49,7,4,0.3,0.1089715287089347,0.3964492770478226,0.3839030265808105,0,0.28814768708613014,0.0,0.3527366308784966,0.0,0.0,0.0,0.16981614702750508,0.0,0.5710981394767243,0.0
49,8,1,0.255,0.1421891450881958,0.217775894947883,0.5604435205459595,0,0.2087805581226154,0.0,0.1901659880665363,0.0,0.25,0.0,0.4821881289482035,1.0,0.18140514645253925,0.0
49,9,4,0.22,0.06189651414752,0.2764663352086138,0.4969575703144073,0,0.3374707312343532,1.0,0.19247882872866337,1.0,0.0,1.0,0.012351366337415891,1.0,0.10565482639947761,1.0
50,0,0,0.1,0.0305989831686019,0.4096848228362006,0.1482464522123336,0,0.19867043339644827,0.0,0.12102960819190244,0.0,0.0,0.0,0.3818763958108465,0.0,0.16594737115140093,1.0
50,1,0,0.16,0.0743793249130249,0.3564140586811049,0.0253283381462097,0,0.2743418498451433,0.0,0.08449495459731227,0.0,0.0,0.0,0.0395399960621605,0.0,0.17877449875766138,0.0
50,2,3,0.12,0.01494443975389,0.3332017815910569,0.0765906348824501,0,0.1147296145123363,0.0,0.04675601901846016,0.0,0.0,0.0,0.018183211619829456,0.0,0.02935258603234638,0.0
50,3,1,0.19,0.0928896814584732,0.3900157723727634,0.2932798862457275,0,0.23805675092364686,0.0,0.17644267423443186,1.0,0.0,0.0,0.09703652016148723,1.0,0.4758365620156876,1.0
50,4,1,0.235,0.0436813309788703,0.3335316496533,0.0899995416402816,0,0.18641261596901562,0.0,0.16091202331525534,0.0,0.0,0.0,0.10938886970761455,0.0,0.0825042524494923,0.0
50,5,4,0.09,0.0329283811151981,0.2973714305415304,0.2260485589504242,0,0.21721955887371067,0.0,0.0496238193055531,0.0,0.0,0.0,0.29217040858777066,1.0,0.051010646293628975,0.0
50,6,2,0.18,0.0651480853557586,0.3354476327364548,0.2226487100124359,0,0.23701676536689295,0.0,0.18223152846526386,0.0,0.0,0.0,0.10922538508412773,1.0,0.09238944111444507,0.0
50,7,4,0.24,0.0235446169972419,0.4070763607281968,0.0900127738714218,0,0.28029287965122457,0.0,0.22298377926630356,0.0,0.0,0.0,0.3013001797284429,0.0,0.0033579690820344406,0.0
50,8,2,0.175,0.0471038296818733,0.2018896329461584,0.230234682559967,0,0.19992321214960143,0.0,0.10479494892840498,0.0,0.0,0.0,0.04571922279045299,0.0,0.09020586028206871,0.0
50,9,2,0.23,0.05117142572999,0.2786887608266733,0.1857853084802627,0,0.22173159972985876,0.0,0.12699611194217633,0.0,0.0,0.0,0.03960859247773131,0.0,0.1116357875448782,0.0
51,0,3,0.575,0.4230183959007263,0.3361281046988397,0.1039502322673797,1,0.3698212653430341,1.0,0.3282278282585693,0.0,0.25,1.0,0.13419333974100411,0.0,0.055606909779327925,0.0
51,1,2,0.46,0.113910399377346,0.3223379593308522,0.2277918756008148,1,0.23109689132027725,0.0,0.17975872223430472,0.0,0.0,0.0,0.05420008234300817,0.0,0.00711891576935955,0.0
51,2,0,0.46,0.1939433962106704,0.3016748405991672,0.2342167496681213,1,0.26394150039422354,0.0,0.26776459653372814,1.0,0.0,0.0,0.04614405512489864,0.0,0.024080284770530237,0.0
51,3,2,0.43,0.2839320600032806,0.285910978665904,0.1602994352579116,1,0.313577069057209,0.0,0.28386852529368983,1.0,0.0,0.0,0.6083909411762066,1.0,0.07370171341197775,0.0
51,4,2,0.5,0.2571704387664795,0.2997453112310568,0.406505286693573,1,0.2711635036211883,0.0,0.2586539269542581,0.0,0.0,0.0,0.1510333650906719,1.0,0.18695305197188294,0.0
51,5,0,0.615,0.051184844225645,0.2950372869089367,0.3372273743152618,1,0.20812240149508845,0.0,0.16043302471798682,0.0,0.25,0.0,0.10832842890519279,1.0,0.02029151760306117,0.0
51,6,1,0.52,0.1209781989455223,0.2793175649020022,0.2078096717596054,1,0.29899198899047574,1.0,0.16636207267289838,0.0,0.25,1.0,0.2803283385818892,0.0,0.002253661188586542,0.0
51,7,4,0.52,0.0877384468913078,0.3593048627690262,0.1439734399318695,1,0.29411524524180294,0.0,0.31623482710670914,0.0,0.25,1.0,0.16981614702750508,0.0,0.006464710713676274,0.0
51,8,4,0.46,0.0935373306274414,0.2430958868354504,0.1568958014249801,1,0.20193044809483743,0.0,0.11981186418269953,0.0,0.0,0.0,0.11155774130808728,0.0,0.07971283866111364,0.0
51,9,0,0.465,0.0370516255497932,0.2790403436542359,0.3686282038688659,1,0.23505479334976184,0.0,0.13533996534109435,0.0,0.0,0.0,0.04134721433959245,1.0,0.012775999552410914,0.0
52,0,4,0.225,0.0346674844622612,0.3019531562918063,0.1719374060630798,0,0.20781194005711043,0.0,0.09377112665086176,0.0,0.0,0.0,0.18124712963834533,0.0,0.009495921700167621,0.0
52,1,0,0.1,0.2831561267375946,0.3168167079590205,0.0685474872589111,0,0.2524173973594941,0.0,0.17206934033231636,0.0,0.0,0.0,0.0395399960621605,0.0,0.2638815843229846,0.0
52,2,3,0.135,0.1240165457129478,0.295565737988549,0.0082320207729935,0,0.13052470175613146,0.0,0.06670150651968605,0.0,0.0,0.0,0.018183211619829456,0.0,0.006401255009142462,0.0
52,3,0,0.075,0.1970432102680206,0.2901628740896058,0.1039629057049751,0,0.24019002137723566,0.0,0.04774565132978556,0.0,0.0,0.0,0.052602325461277986,0.0,0.08421459396649045,0.0
52,4,0,0.205,0.3507086336612701,0.3187552120401228,0.1563046276569366,0,0.24782904423449056,0.0,0.18176596773826373,0.0,0.0,0.0,0.07939925094721503,1.0,0.1680384123203511,1.0
52,5,3,0.46,0.4006438851356506,0.2682310319152053,0.226988598704338,0,0.3547783985804042,0.0,0.5154848908536264,1.0,0.0,0.0,0.04517818434507508,1.0,0.8898523806143294,1.0
52,6,0,0.195,0.3226962983608246,0.281680097205822,0.0454958342015743,0,0.24354739825485905,0.0,0.16441764522817012,0.0,0.0,0.0,0.5112887701451484,0.0,0.09520844491911555,0.0
52,7,3,0.3,0.7766008377075195,0.2196355318399668,0.0298641696572303,0,0.211827904547606,0.0,0.17687029844597685,0.0,0.25,1.0,0.2448552897505291,1.0,0.6320442526175548,1.0
52,8,3,0.09,0.0764329731464386,0.2104462181915387,0.2179269939661026,0,0.20693148155491117,0.0,0.11373445197024973,0.0,0.0,0.0,0.06098163367053541,0.0,0.3557882952094524,0.0
52,9,3,0.295,0.5683681964874268,0.2223242670730398,0.1386084854602813,0,0.33973483144599453,0.0,0.15909485876265655,0.0,0.25,0.0,0.07995485676944906,0.0,0.00948973294915338,0.0
53,0,0,0.18,0.0714356303215026,0.3593335066509772,0.1678958535194397,0,0.20894361828295294,0.0,0.14098417111031497,0.0,0.0,0.0,0.41483445998215884,0.0,0.12957589964599367,0.0
53,1,2,0.17,0.0934272930026054,0.357035163477417,0.0969529598951339,0,0.21471700747190425,0.0,0.10037084144152418,0.0,0.0,0.0,0.05420008234300817,0.0,0.05736527396101666,0.0
53,2,2,0.21,0.255882203578949,0.2989691775370112,0.3333514928817749,0,0.19646637973234346,1.0,0.18346072251306597,1.0,0.0,1.0,0.055128915626669474,0.0,0.08721127980372945,1.0
53,3,4,0.07,0.2120476216077804,0.3270243717984852,0.4764010012149811,0,0.2964610258722433,0.0,0.29425956828991817,0.0,0.0,0.0,0.14470640573784938,0.0,0.05988733407423438,0.0
53,4,4,0.03,0.079724982380867,0.3515637390781009,0.3072230517864227,0,0.23546176650429473,0.0,0.1817016315234097,0.0,0.0,0.0,0.41347988547876385,0.0,0.11465437850734919,0.0
53,5,2,0.195,0.3295216858386993,0.2809691360683987,0.1965392678976059,0,0.28147915871467616,0.0,0.20149494182121805,0.0,0.0,0.0,0.14345073940302533,0.0,0.1283190193982442,0.0
53,6,2,0.195,0.1582235991954803,0.3536605400005864,0.3631574213504791,0,0.22963881307654266,0.0,0.24803954801117314,0.0,0.0,0.0,0.10922538508412773,1.0,0.004931684765080322,0.0
53,7,3,0.18,0.1901808381080627,0.3078544647422288,0.2327323406934738,0,0.21752362670709977,0.0,0.16466714113868838,0.0,0.0,0.0,0.5449296636108375,1.0,0.07913433441727505,0.0
53,8,3,0.17,0.131185382604599,0.2310228344371184,0.296525090932846,0,0.26165855514788083,0.0,0.1773779760179751,0.0,0.0,0.0,0.06098163367053541,0.0,0.18446875926438053,0.0
53,9,2,0.18,0.2090492695569992,0.27008564821066,0.3363675773143768,0,0.24822410514925172,0.0,0.1791254276811931,0.0,0.0,0.0,0.03960859247773131,0.0,0.1570005432745908,0.0
54,0,0,0.27,0.4534425735473633,0.2565211043376052,0.0506448931992054,1,0.20805779141160188,0.0,0.10924546696327243,0.0,0.0,0.0,0.41319173257588443,0.0,0.15941962389837305,1.0
54,1,3,0.2,0.3735854029655456,0.2471553316722559,0.0874913707375526,1,0.1622080661842982,0.0,0.16183522446729412,0.0,0.0,0.0,0.052387537641474455,0.0,0.44066880187903856,0.0
54,2,2,0.21,0.5412293672561646,0.2129495109628373,0.228371113538742,1,0.1595619730694116,1.0,0.17830002896202815,1.0,0.25,1.0,0.07211468832158514,0.0,0.006897401543520774,0.0
54,3,3,0.2,0.3904663026332855,0.1785530845266662,0.0546562597155571,1,0.1254387488477273,0.0,0.11292392971853608,0.0,0.0,0.0,0.08293039709249671,0.0,0.10481333529079666,0.0
54,4,0,0.215,0.119374006986618,0.31332541363968,0.1337785720825195,1,0.1919143649643558,0.0,0.11027200068777292,0.0,0.0,0.0,0.07939925094721503,1.0,0.0725411739177687,0.0
54,5,2,0.16,0.4532172083854675,0.2124604311874566,0.0438817627727985,1,0.3633966117444258,0.0,0.3522266493564994,0.0,0.0,0.0,0.14345073940302533,0.0,0.029379789183836522,0.0
54,6,3,0.13,0.1421392560005188,0.2655179887814683,0.0239783115684986,1,0.23531396964712248,0.0,0.06551736445223878,0.0,0.0,0.0,0.18883994367698195,0.0,0.2603688414969822,1.0
54,7,2,0.205,0.43809774518013,0.248803316199453,0.080171026289463,1,0.23371792726130183,0.0,0.11941234532358318,0.0,0.0,0.0,0.032807004571143696,0.0,0.0009246749657623286,0.0
54,8,0,0.22,0.2252380698919296,0.1980076573931716,0.004700724966824,1,0.19715423640366345,0.0,0.09406746839387517,0.0,0.0,0.0,0.1770267911636778,0.0,0.08529740786520276,0.0
54,9,4,0.22,0.3507106900215149,0.2533997028051675,0.0641668662428855,1,0.21320231356535815,0.0,0.07119000949974692,0.0,0.0,1.0,0.01964223617156681,1.0,0.12880903343974515,1.0
55,0,2,0.33,0.6133278608322144,0.293696085771222,0.0779913663864135,1,0.2922955191460961,0.0,0.21229306194476563,0.0,0.25,0.0,0.4784418095283901,0.0,0.2641085066470642,0.0
55,1,4,0.295,0.4798071086406708,0.2645839964978962,0.1157724782824516,1,0.3397916170686914,1.0,0.4033411323650835,1.0,0.0,0.0,0.49305621342256806,0.0,0.6841493495908081,0.0
55,2,1,0.15,0.4545723795890808,0.28900967449389,0.2490904182195663,1,0.21646045623438334,0.0,0.18414647883022034,0.0,0.0,0.0,0.06490157801812081,0.0,0.010209106300355089,0.0
55,3,3,0.35,0.4949968159198761,0.2298415280587472,0.0547874793410301,1,0.19678136489783157,0.0,0.19407744103701516,0.0,0.0,0.0,0.08293039709249671,0.0,0.22705907430302744,0.0
55,4,0,0.315,0.3983416855335235,0.3276503511019149,0.2840168178081512,1,0.3022127672463492,0.0,0.3054964952493693,0.0,0.0,0.0,0.07939925094721503,1.0,0.16182205491356985,1.0
55,5,2,0.27,0.4483736455440521,0.2263709688556005,0.1366623193025589,1,0.35819563197081555,0.0,0.4540834576090351,0.0,0.0,0.0,0.14345073940302533,0.0,0.08848904664101623,0.0
55,6,4,0.29,0.4376690685749054,0.2834894699427642,0.2246713042259216,1,0.24761733388852733,0.0,0.24705699665382871,0.0,0.0,0.0,0.44250011573446046,0.0,0.3510513669237384,1.0
55,7,1,0.265,0.3260415494441986,0.291901557418822,0.2996231615543365,1,0.1861392943441366,0.0,0.13754688190331174,0.0,0.0,0.0,0.026167713152852143,0.0,0.10278028460886844,0.0
55,8,3,0.28,0.3343292772769928,0.2171978304838707,0.2132488191127777,1,0.19509194410054784,0.0,0.207027182273701,0.0,0.0,0.0,0.049217885717920996,0.0,0.07820725090464214,0.0
55,9,0,0.05,0.3769139647483825,0.2792792406652446,0.2253146767616272,1,0.21080232864071854,0.0,0.13821725147771713,0.0,0.0,0.0,0.04134721433959245,1.0,0.1515921148092167,1.0
56,0,3,0.185,0.4442723393440246,0.4124754536948926,0.181343138217926,0,0.22785019423268907,0.0,0.26423133138557614,0.0,0.0,0.0,0.23623483994055747,0.0,0.01433508235393543,0.0
56,1,3,0.29,0.2677081227302551,0.3732773661490309,0.3154956102371216,0,0.3574599073031996,1.0,0.3525546292958187,1.0,0.0,0.0,0.2026441948340226,1.0,0.12735749294876272,0.0
56,2,1,0.22,0.1753531992435455,0.3164406666210316,0.2111508101224899,0,0.21732132797613024,0.0,0.18733452209004423,0.0,0.0,0.0,0.05185931760601544,0.0,0.25662249798782344,1.0
56,3,1,0.175,0.1638022363185882,0.3837085774556191,0.336339384317398,0,0.24728397038633976,0.0,0.18842414657399043,1.0,0.0,0.0,0.09703652016148723,1.0,0.1613067822746495,0.0
56,4,1,0.225,0.3011590242385864,0.3074895963318362,0.2021149098873138,0,0.2480352338754892,0.0,0.1308163518085238,0.0,0.0,0.0,0.10938886970761455,0.0,0.096644655610586,0.0
56,5,2,0.19,0.3809896111488342,0.2584234083549318,0.2131781876087188,0,0.2963155799379567,0.0,0.26652051473045224,0.0,0.0,0.0,0.14345073940302533,0.0,0.11002896684138862,0.0
56,6,4,0.19,0.2888145744800567,0.2859835406256875,0.1148906946182251,0,0.19255646805264273,0.0,0.13132459139747205,0.0,0.0,0.0,0.44250011573446046,0.0,0.1445250765077593,0.0
56,7,3,0.235,0.412595272064209,0.4026730884958014,0.3575169444084167,0,0.29623864687057144,1.0,0.39411250244930107,1.0,0.0,0.0,0.4843196809463986,1.0,0.2281579693349314,0.0
56,8,0,0.16,0.1181094869971275,0.3169220953344183,0.0102424025535583,0,0.30761790802730155,1.0,0.11873362217192517,0.0,0.0,0.0,0.1923736441260896,0.0,0.18022824161576045,0.0
56,9,4,0.22,0.2619757950305938,0.3291751258360902,0.2237956374883651,0,0.2419504199867765,1.0,0.17628066425251376,0.0,0.0,1.0,0.012351366337415891,1.0,0.15732428514480393,1.0
57,0,0,0.505,0.1550735980272293,0.4426591436753633,0.1642920225858688,0,0.2747920918500317,1.0,0.39991360672948517,0.0,0.25,1.0,0.7023848838430675,1.0,0.20857764564559944,1.0
57,1,3,0.48,0.2088471949100494,0.3707592785717168,0.1981922835111618,0,0.41129794383359347,1.0,0.44267095888700486,1.0,0.0,0.0,0.17587477540140622,1.0,0.8948406793641228,0.0
57,2,2,0.495,0.2914832532405853,0.4122671135694032,0.1967353522777557,0,0.2493967744921207,1.0,0.42373203781764524,1.0,0.0,1.0,0.853031027553969,1.0,0.07805993239040132,1.0
57,3,2,0.49,0.6322845816612244,0.3767373386747215,0.6273234486579895,0,0.3823213299793091,1.0,0.7146311831908918,1.0,0.5,1.0,0.6843417870173066,1.0,0.9996525458488111,1.0
57,4,2,0.535,0.1676340401172638,0.4044297497219867,0.2491446286439895,0,0.29973868289678757,0.0,0.5221039918135998,0.0,0.25,1.0,0.1773378012279197,1.0,0.37464834740931297,1.0
57,5,3,0.37,0.1726021468639373,0.2978449525629925,0.4106231033802032,0,0.34005638333112825,0.0,0.2744736755440529,0.0,0.0,0.0,0.04517818434507508,1.0,0.13017573539510466,1.0
57,6,1,0.425,0.3259072303771972,0.3179788502829712,0.2923771142959595,0,0.2826299889346231,1.0,0.3127228844427201,0.0,0.0,0.0,0.6011711735235072,0.0,0.48027880737087153,1.0
57,7,4,0.355,0.0834409892559051,0.4506154244203006,0.1488825529813766,0,0.2975967964547918,0.0,0.351453829955386,0.0,0.0,0.0,0.16981614702750508,0.0,0.07085779482163168,0.0
57,8,3,0.515,0.1183384135365486,0.3068165184493109,0.2999989986419678,0,0.5281302846449328,0.0,0.4235361089890434,0.0,0.25,0.0,0.9319823926523557,1.0,0.8717079606029126,0.0
57,9,1,0.4,0.0830698832869529,0.377836603876611,0.4242735803127289,0,0.5066184749261691,1.0,0.2911231535962469,0.0,0.0,0.0,0.09424027186856761,0.0,0.08608177921035,0.0
58,0,4,0.67,0.7267991304397583,0.3554381894001589,0.2176133692264557,0,0.4564824982522439,1.0,0.8119149226778626,1.0,0.5,1.0,0.5523877882668269,1.0,0.8983035998138263,1.0
58,1,3,0.715,0.5217324495315552,0.3973051352679118,0.0754518285393714,0,0.43541300955476636,1.0,0.8188057212554233,1.0,0.5,1.0,0.17587477540140622,1.0,0.8121303395964654,0.0
58,2,3,0.435,0.6463686227798462,0.3202163355343947,0.0134171908721327,0,0.20491036572888943,0.0,0.5233101326855667,1.0,0.25,1.0,0.018183211619829456,0.0,0.04429162706935488,0.0
58,3,3,0.66,0.5266916751861572,0.3637654591794089,0.0548668019473552,0,0.4284285383551034,1.0,0.4750274980560752,1.0,0.5,1.0,0.08293039709249671,0.0,0.5283601591386365,1.0
58,4,1,0.68,0.7088719606399536,0.36530134592337,0.1300725191831588,0,0.4120507812558412,1.0,0.2675270643612283,0.0,0.5,1.0,0.11639500169412442,1.0,0.5508850971262471,1.0
58,5,1,0.65,0.3285969793796539,0.3087073566599983,0.0236251503229141,0,0.23397351785025378,0.0,0.23017062233124105,0.0,0.25,1.0,0.05633342700860776,1.0,0.00023996101452542236,0.0
58,6,2,0.72,0.4908399581909179,0.3422628912840039,0.2831378877162933,0,0.26261582255277954,0.0,0.49898434639770695,0.0,0.25,1.0,0.10922538508412773,1.0,0.8894133285159265,1.0
58,7,1,0.695,0.7820714712142944,0.3170781760268751,0.1559679210186004,0,0.3132282632417415,1.0,0.5733955147989954,0.0,0.5,0.0,0.022897214482309827,0.0,0.15950280421636034,0.0
58,8,1,0.655,0.4565814137458801,0.337200360803893,0.1314661651849746,0,0.4714433070044531,1.0,0.6828957053334312,1.0,0.25,0.0,0.26903240250994387,0.0,0.8005645159666607,1.0
58,9,2,0.64,0.6532339453697205,0.3095083581346055,0.1814869046211242,0,0.3864016801836143,1.0,0.6075136843840192,1.0,0.5,1.0,0.5261487519339518,1.0,0.3443948139094202,1.0
59,0,1,0.16,0.1359500586986541,0.3669416911732387,0.5133506059646606,0,0.32597797988536953,1.0,0.3418456069144181,1.0,0.25,1.0,0.322433718888837,1.0,0.2783224041525976,1.0
59,1,0,0.095,0.2004503458738327,0.360862034590368,0.7194851636886597,0,0.22949581339089745,0.0,0.1352013405826445,0.0,0.25,1.0,0.0395399960621605,0.0,0.07499411207905642,0.0
59,2,3,0.2,0.3912763893604278,0.2886434624418376,0.4969919621944427,0,0.3639636063755831,1.0,0.3373702500721139,1.0,0.0,0.0,0.060564021581604774,1.0,0.006036535540722346,0.0
59,3,0,0.17,0.347617894411087,0.3174968007182878,0.6333880424499512,0,0.2460725624665491,0.0,0.2739281258195644,0.0,0.25,0.0,0.08364130116650073,0.0,0.15789728452222807,0.0
59,4,2,0.315,0.2960796654224396,0.3377435086330202,0.5755512118339539,0,0.2919047683589255,0.0,0.3684360817660931,0.0,0.25,1.0,0.160956598434542,1.0,0.30044935780037174,0.0
59,5,1,0.13,0.1640457659959793,0.3025498226047366,0.2083535641431808,0,0.169320409966686,0.0,0.044963212820000945,0.0,0.0,1.0,0.03164645337754755,0.0,0.00944193478420806,0.0
59,6,3,0.195,0.3270078897476196,0.3263600063009597,0.4816872179508209,0,0.37562378888526643,1.0,0.4136283112139861,1.0,0.0,0.0,0.18883994367698195,0.0,0.6863554494695165,1.0
59,7,3,0.23,0.5662627816200256,0.3511788686620248,0.2968505918979645,0,0.24445734059674776,0.0,0.35136910506445423,1.0,0.25,1.0,0.20275097118795155,1.0,0.02606761237718797,0.0
59,8,1,0.145,0.1901729702949524,0.2218482852913525,0.3295356333255768,0,0.21885155614094373,0.0,0.19766324266289567,0.0,0.0,0.0,0.351636241568094,0.0,0.20955080086053424,0.0
59,9,1,0.025,0.0633511915802955,0.326504298566208,0.5134978294372559,0,0.37459782169208844,1.0,0.34824524846890903,0.0,0.25,0.0,0.09424027186856761,0.0,0.0289257822857428,0.0
60,0,4,0.24,0.083965852856636,0.3473442635728315,0.3330776989459991,1,0.22213138697636736,0.0,0.16139954896509234,0.0,0.0,0.0,0.38347072294023227,1.0,0.04478749277671925,0.0
60,1,0,0.14,0.2780142426490783,0.3527706944217551,0.7412428855895996,1,0.23443915157501063,0.0,0.18998904176528322,0.0,0.25,1.0,0.0395399960621605,0.0,0.24355111260883805,0.0
60,2,0,0.215,0.1953643411397934,0.3498118099162504,0.3268019258975982,1,0.3027035028831377,0.0,0.26968685511981433,1.0,0.0,0.0,0.04614405512489864,0.0,0.17739501564353738,0.0
60,3,0,0.18,0.4968282878398895,0.3552337842693816,0.5518925786018372,1,0.23235164063357636,0.0,0.27746678333476865,0.0,0.25,0.0,0.08364130116650073,0.0,0.13391477888722997,0.0
60,4,0,0.155,0.2624406814575195,0.3728956788831158,0.3703429400920868,1,0.2190426039197518,0.0,0.21419390339754957,0.0,0.0,0.0,0.07939925094721503,1.0,0.012864585532696588,0.0
60,5,3,0.285,0.3845297992229461,0.2749601539445385,0.4190598726272583,1,0.2694555538020616,0.0,0.3724793889305362,1.0,0.0,0.0,0.04517818434507508,1.0,0.2917559192750945,1.0
60,6,2,0.135,0.5464122295379639,0.3389400352376397,0.3874287903308868,1,0.14977243737439166,0.0,0.2516307297619984,0.0,0.25,1.0,0.10922538508412773,1.0,0.004260257161250012,0.0
60,7,4,0.185,0.1654512286186218,0.427080623362246,0.6735649704933167,1,0.29005642270424276,0.0,0.46477544150882677,0.0,0.25,1.0,0.16041259024665772,0.0,0.16455405163148504,0.0
60,8,2,0.18,0.4168606996536255,0.2229687140088858,0.2550646960735321,1,0.30079246513996566,1.0,0.4466455279804354,1.0,0.0,0.0,0.08813272113220398,0.0,0.33633730821899405,0.0
60,9,1,0.235,0.1756531894207,0.3824175260249536,0.5021311640739441,1,0.5327228676425929,1.0,0.4700961029964526,0.0,0.25,0.0,0.14749201849489185,0.0,0.03133361804203663,0.0
61,0,0,0.66,0.3280520737171173,0.3678322141247642,0.7097943425178528,1,0.5594893520978584,1.0,0.8052980188162316,0.0,0.5,1.0,0.925339254262575,1.0,0.9005477769353453,1.0
61,1,2,0.72,0.4626664817333221,0.4015656177682088,0.498513251543045,1,0.3288697852683906,1.0,0.6806751160890611,1.0,0.25,1.0,0.3616148725959914,1.0,0.6485079306305129,1.0
61,2,1,0.75,0.4190985858440399,0.3408871147376782,0.572771430015564,1,0.5932503798830183,1.0,0.8007123023255236,1.0,0.5,1.0,0.3526670375647852,1.0,0.9980384195096941,1.0
61,3,4,0.7,0.2352444380521774,0.2962146848958327,0.5601550936698914,1,0.28829738086945816,0.0,0.628006724396735,0.0,0.5,1.0,0.1962909252832664,0.0,0.1374972462689186,0.0
61,4,3,0.71,0.2136088013648986,0.3802001415621088,0.8886938691139221,1,0.5115783791869418,1.0,0.5966031160870694,0.0,0.5,1.0,0.35427797830558966,0.0,0.2056808106262228,0.0
61,5,3,0.66,0.5397323966026306,0.2854336844320879,0.3508866727352142,1,0.4582502941815801,0.0,0.7869624178185037,1.0,0.5,1.0,0.04517818434507508,1.0,0.9967355478188055,1.0
61,6,4,0.72,0.5415233969688416,0.2791034946521081,0.5883874893188477,1,0.4540226614723127,1.0,0.7896205491245584,1.0,0.75,1.0,0.7373085598391841,1.0,0.8076017275635733,1.0
61,7,0,0.74,0.1356312036514282,0.4299415551079585,0.5198363065719604,1,0.364252493121382,1.0,0.6187261500549742,1.0,0.5,1.0,0.7384327976827026,1.0,0.5735456014210623,1.0
61,8,0,0.79,0.2741738855838775,0.2753453967343557,0.8758307695388794,1,0.35399792953578646,1.0,0.7124928527607501,1.0,0.5,1.0,0.20167155412967652,0.0,0.6752740728903353,1.0
61,9,4,0.735,0.5495193004608154,0.3060805112798827,0.7771772742271423,1,0.5939437455699695,1.0,0.9359238839006659,1.0,0.75,1.0,0.06871164291019899,1.0,0.9976015468322095,1.0
62,0,1,0.255,0.5286726355552673,0.4684476046677841,0.3268651366233825,0,0.5158161177154726,1.0,0.4927723268613133,1.0,0.25,1.0,0.360668356689915,1.0,0.14503996400905217,1.0
62,1,2,0.27,0.2306241393089294,0.3704394015138633,0.1285372972488403,0,0.2384951800869974,0.0,0.18844910476475502,0.0,0.0,0.0,0.05420008234300817,0.0,0.1568110407101382,0.0
62,2,2,0.23,0.517457902431488,0.3136803428021422,0.2508813142776489,0,0.16159345541425815,1.0,0.25524184322506815,1.0,0.25,1.0,0.055128915626669474,0.0,0.0142669188446101,1.0
62,3,2,0.19,0.5319555997848511,0.4280119769275244,0.4367161393165588,0,0.2904897784926744,0.0,0.5546138221499272,1.0,0.25,1.0,0.1568110393873147,0.0,0.688487935033518,0.0
62,4,4,0.14,0.3783279657363891,0.4291283796999542,0.305886298418045,0,0.31125480456929466,0.0,0.39763865859906966,0.0,0.0,0.0,0.4454277729177938,0.0,0.31786416427515235,0.0
62,5,4,0.23,0.263139396905899,0.2803321480463404,0.474342793226242,0,0.27255593212479357,0.0,0.25318390171905836,0.0,0.0,0.0,0.29217040858777066,1.0,0.33467331926080024,1.0
62,6,4,0.145,0.3789821565151214,0.2790062092046028,0.2280822992324829,0,0.22713359837159497,0.0,0.16823971189848155,0.0,0.0,0.0,0.44250011573446046,0.0,0.16732442741548656,0.0
62,7,1,0.225,0.4102433323860168,0.3129554881878909,0.5260524749755859,0,0.17637143202531477,0.0,0.1915272285267901,0.0,0.25,0.0,0.10107280124311262,0.0,0.20107782475528288,0.0
62,8,3,0.115,0.2817220985889435,0.2874623948268512,0.3292571604251861,0,0.3308801925868157,0.0,0.23405620050626944,0.0,0.0,0.0,0.06098163367053541,0.0,0.007718838100447166,0.0
62,9,2,0.285,0.3354253768920898,0.2966041399726559,0.5783560276031494,0,0.3545096394707156,0.0,0.39197890391477724,0.0,0.25,1.0,0.03960859247773131,0.0,0.6172190882648128,1.0
63,0,2,0.485,0.4655987024307251,0.3719134185436948,0.280613899230957,1,0.39055592367464503,0.0,0.4657943456469568,0.0,0.0,0.0,0.4784418095283901,0.0,0.5855917900233572,1.0
63,1,0,0.365,0.2099203765392303,0.3703510449420444,0.0358619876205921,1,0.2996051838524147,0.0,0.18246966320406421,0.0,0.0,0.0,0.0395399960621605,0.0,0.1876941756992038,0.0
63,2,3,0.47,0.7313816547393799,0.3311606405665381,0.1921587437391281,1,0.3043794375085061,0.0,0.6856222534196975,1.0,0.25,1.0,0.018183211619829456,0.0,0.9466147988452608,1.0
63,3,1,0.435,0.2641388475894928,0.3950765593236168,0.4043606519699096,1,0.2617620282755277,1.0,0.39812609021179735,1.0,0.0,0.0,0.09499573342792325,1.0,0.19345487098671102,0.0
63,4,2,0.405,0.4394886195659637,0.3971980788196717,0.315453439950943,1,0.3111779484190738,0.0,0.5127101485004993,0.0,0.0,0.0,0.1510333650906719,1.0,0.8759956777222333,1.0
63,5,1,0.595,0.425704687833786,0.323437109173343,0.0798355191946029,1,0.26367735274056064,0.0,0.29597290599048737,0.0,0.25,1.0,0.05633342700860776,1.0,0.00193938893915389,0.0
63,6,1,0.36,0.2178707122802734,0.3589590249628412,0.187802717089653,1,0.2624196206785773,0.0,0.1363772080505004,0.0,0.0,0.0,0.6011711735235072,0.0,0.003374263829242888,0.0
63,7,3,0.475,0.297276496887207,0.3506206652445511,0.1345834285020828,1,0.31332436692533183,1.0,0.22574136658240831,0.0,0.0,0.0,0.5449296636108375,1.0,0.017400974776592398,0.0
63,8,3,0.365,0.7495802044868469,0.2711509639786787,0.3794296979904175,1,0.23947046760329746,0.0,0.46380404240250683,0.0,0.25,0.0,0.049217885717920996,0.0,0.023589324106969668,0.0
63,9,0,0.47,0.3309676051139831,0.3694006146350924,0.4254207909107208,1,0.40094392519686356,1.0,0.47733167996646103,1.0,0.0,0.0,0.04134721433959245,1.0,0.732018384598079,1.0
64,0,2,0.14,0.0843381732702255,0.3613960446801348,0.1298170387744903,0,0.21634545578288925,0.0,0.17801779375701215,0.0,0.0,0.0,0.4784418095283901,0.0,0.21547327545779102,0.0
64,1,4,0.115,0.2626269161701202,0.3023805281435793,0.2614196836948395,0,0.22286373205799817,0.0,0.16281360207292137,1.0,0.0,0.0,0.5508570542257456,0.0,0.14464700556462898,0.0
64,2,3,0.185,0.1557429432868957,0.3362156301635002,0.0846933051943779,0,0.12707095007670494,0.0,0.09042055313611436,0.0,0.0,0.0,0.018183211619829456,0.0,0.06677014114157304,0.0
64,3,3,0.15,0.1460250914096832,0.3298919376113169,0.372671514749527,0,0.22003023967013138,0.0,0.20049239326454782,0.0,0.0,0.0,0.08293039709249671,0.0,0.17127379646706534,0.0
64,4,2,0.16,0.0973122268915176,0.3692880112095011,0.3433560132980346,0,0.2784334780664212,0.0,0.2702040669734942,0.0,0.0,0.0,0.1773378012279197,1.0,0.1306941841475639,0.0
64,5,3,0.12,0.1539275199174881,0.2967200726427301,0.3955510556697845,0,0.22450435192474952,0.0,0.10434497992754989,0.0,0.0,0.0,0.04517818434507508,1.0,0.12744108068613177,1.0
64,6,0,0.115,0.2190126329660415,0.3487646917906689,0.1243305057287216,0,0.2399708680462358,0.0,0.25617492142835857,0.0,0.0,0.0,0.5112887701451484,0.0,0.1734262039974996,0.0
64,7,2,0.105,0.1289770305156707,0.405926811019207,0.3355609476566314,0,0.17079492153427936,0.0,0.21604356168110833,0.0,0.0,0.0,0.41033113936364846,1.0,0.3531971518187918,1.0
64,8,4,0.155,0.0547095239162445,0.2613854048545102,0.2457034885883331,0,0.14604681405645434,0.0,0.08626424696058471,0.0,0.0,0.0,0.12968627575428807,1.0,0.0789133179289935,0.0
64,9,2,0.205,0.0533374398946762,0.2887306119583837,0.1230527758598327,0,0.21313724617972687,0.0,0.11848303362907245,0.0,0.0,0.0,0.03960859247773131,0.0,0.183355150762986,0.0
65,0,3,0.445,0.105964183807373,0.2183847957527958,0.0492531061172485,0,0.34677621344445003,1.0,0.09348963560331233,0.0,0.0,0.0,0.13419333974100411,0.0,0.00027797424246952987,0.0
65,1,2,0.515,0.0481170676648616,0.2782516232544152,0.0994489043951034,0,0.2235535277785585,0.0,0.12421917744217462,0.0,0.25,1.0,0.05420008234300817,0.0,0.0005654452230632321,0.0
65,2,0,0.37,0.0309108607470989,0.2624198028374875,0.3542468547821045,0,0.26419508682929255,0.0,0.1495628146132985,0.0,0.0,0.0,0.04614405512489864,0.0,0.023153219958063905,0.0
65,3,0,0.375,0.130128800868988,0.2332299413862131,0.0822872817516326,0,0.3027148992270106,0.0,0.1581294261028046,0.0,0.0,0.0,0.774132398825973,1.0,0.061332483247063085,0.0
65,4,4,0.575,0.1155344620347023,0.3124313122465799,0.3180626928806305,0,0.3767483523155854,0.0,0.38702520854204747,0.0,0.25,0.0,0.426691024400713,0.0,0.26099563985771035,0.0
65,5,1,0.38,0.0779322385787963,0.2944851075737171,0.1819020360708236,0,0.16574285015320486,0.0,0.06097503913928039,0.0,0.0,1.0,0.05633342700860776,1.0,0.0028175889001118377,0.0
65,6,3,0.335,0.1396881341934204,0.2833114625635824,0.0280474256724119,0,0.24260834066772233,0.0,0.1289132564679944,0.0,0.0,0.0,0.23608897354386463,1.0,0.10437848537730467,0.0
65,7,1,0.48,0.1280532032251358,0.2923957255568599,0.2760897874832153,0,0.26033222303181813,1.0,0.23997698349758737,0.0,0.0,0.0,0.13606723748760263,0.0,0.30817561726956133,0.0
65,8,2,0.53,0.0718116238713264,0.1840870477272027,0.1206749901175499,0,0.3029946580276673,1.0,0.21200983464016457,0.0,0.25,1.0,0.13139422107011411,0.0,0.06004827017120277,0.0
65,9,1,0.425,0.0301883351057767,0.2669411187095759,0.4111847579479217,0,0.21965693449154555,0.0,0.13509950216735025,0.0,0.0,0.0,0.02632295403890572,0.0,0.0015837483220816928,0.0
67,0,1,0.075,0.2551077902317047,0.2533430897134452,0.3122302889823913,1,0.17808599581341342,0.0,0.16305227554749374,1.0,0.0,0.0,0.322433718888837,1.0,0.09244422092636545,0.0
67,1,4,0.035,0.4845386445522308,0.2323895381474258,0.0442862547934055,1,0.23418739708825545,0.0,0.2293266121667145,1.0,0.0,0.0,0.4841617749240261,0.0,0.2742272552146008,0.0
67,2,2,0.11,0.5008314251899719,0.2007372753039115,0.2866457998752594,1,0.15666883345739321,1.0,0.13332545467861706,1.0,0.25,1.0,0.07211468832158514,0.0,0.003969383262956926,0.0
67,3,0,0.075,0.155197262763977,0.224079758717771,0.2165376991033554,1,0.2438667909702872,0.0,0.05048756073505401,0.0,0.0,0.0,0.04699358756864447,0.0,0.08700252335736437,0.0
67,4,1,0.115,0.7234702110290527,0.2355673478601304,0.3010157942771911,1,0.40389384828859837,1.0,0.05279251380235351,0.0,0.25,0.0,0.11630484791228157,0.0,0.00045198383217444246,0.0
67,5,2,0.075,0.5197346210479736,0.2060609306454387,0.1615933775901794,1,0.33778289505712894,0.0,0.34946177594314287,0.0,0.25,0.0,0.14345073940302533,0.0,0.016765787486608476,0.0
67,6,0,0.12,0.287304013967514,0.2774904414840936,0.1020619869232177,1,0.24762748269988535,0.0,0.17557413246154388,0.0,0.0,0.0,0.5112887701451484,0.0,0.2910359324528247,0.0
67,7,4,0.065,0.2892836034297943,0.3377115079444264,0.0904451757669448,1,0.2680126892754641,0.0,0.1329437648360862,0.0,0.0,0.0,0.28469666266712007,0.0,0.057276140739080675,0.0
67,8,4,0.09,0.2376488298177719,0.2337299266054975,0.1013957634568214,1,0.182902346669816,0.0,0.1697362694506494,0.0,0.0,0.0,0.11155774130808728,0.0,0.19519033234646735,0.0
67,9,3,0.035,0.5926644206047058,0.2522752075811174,0.2086207270622253,1,0.25874696285425924,0.0,0.2426703196709731,1.0,0.25,0.0,0.07995485676944906,0.0,0.022571693130142855,0.0
68,0,2,0.045,0.0318682119250297,0.2557062193967366,0.3738037645816803,0,0.16061848597474357,0.0,0.10115356075349909,0.0,0.0,0.0,0.3959799276020906,0.0,0.03972823471821624,0.0
68,1,4,0.065,0.2453971803188324,0.2339028524245841,0.314437061548233,0,0.18376848024116077,0.0,0.13716512185035973,1.0,0.0,0.0,0.5420347916356988,0.0,0.09429193514992729,0.0
68,2,2,0.05,0.1830571889877319,0.2567246152662713,0.2349389046430587,0,0.12008696188661788,1.0,0.06208744929006575,1.0,0.0,1.0,0.07211468832158514,0.0,0.012946503836057267,1.0
68,3,1,0.035,0.0780953615903854,0.2531913824218814,0.4483490884304046,0,0.29214811414188985,1.0,0.19166825698607318,1.0,0.0,0.0,0.08042739856428682,0.0,0.0766871404685477,0.0
68,4,4,0.075,0.1587813198566436,0.3595279309713663,0.5110799074172974,0,0.3877761023149396,0.0,0.5495605237156196,0.0,0.25,0.0,0.2982951851611516,0.0,0.4252152756897804,0.0
68,5,1,0.085,0.1935991495847702,0.310462385791966,0.5327027440071106,0,0.19881567970383016,0.0,0.10081263139490115,0.0,0.25,1.0,0.03164645337754755,0.0,0.0038817947017053944,0.0
68,6,4,0.065,0.1494497060775756,0.2904866325453831,0.4812308847904205,0,0.32665632340924616,0.0,0.20235504308328597,0.0,0.0,0.0,0.5677779194531049,1.0,0.19010139052980699,0.0
68,7,2,0.05,0.1201572492718696,0.3143688089311764,0.3876011371612549,0,0.14315574712349136,0.0,0.22898697108183536,0.0,0.0,0.0,0.2613744621710156,1.0,0.8219351076270119,1.0
68,8,3,0.065,0.0302811954170465,0.2165651863924785,0.2926446199417114,0,0.23837773787460326,0.0,0.12353093871182536,0.0,0.0,0.0,0.06098163367053541,0.0,0.16959894094232644,0.0
68,9,0,0.04,0.0120322657749056,0.2799964195176599,0.3643656969070434,0,0.17761774247968584,0.0,0.12024430918734028,0.0,0.0,0.0,0.04134721433959245,1.0,0.04894906726882549,0.0
69,0,4,0.33,0.55399489402771,0.3121517917310847,0.1320842951536178,0,0.2434311842900735,1.0,0.3757484112204877,1.0,0.25,1.0,0.14387049569404492,0.0,0.3121027646380955,1.0
69,1,1,0.41,0.3363932073116302,0.3498855748660676,0.1080812960863113,0,0.26833084745332086,1.0,0.27974344142558166,1.0,0.0,0.0,0.1832353952076253,1.0,0.02738312298117286,1.0
69,2,0,0.335,0.4971735179424286,0.3550206639082809,0.367429256439209,0,0.29934136375239423,0.0,0.49237910761644826,1.0,0.0,0.0,0.04614405512489864,0.0,0.2607577471355409,0.0
69,3,4,0.415,0.2331365197896957,0.3019364371387553,0.1371139287948608,0,0.25631572773110317,0.0,0.24680041552522713,0.0,0.0,0.0,0.14470640573784938,0.0,0.1236138525052234,0.0
69,4,2,0.52,0.5060111284255981,0.3737888399464881,0.2223538607358932,0,0.30428188656999483,0.0,0.45511242880779607,0.0,0.5,1.0,0.1510333650906719,1.0,0.6790338377455737,1.0
69,5,3,0.22,0.3901621103286743,0.2907682745658765,0.4069776833057403,0,0.2368212572425855,0.0,0.26653486846648683,0.0,0.0,0.0,0.04517818434507508,1.0,0.07787411481323651,0.0
69,6,0,0.475,0.2984523177146911,0.3135027986953222,0.0376318804919719,0,0.24629663278591818,0.0,0.1636854918978834,0.0,0.0,0.0,0.5112887701451484,0.0,0.003884428764343322,0.0
69,7,0,0.37,0.1958749741315841,0.3969582893030587,0.2107420563697815,0,0.27154826090901985,1.0,0.23596093256229306,1.0,0.0,1.0,0.2273260048375721,1.0,0.10907801367293522,0.0
69,8,3,0.38,0.2771673500537872,0.228723308124205,0.238663449883461,0,0.25253309462927215,0.0,0.262664671731654,0.0,0.0,0.0,0.06098163367053541,0.0,0.7310452520617888,0.0
69,9,4,0.35,0.4034872353076935,0.2910156307191535,0.1084135398268699,0,0.25229634563777875,1.0,0.15829711989829945,0.0,0.0,1.0,0.01964223617156681,1.0,0.06857714818791132,1.0
70,0,2,0.17,0.6120986938476562,0.472726768693482,0.1526871621608734,0,0.36975015701464836,0.0,0.4981713808492723,0.0,0.25,0.0,0.4784418095283901,0.0,0.03406644801329678,0.0
70,1,4,0.205,0.727881133556366,0.3055756978146666,0.2339801043272018,0,0.4938120504315833,1.0,0.7495912436801733,1.0,0.25,1.0,0.49305621342256806,0.0,0.07595703089560006,0.0
70,2,0,0.225,0.4316132068634033,0.3567501361858683,0.2378721833229065,0,0.2839887540660632,0.0,0.38802847194155765,1.0,0.0,0.0,0.04614405512489864,0.0,0.038711102575544734,0.0
70,3,0,0.2,0.3414502739906311,0.457820695131641,0.1026666387915611,0,0.26197621176608227,0.0,0.1506356924959332,0.0,0.0,0.0,0.09319624894614453,1.0,0.13840585705905228,0.0
70,4,2,0.31,0.7163760662078857,0.4427212697724592,0.268151193857193,0,0.343538873845882,1.0,0.6435389297278551,1.0,0.25,1.0,0.14338213747406275,1.0,0.8370103033461229,1.0
70,5,2,0.24,0.5351831316947937,0.2799352342358451,0.1169639825820922,0,0.3338461911122479,0.0,0.38761674382356626,0.0,0.25,0.0,0.14345073940302533,0.0,0.02693506995874225,0.0
70,6,0,0.255,0.291321337223053,0.3123566134123472,0.0887727811932563,0,0.24352028503802545,0.0,0.20231729949854685,0.0,0.0,0.0,0.5112887701451484,0.0,0.07745854368267978,0.0
70,7,1,0.22,0.7637279629707336,0.3235138435553452,0.2942574322223663,0,0.18788345770841194,0.0,0.20057587648582625,0.0,0.25,0.0,0.022897214482309827,0.0,0.0017487796084575272,0.0
70,8,0,0.205,0.2587938606739044,0.2835807176174499,0.0111993961036205,0,0.2844529319881693,1.0,0.16813514010719882,0.0,0.0,0.0,0.16627586933630753,0.0,0.2183116721673467,0.0
70,9,3,0.2,0.5310592651367188,0.3896449405610687,0.2820731401443481,0,0.28327739829219806,0.0,0.596361163034661,1.0,0.25,0.0,0.11915707713254178,1.0,0.051466323339216274,0.0
71,0,2,0.58,0.2898741960525512,0.4828989932723446,0.7358693480491638,1,0.48148021830491317,1.0,0.8361676527779931,1.0,0.5,1.0,0.5810327945259616,1.0,0.8715550777465473,1.0
71,1,3,0.65,0.36090087890625,0.4129074200571429,0.4023196995258331,1,0.5630901635169336,1.0,0.786226988856997,1.0,0.25,1.0,0.17587477540140622,1.0,0.9319552090555967,0.0
71,2,2,0.64,0.2638278603553772,0.393930160734648,0.4493131339550018,1,0.5391392762060171,1.0,0.7096901065921075,1.0,0.25,1.0,0.853031027553969,1.0,0.03465359444120897,1.0
71,3,1,0.515,0.2550576627254486,0.5248973933403834,0.3433885872364044,1,0.22532388994006922,0.0,0.3859421894439274,1.0,0.5,1.0,0.09499573342792325,1.0,0.05289524564114274,0.0
71,4,2,0.72,0.5460350513458252,0.4584328102082325,0.4519199132919311,1,0.3619845729476691,1.0,0.8634924388481393,1.0,0.5,1.0,0.17546910520986522,1.0,0.9913839670139472,1.0
71,5,3,0.605,0.4048487544059753,0.2951118454905049,0.4266718029975891,1,0.4487779811318668,0.0,0.6743736654370076,1.0,0.25,0.0,0.04517818434507508,1.0,0.9564106726703744,1.0
71,6,2,0.455,0.310828298330307,0.3095703622219742,0.3500329256057739,1,0.27299214292391755,0.0,0.37931285101174284,0.0,0.0,0.0,0.10922538508412773,1.0,0.6070597278171411,1.0
71,7,3,0.625,0.5566248893737793,0.4550381793931293,0.4462678730487823,1,0.4730233031301487,1.0,0.6119440708051646,1.0,0.5,1.0,0.20275097118795155,1.0,0.9342172843320182,1.0
71,8,2,0.505,0.5531753897666931,0.2314447542389616,0.4384858012199402,1,0.43345347093425773,1.0,0.7237017793252281,1.0,0.5,1.0,0.6098179896411577,1.0,0.7676346506071902,1.0
71,9,4,0.59,0.5511408448219299,0.4073771284250593,0.4798289537429809,1,0.43353907200336056,1.0,0.8701704023038312,1.0,0.5,1.0,0.06506584050934748,1.0,0.8998615694584488,1.0
72,0,3,0.31,0.4702615439891815,0.1902078904779921,0.1438754945993423,0,0.31087829512367776,0.0,0.17678717149676443,0.0,0.0,0.0,0.163416628409889,0.0,0.4460774984694276,0.0
72,1,0,0.265,0.1937354058027267,0.2635536678750796,0.0854742899537086,0,0.24615316161953638,0.0,0.16527716942466472,0.0,0.0,0.0,0.0395399960621605,0.0,0.3674220841355183,0.0
72,2,3,0.275,0.2304120063781738,0.2614146298654129,0.0810698643326759,0,0.17594836112941467,0.0,0.15639956128263616,1.0,0.0,0.0,0.018183211619829456,0.0,0.00018401354918820434,0.0
72,3,0,0.15,0.1928332149982452,0.2198696812118429,0.110689602792263,0,0.24909673934270038,0.0,0.05664359237326892,0.0,0.0,0.0,0.09319624894614453,1.0,0.0906144834112608,0.0
72,4,3,0.385,0.1555647701025009,0.2924303950581468,0.0192988291382789,0,0.22734198786248325,0.0,0.211540814114065,0.0,0.0,0.0,0.7567627163937559,1.0,0.011202357358225095,0.0
72,5,3,0.27,0.2475560754537582,0.2686002104131019,0.4625702500343323,0,0.28478750611981735,0.0,0.31339503440237315,1.0,0.0,0.0,0.04517818434507508,1.0,0.22660839478059466,1.0
72,6,1,0.36,0.5179896354675293,0.2371197693474928,0.0971765369176864,0,0.35499275333949565,1.0,0.4600991793472503,0.0,0.25,1.0,0.5309398901857102,0.0,0.002108069255630077,0.0
72,7,3,0.215,0.4239433705806732,0.2400684522701644,0.1610424220561981,0,0.2017638752009641,0.0,0.14413295628289924,0.0,0.0,0.0,0.5449296636108375,1.0,0.5368597680464322,1.0
72,8,4,0.255,0.0828121304512023,0.2039457177463185,0.0913676917552948,0,0.1608175802423646,0.0,0.0673797278347249,0.0,0.0,0.0,0.11155774130808728,0.0,0.048475760757058645,0.0
72,9,2,0.295,0.1941492259502411,0.2320397101673332,0.4822513461112976,0,0.2761466821580456,0.0,0.20695181731886153,0.0,0.0,0.0,0.03960859247773131,0.0,0.3154011308801276,1.0
73,0,3,0.85,0.6186991930007935,0.4481955749091112,0.6385921835899353,1,0.428353510396802,1.0,0.9354320621268221,1.0,0.75,1.0,0.47689831026776414,0.0,0.9895588708831342,1.0
73,1,1,0.865,0.3408886790275574,0.3992598403465339,0.2622330486774444,1,0.325502020557679,1.0,0.6771380375096947,1.0,0.25,1.0,0.4640764162433033,1.0,0.500246990218667,1.0
73,2,0,0.795,0.5320224165916443,0.3609981639101465,0.3044936656951904,1,0.3197049070782352,0.0,0.6994384698580796,1.0,0.5,1.0,0.048397593572777384,1.0,0.9592193810299575,1.0
73,3,1,0.745,0.4444871246814728,0.5451943163964916,0.2588490545749664,1,0.2159694360057092,0.0,0.49877706260732396,1.0,0.5,1.0,0.11929142716080093,1.0,0.02789031231066172,0.0
73,4,4,0.83,0.3491680324077606,0.465874761275045,0.2606824040412903,1,0.5256159973313582,0.0,0.6980448002143561,0.0,0.25,0.0,0.426691024400713,0.0,0.5933353306854794,0.0
73,5,4,0.69,0.5458816885948181,0.2584631587557073,0.3835203647613525,1,0.40041971926157616,1.0,0.8076122448321673,1.0,0.5,1.0,0.7654047551422404,1.0,0.6680672284038747,1.0
73,6,0,0.65,0.2675295770168304,0.3438056112061194,0.7574200630187988,1,0.3580462988271391,1.0,0.6030048795587356,1.0,0.5,1.0,0.49471541316821704,0.0,0.9752248174093613,0.0
73,7,1,0.85,0.7940893769264221,0.333897593934425,0.3291354775428772,1,0.3693775073533366,1.0,0.7872078627642849,1.0,0.5,0.0,0.15598184603951334,0.0,0.8815294145740945,1.0
73,8,1,0.845,0.310767114162445,0.416530441932443,0.3954593241214752,1,0.4412978050171153,1.0,0.6670426157499701,1.0,0.25,0.0,0.6961198802301457,1.0,0.7788708542234419,1.0
73,9,3,0.78,0.588240921497345,0.4142463638990755,0.3389140963554382,1,0.5157250633189921,1.0,0.7936941250226636,1.0,0.5,0.0,0.11915707713254178,1.0,0.9835860480686592,1.0
74,0,1,0.1,0.1285329610109329,0.3081534443150788,0.2891583740711212,0,0.19578546377206488,0.0,0.14989406830413599,1.0,0.0,0.0,0.322433718888837,1.0,0.24173418989506237,1.0
74,1,4,0.09,0.3360546827316284,0.2526777960908268,0.1252700090408325,0,0.1961530140156733,0.0,0.1568312407847551,1.0,0.0,0.0,0.5508570542257456,0.0,0.32710774677683097,0.0
74,2,0,0.065,0.1219324618577957,0.2960274633002231,0.4020183086395263,0,0.282682073955044,0.0,0.14538226161461396,0.0,0.0,0.0,0.04614405512489864,0.0,0.1414031330136929,0.0
74,3,4,0.065,0.0433082208037376,0.2601383907538849,0.2753612101078033,0,0.23511697920169108,0.0,0.14901411594550945,0.0,0.0,0.0,0.14470640573784938,0.0,0.14205111604263762,0.0
74,4,3,0.085,0.3148773908615112,0.3443509604229595,0.185710072517395,0,0.25476004689945925,0.0,0.18401028021749535,0.0,0.0,0.0,0.33720026813088994,0.0,0.08101257122923283,0.0
74,5,2,0.095,0.3715576529502868,0.2716517502757264,0.2187699079513549,0,0.27096851945692774,0.0,0.17019938671299742,0.0,0.0,0.0,0.14345073940302533,0.0,0.05736281827923607,0.0
74,6,3,0.1,0.3357743620872497,0.2913789919579233,0.0542363859713077,0,0.25015499695704996,0.0,0.14187421573011386,0.0,0.0,0.0,0.18883994367698195,0.0,0.31190097561510016,1.0
74,7,1,0.17,0.3542777895927429,0.3135720665441073,0.1812215596437454,0,0.18986689848847194,0.0,0.10539528127722923,0.0,0.0,0.0,0.026167713152852143,0.0,0.07777851038517407,0.0
74,8,3,0.075,0.1664756536483764,0.2281974276767563,0.2368506044149398,0,0.21617469382293417,0.0,0.13209139499237688,0.0,0.0,0.0,0.06098163367053541,0.0,0.26121738175148673,0.0
74,9,1,0.045,0.2520413994789123,0.264482328652283,0.3915682733058929,0,0.22997171186024726,0.0,0.2762943255028864,0.0,0.0,0.0,0.14749201849489185,0.0,0.10119315216287088,0.0
75,0,1,0.12,0.3546597957611084,0.4367238561437275,0.3104901611804962,0,0.3862893332983162,1.0,0.32060142226298216,1.0,0.0,0.0,0.322433718888837,1.0,0.17537698252378314,1.0
75,1,0,0.1,0.2302972823381424,0.3629117911261326,0.4986359179019928,0,0.24052811357289042,0.0,0.14647216204068558,0.0,0.0,0.0,0.0395399960621605,0.0,0.17617171008623447,0.0
75,2,3,0.14,0.4964549839496612,0.3357195876222966,0.3414313197135925,0,0.27569278170638645,0.0,0.3134549845127576,1.0,0.0,0.0,0.060564021581604774,1.0,0.004430721904755952,0.0
75,3,4,0.16,0.3295974731445312,0.2982604394976412,0.3374239504337311,0,0.2702129129911891,0.0,0.2493036687413688,0.0,0.0,0.0,0.14470640573784938,0.0,0.06543909064613204,0.0
75,4,2,0.255,0.5169098377227783,0.3683050838436369,0.3993295133113861,0,0.30371499374701943,0.0,0.3955993503640041,0.0,0.25,1.0,0.1510333650906719,1.0,0.4367464883543795,1.0
75,5,4,0.19,0.4964174032211303,0.2829313708538485,0.3997765183448791,0,0.27453690372209716,0.0,0.3962734067418165,1.0,0.0,0.0,0.29217040858777066,1.0,0.759492674448273,1.0
75,6,3,0.125,0.2329589277505874,0.298774160396994,0.3749252557754516,0,0.3337950286189267,1.0,0.20755173386147646,0.0,0.0,0.0,0.18883994367698195,0.0,0.1532851486352529,0.0
75,7,4,0.14,0.1550511866807937,0.404055850255716,0.1839310675859451,0,0.27556648224563735,0.0,0.22354187669710893,0.0,0.0,0.0,0.15881132943364906,0.0,0.31084252753225755,0.0
75,8,2,0.135,0.2438546568155288,0.2076524911749561,0.304705411195755,0,0.2304299729386686,0.0,0.21819642972161976,0.0,0.0,0.0,0.11380392845942289,0.0,0.1595811304370089,0.0
75,9,0,0.155,0.2139465510845184,0.3478601437320268,0.3676930963993072,0,0.2505191211612224,0.0,0.28543430648393797,0.0,0.0,0.0,0.04134721433959245,1.0,0.13812583916104726,1.0
76,0,2,0.63,0.172114759683609,0.3345822332273744,0.0360475219786167,0,0.3567192140282929,0.0,0.2896523994270307,0.0,0.25,0.0,0.6119935583243983,1.0,0.03275667521236734,0.0
76,1,3,0.535,0.326250821352005,0.3702963086400702,0.1411362588405609,0,0.3884098843380452,1.0,0.5565354081235003,1.0,0.25,1.0,0.17587477540140622,1.0,0.7930612873747693,0.0
76,2,1,0.535,0.3061046004295349,0.2864761768625909,0.2584434151649475,0,0.3276483957045078,0.0,0.3614905195085762,0.0,0.25,1.0,0.06490157801812081,0.0,0.10747031305468799,1.0
76,3,4,0.5,0.2707284688949585,0.2740568294396728,0.2515739202499389,0,0.2497081761057994,0.0,0.32211608953204707,0.0,0.0,0.0,0.1962909252832664,0.0,0.05966054786053044,0.0
76,4,0,0.66,0.3596867322921753,0.3834479680207198,0.1365821361541748,0,0.38890862522061126,0.0,0.38110341342349274,0.0,0.25,0.0,0.10826596702506493,1.0,0.03930808621551095,0.0
76,5,2,0.66,0.6239059567451477,0.2458285996941343,0.0860720574855804,0,0.43606568021264475,1.0,0.8847314334670217,1.0,0.5,1.0,0.5098166089696059,1.0,0.34702537669672495,0.0
76,6,4,0.65,0.6723735928535461,0.2645753217657045,0.0572839640080928,0,0.24443126561518436,0.0,0.4379112581548116,1.0,0.5,1.0,0.3354371681794986,0.0,0.5163471608766582,1.0
76,7,2,0.52,0.3586495518684387,0.405861157114492,0.2084037959575653,0,0.40465144128308617,1.0,0.3288580869685279,0.0,0.25,1.0,0.032807004571143696,0.0,0.8540524277989663,1.0
76,8,2,0.595,0.3324861526489258,0.204573601429864,0.0881281197071075,0,0.4307796464406361,1.0,0.558129344792006,1.0,0.25,1.0,0.3167647230607972,1.0,0.7592062316783735,1.0
76,9,4,0.52,0.5258188843727112,0.2745021967325826,0.1003963649272918,0,0.31538609812951274,1.0,0.2429367961226332,1.0,0.5,1.0,0.01964223617156681,1.0,0.030184232455876973,1.0
77,0,4,0.84,0.92914879322052,0.3583568244232906,0.2328952699899673,1,0.5532657610797701,1.0,0.9328658651081224,1.0,0.5,1.0,0.5415307618731389,1.0,0.9556906201912648,1.0
77,1,3,0.865,0.3061018884181976,0.3944456387176795,0.1084433794021606,1,0.5543649124903766,1.0,0.8145818973978678,1.0,0.25,1.0,0.17587477540140622,1.0,0.9998861677176376,1.0
77,2,4,0.83,0.3869926035404205,0.3748110024551249,0.4056571125984192,1,0.2599992644242588,1.0,0.7784439367608663,1.0,0.25,1.0,0.08195444037486695,1.0,0.99995358196639,1.0
77,3,4,0.785,0.8789414167404175,0.300889320475844,0.2080802023410797,1,0.32537688932983805,0.0,0.5312075475575389,0.0,0.5,1.0,0.5287307048201745,1.0,0.8829931844388487,1.0
77,4,1,0.78,0.8924129009246826,0.3528125492831936,0.1686053127050399,1,0.44453673121154624,1.0,0.2576095517008779,0.0,0.5,1.0,0.11639500169412442,1.0,0.43155084696245394,1.0
77,5,4,0.735,0.5067352652549744,0.2636689717813001,0.2586568593978882,1,0.39136759824739203,1.0,0.7653081317061113,1.0,0.5,1.0,0.266750253999253,1.0,0.33235528738325565,1.0
77,6,0,0.65,0.3431424796581268,0.3029500589874637,0.1000004485249519,1,0.2584377421007746,0.0,0.17571933553962846,0.0,0.25,1.0,0.5112887701451484,0.0,0.002012221073425686,0.0
77,7,0,0.72,0.6129636764526367,0.4597514991722548,0.4751223921775818,1,0.31890936926443203,1.0,0.6208001798972725,1.0,0.5,1.0,0.7384327976827026,1.0,0.9750670294817273,1.0
77,8,2,0.725,0.7226294875144958,0.2147451482170485,0.3374153673648834,1,0.5574665442232428,1.0,0.905606313533122,1.0,0.5,1.0,0.6607934912371238,1.0,0.9644869744139464,1.0
77,9,2,0.845,0.7668787240982056,0.3311938480464772,0.2112659960985183,1,0.4709402759446637,1.0,0.7902433246072492,1.0,0.5,1.0,0.5261487519339518,1.0,0.5547904653887685,1.0
78,0,1,0.665,0.3226262927055359,0.4681996288150758,0.4677596092224121,1,0.5919060857577231,1.0,0.6711170698524084,1.0,0.25,1.0,0.322433718888837,1.0,0.6516580270788884,1.0
78,1,3,0.78,0.4204885959625244,0.3988999283561226,0.4516247510910034,1,0.5951805039222123,1.0,0.8723215660931749,1.0,0.25,1.0,0.17587477540140622,1.0,0.9940221968636148,1.0
78,2,1,0.725,0.4362304210662842,0.3401077208463003,0.4209411144256592,1,0.5028346772869459,0.0,0.7113416446494226,1.0,0.25,1.0,0.3526670375647852,1.0,0.9711271804626859,1.0
78,3,4,0.71,0.4974865317344665,0.2944965611316568,0.5570601224899292,1,0.31077732095961796,0.0,0.6575223051215346,0.0,0.5,1.0,0.1962909252832664,0.0,0.795120954672815,1.0
78,4,3,0.665,0.3483667373657226,0.4455657020049256,0.8871282935142517,1,0.5585080292735612,1.0,0.6280069023028528,0.0,0.5,1.0,0.35427797830558966,0.0,0.1581023715915245,0.0
78,5,0,0.735,0.4045005142688751,0.3344163661808224,0.448077529668808,1,0.4557987033549613,1.0,0.6529092185053077,1.0,0.25,0.0,0.08903023413779158,1.0,0.9959570582874095,1.0
78,6,0,0.595,0.2766073644161224,0.3101830301615184,0.3689068257808685,1,0.2920697247656097,1.0,0.29362365123645046,1.0,0.25,1.0,0.5112887701451484,0.0,0.17044762851529827,0.0
78,7,2,0.7,0.6150417327880859,0.4304746759083981,0.6753724217414856,1,0.32378208706176625,1.0,0.8021838916357915,1.0,0.75,1.0,0.18571964358755616,0.0,0.9905532044620285,1.0
78,8,4,0.6,0.2955784201622009,0.2898147872593422,0.6874929666519165,1,0.4575330342401549,0.0,0.6580938864067974,0.0,0.5,1.0,0.5128999393956648,1.0,0.7174814262691471,1.0
78,9,4,0.695,0.4674011468887329,0.3510938649353576,0.7526507377624512,1,0.5578645005883582,1.0,0.9286662564625959,1.0,0.5,1.0,0.03221739134331946,1.0,0.996888329993877,1.0
79,0,1,0.08,0.053320612758398,0.3040036196310486,0.329519659280777,0,0.18911029740672056,0.0,0.1430300296264945,1.0,0.0,0.0,0.322433718888837,1.0,0.20245774180830067,1.0
79,1,0,0.045,0.0774896368384361,0.2951091639398994,0.537817120552063,0,0.2151922040916281,0.0,0.08213482065648406,0.0,0.25,1.0,0.0395399960621605,0.0,0.00393029694810206,0.0
79,2,4,0.06,0.0537309870123863,0.3006686205732217,0.4170283675193786,0,0.23338071580674954,0.0,0.13357363026182045,0.0,0.0,0.0,0.08195444037486695,1.0,0.11187203453578716,0.0
79,3,2,0.04,0.2834759652614593,0.2610017527659744,0.4242013096809387,0,0.2264403834637637,0.0,0.14738369698576517,0.0,0.0,0.0,0.5513591009962717,0.0,0.002588832572928656,0.0
79,4,4,0.085,0.285702109336853,0.3808918197030241,0.3030830025672912,0,0.2616541154893235,0.0,0.2791342033767196,0.0,0.0,0.0,0.4454277729177938,0.0,0.22627062651428193,0.0
79,5,3,0.04,0.1984025090932846,0.3135217002399115,0.3209129869937897,0,0.19001482780397705,0.0,0.061414350920986176,0.0,0.0,0.0,0.04517818434507508,1.0,0.05824096873672578,0.0
79,6,4,0.08,0.3448058664798736,0.2618547708152624,0.2918149530887604,0,0.21926144221806598,0.0,0.1630349969874822,0.0,0.0,0.0,0.5372264930886136,1.0,0.11937198861168134,0.0
79,7,1,0.145,0.46335169672966,0.324687132004391,0.15353724360466,0,0.19105951288619996,0.0,0.11069213256454054,0.0,0.0,0.0,0.022897214482309827,0.0,0.02356267840681214,0.0
79,8,4,0.07,0.0543935783207416,0.2394901549221429,0.3706813454627991,0,0.14412287750213973,0.0,0.08473931228426376,0.0,0.0,0.0,0.12968627575428807,1.0,0.06376186985770366,0.0
79,9,2,0.085,0.1636202186346054,0.2973625839336403,0.1671092808246612,0,0.21459329961405893,0.0,0.12998340112115916,0.0,0.0,0.0,0.03960859247773131,0.0,0.3016112170759999,1.0
80,0,0,0.435,0.2079534530639648,0.2524743022370806,0.0716608613729476,0,0.24495536312050367,1.0,0.18068026870398712,0.0,0.0,0.0,0.41319173257588443,0.0,0.03438937959834698,0.0
80,1,2,0.385,0.4628655612468719,0.2761314362997789,0.05569863691926,0,0.2848038368928707,0.0,0.30023611563741387,1.0,0.0,0.0,0.4726132317240124,1.0,0.5641500666492173,1.0
80,2,4,0.26,0.2871060967445373,0.2921781319327418,0.3593968749046325,0,0.25265244268032155,1.0,0.29265376709046087,0.0,0.0,0.0,0.08195444037486695,1.0,0.374129442561785,0.0
80,3,1,0.335,0.2232755273580551,0.249158367806033,0.2582567930221557,0,0.2685615972666215,1.0,0.260724617507679,1.0,0.0,0.0,0.08042739856428682,0.0,0.19837660704084334,0.0
80,4,3,0.345,0.7462238669395447,0.3612787827366321,0.019113739952445,0,0.2531032781745133,0.0,0.4217258968432279,0.0,0.25,0.0,0.6446638378535197,1.0,0.10474658687486979,0.0
80,5,0,0.36,0.3774227499961853,0.2995049589158534,0.1554310172796249,0,0.2296525018005543,0.0,0.2689754038166808,1.0,0.0,0.0,0.08903023413779158,1.0,0.0767259204448716,0.0
80,6,2,0.34,0.2618364989757538,0.2644826924761895,0.205581247806549,0,0.2541642681041539,0.0,0.24817613423952187,0.0,0.0,0.0,0.10922538508412773,1.0,0.1457260909137024,0.0
80,7,2,0.395,0.7210466861724854,0.2895522164214891,0.1230576261878013,0,0.3945752863370395,1.0,0.1936876398686011,0.0,0.25,1.0,0.032807004571143696,0.0,0.00025568600559778393,0.0
80,8,4,0.305,0.2266412228345871,0.2346537560714006,0.0539127252995967,0,0.21880140466056397,0.0,0.1843725669791803,0.0,0.0,0.0,0.11155774130808728,0.0,0.20308786716168048,0.0
80,9,4,0.395,0.463475227355957,0.2722976309769646,0.0464898720383644,0,0.25476790205108196,1.0,0.13920914772010462,0.0,0.0,1.0,0.01964223617156681,1.0,0.04365563341522701,1.0
